index,timestamp,value,is_weekend_or_holiday,signal_earthgeckoSkyline,signal_echoStateNetwork,signal_bayesChangePt,cwde_score,cwde_alert
0,2023-10-09 00:00,149380.0,0,0,0,0,0.0,0
1,2023-10-09 01:00,317195.0,0,0,0,0,0.0,0
2,2023-10-09 02:00,813565.0,0,0,0,0,0.0,0
3,2023-10-09 03:00,1175026.0,0,0,0,0,0.0,0
4,2023-10-09 04:00,834388.0,0,0,0,0,0.0,0
5,2023-10-09 05:00,595122.0,0,0,0,0,0.0,0
6,2023-10-09 06:00,905112.0,0,0,0,0,0.0,0
7,2023-10-09 07:00,823659.0,0,0,0,0,0.0,0
8,2023-10-09 08:00,1602453.0,0,0,0,0,0.0,0
9,2023-10-09 09:00,702149.0,0,0,0,0,0.0,0
10,2023-10-09 10:00,572615.0,0,0,0,0,0.0,0
11,2023-10-09 11:00,364934.0,0,0,0,0,0.0,0
12,2023-10-09 12:00,335470.0,0,0,0,0,0.0,0
13,2023-10-09 13:00,270621.0,0,0,0,0,0.0,0
14,2023-10-09 14:00,366160.0,0,0,0,0,0.0,0
15,2023-10-09 15:00,301095.0,0,0,0,0,0.0,0
16,2023-10-09 16:00,198176.0,0,0,0,0,0.0,0
17,2023-10-09 17:00,234874.0,0,0,0,0,0.0,0
18,2023-10-09 18:00,253260.0,0,0,0,0,0.0,0
19,2023-10-09 19:00,136601.0,0,0,0,0,0.0,0
20,2023-10-09 20:00,423106.0,0,0,0,0,0.0,0
21,2023-10-09 21:00,384019.0,0,0,0,0,0.0,0
22,2023-10-09 22:00,390339.0,0,0,0,1,0.16666666666666666,0
23,2023-10-09 23:00,267428.0,0,0,0,0,0.0,0
24,2023-10-10 00:00,236149.0,0,0,0,0,0.0,0
25,2023-10-10 01:00,216208.0,0,0,0,0,0.0,0
26,2023-10-10 02:00,492319.0,0,0,0,0,0.0,0
27,2023-10-10 03:00,968563.0,0,0,0,0,0.0,0
28,2023-10-10 04:00,959928.0,0,0,0,0,0.0,0
29,2023-10-10 05:00,736720.0,0,0,0,0,0.0,0
30,2023-10-10 06:00,833946.0,0,0,0,0,0.0,0
31,2023-10-10 07:00,792858.0,0,0,0,0,0.0,0
32,2023-10-10 08:00,668103.0,0,0,0,0,0.0,0
33,2023-10-10 09:00,824022.0,0,0,0,0,0.0,0
34,2023-10-10 10:00,1248378.0,0,0,0,0,0.0,0
35,2023-10-10 11:00,429418.0,0,0,0,0,0.0,0
36,2023-10-10 12:00,333578.0,0,0,0,0,0.0,0
37,2023-10-10 13:00,261502.0,0,0,0,0,0.0,0
38,2023-10-10 14:00,163427.0,0,0,0,0,0.0,0
39,2023-10-10 15:00,547664.0,0,0,0,0,0.0,0
40,2023-10-10 16:00,424202.0,0,0,0,0,0.0,0
41,2023-10-10 17:00,575889.0,0,0,0,0,0.0,0
42,2023-10-10 18:00,215927.0,0,0,0,0,0.0,0
43,2023-10-10 19:00,339661.0,0,0,0,0,0.0,0
44,2023-10-10 20:00,584820.0,0,0,0,0,0.0,0
45,2023-10-10 21:00,255122.0,0,0,0,0,0.0,0
46,2023-10-10 22:00,205887.0,0,0,0,0,0.0,0
47,2023-10-10 23:00,185081.0,0,0,0,0,0.0,0
48,2023-10-11 00:00,487293.0,0,0,0,0,0.0,0
49,2023-10-11 01:00,206724.0,0,0,0,0,0.0,0
50,2023-10-11 02:00,704326.0,0,0,0,0,0.0,0
51,2023-10-11 03:00,1144605.0,0,0,1,0,0.3333333333333333,0
52,2023-10-11 04:00,794298.0,0,0,0,0,0.0,0
53,2023-10-11 05:00,786851.0,0,0,0,0,0.0,0
54,2023-10-11 06:00,599977.0,0,0,0,0,0.0,0
55,2023-10-11 07:00,1346443.0,0,0,1,0,0.3333333333333333,0
56,2023-10-11 08:00,732830.0,0,0,0,0,0.0,0
57,2023-10-11 09:00,995340.0,0,0,0,0,0.0,0
58,2023-10-11 10:00,926727.0,0,0,0,0,0.0,0
59,2023-10-11 11:00,385980.0,0,0,0,0,0.0,0
60,2023-10-11 12:00,556164.0,0,0,0,0,0.0,0
61,2023-10-11 13:00,605730.0,0,0,0,0,0.0,0
62,2023-10-11 14:00,189969.0,0,0,0,0,0.0,0
63,2023-10-11 15:00,435883.0,0,0,0,0,0.0,0
64,2023-10-11 16:00,761352.0,0,0,0,0,0.0,0
65,2023-10-11 17:00,580389.0,0,0,0,0,0.0,0
66,2023-10-11 18:00,792293.0,0,0,0,0,0.0,0
67,2023-10-11 19:00,763714.0,0,0,0,0,0.0,0
68,2023-10-11 20:00,348119.0,0,0,0,0,0.0,0
69,2023-10-11 21:00,437622.0,0,0,0,0,0.0,0
70,2023-10-11 22:00,497242.0,0,0,0,0,0.0,0
71,2023-10-11 23:00,354001.0,0,0,0,0,0.0,0
72,2023-10-12 00:00,209623.0,0,0,0,0,0.0,0
73,2023-10-12 01:00,469020.0,0,0,0,0,0.0,0
74,2023-10-12 02:00,831524.0,0,0,0,0,0.0,0
75,2023-10-12 03:00,897485.0,0,0,0,0,0.0,0
76,2023-10-12 04:00,788097.0,0,0,0,0,0.0,0
77,2023-10-12 05:00,951692.0,0,0,0,0,0.0,0
78,2023-10-12 06:00,801900.0,0,0,0,0,0.0,0
79,2023-10-12 07:00,1247858.0,0,0,0,0,0.0,0
80,2023-10-12 08:00,1173985.0,0,0,0,0,0.0,0
81,2023-10-12 09:00,905588.0,0,0,0,0,0.0,0
82,2023-10-12 10:00,885546.0,0,0,0,0,0.0,0
83,2023-10-12 11:00,451043.0,0,0,0,0,0.0,0
84,2023-10-12 12:00,710650.0,0,0,0,0,0.0,0
85,2023-10-12 13:00,349808.0,0,0,0,0,0.0,0
86,2023-10-12 14:00,514674.0,0,0,0,0,0.0,0
87,2023-10-12 15:00,3075586.0,0,0,1,1,0.5,0
88,2023-10-12 16:00,597971.0,0,0,0,0,0.0,0
89,2023-10-12 17:00,541950.0,0,0,0,0,0.0,0
90,2023-10-12 18:00,350305.0,0,0,0,0,0.0,0
91,2023-10-12 19:00,124132.0,0,0,0,0,0.0,0
92,2023-10-12 20:00,158435.0,0,0,0,0,0.0,0
93,2023-10-12 21:00,121599.0,0,0,0,0,0.0,0
94,2023-10-12 22:00,203939.0,0,0,0,0,0.0,0
95,2023-10-12 23:00,134464.0,0,0,0,1,0.16666666666666666,0
96,2023-10-13 00:00,265757.0,0,0,0,0,0.0,0
97,2023-10-13 01:00,269311.0,0,0,0,0,0.0,0
98,2023-10-13 02:00,678205.0,0,0,0,0,0.0,0
99,2023-10-13 03:00,851228.0,0,0,0,0,0.0,0
100,2023-10-13 04:00,938808.0,0,0,0,0,0.0,0
101,2023-10-13 05:00,731931.0,0,0,0,0,0.0,0
102,2023-10-13 06:00,878607.0,0,0,0,0,0.0,0
103,2023-10-13 07:00,931576.0,0,0,0,0,0.0,0
104,2023-10-13 08:00,1715881.0,0,0,1,0,0.3333333333333333,0
105,2023-10-13 09:00,1094263.0,0,0,0,0,0.0,0
106,2023-10-13 10:00,817509.0,0,0,0,0,0.0,0
107,2023-10-13 11:00,584286.0,0,0,0,0,0.0,0
108,2023-10-13 12:00,481609.0,0,0,0,0,0.0,0
109,2023-10-13 13:00,235696.0,0,0,0,0,0.0,0
110,2023-10-13 14:00,592520.0,0,0,0,0,0.0,0
111,2023-10-13 15:00,324697.0,0,0,0,0,0.0,0
112,2023-10-13 16:00,241010.0,0,0,0,0,0.0,0
113,2023-10-13 17:00,342324.0,0,0,0,0,0.0,0
114,2023-10-13 18:00,1365912.0,0,0,1,0,0.3333333333333333,0
115,2023-10-13 19:00,183560.0,0,0,0,0,0.0,0
116,2023-10-13 20:00,771137.0,0,0,0,0,0.0,0
117,2023-10-13 21:00,186617.0,0,0,0,0,0.0,0
118,2023-10-13 22:00,260042.0,0,0,0,0,0.0,0
119,2023-10-13 23:00,105451.0,0,0,0,0,0.0,0
120,2023-10-14 00:00,147700.0,1,0,0,0,0.0,0
121,2023-10-14 01:00,142186.0,1,0,0,0,0.0,0
122,2023-10-14 02:00,198067.0,1,0,0,0,0.0,0
123,2023-10-14 03:00,180441.0,1,0,0,1,0.16666666666666666,0
124,2023-10-14 04:00,169864.0,1,0,0,0,0.0,0
125,2023-10-14 05:00,154064.0,1,0,0,0,0.0,0
126,2023-10-14 06:00,300354.0,1,0,0,0,0.0,0
127,2023-10-14 07:00,325110.0,1,0,0,0,0.0,0
128,2023-10-14 08:00,615719.0,1,0,0,0,0.0,0
129,2023-10-14 09:00,335193.0,1,0,0,1,0.16666666666666666,0
130,2023-10-14 10:00,393613.0,1,0,0,0,0.0,0
131,2023-10-14 11:00,289505.0,1,0,0,0,0.0,0
132,2023-10-14 12:00,219926.0,1,0,0,0,0.0,0
133,2023-10-14 13:00,266732.0,1,0,0,0,0.0,0
134,2023-10-14 14:00,167191.0,1,0,0,0,0.0,0
135,2023-10-14 15:00,508911.0,1,0,0,0,0.0,0
136,2023-10-14 16:00,387430.0,1,0,0,0,0.0,0
137,2023-10-14 17:00,378629.0,1,0,0,0,0.0,0
138,2023-10-14 18:00,620113.0,1,0,0,0,0.0,0
139,2023-10-14 19:00,368964.0,1,0,0,0,0.0,0
140,2023-10-14 20:00,652974.0,1,0,0,0,0.0,0
141,2023-10-14 21:00,420153.0,1,0,0,0,0.0,0
142,2023-10-14 22:00,158533.0,1,0,0,0,0.0,0
143,2023-10-14 23:00,169223.0,1,0,0,0,0.0,0
144,2023-10-15 00:00,129916.0,1,0,0,0,0.0,0
145,2023-10-15 01:00,181151.0,1,0,0,0,0.0,0
146,2023-10-15 02:00,341042.0,1,0,0,0,0.0,0
147,2023-10-15 03:00,742256.0,1,0,0,0,0.0,0
148,2023-10-15 04:00,666798.0,1,0,0,0,0.0,0
149,2023-10-15 05:00,570132.0,1,0,0,0,0.0,0
150,2023-10-15 06:00,440901.0,1,0,0,0,0.0,0
151,2023-10-15 07:00,1321224.0,1,0,1,0,0.3333333333333333,0
152,2023-10-15 08:00,498067.0,1,0,0,0,0.0,0
153,2023-10-15 09:00,1197556.0,1,0,1,0,0.3333333333333333,0
154,2023-10-15 10:00,1264509.0,1,0,1,0,0.3333333333333333,0
155,2023-10-15 11:00,792318.0,1,0,0,0,0.0,0
156,2023-10-15 12:00,1241122.0,1,0,1,0,0.3333333333333333,0
157,2023-10-15 13:00,327719.0,1,0,0,0,0.0,0
158,2023-10-15 14:00,333092.0,1,0,0,0,0.0,0
159,2023-10-15 15:00,519234.0,1,0,0,0,0.0,0
160,2023-10-15 16:00,324014.0,1,0,0,0,0.0,0
161,2023-10-15 17:00,367803.0,1,0,0,0,0.0,0
162,2023-10-15 18:00,271423.0,1,0,0,0,0.0,0
163,2023-10-15 19:00,162424.0,1,0,0,0,0.0,0
164,2023-10-15 20:00,161389.0,1,0,0,0,0.0,0
165,2023-10-15 21:00,230774.0,1,0,0,0,0.0,0
166,2023-10-15 22:00,229349.0,1,0,0,0,0.0,0
167,2023-10-15 23:00,114678.0,1,0,0,1,0.16666666666666666,0
168,2023-10-16 00:00,144123.0,0,0,0,0,0.0,0
169,2023-10-16 01:00,277784.0,0,0,0,0,0.0,0
170,2023-10-16 02:00,796394.0,0,0,0,0,0.0,0
171,2023-10-16 03:00,2075659.0,0,0,1,0,0.3333333333333333,0
172,2023-10-16 04:00,1182859.0,0,0,0,0,0.0,0
173,2023-10-16 05:00,559366.0,0,0,0,0,0.0,0
174,2023-10-16 06:00,679702.0,0,0,0,0,0.0,0
175,2023-10-16 07:00,932145.0,0,0,0,0,0.0,0
176,2023-10-16 08:00,840130.0,0,0,0,0,0.0,0
177,2023-10-16 09:00,771071.0,0,0,0,0,0.0,0
178,2023-10-16 10:00,976381.0,0,0,0,0,0.0,0
179,2023-10-16 11:00,499193.0,0,0,0,0,0.0,0
180,2023-10-16 12:00,343189.0,0,0,0,0,0.0,0
181,2023-10-16 13:00,395191.0,0,0,0,0,0.0,0
182,2023-10-16 14:00,457954.0,0,0,0,0,0.0,0
183,2023-10-16 15:00,272018.0,0,0,0,0,0.0,0
184,2023-10-16 16:00,735232.0,0,0,0,0,0.0,0
185,2023-10-16 17:00,846802.0,0,0,0,0,0.0,0
186,2023-10-16 18:00,652581.0,0,0,0,0,0.0,0
187,2023-10-16 19:00,953580.0,0,0,0,0,0.0,0
188,2023-10-16 20:00,340422.0,0,0,0,0,0.0,0
189,2023-10-16 21:00,878105.0,0,0,0,0,0.0,0
190,2023-10-16 22:00,110720.0,0,0,0,0,0.0,0
191,2023-10-16 23:00,297570.0,0,0,0,0,0.0,0
192,2023-10-17 00:00,150497.0,0,0,0,0,0.0,0
193,2023-10-17 01:00,434790.0,0,0,0,0,0.0,0
194,2023-10-17 02:00,859655.0,0,0,0,0,0.0,0
195,2023-10-17 03:00,1232975.0,0,0,1,0,0.3333333333333333,0
196,2023-10-17 04:00,951808.0,0,0,0,0,0.0,0
197,2023-10-17 05:00,2445094.0,0,0,1,0,0.3333333333333333,0
198,2023-10-17 06:00,2251313.0,0,1,1,1,0.9999999999999999,1
199,2023-10-17 07:00,1281963.0,0,0,0,0,0.0,0
200,2023-10-17 08:00,994530.0,0,0,0,0,0.0,0
201,2023-10-17 09:00,734915.0,0,0,0,0,0.0,0
202,2023-10-17 10:00,683603.0,0,0,0,0,0.0,0
203,2023-10-17 11:00,425541.0,0,0,0,0,0.0,0
204,2023-10-17 12:00,215277.0,0,0,0,0,0.0,0
205,2023-10-17 13:00,533871.0,0,0,0,0,0.0,0
206,2023-10-17 14:00,261958.0,0,0,0,0,0.0,0
207,2023-10-17 15:00,141572.0,0,0,0,0,0.0,0
208,2023-10-17 16:00,91724.0,0,0,0,0,0.0,0
209,2023-10-17 17:00,211841.0,0,0,0,0,0.0,0
210,2023-10-17 18:00,135703.0,0,0,0,0,0.0,0
211,2023-10-17 19:00,143332.0,0,0,0,0,0.0,0
212,2023-10-17 20:00,289354.0,0,0,0,1,0.16666666666666666,0
213,2023-10-17 21:00,89975.0,0,0,0,0,0.0,0
214,2023-10-17 22:00,119549.0,0,0,0,0,0.0,0
215,2023-10-17 23:00,85534.0,0,0,0,0,0.0,0
216,2023-10-18 00:00,78780.0,0,0,0,0,0.0,0
217,2023-10-18 01:00,113157.0,0,0,0,0,0.0,0
218,2023-10-18 02:00,457064.0,0,0,0,0,0.0,0
219,2023-10-18 03:00,579082.0,0,0,0,0,0.0,0
220,2023-10-18 04:00,476955.0,0,0,0,0,0.0,0
221,2023-10-18 05:00,711436.0,0,0,0,0,0.0,0
222,2023-10-18 06:00,885182.0,0,0,0,0,0.0,0
223,2023-10-18 07:00,522472.0,0,0,0,0,0.0,0
224,2023-10-18 08:00,403662.0,0,0,0,0,0.0,0
225,2023-10-18 09:00,307857.0,0,0,0,1,0.16666666666666666,0
226,2023-10-18 10:00,296377.0,0,0,0,0,0.0,0
227,2023-10-18 11:00,355619.0,0,0,0,0,0.0,0
228,2023-10-18 12:00,338347.0,0,0,0,0,0.0,0
229,2023-10-18 13:00,340876.0,0,0,0,0,0.0,0
230,2023-10-18 14:00,221289.0,0,0,0,0,0.0,0
231,2023-10-18 15:00,142152.0,0,0,0,0,0.0,0
232,2023-10-18 16:00,113992.0,0,0,0,0,0.0,0
233,2023-10-18 17:00,192216.0,0,0,0,0,0.0,0
234,2023-10-18 18:00,170780.0,0,0,0,0,0.0,0
235,2023-10-18 19:00,244175.0,0,0,0,0,0.0,0
236,2023-10-18 20:00,120210.0,0,0,0,0,0.0,0
237,2023-10-18 21:00,211606.0,0,0,0,0,0.0,0
238,2023-10-18 22:00,240706.0,0,0,0,0,0.0,0
239,2023-10-18 23:00,368105.0,0,0,0,0,0.0,0
240,2023-10-19 00:00,175626.0,0,0,0,0,0.0,0
241,2023-10-19 01:00,170895.0,0,0,0,0,0.0,0
242,2023-10-19 02:00,363119.0,0,0,0,0,0.0,0
243,2023-10-19 03:00,825611.0,0,0,0,0,0.0,0
244,2023-10-19 04:00,733288.0,0,0,0,0,0.0,0
245,2023-10-19 05:00,563550.0,0,0,0,0,0.0,0
246,2023-10-19 06:00,365107.0,0,0,0,0,0.0,0
247,2023-10-19 07:00,1135000.0,0,0,0,0,0.0,0
248,2023-10-19 08:00,873837.0,0,0,0,0,0.0,0
249,2023-10-19 09:00,643274.0,0,0,0,0,0.0,0
250,2023-10-19 10:00,936637.0,0,0,0,1,0.16666666666666666,0
251,2023-10-19 11:00,749480.0,0,0,0,0,0.0,0
252,2023-10-19 12:00,558354.0,0,0,0,0,0.0,0
253,2023-10-19 13:00,561870.0,0,0,0,0,0.0,0
254,2023-10-19 14:00,554702.0,0,0,0,0,0.0,0
255,2023-10-19 15:00,997759.0,0,0,0,0,0.0,0
256,2023-10-19 16:00,284474.0,0,0,0,0,0.0,0
257,2023-10-19 17:00,186014.0,0,0,0,0,0.0,0
258,2023-10-19 18:00,669025.0,0,0,0,0,0.0,0
259,2023-10-19 19:00,211103.0,0,0,0,0,0.0,0
260,2023-10-19 20:00,229737.0,0,0,0,0,0.0,0
261,2023-10-19 21:00,278582.0,0,0,0,0,0.0,0
262,2023-10-19 22:00,110051.0,0,0,0,0,0.0,0
263,2023-10-19 23:00,127333.0,0,0,0,0,0.0,0
264,2023-10-20 00:00,299286.0,0,0,0,0,0.0,0
265,2023-10-20 01:00,160911.0,0,0,0,0,0.0,0
266,2023-10-20 02:00,597356.0,0,0,0,0,0.0,0
267,2023-10-20 03:00,566765.0,0,0,0,0,0.0,0
268,2023-10-20 04:00,508847.0,0,0,0,0,0.0,0
269,2023-10-20 05:00,1004886.0,0,0,0,0,0.0,0
270,2023-10-20 06:00,446989.0,0,0,0,0,0.0,0
271,2023-10-20 07:00,965013.0,0,0,0,0,0.0,0
272,2023-10-20 08:00,1079401.0,0,0,0,1,0.16666666666666666,0
273,2023-10-20 09:00,989744.0,0,0,0,0,0.0,0
274,2023-10-20 10:00,505538.0,0,0,0,0,0.0,0
275,2023-10-20 11:00,313971.0,0,0,0,0,0.0,0
276,2023-10-20 12:00,236001.0,0,0,0,0,0.0,0
277,2023-10-20 13:00,191608.0,0,0,0,0,0.0,0
278,2023-10-20 14:00,255725.0,0,0,0,0,0.0,0
279,2023-10-20 15:00,290809.0,0,0,0,0,0.0,0
280,2023-10-20 16:00,250526.0,0,0,0,0,0.0,0
281,2023-10-20 17:00,148720.0,0,0,0,0,0.0,0
282,2023-10-20 18:00,297665.0,0,0,0,0,0.0,0
283,2023-10-20 19:00,278803.0,0,0,0,0,0.0,0
284,2023-10-20 20:00,151979.0,0,0,0,0,0.0,0
285,2023-10-20 21:00,107881.0,0,0,0,0,0.0,0
286,2023-10-20 22:00,50661.0,0,0,0,1,0.16666666666666666,0
287,2023-10-20 23:00,456004.0,0,0,0,0,0.0,0
288,2023-10-21 00:00,79308.0,1,0,0,0,0.0,0
289,2023-10-21 01:00,74670.0,1,0,0,1,0.16666666666666666,0
290,2023-10-21 02:00,154531.0,1,0,0,0,0.0,0
291,2023-10-21 03:00,150672.0,1,0,0,0,0.0,0
292,2023-10-21 04:00,170863.0,1,0,0,0,0.0,0
293,2023-10-21 05:00,378907.0,1,0,0,0,0.0,0
294,2023-10-21 06:00,316428.0,1,0,0,0,0.0,0
295,2023-10-21 07:00,362776.0,1,0,0,0,0.0,0
296,2023-10-21 08:00,720922.0,1,0,0,0,0.0,0
297,2023-10-21 09:00,200243.0,1,0,0,0,0.0,0
298,2023-10-21 10:00,275348.0,1,0,0,0,0.0,0
299,2023-10-21 11:00,443279.0,1,0,1,0,0.3333333333333333,0
300,2023-10-21 12:00,567999.0,1,0,1,0,0.3333333333333333,0
301,2023-10-21 13:00,398153.0,1,0,1,0,0.3333333333333333,0
302,2023-10-21 14:00,483401.0,1,0,1,0,0.3333333333333333,0
303,2023-10-21 15:00,1128157.0,1,0,1,0,0.3333333333333333,0
304,2023-10-21 16:00,2954255.0,1,0,1,1,0.5,0
305,2023-10-21 17:00,592721.0,1,0,0,0,0.0,0
306,2023-10-21 18:00,488757.0,1,0,0,0,0.0,0
307,2023-10-21 19:00,223217.0,1,0,0,0,0.0,0
308,2023-10-21 20:00,193416.0,1,0,0,0,0.0,0
309,2023-10-21 21:00,567916.0,1,0,0,0,0.0,0
310,2023-10-21 22:00,174812.0,1,0,0,0,0.0,0
311,2023-10-21 23:00,100478.0,1,0,0,0,0.0,0
312,2023-10-22 00:00,127257.0,1,0,0,0,0.0,0
313,2023-10-22 01:00,127656.0,1,0,0,1,0.16666666666666666,0
314,2023-10-22 02:00,198922.0,1,0,0,0,0.0,0
315,2023-10-22 03:00,267236.0,1,0,0,0,0.0,0
316,2023-10-22 04:00,305665.0,1,0,0,0,0.0,0
317,2023-10-22 05:00,510136.0,1,0,0,0,0.0,0
318,2023-10-22 06:00,320652.0,1,0,0,0,0.0,0
319,2023-10-22 07:00,296931.0,1,0,0,0,0.0,0
320,2023-10-22 08:00,422571.0,1,0,0,0,0.0,0
321,2023-10-22 09:00,695880.0,1,0,0,0,0.0,0
322,2023-10-22 10:00,635797.0,1,0,0,0,0.0,0
323,2023-10-22 11:00,869068.0,1,0,0,0,0.0,0
324,2023-10-22 12:00,486995.0,1,0,0,0,0.0,0
325,2023-10-22 13:00,187732.0,1,0,0,0,0.0,0
326,2023-10-22 14:00,2484092.0,1,0,1,1,0.5,0
327,2023-10-22 15:00,184715.0,1,0,0,0,0.0,0
328,2023-10-22 16:00,260118.0,1,0,0,0,0.0,0
329,2023-10-22 17:00,357138.0,1,0,0,0,0.0,0
330,2023-10-22 18:00,348332.0,1,0,0,0,0.0,0
331,2023-10-22 19:00,292374.0,1,0,0,0,0.0,0
332,2023-10-22 20:00,344262.0,1,0,0,0,0.0,0
333,2023-10-22 21:00,168243.0,1,0,0,0,0.0,0
334,2023-10-22 22:00,149031.0,1,0,0,1,0.16666666666666666,0
335,2023-10-22 23:00,127486.0,1,0,0,0,0.0,0
336,2023-10-23 00:00,187725.0,0,0,0,0,0.0,0
337,2023-10-23 01:00,360722.0,0,0,0,0,0.0,0
338,2023-10-23 02:00,824579.0,0,0,0,0,0.0,0
339,2023-10-23 03:00,886291.0,0,0,0,0,0.0,0
340,2023-10-23 04:00,919097.0,0,0,0,0,0.0,0
341,2023-10-23 05:00,667659.0,0,0,0,0,0.0,0
342,2023-10-23 06:00,799367.0,0,0,0,0,0.0,0
343,2023-10-23 07:00,1231565.0,0,0,1,0,0.3333333333333333,0
344,2023-10-23 08:00,935015.0,0,0,0,0,0.0,0
345,2023-10-23 09:00,680437.0,0,0,0,0,0.0,0
346,2023-10-23 10:00,638142.0,0,0,0,0,0.0,0
347,2023-10-23 11:00,437931.0,0,0,0,0,0.0,0
348,2023-10-23 12:00,295704.0,0,0,0,0,0.0,0
349,2023-10-23 13:00,358857.0,0,0,0,1,0.16666666666666666,0
350,2023-10-23 14:00,107169.0,0,0,0,0,0.0,0
351,2023-10-23 15:00,414941.0,0,0,0,0,0.0,0
352,2023-10-23 16:00,403966.0,0,0,0,0,0.0,0
353,2023-10-23 17:00,632279.0,0,0,0,0,0.0,0
354,2023-10-23 18:00,363519.0,0,0,0,0,0.0,0
355,2023-10-23 19:00,137583.0,0,0,0,0,0.0,0
356,2023-10-23 20:00,140563.0,0,0,0,0,0.0,0
357,2023-10-23 21:00,207086.0,0,0,0,0,0.0,0
358,2023-10-23 22:00,235949.0,0,0,0,0,0.0,0
359,2023-10-23 23:00,231670.0,0,0,0,0,0.0,0
360,2023-10-24 00:00,73329.0,0,0,0,0,0.0,0
361,2023-10-24 01:00,173644.0,0,0,0,0,0.0,0
362,2023-10-24 02:00,433914.0,0,0,0,0,0.0,0
363,2023-10-24 03:00,775496.0,0,0,0,0,0.0,0
364,2023-10-24 04:00,757673.0,0,0,0,0,0.0,0
365,2023-10-24 05:00,714384.0,0,0,0,0,0.0,0
366,2023-10-24 06:00,540027.0,0,0,0,0,0.0,0
367,2023-10-24 07:00,575075.0,0,0,0,0,0.0,0
368,2023-10-24 08:00,897484.0,0,0,0,0,0.0,0
369,2023-10-24 09:00,914489.0,0,0,0,0,0.0,0
370,2023-10-24 10:00,630671.0,0,0,0,0,0.0,0
371,2023-10-24 11:00,722784.0,0,0,0,0,0.0,0
372,2023-10-24 12:00,295276.0,0,0,0,0,0.0,0
373,2023-10-24 13:00,261233.0,0,0,0,0,0.0,0
374,2023-10-24 14:00,226087.0,0,0,0,0,0.0,0
375,2023-10-24 15:00,395717.0,0,0,0,0,0.0,0
376,2023-10-24 16:00,318928.0,0,0,0,0,0.0,0
377,2023-10-24 17:00,450450.0,0,0,0,0,0.0,0
378,2023-10-24 18:00,365583.0,0,0,0,0,0.0,0
379,2023-10-24 19:00,353232.0,0,0,0,0,0.0,0
380,2023-10-24 20:00,132756.0,0,0,0,0,0.0,0
381,2023-10-24 21:00,210719.0,0,0,0,0,0.0,0
382,2023-10-24 22:00,268382.0,0,0,0,0,0.0,0
383,2023-10-24 23:00,80173.0,0,0,0,0,0.0,0
384,2023-10-25 00:00,122888.0,0,0,0,0,0.0,0
385,2023-10-25 01:00,197290.0,0,0,0,0,0.0,0
386,2023-10-25 02:00,504652.0,0,0,0,0,0.0,0
387,2023-10-25 03:00,888240.0,0,0,0,0,0.0,0
388,2023-10-25 04:00,895859.0,0,0,0,0,0.0,0
389,2023-10-25 05:00,1437700.0,0,0,1,0,0.3333333333333333,0
390,2023-10-25 06:00,1184387.0,0,0,1,0,0.3333333333333333,0
391,2023-10-25 07:00,1132507.0,0,0,0,0,0.0,0
392,2023-10-25 08:00,990763.0,0,0,0,0,0.0,0
393,2023-10-25 09:00,933245.0,0,0,0,0,0.0,0
394,2023-10-25 10:00,616401.0,0,0,0,0,0.0,0
395,2023-10-25 11:00,358463.0,0,0,0,0,0.0,0
396,2023-10-25 12:00,606133.0,0,0,0,0,0.0,0
397,2023-10-25 13:00,446964.0,0,0,0,0,0.0,0
398,2023-10-25 14:00,219997.0,0,0,0,0,0.0,0
399,2023-10-25 15:00,192525.0,0,0,0,0,0.0,0
400,2023-10-25 16:00,408717.0,0,0,0,0,0.0,0
401,2023-10-25 17:00,407615.0,0,0,0,0,0.0,0
402,2023-10-25 18:00,398357.0,0,0,0,0,0.0,0
403,2023-10-25 19:00,477245.0,0,0,0,0,0.0,0
404,2023-10-25 20:00,220924.0,0,0,0,0,0.0,0
405,2023-10-25 21:00,288864.0,0,0,0,0,0.0,0
406,2023-10-25 22:00,260878.0,0,0,0,0,0.0,0
407,2023-10-25 23:00,123407.0,0,0,0,0,0.0,0
408,2023-10-26 00:00,223660.0,0,0,0,0,0.0,0
409,2023-10-26 01:00,414519.0,0,0,0,0,0.0,0
410,2023-10-26 02:00,676003.0,0,0,0,0,0.0,0
411,2023-10-26 03:00,1373682.0,0,0,1,0,0.3333333333333333,0
412,2023-10-26 04:00,903947.0,0,0,0,0,0.0,0
413,2023-10-26 05:00,735286.0,0,0,0,0,0.0,0
414,2023-10-26 06:00,796175.0,0,0,0,0,0.0,0
415,2023-10-26 07:00,710165.0,0,0,0,0,0.0,0
416,2023-10-26 08:00,869529.0,0,0,0,0,0.0,0
417,2023-10-26 09:00,790303.0,0,0,0,0,0.0,0
418,2023-10-26 10:00,855849.0,0,0,0,0,0.0,0
419,2023-10-26 11:00,485658.0,0,0,0,0,0.0,0
420,2023-10-26 12:00,757190.0,0,0,0,0,0.0,0
421,2023-10-26 13:00,395296.0,0,0,0,0,0.0,0
422,2023-10-26 14:00,234567.0,0,0,0,0,0.0,0
423,2023-10-26 15:00,530474.0,0,0,0,0,0.0,0
424,2023-10-26 16:00,457203.0,0,0,0,0,0.0,0
425,2023-10-26 17:00,767993.0,0,0,0,0,0.0,0
426,2023-10-26 18:00,262673.0,0,0,0,0,0.0,0
427,2023-10-26 19:00,1000469.0,0,0,1,0,0.3333333333333333,0
428,2023-10-26 20:00,217731.0,0,0,0,0,0.0,0
429,2023-10-26 21:00,318464.0,0,0,0,0,0.0,0
430,2023-10-26 22:00,167601.0,0,0,0,0,0.0,0
431,2023-10-26 23:00,269191.0,0,0,0,0,0.0,0
432,2023-10-27 00:00,302795.0,0,0,0,0,0.0,0
433,2023-10-27 01:00,278643.0,0,0,0,0,0.0,0
434,2023-10-27 02:00,837348.0,0,0,0,0,0.0,0
435,2023-10-27 03:00,1000899.0,0,0,1,0,0.3333333333333333,0
436,2023-10-27 04:00,1902363.0,0,0,1,0,0.3333333333333333,0
437,2023-10-27 05:00,957765.0,0,0,0,0,0.0,0
438,2023-10-27 06:00,793317.0,0,0,0,0,0.0,0
439,2023-10-27 07:00,1776373.0,0,0,1,0,0.3333333333333333,0
440,2023-10-27 08:00,927063.0,0,0,0,0,0.0,0
441,2023-10-27 09:00,1839638.0,0,0,1,1,0.5,0
442,2023-10-27 10:00,1214474.0,0,0,1,0,0.3333333333333333,0
443,2023-10-27 11:00,618388.0,0,0,0,0,0.0,0
444,2023-10-27 12:00,801317.0,0,0,0,0,0.0,0
445,2023-10-27 13:00,580751.0,0,0,0,0,0.0,0
446,2023-10-27 14:00,228931.0,0,0,0,0,0.0,0
447,2023-10-27 15:00,439753.0,0,0,0,0,0.0,0
448,2023-10-27 16:00,304767.0,0,0,0,0,0.0,0
449,2023-10-27 17:00,537126.0,0,0,0,0,0.0,0
450,2023-10-27 18:00,283939.0,0,0,0,0,0.0,0
451,2023-10-27 19:00,544229.0,0,0,0,0,0.0,0
452,2023-10-27 20:00,280234.0,0,0,0,0,0.0,0
453,2023-10-27 21:00,261629.0,0,0,0,0,0.0,0
454,2023-10-27 22:00,183867.0,0,0,0,0,0.0,0
455,2023-10-27 23:00,181122.0,0,0,0,0,0.0,0
456,2023-10-28 00:00,290943.0,1,0,0,0,0.0,0
457,2023-10-28 01:00,409395.0,1,0,0,0,0.0,0
458,2023-10-28 02:00,242951.0,1,0,0,0,0.0,0
459,2023-10-28 03:00,262930.0,1,0,0,1,0.16666666666666666,0
460,2023-10-28 04:00,295381.0,1,0,0,0,0.0,0
461,2023-10-28 05:00,346030.0,1,0,0,0,0.0,0
462,2023-10-28 06:00,612805.0,1,0,0,0,0.0,0
463,2023-10-28 07:00,249506.0,1,0,0,0,0.0,0
464,2023-10-28 08:00,188900.0,1,0,0,0,0.0,0
465,2023-10-28 09:00,273297.0,1,0,0,0,0.0,0
466,2023-10-28 10:00,485486.0,1,0,0,0,0.0,0
467,2023-10-28 11:00,331210.0,1,0,0,0,0.0,0
468,2023-10-28 12:00,304134.0,1,0,0,0,0.0,0
469,2023-10-28 13:00,275877.0,1,0,0,0,0.0,0
470,2023-10-28 14:00,954907.0,1,0,0,0,0.0,0
471,2023-10-28 15:00,251103.0,1,0,0,0,0.0,0
472,2023-10-28 16:00,479560.0,1,0,0,0,0.0,0
473,2023-10-28 17:00,598732.0,1,0,0,0,0.0,0
474,2023-10-28 18:00,467191.0,1,0,0,0,0.0,0
475,2023-10-28 19:00,769992.0,1,0,0,0,0.0,0
476,2023-10-28 20:00,278791.0,1,0,0,0,0.0,0
477,2023-10-28 21:00,625323.0,1,0,0,0,0.0,0
478,2023-10-28 22:00,159905.0,1,0,0,0,0.0,0
479,2023-10-28 23:00,250954.0,1,0,0,0,0.0,0
480,2023-10-29 01:00,189325.0,1,0,0,0,0.0,0
481,2023-10-29 02:00,172844.0,1,0,0,0,0.0,0
482,2023-10-29 03:00,299409.0,1,0,0,0,0.0,0
483,2023-10-29 04:00,180324.0,1,0,0,0,0.0,0
484,2023-10-29 05:00,507929.0,1,0,0,0,0.0,0
485,2023-10-29 06:00,546874.0,1,0,0,0,0.0,0
486,2023-10-29 07:00,398180.0,1,0,0,0,0.0,0
487,2023-10-29 08:00,367313.0,1,0,0,0,0.0,0
488,2023-10-29 09:00,291964.0,1,0,0,0,0.0,0
489,2023-10-29 10:00,537980.0,1,0,0,0,0.0,0
490,2023-10-29 11:00,458307.0,1,0,0,0,0.0,0
491,2023-10-29 12:00,613831.0,1,0,0,0,0.0,0
492,2023-10-29 13:00,422510.0,1,0,0,0,0.0,0
493,2023-10-29 14:00,604298.0,1,0,0,0,0.0,0
494,2023-10-29 15:00,200551.0,1,0,0,0,0.0,0
495,2023-10-29 16:00,306022.0,1,0,0,0,0.0,0
496,2023-10-29 17:00,1384343.0,1,0,1,1,0.5,0
497,2023-10-29 18:00,344954.0,1,0,0,0,0.0,0
498,2023-10-29 19:00,779977.0,1,0,0,0,0.0,0
499,2023-10-29 20:00,510985.0,1,0,0,0,0.0,0
500,2023-10-29 21:00,506569.0,1,0,0,0,0.0,0
501,2023-10-29 22:00,467626.0,1,0,0,0,0.0,0
502,2023-10-29 23:00,359155.0,1,0,0,0,0.0,0
503,2023-10-30 00:00,177224.0,0,0,0,0,0.0,0
504,2023-10-30 01:00,359731.0,0,0,0,0,0.0,0
505,2023-10-30 02:00,437361.0,0,0,0,0,0.0,0
506,2023-10-30 03:00,549550.0,0,0,0,0,0.0,0
507,2023-10-30 04:00,981980.0,0,0,0,0,0.0,0
508,2023-10-30 05:00,2305758.0,0,0,1,1,0.5,0
509,2023-10-30 06:00,1011700.0,0,0,0,0,0.0,0
510,2023-10-30 07:00,1226262.0,0,0,1,0,0.3333333333333333,0
511,2023-10-30 08:00,985789.0,0,0,0,0,0.0,0
512,2023-10-30 09:00,690822.0,0,0,0,0,0.0,0
513,2023-10-30 10:00,981757.0,0,0,0,0,0.0,0
514,2023-10-30 11:00,1162772.0,0,0,1,0,0.3333333333333333,0
515,2023-10-30 12:00,946293.0,0,0,0,0,0.0,0
516,2023-10-30 13:00,398267.0,0,0,0,0,0.0,0
517,2023-10-30 14:00,591510.0,0,0,0,0,0.0,0
518,2023-10-30 15:00,325758.0,0,0,0,0,0.0,0
519,2023-10-30 16:00,182172.0,0,0,0,0,0.0,0
520,2023-10-30 17:00,652567.0,0,0,0,0,0.0,0
521,2023-10-30 18:00,213579.0,0,0,0,0,0.0,0
522,2023-10-30 19:00,469461.0,0,0,0,0,0.0,0
523,2023-10-30 20:00,689193.0,0,0,0,0,0.0,0
524,2023-10-30 21:00,244381.0,0,0,0,0,0.0,0
525,2023-10-30 22:00,277803.0,0,0,0,0,0.0,0
526,2023-10-30 23:00,201626.0,0,0,0,0,0.0,0
527,2023-10-31 00:00,164456.0,0,0,0,0,0.0,0
528,2023-10-31 01:00,157717.0,0,0,0,0,0.0,0
529,2023-10-31 02:00,104422.0,0,0,0,0,0.0,0
530,2023-10-31 03:00,345025.0,0,0,0,0,0.0,0
531,2023-10-31 04:00,481973.0,0,0,0,0,0.0,0
532,2023-10-31 05:00,1660011.0,0,0,1,0,0.3333333333333333,0
533,2023-10-31 06:00,1108096.0,0,0,0,0,0.0,0
534,2023-10-31 07:00,698114.0,0,0,0,0,0.0,0
535,2023-10-31 08:00,1099316.0,0,0,0,0,0.0,0
536,2023-10-31 09:00,1677569.0,0,0,1,0,0.3333333333333333,0
537,2023-10-31 10:00,1453085.0,0,0,1,0,0.3333333333333333,0
538,2023-10-31 11:00,1179785.0,0,0,0,0,0.0,0
539,2023-10-31 12:00,1058301.0,0,0,0,0,0.0,0
540,2023-10-31 13:00,426597.0,0,0,0,0,0.0,0
541,2023-10-31 14:00,526235.0,0,0,0,0,0.0,0
542,2023-10-31 15:00,243964.0,0,0,0,0,0.0,0
543,2023-10-31 16:00,239505.0,0,0,0,0,0.0,0
544,2023-10-31 17:00,223731.0,0,0,0,0,0.0,0
545,2023-10-31 18:00,404060.0,0,0,0,0,0.0,0
546,2023-10-31 19:00,373657.0,0,0,0,0,0.0,0
547,2023-10-31 20:00,266039.0,0,0,0,0,0.0,0
548,2023-10-31 21:00,198882.0,0,0,0,0,0.0,0
549,2023-10-31 22:00,190275.0,0,0,0,0,0.0,0
550,2023-10-31 23:00,140965.0,0,0,0,1,0.16666666666666666,0
551,2023-11-01 00:00,107355.0,0,0,0,0,0.0,0
552,2023-11-01 01:00,131119.0,0,0,0,0,0.0,0
553,2023-11-01 02:00,122275.0,0,0,0,0,0.0,0
554,2023-11-01 03:00,190202.0,0,0,0,0,0.0,0
555,2023-11-01 04:00,612536.0,0,0,0,0,0.0,0
556,2023-11-01 05:00,783902.0,0,0,0,0,0.0,0
557,2023-11-01 06:00,778571.0,0,0,0,0,0.0,0
558,2023-11-01 07:00,661405.0,0,0,0,0,0.0,0
559,2023-11-01 08:00,697083.0,0,0,0,0,0.0,0
560,2023-11-01 09:00,608364.0,0,0,0,0,0.0,0
561,2023-11-01 10:00,942858.0,0,0,0,0,0.0,0
562,2023-11-01 11:00,1469635.0,0,0,1,0,0.3333333333333333,0
563,2023-11-01 12:00,1062756.0,0,0,0,0,0.0,0
564,2023-11-01 13:00,745500.0,0,0,0,0,0.0,0
565,2023-11-01 14:00,668872.0,0,0,0,0,0.0,0
566,2023-11-01 15:00,750097.0,0,0,0,0,0.0,0
567,2023-11-01 16:00,196911.0,0,0,0,0,0.0,0
568,2023-11-01 17:00,1476529.0,0,0,1,0,0.3333333333333333,0
569,2023-11-01 18:00,574296.0,0,0,0,0,0.0,0
570,2023-11-01 19:00,793324.0,0,0,0,0,0.0,0
571,2023-11-01 20:00,261575.0,0,0,0,0,0.0,0
572,2023-11-01 21:00,298772.0,0,0,0,0,0.0,0
573,2023-11-01 22:00,301958.0,0,0,0,0,0.0,0
574,2023-11-01 23:00,302372.0,0,0,0,0,0.0,0
575,2023-11-02 00:00,137675.0,0,0,0,0,0.0,0
576,2023-11-02 01:00,183678.0,0,0,0,0,0.0,0
577,2023-11-02 02:00,125937.0,0,0,0,0,0.0,0
578,2023-11-02 03:00,184174.0,0,0,0,1,0.16666666666666666,0
579,2023-11-02 04:00,906863.0,0,0,0,0,0.0,0
580,2023-11-02 05:00,1493195.0,0,0,1,0,0.3333333333333333,0
581,2023-11-02 06:00,1232771.0,0,0,1,0,0.3333333333333333,0
582,2023-11-02 07:00,787852.0,0,0,0,0,0.0,0
583,2023-11-02 08:00,994528.0,0,0,0,0,0.0,0
584,2023-11-02 09:00,1667470.0,0,0,1,0,0.3333333333333333,0
585,2023-11-02 10:00,1164004.0,0,0,0,0,0.0,0
586,2023-11-02 11:00,915663.0,0,0,0,0,0.0,0
587,2023-11-02 12:00,735300.0,0,0,0,0,0.0,0
588,2023-11-02 13:00,515751.0,0,0,0,0,0.0,0
589,2023-11-02 14:00,346838.0,0,0,0,0,0.0,0
590,2023-11-02 15:00,354374.0,0,0,0,0,0.0,0
591,2023-11-02 16:00,187119.0,0,0,0,0,0.0,0
592,2023-11-02 17:00,394206.0,0,0,0,0,0.0,0
593,2023-11-02 18:00,641171.0,0,0,0,0,0.0,0
594,2023-11-02 19:00,421372.0,0,0,0,0,0.0,0
595,2023-11-02 20:00,337728.0,0,0,0,0,0.0,0
596,2023-11-02 21:00,261536.0,0,0,0,0,0.0,0
597,2023-11-02 22:00,999978.0,0,0,0,0,0.0,0
598,2023-11-02 23:00,584582.0,0,0,0,0,0.0,0
599,2023-11-03 00:00,470412.0,0,0,0,0,0.0,0
600,2023-11-03 01:00,297812.0,0,0,0,0,0.0,0
601,2023-11-03 02:00,326695.0,0,0,0,0,0.0,0
602,2023-11-03 03:00,390855.0,0,0,0,0,0.0,0
603,2023-11-03 04:00,488862.0,0,0,0,0,0.0,0
604,2023-11-03 05:00,1139181.0,0,0,0,0,0.0,0
605,2023-11-03 06:00,775487.0,0,0,0,0,0.0,0
606,2023-11-03 07:00,1480301.0,0,0,1,0,0.3333333333333333,0
607,2023-11-03 08:00,1109023.0,0,0,0,0,0.0,0
608,2023-11-03 09:00,778180.0,0,0,0,0,0.0,0
609,2023-11-03 10:00,1393687.0,0,0,1,0,0.3333333333333333,0
610,2023-11-03 11:00,1090717.0,0,0,0,0,0.0,0
611,2023-11-03 12:00,660970.0,0,0,0,0,0.0,0
612,2023-11-03 13:00,516681.0,0,0,1,0,0.3333333333333333,0
613,2023-11-03 14:00,351992.0,0,0,0,0,0.0,0
614,2023-11-03 15:00,343841.0,0,0,0,0,0.0,0
615,2023-11-03 16:00,211492.0,0,0,0,0,0.0,0
616,2023-11-03 17:00,361952.0,0,0,0,0,0.0,0
617,2023-11-03 18:00,484598.0,0,0,0,0,0.0,0
618,2023-11-03 19:00,887273.0,0,0,0,0,0.0,0
619,2023-11-03 20:00,981636.0,0,0,0,0,0.0,0
620,2023-11-03 21:00,494799.0,0,0,0,0,0.0,0
621,2023-11-03 22:00,403168.0,0,0,0,0,0.0,0
622,2023-11-03 23:00,545916.0,0,0,1,0,0.3333333333333333,0
623,2023-11-04 00:00,254640.0,1,0,0,0,0.0,0
624,2023-11-04 01:00,174651.0,1,0,0,0,0.0,0
625,2023-11-04 02:00,166740.0,1,0,0,0,0.0,0
626,2023-11-04 03:00,222118.0,1,0,0,0,0.0,0
627,2023-11-04 04:00,136353.0,1,0,0,0,0.0,0
628,2023-11-04 05:00,161838.0,1,0,0,0,0.0,0
629,2023-11-04 06:00,102277.0,1,0,0,1,0.16666666666666666,0
630,2023-11-04 07:00,361232.0,1,0,0,0,0.0,0
631,2023-11-04 08:00,171142.0,1,0,0,0,0.0,0
632,2023-11-04 09:00,440976.0,1,0,0,0,0.0,0
633,2023-11-04 10:00,213670.0,1,0,0,0,0.0,0
634,2023-11-04 11:00,790177.0,1,0,0,0,0.0,0
635,2023-11-04 12:00,310613.0,1,0,0,0,0.0,0
636,2023-11-04 13:00,442914.0,1,0,0,0,0.0,0
637,2023-11-04 14:00,247099.0,1,0,0,0,0.0,0
638,2023-11-04 15:00,140045.0,1,0,0,1,0.16666666666666666,0
639,2023-11-04 16:00,1743119.0,1,0,1,0,0.3333333333333333,0
640,2023-11-04 17:00,379553.0,1,0,0,0,0.0,0
641,2023-11-04 18:00,415194.0,1,0,0,0,0.0,0
642,2023-11-04 19:00,1091899.0,1,0,0,0,0.0,0
643,2023-11-04 20:00,922283.0,1,0,0,0,0.0,0
644,2023-11-04 21:00,1207057.0,1,0,1,0,0.3333333333333333,0
645,2023-11-04 22:00,255497.0,1,0,0,0,0.0,0
646,2023-11-04 23:00,84721.0,1,0,0,0,0.0,0
647,2023-11-05 00:00,100052.0,1,0,0,0,0.0,0
648,2023-11-05 01:00,172291.0,1,0,0,0,0.0,0
649,2023-11-05 02:00,99960.0,1,0,0,0,0.0,0
650,2023-11-05 03:00,91692.0,1,0,0,1,0.16666666666666666,0
651,2023-11-05 04:00,154644.0,1,0,0,0,0.0,0
652,2023-11-05 05:00,293155.0,1,0,0,0,0.0,0
653,2023-11-05 06:00,374209.0,1,0,0,0,0.0,0
654,2023-11-05 07:00,265098.0,1,0,0,0,0.0,0
655,2023-11-05 08:00,214548.0,1,0,0,0,0.0,0
656,2023-11-05 09:00,216741.0,1,0,0,0,0.0,0
657,2023-11-05 10:00,341036.0,1,0,0,0,0.0,0
658,2023-11-05 11:00,750036.0,1,0,0,0,0.0,0
659,2023-11-05 12:00,1556186.0,1,0,1,0,0.3333333333333333,0
660,2023-11-05 13:00,604402.0,1,0,0,0,0.0,0
661,2023-11-05 14:00,538907.0,1,0,1,0,0.3333333333333333,0
662,2023-11-05 15:00,778520.0,1,0,0,0,0.0,0
663,2023-11-05 16:00,417391.0,1,0,0,0,0.0,0
664,2023-11-05 17:00,613270.0,1,0,0,0,0.0,0
665,2023-11-05 18:00,637559.0,1,0,0,0,0.0,0
666,2023-11-05 19:00,605485.0,1,0,0,0,0.0,0
667,2023-11-05 20:00,584221.0,1,0,0,0,0.0,0
668,2023-11-05 21:00,430115.0,1,0,0,0,0.0,0
669,2023-11-05 22:00,407416.0,1,0,0,0,0.0,0
670,2023-11-05 23:00,180964.0,1,0,0,0,0.0,0
671,2023-11-06 00:00,187397.0,0,0,0,0,0.0,0
672,2023-11-06 01:00,516688.0,0,0,1,0,0.3333333333333333,0
673,2023-11-06 02:00,383299.0,0,0,0,0,0.0,0
674,2023-11-06 03:00,541220.0,0,0,1,0,0.3333333333333333,0
675,2023-11-06 04:00,1039040.0,0,0,0,0,0.0,0
676,2023-11-06 05:00,2459095.0,0,0,1,0,0.3333333333333333,0
677,2023-11-06 06:00,754779.0,0,0,0,0,0.0,0
678,2023-11-06 07:00,1788591.0,0,0,1,0,0.3333333333333333,0
679,2023-11-06 08:00,684054.0,0,0,0,0,0.0,0
680,2023-11-06 09:00,693829.0,0,0,0,0,0.0,0
681,2023-11-06 10:00,936287.0,0,0,0,0,0.0,0
682,2023-11-06 11:00,1197624.0,0,0,0,0,0.0,0
683,2023-11-06 12:00,701602.0,0,0,0,0,0.0,0
684,2023-11-06 13:00,411554.0,0,0,0,0,0.0,0
685,2023-11-06 14:00,591253.0,0,0,0,0,0.0,0
686,2023-11-06 15:00,248757.0,0,0,0,0,0.0,0
687,2023-11-06 16:00,159337.0,0,0,0,0,0.0,0
688,2023-11-06 17:00,318445.0,0,0,0,0,0.0,0
689,2023-11-06 18:00,206827.0,0,0,0,0,0.0,0
690,2023-11-06 19:00,228811.0,0,0,0,0,0.0,0
691,2023-11-06 20:00,503881.0,0,0,0,0,0.0,0
692,2023-11-06 21:00,263141.0,0,0,0,0,0.0,0
693,2023-11-06 22:00,625382.0,0,0,0,0,0.0,0
694,2023-11-06 23:00,593371.0,0,0,0,0,0.0,0
695,2023-11-07 00:00,531002.0,0,0,0,0,0.0,0
696,2023-11-07 01:00,222785.0,0,0,0,0,0.0,0
697,2023-11-07 02:00,117895.0,0,0,0,0,0.0,0
698,2023-11-07 03:00,217300.0,0,0,0,0,0.0,0
699,2023-11-07 04:00,686951.0,0,0,0,0,0.0,0
700,2023-11-07 05:00,1403124.0,0,0,1,0,0.3333333333333333,0
701,2023-11-07 06:00,1178511.0,0,0,0,0,0.0,0
702,2023-11-07 07:00,1741589.0,0,0,1,0,0.3333333333333333,0
703,2023-11-07 08:00,982998.0,0,0,0,0,0.0,0
704,2023-11-07 09:00,1044505.0,0,0,0,0,0.0,0
705,2023-11-07 10:00,974041.0,0,0,0,0,0.0,0
706,2023-11-07 11:00,1102327.0,0,0,0,0,0.0,0
707,2023-11-07 12:00,1071884.0,0,0,0,0,0.0,0
708,2023-11-07 13:00,334272.0,0,0,0,0,0.0,0
709,2023-11-07 14:00,373350.0,0,0,0,0,0.0,0
710,2023-11-07 15:00,214411.0,0,0,0,0,0.0,0
711,2023-11-07 16:00,240731.0,0,0,0,0,0.0,0
712,2023-11-07 17:00,271895.0,0,0,0,0,0.0,0
713,2023-11-07 18:00,454401.0,0,0,0,0,0.0,0
714,2023-11-07 19:00,751787.0,0,0,0,0,0.0,0
715,2023-11-07 20:00,516980.0,0,0,0,0,0.0,0
716,2023-11-07 21:00,528274.0,0,0,0,0,0.0,0
717,2023-11-07 22:00,539832.0,0,0,0,0,0.0,0
718,2023-11-07 23:00,148430.0,0,0,0,0,0.0,0
719,2023-11-08 00:00,97420.0,0,0,0,0,0.0,0
720,2023-11-08 01:00,159822.0,0,0,0,0,0.0,0
721,2023-11-08 02:00,166529.0,0,0,0,0,0.0,0
722,2023-11-08 03:00,253799.0,0,0,0,0,0.0,0
723,2023-11-08 04:00,1242570.0,0,0,1,0,0.3333333333333333,0
724,2023-11-08 05:00,1312401.0,0,0,1,0,0.3333333333333333,0
725,2023-11-08 06:00,1911695.0,0,0,1,0,0.3333333333333333,0
726,2023-11-08 07:00,642701.0,0,0,0,0,0.0,0
727,2023-11-08 08:00,734653.0,0,0,0,0,0.0,0
728,2023-11-08 09:00,796291.0,0,0,0,0,0.0,0
729,2023-11-08 10:00,1146073.0,0,0,0,0,0.0,0
730,2023-11-08 11:00,893806.0,0,0,0,0,0.0,0
731,2023-11-08 12:00,798864.0,0,0,0,0,0.0,0
732,2023-11-08 13:00,399048.0,0,0,0,0,0.0,0
733,2023-11-08 14:00,493488.0,0,0,0,0,0.0,0
734,2023-11-08 15:00,427452.0,0,0,0,0,0.0,0
735,2023-11-08 16:00,199795.0,0,0,0,0,0.0,0
736,2023-11-08 17:00,163501.0,0,0,0,0,0.0,0
737,2023-11-08 18:00,361987.0,0,0,0,0,0.0,0
738,2023-11-08 19:00,750494.0,0,0,0,0,0.0,0
739,2023-11-08 20:00,509895.0,0,0,0,0,0.0,0
740,2023-11-08 21:00,345188.0,0,0,0,0,0.0,0
741,2023-11-08 22:00,256396.0,0,0,0,0,0.0,0
742,2023-11-08 23:00,286192.0,0,0,0,0,0.0,0
743,2023-11-09 00:00,183778.0,0,0,0,0,0.0,0
744,2023-11-09 01:00,125058.0,0,0,0,0,0.0,0
745,2023-11-09 02:00,135432.0,0,0,0,0,0.0,0
746,2023-11-09 03:00,318097.0,0,0,0,0,0.0,0
747,2023-11-09 04:00,592540.0,0,0,0,0,0.0,0
748,2023-11-09 05:00,1909666.0,0,0,1,0,0.3333333333333333,0
749,2023-11-09 06:00,929331.0,0,0,0,0,0.0,0
750,2023-11-09 07:00,1024162.0,0,0,0,0,0.0,0
751,2023-11-09 08:00,919371.0,0,0,0,0,0.0,0
752,2023-11-09 09:00,529909.0,0,0,0,0,0.0,0
753,2023-11-09 10:00,732076.0,0,0,0,0,0.0,0
754,2023-11-09 11:00,1344188.0,0,0,1,0,0.3333333333333333,0
755,2023-11-09 12:00,655526.0,0,0,0,0,0.0,0
756,2023-11-09 13:00,333208.0,0,0,0,0,0.0,0
757,2023-11-09 14:00,344656.0,0,0,0,0,0.0,0
758,2023-11-09 15:00,218182.0,0,0,0,0,0.0,0
759,2023-11-09 16:00,304807.0,0,0,0,0,0.0,0
760,2023-11-09 17:00,374646.0,0,0,0,0,0.0,0
761,2023-11-09 18:00,462792.0,0,0,0,0,0.0,0
762,2023-11-09 19:00,451325.0,0,0,0,0,0.0,0
763,2023-11-09 20:00,971920.0,0,0,0,0,0.0,0
764,2023-11-09 21:00,503800.0,0,0,0,0,0.0,0
765,2023-11-09 22:00,494468.0,0,0,0,0,0.0,0
766,2023-11-09 23:00,227575.0,0,0,0,0,0.0,0
767,2023-11-10 00:00,418691.0,0,0,0,0,0.0,0
768,2023-11-10 01:00,281400.0,0,0,0,0,0.0,0
769,2023-11-10 02:00,171400.0,0,0,0,0,0.0,0
770,2023-11-10 03:00,238087.0,0,0,0,0,0.0,0
771,2023-11-10 04:00,621848.0,0,0,0,0,0.0,0
772,2023-11-10 05:00,1218158.0,0,0,0,0,0.0,0
773,2023-11-10 06:00,1450228.0,0,0,1,0,0.3333333333333333,0
774,2023-11-10 07:00,1286563.0,0,0,1,0,0.3333333333333333,0
775,2023-11-10 08:00,856276.0,0,0,0,0,0.0,0
776,2023-11-10 09:00,852952.0,0,0,0,0,0.0,0
777,2023-11-10 10:00,1019990.0,0,0,0,0,0.0,0
778,2023-11-10 11:00,768706.0,0,0,0,0,0.0,0
779,2023-11-10 12:00,779048.0,0,0,0,0,0.0,0
780,2023-11-10 13:00,556703.0,0,0,1,0,0.3333333333333333,0
781,2023-11-10 14:00,909873.0,0,0,0,0,0.0,0
782,2023-11-10 15:00,620620.0,0,0,0,0,0.0,0
783,2023-11-10 16:00,275763.0,0,0,0,0,0.0,0
784,2023-11-10 17:00,471562.0,0,0,0,0,0.0,0
785,2023-11-10 18:00,469820.0,0,0,0,0,0.0,0
786,2023-11-10 19:00,857012.0,0,0,0,0,0.0,0
787,2023-11-10 20:00,516000.0,0,0,0,0,0.0,0
788,2023-11-10 21:00,830488.0,0,0,0,0,0.0,0
789,2023-11-10 22:00,473381.0,0,0,0,0,0.0,0
790,2023-11-10 23:00,253961.0,0,0,0,0,0.0,0
791,2023-11-11 00:00,221798.0,1,0,0,0,0.0,0
792,2023-11-11 01:00,195732.0,1,0,0,0,0.0,0
793,2023-11-11 02:00,194598.0,1,0,0,0,0.0,0
794,2023-11-11 03:00,343723.0,1,0,0,0,0.0,0
795,2023-11-11 04:00,281364.0,1,0,0,0,0.0,0
796,2023-11-11 05:00,296378.0,1,0,0,0,0.0,0
797,2023-11-11 06:00,357664.0,1,0,0,0,0.0,0
798,2023-11-11 07:00,262131.0,1,0,0,1,0.16666666666666666,0
799,2023-11-11 08:00,358686.0,1,0,0,0,0.0,0
800,2023-11-11 09:00,446402.0,1,0,0,0,0.0,0
801,2023-11-11 10:00,1085244.0,1,0,0,0,0.0,0
802,2023-11-11 11:00,1087924.0,1,0,0,0,0.0,0
803,2023-11-11 12:00,900191.0,1,0,0,0,0.0,0
804,2023-11-11 13:00,1579761.0,1,0,1,0,0.3333333333333333,0
805,2023-11-11 14:00,816795.0,1,0,0,0,0.0,0
806,2023-11-11 15:00,479295.0,1,0,0,0,0.0,0
807,2023-11-11 16:00,231984.0,1,0,0,0,0.0,0
808,2023-11-11 17:00,502977.0,1,0,0,0,0.0,0
809,2023-11-11 18:00,600188.0,1,0,0,0,0.0,0
810,2023-11-11 19:00,1051417.0,1,0,0,0,0.0,0
811,2023-11-11 20:00,549072.0,1,0,0,0,0.0,0
812,2023-11-11 21:00,557268.0,1,0,0,0,0.0,0
813,2023-11-11 22:00,354193.0,1,0,0,0,0.0,0
814,2023-11-11 23:00,153208.0,1,0,0,0,0.0,0
815,2023-11-12 00:00,95922.0,1,0,0,0,0.0,0
816,2023-11-12 01:00,163774.0,1,0,0,0,0.0,0
817,2023-11-12 02:00,116517.0,1,0,0,0,0.0,0
818,2023-11-12 03:00,120415.0,1,0,0,1,0.16666666666666666,0
819,2023-11-12 04:00,343215.0,1,0,0,0,0.0,0
820,2023-11-12 05:00,340656.0,1,0,0,0,0.0,0
821,2023-11-12 06:00,303645.0,1,0,0,0,0.0,0
822,2023-11-12 07:00,232717.0,1,0,0,1,0.16666666666666666,0
823,2023-11-12 08:00,584325.0,1,0,0,0,0.0,0
824,2023-11-12 09:00,449409.0,1,0,0,0,0.0,0
825,2023-11-12 10:00,411315.0,1,0,0,0,0.0,0
826,2023-11-12 11:00,563925.0,1,0,1,0,0.3333333333333333,0
827,2023-11-12 12:00,454666.0,1,0,0,0,0.0,0
828,2023-11-12 13:00,3675205.0,1,0,1,1,0.5,0
829,2023-11-12 14:00,449192.0,1,0,0,0,0.0,0
830,2023-11-12 15:00,1547989.0,1,0,1,0,0.3333333333333333,0
831,2023-11-12 16:00,194254.0,1,0,0,0,0.0,0
832,2023-11-12 17:00,316541.0,1,0,0,0,0.0,0
833,2023-11-12 18:00,389354.0,1,0,0,0,0.0,0
834,2023-11-12 19:00,231798.0,1,0,0,0,0.0,0
835,2023-11-12 20:00,959096.0,1,0,0,0,0.0,0
836,2023-11-12 21:00,1159343.0,1,0,0,0,0.0,0
837,2023-11-12 22:00,355423.0,1,0,0,0,0.0,0
838,2023-11-12 23:00,379066.0,1,0,0,0,0.0,0
839,2023-11-13 00:00,255722.0,0,0,0,0,0.0,0
840,2023-11-13 01:00,264341.0,0,0,0,0,0.0,0
841,2023-11-13 02:00,198629.0,0,0,0,0,0.0,0
842,2023-11-13 03:00,608382.0,0,0,0,0,0.0,0
843,2023-11-13 04:00,1013969.0,0,0,0,0,0.0,0
844,2023-11-13 05:00,865183.0,0,0,0,0,0.0,0
845,2023-11-13 06:00,932256.0,0,0,0,0,0.0,0
846,2023-11-13 07:00,935943.0,0,0,0,0,0.0,0
847,2023-11-13 08:00,1821340.0,0,0,1,1,0.5,0
848,2023-11-13 09:00,888358.0,0,0,0,0,0.0,0
849,2023-11-13 10:00,822853.0,0,0,0,0,0.0,0
850,2023-11-13 11:00,712735.0,0,0,0,0,0.0,0
851,2023-11-13 12:00,848091.0,0,0,0,0,0.0,0
852,2023-11-13 13:00,411641.0,0,0,0,0,0.0,0
853,2023-11-13 14:00,445704.0,0,0,0,0,0.0,0
854,2023-11-13 15:00,299622.0,0,0,0,0,0.0,0
855,2023-11-13 16:00,340505.0,0,0,0,0,0.0,0
856,2023-11-13 17:00,329026.0,0,0,0,0,0.0,0
857,2023-11-13 18:00,563987.0,0,0,0,0,0.0,0
858,2023-11-13 19:00,318473.0,0,0,0,0,0.0,0
859,2023-11-13 20:00,313928.0,0,0,0,0,0.0,0
860,2023-11-13 21:00,248225.0,0,0,0,0,0.0,0
861,2023-11-13 22:00,320018.0,0,0,0,0,0.0,0
862,2023-11-13 23:00,191341.0,0,0,0,0,0.0,0
863,2023-11-14 00:00,174120.0,0,0,0,1,0.16666666666666666,0
864,2023-11-14 01:00,131583.0,0,0,0,0,0.0,0
865,2023-11-14 02:00,211679.0,0,0,0,0,0.0,0
866,2023-11-14 03:00,214233.0,0,0,0,0,0.0,0
867,2023-11-14 04:00,612316.0,0,0,0,0,0.0,0
868,2023-11-14 05:00,1067234.0,0,0,0,0,0.0,0
869,2023-11-14 06:00,998328.0,0,0,0,0,0.0,0
870,2023-11-14 07:00,762751.0,0,0,0,0,0.0,0
871,2023-11-14 08:00,674255.0,0,0,0,0,0.0,0
872,2023-11-14 09:00,820402.0,0,0,0,0,0.0,0
873,2023-11-14 10:00,1249039.0,0,0,0,0,0.0,0
874,2023-11-14 11:00,824926.0,0,0,0,0,0.0,0
875,2023-11-14 12:00,1150964.0,0,0,0,0,0.0,0
876,2023-11-14 13:00,812788.0,0,0,0,0,0.0,0
877,2023-11-14 14:00,642866.0,0,0,0,0,0.0,0
878,2023-11-14 15:00,443124.0,0,0,0,0,0.0,0
879,2023-11-14 16:00,430486.0,0,0,0,0,0.0,0
880,2023-11-14 17:00,409868.0,0,0,0,0,0.0,0
881,2023-11-14 18:00,638235.0,0,0,0,1,0.16666666666666666,0
882,2023-11-14 19:00,806609.0,0,0,0,0,0.0,0
883,2023-11-14 20:00,928461.0,0,0,0,0,0.0,0
884,2023-11-14 21:00,367495.0,0,0,0,0,0.0,0
885,2023-11-14 22:00,566971.0,0,0,0,0,0.0,0
886,2023-11-14 23:00,333888.0,0,0,0,0,0.0,0
887,2023-11-15 00:00,325323.0,0,0,0,0,0.0,0
888,2023-11-15 01:00,158269.0,0,0,0,0,0.0,0
889,2023-11-15 02:00,141550.0,0,0,0,0,0.0,0
890,2023-11-15 03:00,316933.0,0,0,0,0,0.0,0
891,2023-11-15 04:00,697289.0,0,0,0,0,0.0,0
892,2023-11-15 05:00,1486521.0,0,0,1,0,0.3333333333333333,0
893,2023-11-15 06:00,1085057.0,0,0,0,0,0.0,0
894,2023-11-15 07:00,712746.0,0,0,0,0,0.0,0
895,2023-11-15 08:00,690018.0,0,0,0,0,0.0,0
896,2023-11-15 09:00,579731.0,0,0,0,0,0.0,0
897,2023-11-15 10:00,872415.0,0,0,0,0,0.0,0
898,2023-11-15 11:00,459123.0,0,0,0,0,0.0,0
899,2023-11-15 12:00,601509.0,0,0,0,0,0.0,0
900,2023-11-15 13:00,458864.0,0,0,0,0,0.0,0
901,2023-11-15 14:00,522218.0,0,0,0,0,0.0,0
902,2023-11-15 15:00,415873.0,0,0,0,0,0.0,0
903,2023-11-15 16:00,438178.0,0,0,0,0,0.0,0
904,2023-11-15 17:00,552380.0,0,0,0,0,0.0,0
905,2023-11-15 18:00,543501.0,0,0,0,0,0.0,0
906,2023-11-15 19:00,650805.0,0,0,0,0,0.0,0
907,2023-11-15 20:00,494874.0,0,0,0,0,0.0,0
908,2023-11-15 21:00,432535.0,0,0,0,0,0.0,0
909,2023-11-15 22:00,435999.0,0,0,0,0,0.0,0
910,2023-11-15 23:00,207437.0,0,0,0,0,0.0,0
911,2023-11-16 00:00,212886.0,0,0,0,0,0.0,0
912,2023-11-16 01:00,236676.0,0,0,0,0,0.0,0
913,2023-11-16 02:00,243663.0,0,0,0,0,0.0,0
914,2023-11-16 03:00,745085.0,0,0,0,0,0.0,0
915,2023-11-16 04:00,723025.0,0,0,0,0,0.0,0
916,2023-11-16 05:00,1163489.0,0,0,0,0,0.0,0
917,2023-11-16 06:00,1066486.0,0,0,0,0,0.0,0
918,2023-11-16 07:00,966954.0,0,0,0,0,0.0,0
919,2023-11-16 08:00,1600247.0,0,0,1,0,0.3333333333333333,0
920,2023-11-16 09:00,1410652.0,0,0,1,0,0.3333333333333333,0
921,2023-11-16 10:00,1107694.0,0,0,0,0,0.0,0
922,2023-11-16 11:00,1096399.0,0,0,0,0,0.0,0
923,2023-11-16 12:00,849615.0,0,0,0,0,0.0,0
924,2023-11-16 13:00,655844.0,0,0,0,0,0.0,0
925,2023-11-16 14:00,480211.0,0,0,0,0,0.0,0
926,2023-11-16 15:00,481842.0,0,0,0,0,0.0,0
927,2023-11-16 16:00,1113443.0,0,0,0,0,0.0,0
928,2023-11-16 17:00,360081.0,0,0,0,0,0.0,0
929,2023-11-16 18:00,574198.0,0,0,1,0,0.3333333333333333,0
930,2023-11-16 19:00,580612.0,0,0,1,0,0.3333333333333333,0
931,2023-11-16 20:00,311630.0,0,0,0,0,0.0,0
932,2023-11-16 21:00,213693.0,0,0,0,0,0.0,0
933,2023-11-16 22:00,238045.0,0,0,0,0,0.0,0
934,2023-11-16 23:00,331684.0,0,0,0,0,0.0,0
935,2023-11-17 00:00,226208.0,1,0,0,0,0.0,0
936,2023-11-17 01:00,133887.0,1,0,0,0,0.0,0
937,2023-11-17 02:00,179929.0,1,0,0,0,0.0,0
938,2023-11-17 03:00,165499.0,1,0,0,1,0.16666666666666666,0
939,2023-11-17 04:00,394352.0,1,0,0,0,0.0,0
940,2023-11-17 05:00,560074.0,1,0,1,0,0.3333333333333333,0
941,2023-11-17 06:00,342091.0,1,0,0,0,0.0,0
942,2023-11-17 07:00,310860.0,1,0,0,0,0.0,0
943,2023-11-17 08:00,384543.0,1,0,0,1,0.16666666666666666,0
944,2023-11-17 09:00,301598.0,1,0,0,0,0.0,0
945,2023-11-17 10:00,314835.0,1,0,0,0,0.0,0
946,2023-11-17 11:00,465509.0,1,0,0,0,0.0,0
947,2023-11-17 12:00,480001.0,1,0,0,0,0.0,0
948,2023-11-17 13:00,359719.0,1,0,0,0,0.0,0
949,2023-11-17 14:00,315723.0,1,0,0,0,0.0,0
950,2023-11-17 15:00,515022.0,1,0,0,0,0.0,0
951,2023-11-17 16:00,426554.0,1,0,0,0,0.0,0
952,2023-11-17 17:00,409716.0,1,0,0,0,0.0,0
953,2023-11-17 18:00,301577.0,1,0,0,0,0.0,0
954,2023-11-17 19:00,719454.0,1,0,0,0,0.0,0
955,2023-11-17 20:00,444710.0,1,0,0,0,0.0,0
956,2023-11-17 21:00,538338.0,1,0,1,0,0.3333333333333333,0
957,2023-11-17 22:00,643034.0,1,0,0,0,0.0,0
958,2023-11-17 23:00,396504.0,1,0,0,0,0.0,0
959,2023-11-18 00:00,358697.0,1,0,0,0,0.0,0
960,2023-11-18 01:00,152652.0,1,0,0,0,0.0,0
961,2023-11-18 02:00,209231.0,1,0,0,0,0.0,0
962,2023-11-18 03:00,262067.0,1,0,0,0,0.0,0
963,2023-11-18 04:00,210098.0,1,0,0,0,0.0,0
964,2023-11-18 05:00,339290.0,1,0,0,0,0.0,0
965,2023-11-18 06:00,1401382.0,1,0,1,1,0.5,0
966,2023-11-18 07:00,886305.0,1,0,0,0,0.0,0
967,2023-11-18 08:00,834341.0,1,0,0,0,0.0,0
968,2023-11-18 09:00,552599.0,1,0,1,0,0.3333333333333333,0
969,2023-11-18 10:00,491754.0,1,0,0,0,0.0,0
970,2023-11-18 11:00,673624.0,1,0,0,0,0.0,0
971,2023-11-18 12:00,649297.0,1,0,0,0,0.0,0
972,2023-11-18 13:00,550078.0,1,0,0,0,0.0,0
973,2023-11-18 14:00,338497.0,1,0,0,0,0.0,0
974,2023-11-18 15:00,505864.0,1,0,0,0,0.0,0
975,2023-11-18 16:00,756270.0,1,0,0,0,0.0,0
976,2023-11-18 17:00,352589.0,1,0,0,0,0.0,0
977,2023-11-18 18:00,845420.0,1,0,0,0,0.0,0
978,2023-11-18 19:00,463909.0,1,0,0,0,0.0,0
979,2023-11-18 20:00,689023.0,1,0,0,0,0.0,0
980,2023-11-18 21:00,685702.0,1,0,0,0,0.0,0
981,2023-11-18 22:00,366095.0,1,0,0,0,0.0,0
982,2023-11-18 23:00,155650.0,1,0,0,0,0.0,0
983,2023-11-19 00:00,671429.0,1,0,0,0,0.0,0
984,2023-11-19 01:00,653867.0,1,0,0,0,0.0,0
985,2023-11-19 02:00,157942.0,1,0,0,0,0.0,0
986,2023-11-19 03:00,112478.0,1,0,0,0,0.0,0
987,2023-11-19 04:00,401879.0,1,0,0,0,0.0,0
988,2023-11-19 05:00,518471.0,1,0,0,0,0.0,0
989,2023-11-19 06:00,803747.0,1,0,0,0,0.0,0
990,2023-11-19 07:00,527920.0,1,0,0,0,0.0,0
991,2023-11-19 08:00,489872.0,1,0,0,0,0.0,0
992,2023-11-19 09:00,495334.0,1,0,0,0,0.0,0
993,2023-11-19 10:00,382256.0,1,0,0,1,0.16666666666666666,0
994,2023-11-19 11:00,533915.0,1,0,0,0,0.0,0
995,2023-11-19 12:00,566054.0,1,0,0,0,0.0,0
996,2023-11-19 13:00,1383221.0,1,0,1,0,0.3333333333333333,0
997,2023-11-19 14:00,644209.0,1,0,0,0,0.0,0
998,2023-11-19 15:00,409825.0,1,0,0,0,0.0,0
999,2023-11-19 16:00,318729.0,1,0,0,0,0.0,0
1000,2023-11-19 17:00,224474.0,1,0,0,0,0.0,0
1001,2023-11-19 18:00,488267.0,1,0,0,0,0.0,0
1002,2023-11-19 19:00,466016.0,1,0,0,0,0.0,0
1003,2023-11-19 20:00,942127.0,1,0,0,0,0.0,0
1004,2023-11-19 21:00,866041.0,1,0,0,0,0.0,0
1005,2023-11-19 22:00,311337.0,1,0,0,0,0.0,0
1006,2023-11-19 23:00,193508.0,1,0,0,0,0.0,0
1007,2023-11-20 00:00,350047.0,0,0,0,0,0.0,0
1008,2023-11-20 01:00,138608.0,0,0,0,0,0.0,0
1009,2023-11-20 02:00,178403.0,0,0,0,0,0.0,0
1010,2023-11-20 03:00,264637.0,0,0,0,0,0.0,0
1011,2023-11-20 04:00,1325266.0,0,0,1,0,0.3333333333333333,0
1012,2023-11-20 05:00,1352430.0,0,0,1,0,0.3333333333333333,0
1013,2023-11-20 06:00,713669.0,0,0,0,0,0.0,0
1014,2023-11-20 07:00,708624.0,0,0,0,0,0.0,0
1015,2023-11-20 08:00,863874.0,0,0,0,0,0.0,0
1016,2023-11-20 09:00,817264.0,0,0,0,0,0.0,0
1017,2023-11-20 10:00,701929.0,0,0,0,0,0.0,0
1018,2023-11-20 11:00,774528.0,0,0,0,0,0.0,0
1019,2023-11-20 12:00,395478.0,0,0,0,0,0.0,0
1020,2023-11-20 13:00,289108.0,0,0,0,0,0.0,0
1021,2023-11-20 14:00,288794.0,0,0,0,0,0.0,0
1022,2023-11-20 15:00,516121.0,0,0,0,0,0.0,0
1023,2023-11-20 16:00,289662.0,0,0,0,0,0.0,0
1024,2023-11-20 17:00,224193.0,0,0,0,0,0.0,0
1025,2023-11-20 18:00,1063452.0,0,0,1,0,0.3333333333333333,0
1026,2023-11-20 19:00,375848.0,0,0,0,0,0.0,0
1027,2023-11-20 20:00,366494.0,0,0,0,0,0.0,0
1028,2023-11-20 21:00,336489.0,0,0,0,0,0.0,0
1029,2023-11-20 22:00,328527.0,0,0,0,0,0.0,0
1030,2023-11-20 23:00,157922.0,0,0,0,0,0.0,0
1031,2023-11-21 00:00,421555.0,0,0,0,0,0.0,0
1032,2023-11-21 01:00,384063.0,0,0,0,0,0.0,0
1033,2023-11-21 02:00,276951.0,0,0,0,0,0.0,0
1034,2023-11-21 03:00,285198.0,0,0,0,0,0.0,0
1035,2023-11-21 04:00,724782.0,0,0,0,0,0.0,0
1036,2023-11-21 05:00,1273505.0,0,0,1,0,0.3333333333333333,0
1037,2023-11-21 06:00,1244823.0,0,0,1,0,0.3333333333333333,0
1038,2023-11-21 07:00,909918.0,0,0,0,0,0.0,0
1039,2023-11-21 08:00,923492.0,0,0,0,0,0.0,0
1040,2023-11-21 09:00,862576.0,0,0,0,0,0.0,0
1041,2023-11-21 10:00,901067.0,0,0,0,0,0.0,0
1042,2023-11-21 11:00,842159.0,0,0,0,0,0.0,0
1043,2023-11-21 12:00,942670.0,0,0,0,0,0.0,0
1044,2023-11-21 13:00,911814.0,0,0,0,0,0.0,0
1045,2023-11-21 14:00,564652.0,0,0,1,0,0.3333333333333333,0
1046,2023-11-21 15:00,483503.0,0,0,0,0,0.0,0
1047,2023-11-21 16:00,247512.0,0,0,0,0,0.0,0
1048,2023-11-21 17:00,412737.0,0,0,0,0,0.0,0
1049,2023-11-21 18:00,306062.0,0,0,0,0,0.0,0
1050,2023-11-21 19:00,274578.0,0,0,0,0,0.0,0
1051,2023-11-21 20:00,521196.0,0,0,0,0,0.0,0
1052,2023-11-21 21:00,305014.0,0,0,0,0,0.0,0
1053,2023-11-21 22:00,247632.0,0,0,0,0,0.0,0
1054,2023-11-21 23:00,269562.0,0,0,0,0,0.0,0
1055,2023-11-22 00:00,114248.0,0,0,0,0,0.0,0
1056,2023-11-22 01:00,284145.0,0,0,0,0,0.0,0
1057,2023-11-22 02:00,205196.0,0,0,0,0,0.0,0
1058,2023-11-22 03:00,444599.0,0,0,0,0,0.0,0
1059,2023-11-22 04:00,731281.0,0,0,0,0,0.0,0
1060,2023-11-22 05:00,1341036.0,0,0,1,0,0.3333333333333333,0
1061,2023-11-22 06:00,900192.0,0,0,0,0,0.0,0
1062,2023-11-22 07:00,1080203.0,0,0,1,0,0.3333333333333333,0
1063,2023-11-22 08:00,1114791.0,0,0,1,0,0.3333333333333333,0
1064,2023-11-22 09:00,760173.0,0,0,0,0,0.0,0
1065,2023-11-22 10:00,1115508.0,0,0,1,0,0.3333333333333333,0
1066,2023-11-22 11:00,1136556.0,0,0,1,0,0.3333333333333333,0
1067,2023-11-22 12:00,978667.0,0,0,0,0,0.0,0
1068,2023-11-22 13:00,1015900.0,0,0,0,0,0.0,0
1069,2023-11-22 14:00,592327.0,0,0,1,0,0.3333333333333333,0
1070,2023-11-22 15:00,513352.0,0,0,1,0,0.3333333333333333,0
1071,2023-11-22 16:00,305163.0,0,0,0,0,0.0,0
1072,2023-11-22 17:00,465367.0,0,0,0,0,0.0,0
1073,2023-11-22 18:00,426641.0,0,0,0,0,0.0,0
1074,2023-11-22 19:00,968160.0,0,0,0,0,0.0,0
1075,2023-11-22 20:00,1192463.0,0,0,1,0,0.3333333333333333,0
1076,2023-11-22 21:00,850443.0,0,0,0,0,0.0,0
1077,2023-11-22 22:00,289132.0,0,0,0,0,0.0,0
1078,2023-11-22 23:00,132863.0,0,0,0,0,0.0,0
1079,2023-11-23 00:00,182514.0,0,0,0,0,0.0,0
1080,2023-11-23 01:00,196483.0,0,0,0,0,0.0,0
1081,2023-11-23 02:00,261944.0,0,0,0,0,0.0,0
1082,2023-11-23 03:00,199114.0,0,0,0,0,0.0,0
1083,2023-11-23 04:00,714033.0,0,0,0,0,0.0,0
1084,2023-11-23 05:00,1104683.0,0,0,1,0,0.3333333333333333,0
1085,2023-11-23 06:00,709204.0,0,0,0,0,0.0,0
1086,2023-11-23 07:00,846839.0,0,0,0,0,0.0,0
1087,2023-11-23 08:00,710633.0,0,0,0,0,0.0,0
1088,2023-11-23 09:00,670890.0,0,0,0,0,0.0,0
1089,2023-11-23 10:00,751535.0,0,0,0,0,0.0,0
1090,2023-11-23 11:00,670679.0,0,0,0,0,0.0,0
1091,2023-11-23 12:00,639733.0,0,0,1,0,0.3333333333333333,0
1092,2023-11-23 13:00,613269.0,0,0,1,0,0.3333333333333333,0
1093,2023-11-23 14:00,633044.0,0,0,1,0,0.3333333333333333,0
1094,2023-11-23 15:00,373910.0,0,0,0,0,0.0,0
1095,2023-11-23 16:00,225655.0,0,0,0,0,0.0,0
1096,2023-11-23 17:00,381218.0,0,0,0,0,0.0,0
1097,2023-11-23 18:00,450078.0,0,0,0,0,0.0,0
1098,2023-11-23 19:00,466180.0,0,0,0,0,0.0,0
1099,2023-11-23 20:00,336787.0,0,0,0,0,0.0,0
1100,2023-11-23 21:00,345302.0,0,0,0,0,0.0,0
1101,2023-11-23 22:00,165497.0,0,0,0,0,0.0,0
1102,2023-11-23 23:00,387430.0,0,0,0,0,0.0,0
1103,2023-11-24 00:00,231103.0,0,0,0,0,0.0,0
1104,2023-11-24 01:00,94289.0,0,0,0,0,0.0,0
1105,2023-11-24 02:00,178003.0,0,0,0,0,0.0,0
1106,2023-11-24 03:00,251309.0,0,0,0,0,0.0,0
1107,2023-11-24 04:00,610136.0,0,0,1,0,0.3333333333333333,0
1108,2023-11-24 05:00,918522.0,0,0,0,0,0.0,0
1109,2023-11-24 06:00,930661.0,0,0,0,0,0.0,0
1110,2023-11-24 07:00,817620.0,0,0,0,0,0.0,0
1111,2023-11-24 08:00,977399.0,0,0,0,0,0.0,0
1112,2023-11-24 09:00,1362847.0,0,0,1,0,0.3333333333333333,0
1113,2023-11-24 10:00,1173356.0,0,0,1,0,0.3333333333333333,0
1114,2023-11-24 11:00,1684005.0,0,0,1,0,0.3333333333333333,0
1115,2023-11-24 12:00,1260806.0,0,0,1,0,0.3333333333333333,0
1116,2023-11-24 13:00,818241.0,0,0,0,0,0.0,0
1117,2023-11-24 14:00,1243432.0,0,0,1,0,0.3333333333333333,0
1118,2023-11-24 15:00,858218.0,0,0,0,0,0.0,0
1119,2023-11-24 16:00,854598.0,0,0,0,0,0.0,0
1120,2023-11-24 17:00,585234.0,0,0,1,0,0.3333333333333333,0
1121,2023-11-24 18:00,368489.0,0,0,0,0,0.0,0
1122,2023-11-24 19:00,400536.0,0,0,0,0,0.0,0
1123,2023-11-24 20:00,300602.0,0,0,0,0,0.0,0
1124,2023-11-24 21:00,703276.0,0,0,0,0,0.0,0
1125,2023-11-24 22:00,530173.0,0,0,1,0,0.3333333333333333,0
1126,2023-11-24 23:00,526491.0,0,0,1,0,0.3333333333333333,0
1127,2023-11-25 00:00,339915.0,1,0,0,0,0.0,0
1128,2023-11-25 01:00,194488.0,1,0,0,0,0.0,0
1129,2023-11-25 02:00,119921.0,1,0,0,0,0.0,0
1130,2023-11-25 03:00,162257.0,1,0,0,0,0.0,0
1131,2023-11-25 04:00,264538.0,1,0,0,0,0.0,0
1132,2023-11-25 05:00,212346.0,1,0,0,0,0.0,0
1133,2023-11-25 06:00,216384.0,1,0,0,0,0.0,0
1134,2023-11-25 07:00,168090.0,1,0,0,1,0.16666666666666666,0
1135,2023-11-25 08:00,218706.0,1,0,0,0,0.0,0
1136,2023-11-25 09:00,348741.0,1,0,0,0,0.0,0
1137,2023-11-25 10:00,689053.0,1,0,0,0,0.0,0
1138,2023-11-25 11:00,1207250.0,1,0,1,0,0.3333333333333333,0
1139,2023-11-25 12:00,673640.0,1,0,0,0,0.0,0
1140,2023-11-25 13:00,192173.0,1,0,0,0,0.0,0
1141,2023-11-25 14:00,771526.0,1,0,0,0,0.0,0
1142,2023-11-25 15:00,508019.0,1,0,1,0,0.3333333333333333,0
1143,2023-11-25 16:00,407861.0,1,0,0,0,0.0,0
1144,2023-11-25 17:00,583194.0,1,0,1,0,0.3333333333333333,0
1145,2023-11-25 18:00,341134.0,1,0,0,0,0.0,0
1146,2023-11-25 19:00,482709.0,1,0,0,0,0.0,0
1147,2023-11-25 20:00,526554.0,1,0,1,0,0.3333333333333333,0
1148,2023-11-25 21:00,328958.0,1,0,0,0,0.0,0
1149,2023-11-25 22:00,393068.0,1,0,0,0,0.0,0
1150,2023-11-25 23:00,219621.0,1,0,0,0,0.0,0
1151,2023-11-26 00:00,189672.0,1,0,0,0,0.0,0
1152,2023-11-26 01:00,134907.0,1,0,0,0,0.0,0
1153,2023-11-26 02:00,109912.0,1,0,0,0,0.0,0
1154,2023-11-26 03:00,156620.0,1,0,0,0,0.0,0
1155,2023-11-26 04:00,254190.0,1,0,0,0,0.0,0
1156,2023-11-26 05:00,177771.0,1,0,0,1,0.16666666666666666,0
1157,2023-11-26 06:00,227190.0,1,0,0,0,0.0,0
1158,2023-11-26 07:00,201980.0,1,0,0,0,0.0,0
1159,2023-11-26 08:00,149616.0,1,0,0,0,0.0,0
1160,2023-11-26 09:00,252680.0,1,0,0,0,0.0,0
1161,2023-11-26 10:00,187678.0,1,0,0,0,0.0,0
1162,2023-11-26 11:00,165797.0,1,0,0,0,0.0,0
1163,2023-11-26 12:00,201919.0,1,0,0,0,0.0,0
1164,2023-11-26 13:00,173282.0,1,0,0,0,0.0,0
1165,2023-11-26 14:00,778162.0,1,0,0,1,0.16666666666666666,0
1166,2023-11-26 15:00,357156.0,1,0,0,0,0.0,0
1167,2023-11-26 16:00,243141.0,1,0,0,0,0.0,0
1168,2023-11-26 17:00,289606.0,1,0,0,0,0.0,0
1169,2023-11-26 18:00,150048.0,1,0,0,0,0.0,0
1170,2023-11-26 19:00,281939.0,1,0,0,0,0.0,0
1171,2023-11-26 20:00,294916.0,1,0,0,0,0.0,0
1172,2023-11-26 21:00,392595.0,1,0,0,0,0.0,0
1173,2023-11-26 22:00,173822.0,1,0,0,0,0.0,0
1174,2023-11-26 23:00,140016.0,1,0,0,0,0.0,0
1175,2023-11-27 00:00,174482.0,0,0,0,0,0.0,0
1176,2023-11-27 01:00,59074.0,0,0,0,0,0.0,0
1177,2023-11-27 02:00,75540.0,0,0,0,0,0.0,0
1178,2023-11-27 03:00,113845.0,0,0,0,0,0.0,0
1179,2023-11-27 04:00,441483.0,0,0,0,0,0.0,0
1180,2023-11-27 05:00,907555.0,0,0,0,0,0.0,0
1181,2023-11-27 06:00,416890.0,0,0,0,0,0.0,0
1182,2023-11-27 07:00,844850.0,0,0,0,1,0.16666666666666666,0
1183,2023-11-27 08:00,2590130.0,0,0,1,1,0.5,0
1184,2023-11-27 09:00,946265.0,0,0,0,0,0.0,0
1185,2023-11-27 10:00,1100576.0,0,0,0,0,0.0,0
1186,2023-11-27 11:00,1966875.0,0,0,1,0,0.3333333333333333,0
1187,2023-11-27 12:00,1769021.0,0,0,1,0,0.3333333333333333,0
1188,2023-11-27 13:00,500375.0,0,0,0,0,0.0,0
1189,2023-11-27 14:00,635224.0,0,0,0,0,0.0,0
1190,2023-11-27 15:00,479135.0,0,0,0,0,0.0,0
1191,2023-11-27 16:00,188004.0,0,0,0,0,0.0,0
1192,2023-11-27 17:00,369544.0,0,0,0,0,0.0,0
1193,2023-11-27 18:00,383891.0,0,0,0,0,0.0,0
1194,2023-11-27 19:00,222450.0,0,0,0,0,0.0,0
1195,2023-11-27 20:00,428285.0,0,0,0,0,0.0,0
1196,2023-11-27 21:00,610725.0,0,0,0,0,0.0,0
1197,2023-11-27 22:00,247648.0,0,0,0,1,0.16666666666666666,0
1198,2023-11-27 23:00,377218.0,0,0,0,0,0.0,0
1199,2023-11-28 00:00,337197.0,0,0,0,0,0.0,0
1200,2023-11-28 01:00,333028.0,0,0,0,0,0.0,0
1201,2023-11-28 02:00,302193.0,0,0,0,0,0.0,0
1202,2023-11-28 03:00,157199.0,0,0,0,0,0.0,0
1203,2023-11-28 04:00,395517.0,0,0,0,0,0.0,0
1204,2023-11-28 05:00,870857.0,0,0,0,0,0.0,0
1205,2023-11-28 06:00,852917.0,0,0,0,0,0.0,0
1206,2023-11-28 07:00,1957837.0,0,0,1,0,0.3333333333333333,0
1207,2023-11-28 08:00,1097564.0,0,0,0,0,0.0,0
1208,2023-11-28 09:00,616522.0,0,0,0,0,0.0,0
1209,2023-11-28 10:00,513452.0,0,0,0,0,0.0,0
1210,2023-11-28 11:00,795660.0,0,0,0,0,0.0,0
1211,2023-11-28 12:00,807501.0,0,0,0,0,0.0,0
1212,2023-11-28 13:00,367673.0,0,0,0,0,0.0,0
1213,2023-11-28 14:00,271173.0,0,0,0,0,0.0,0
1214,2023-11-28 15:00,361631.0,0,0,0,0,0.0,0
1215,2023-11-28 16:00,980688.0,0,0,0,0,0.0,0
1216,2023-11-28 17:00,335086.0,0,0,0,0,0.0,0
1217,2023-11-28 18:00,425549.0,0,0,0,0,0.0,0
1218,2023-11-28 19:00,755062.0,0,0,0,0,0.0,0
1219,2023-11-28 20:00,724727.0,0,0,0,0,0.0,0
1220,2023-11-28 21:00,472679.0,0,0,0,0,0.0,0
1221,2023-11-28 22:00,353807.0,0,0,0,0,0.0,0
1222,2023-11-28 23:00,396806.0,0,0,0,0,0.0,0
1223,2023-11-29 00:00,142849.0,0,0,0,1,0.16666666666666666,0
1224,2023-11-29 01:00,157387.0,0,0,0,0,0.0,0
1225,2023-11-29 02:00,162474.0,0,0,0,0,0.0,0
1226,2023-11-29 03:00,199357.0,0,0,0,0,0.0,0
1227,2023-11-29 04:00,959970.0,0,0,0,0,0.0,0
1228,2023-11-29 05:00,1372519.0,0,0,1,0,0.3333333333333333,0
1229,2023-11-29 06:00,1275615.0,0,0,1,0,0.3333333333333333,0
1230,2023-11-29 07:00,3066392.0,0,1,1,0,0.8333333333333333,1
1231,2023-11-29 08:00,2857496.0,0,0,1,1,0.5,0
1232,2023-11-29 09:00,697340.0,0,0,0,0,0.0,0
1233,2023-11-29 10:00,957437.0,0,0,0,0,0.0,0
1234,2023-11-29 11:00,917469.0,0,0,0,0,0.0,0
1235,2023-11-29 12:00,1434963.0,0,0,1,0,0.3333333333333333,0
1236,2023-11-29 13:00,520370.0,0,0,0,0,0.0,0
1237,2023-11-29 14:00,488309.0,0,0,0,0,0.0,0
1238,2023-11-29 15:00,215330.0,0,0,0,0,0.0,0
1239,2023-11-29 16:00,272229.0,0,0,0,0,0.0,0
1240,2023-11-29 17:00,1234187.0,0,0,0,0,0.0,0
1241,2023-11-29 18:00,367624.0,0,0,0,0,0.0,0
1242,2023-11-29 19:00,597969.0,0,0,0,0,0.0,0
1243,2023-11-29 20:00,417923.0,0,0,0,0,0.0,0
1244,2023-11-29 21:00,496053.0,0,0,0,0,0.0,0
1245,2023-11-29 22:00,247266.0,0,0,0,0,0.0,0
1246,2023-11-29 23:00,549740.0,0,0,0,0,0.0,0
1247,2023-11-30 00:00,226199.0,0,0,0,0,0.0,0
1248,2023-11-30 01:00,262458.0,0,0,0,0,0.0,0
1249,2023-11-30 02:00,162494.0,0,0,0,0,0.0,0
1250,2023-11-30 03:00,551283.0,0,0,0,0,0.0,0
1251,2023-11-30 04:00,579627.0,0,0,0,0,0.0,0
1252,2023-11-30 05:00,1181886.0,0,0,0,0,0.0,0
1253,2023-11-30 06:00,970072.0,0,0,0,0,0.0,0
1254,2023-11-30 07:00,878522.0,0,0,0,0,0.0,0
1255,2023-11-30 08:00,737822.0,0,0,0,0,0.0,0
1256,2023-11-30 09:00,2152026.0,0,0,1,0,0.3333333333333333,0
1257,2023-11-30 10:00,1090164.0,0,0,0,0,0.0,0
1258,2023-11-30 11:00,958350.0,0,0,0,0,0.0,0
1259,2023-11-30 12:00,1075624.0,0,0,0,0,0.0,0
1260,2023-11-30 13:00,600749.0,0,0,0,0,0.0,0
1261,2023-11-30 14:00,508512.0,0,0,0,0,0.0,0
1262,2023-11-30 15:00,266733.0,0,0,0,0,0.0,0
1263,2023-11-30 16:00,204759.0,0,0,0,0,0.0,0
1264,2023-11-30 17:00,1538756.0,0,0,1,0,0.3333333333333333,0
1265,2023-11-30 18:00,362842.0,0,0,0,0,0.0,0
1266,2023-11-30 19:00,265455.0,0,0,0,0,0.0,0
1267,2023-11-30 20:00,136674.0,0,0,0,0,0.0,0
1268,2023-11-30 21:00,439623.0,0,0,0,0,0.0,0
1269,2023-11-30 22:00,169234.0,0,0,0,0,0.0,0
1270,2023-11-30 23:00,383591.0,0,0,0,0,0.0,0
1271,2023-12-01 00:00,115306.0,0,0,0,0,0.0,0
1272,2023-12-01 01:00,133712.0,0,0,0,0,0.0,0
1273,2023-12-01 02:00,116166.0,0,0,0,1,0.16666666666666666,0
1274,2023-12-01 03:00,169901.0,0,0,0,0,0.0,0
1275,2023-12-01 04:00,605771.0,0,0,0,0,0.0,0
1276,2023-12-01 05:00,1055604.0,0,0,0,0,0.0,0
1277,2023-12-01 06:00,1243751.0,0,0,0,0,0.0,0
1278,2023-12-01 07:00,910662.0,0,0,0,0,0.0,0
1279,2023-12-01 08:00,790762.0,0,0,0,0,0.0,0
1280,2023-12-01 09:00,1551547.0,0,0,1,0,0.3333333333333333,0
1281,2023-12-01 10:00,971832.0,0,0,0,0,0.0,0
1282,2023-12-01 11:00,732781.0,0,0,0,0,0.0,0
1283,2023-12-01 12:00,721319.0,0,0,0,0,0.0,0
1284,2023-12-01 13:00,598587.0,0,0,0,0,0.0,0
1285,2023-12-01 14:00,2903052.0,0,0,1,0,0.3333333333333333,0
1286,2023-12-01 15:00,2987443.0,0,0,1,1,0.5,0
1287,2023-12-01 16:00,699059.0,0,0,0,0,0.0,0
1288,2023-12-01 17:00,501465.0,0,0,0,0,0.0,0
1289,2023-12-01 18:00,742807.0,0,0,0,0,0.0,0
1290,2023-12-01 19:00,836323.0,0,0,0,0,0.0,0
1291,2023-12-01 20:00,501973.0,0,0,0,0,0.0,0
1292,2023-12-01 21:00,741424.0,0,0,0,0,0.0,0
1293,2023-12-01 22:00,1020683.0,0,0,0,0,0.0,0
1294,2023-12-01 23:00,751525.0,0,0,0,0,0.0,0
1295,2023-12-02 00:00,572059.0,1,0,0,0,0.0,0
1296,2023-12-02 01:00,219116.0,1,0,0,0,0.0,0
1297,2023-12-02 02:00,275554.0,1,0,0,0,0.0,0
1298,2023-12-02 03:00,346539.0,1,0,0,0,0.0,0
1299,2023-12-02 04:00,413313.0,1,0,0,0,0.0,0
1300,2023-12-02 05:00,1087254.0,1,0,0,0,0.0,0
1301,2023-12-02 06:00,343909.0,1,0,0,0,0.0,0
1302,2023-12-02 07:00,508944.0,1,0,0,0,0.0,0
1303,2023-12-02 08:00,228126.0,1,0,0,0,0.0,0
1304,2023-12-02 09:00,521716.0,1,0,0,0,0.0,0
1305,2023-12-02 10:00,905096.0,1,0,0,0,0.0,0
1306,2023-12-02 11:00,1198367.0,1,0,0,0,0.0,0
1307,2023-12-02 12:00,781396.0,1,0,0,0,0.0,0
1308,2023-12-02 13:00,591322.0,1,0,0,0,0.0,0
1309,2023-12-02 14:00,410260.0,1,0,0,0,0.0,0
1310,2023-12-02 15:00,1868665.0,1,0,1,0,0.3333333333333333,0
1311,2023-12-02 16:00,55230.0,1,0,0,0,0.0,0
1312,2023-12-02 17:00,397373.0,1,0,0,0,0.0,0
1313,2023-12-02 18:00,627399.0,1,0,0,0,0.0,0
1314,2023-12-02 19:00,1074899.0,1,0,0,0,0.0,0
1315,2023-12-02 20:00,762575.0,1,0,0,0,0.0,0
1316,2023-12-02 21:00,376616.0,1,0,0,0,0.0,0
1317,2023-12-02 22:00,224571.0,1,0,0,0,0.0,0
1318,2023-12-02 23:00,107852.0,1,0,0,0,0.0,0
1319,2023-12-03 00:00,157025.0,1,0,0,0,0.0,0
1320,2023-12-03 01:00,371616.0,1,0,0,0,0.0,0
1321,2023-12-03 02:00,78497.0,1,0,0,0,0.0,0
1322,2023-12-03 03:00,130111.0,1,0,0,0,0.0,0
1323,2023-12-03 04:00,170175.0,1,0,0,1,0.16666666666666666,0
1324,2023-12-03 05:00,197939.0,1,0,0,0,0.0,0
1325,2023-12-03 06:00,242285.0,1,0,0,0,0.0,0
1326,2023-12-03 07:00,239614.0,1,0,0,0,0.0,0
1327,2023-12-03 08:00,375710.0,1,0,0,0,0.0,0
1328,2023-12-03 09:00,822386.0,1,0,0,0,0.0,0
1329,2023-12-03 10:00,683463.0,1,0,0,0,0.0,0
1330,2023-12-03 11:00,294507.0,1,0,0,1,0.16666666666666666,0
1331,2023-12-03 12:00,453021.0,1,0,0,0,0.0,0
1332,2023-12-03 13:00,469466.0,1,0,0,0,0.0,0
1333,2023-12-03 14:00,846810.0,1,0,0,0,0.0,0
1334,2023-12-03 15:00,1194227.0,1,0,0,0,0.0,0
1335,2023-12-03 16:00,1816050.0,1,0,1,0,0.3333333333333333,0
1336,2023-12-03 17:00,470620.0,1,0,0,0,0.0,0
1337,2023-12-03 18:00,427608.0,1,0,0,0,0.0,0
1338,2023-12-03 19:00,389048.0,1,0,0,0,0.0,0
1339,2023-12-03 20:00,345100.0,1,0,0,0,0.0,0
1340,2023-12-03 21:00,350197.0,1,0,0,0,0.0,0
1341,2023-12-03 22:00,474845.0,1,0,0,0,0.0,0
1342,2023-12-03 23:00,409338.0,1,0,0,0,0.0,0
1343,2023-12-04 00:00,411869.0,0,0,0,0,0.0,0
1344,2023-12-04 01:00,184235.0,0,0,0,0,0.0,0
1345,2023-12-04 02:00,169278.0,0,0,0,0,0.0,0
1346,2023-12-04 03:00,454062.0,0,0,0,1,0.16666666666666666,0
1347,2023-12-04 04:00,933219.0,0,0,0,0,0.0,0
1348,2023-12-04 05:00,1362527.0,0,0,0,0,0.0,0
1349,2023-12-04 06:00,1598355.0,0,0,1,0,0.3333333333333333,0
1350,2023-12-04 07:00,751268.0,0,0,0,0,0.0,0
1351,2023-12-04 08:00,1101194.0,0,0,0,0,0.0,0
1352,2023-12-04 09:00,1106140.0,0,0,0,0,0.0,0
1353,2023-12-04 10:00,902131.0,0,0,0,0,0.0,0
1354,2023-12-04 11:00,701380.0,0,0,0,0,0.0,0
1355,2023-12-04 12:00,308111.0,0,0,0,0,0.0,0
1356,2023-12-04 13:00,429054.0,0,0,0,0,0.0,0
1357,2023-12-04 14:00,330312.0,0,0,0,0,0.0,0
1358,2023-12-04 15:00,384495.0,0,0,0,0,0.0,0
1359,2023-12-04 16:00,188356.0,0,0,0,0,0.0,0
1360,2023-12-04 17:00,101302.0,0,0,0,0,0.0,0
1361,2023-12-04 18:00,318494.0,0,0,0,0,0.0,0
1362,2023-12-04 19:00,474148.0,0,0,0,0,0.0,0
1363,2023-12-04 20:00,278341.0,0,0,0,0,0.0,0
1364,2023-12-04 21:00,477118.0,0,0,0,0,0.0,0
1365,2023-12-04 22:00,147352.0,0,0,0,1,0.16666666666666666,0
1366,2023-12-04 23:00,145053.0,0,0,0,0,0.0,0
1367,2023-12-05 00:00,172503.0,0,0,0,0,0.0,0
1368,2023-12-05 01:00,224897.0,0,0,0,0,0.0,0
1369,2023-12-05 02:00,780500.0,0,0,0,0,0.0,0
1370,2023-12-05 03:00,225705.0,0,0,0,1,0.16666666666666666,0
1371,2023-12-05 04:00,622149.0,0,0,0,0,0.0,0
1372,2023-12-05 05:00,1054935.0,0,0,0,0,0.0,0
1373,2023-12-05 06:00,673461.0,0,0,0,0,0.0,0
1374,2023-12-05 07:00,458763.0,0,0,0,0,0.0,0
1375,2023-12-05 08:00,752631.0,0,0,0,0,0.0,0
1376,2023-12-05 09:00,513918.0,0,0,0,0,0.0,0
1377,2023-12-05 10:00,632171.0,0,0,0,0,0.0,0
1378,2023-12-05 11:00,723284.0,0,0,0,0,0.0,0
1379,2023-12-05 12:00,537670.0,0,0,0,0,0.0,0
1380,2023-12-05 13:00,293512.0,0,0,0,0,0.0,0
1381,2023-12-05 14:00,366597.0,0,0,0,0,0.0,0
1382,2023-12-05 15:00,267083.0,0,0,0,0,0.0,0
1383,2023-12-05 16:00,289969.0,0,0,0,0,0.0,0
1384,2023-12-05 17:00,314742.0,0,0,0,0,0.0,0
1385,2023-12-05 18:00,418272.0,0,0,0,0,0.0,0
1386,2023-12-05 19:00,455894.0,0,0,0,0,0.0,0
1387,2023-12-05 20:00,874458.0,0,0,0,0,0.0,0
1388,2023-12-05 21:00,888716.0,0,0,0,0,0.0,0
1389,2023-12-05 22:00,299958.0,0,0,0,0,0.0,0
1390,2023-12-05 23:00,85032.0,0,0,0,0,0.0,0
1391,2023-12-06 00:00,108686.0,0,0,0,0,0.0,0
1392,2023-12-06 01:00,103489.0,0,0,0,0,0.0,0
1393,2023-12-06 02:00,144566.0,0,0,0,0,0.0,0
1394,2023-12-06 03:00,243374.0,0,0,0,0,0.0,0
1395,2023-12-06 04:00,523822.0,0,0,1,0,0.3333333333333333,0
1396,2023-12-06 05:00,1156541.0,0,0,1,0,0.3333333333333333,0
1397,2023-12-06 06:00,387421.0,0,0,0,0,0.0,0
1398,2023-12-06 07:00,710484.0,0,0,0,0,0.0,0
1399,2023-12-06 08:00,647157.0,0,0,0,0,0.0,0
1400,2023-12-06 09:00,564742.0,0,0,1,0,0.3333333333333333,0
1401,2023-12-06 10:00,696229.0,0,0,0,0,0.0,0
1402,2023-12-06 11:00,1304160.0,0,0,1,0,0.3333333333333333,0
1403,2023-12-06 12:00,799777.0,0,0,0,0,0.0,0
1404,2023-12-06 13:00,526184.0,0,0,0,0,0.0,0
1405,2023-12-06 14:00,2220597.0,0,0,1,0,0.3333333333333333,0
1406,2023-12-06 15:00,2075754.0,0,0,1,1,0.5,0
1407,2023-12-06 16:00,240090.0,0,0,0,0,0.0,0
1408,2023-12-06 17:00,430687.0,0,0,0,0,0.0,0
1409,2023-12-06 18:00,231581.0,0,0,0,0,0.0,0
1410,2023-12-06 19:00,279398.0,0,0,0,0,0.0,0
1411,2023-12-06 20:00,432887.0,0,0,0,0,0.0,0
1412,2023-12-06 21:00,323411.0,0,0,0,0,0.0,0
1413,2023-12-06 22:00,820206.0,0,0,0,0,0.0,0
1414,2023-12-06 23:00,396906.0,0,0,0,0,0.0,0
1415,2023-12-07 00:00,182237.0,0,0,0,0,0.0,0
1416,2023-12-07 01:00,183166.0,0,0,0,0,0.0,0
1417,2023-12-07 02:00,95612.0,0,0,0,0,0.0,0
1418,2023-12-07 03:00,181317.0,0,0,0,0,0.0,0
1419,2023-12-07 04:00,641348.0,0,0,0,0,0.0,0
1420,2023-12-07 05:00,831839.0,0,0,0,0,0.0,0
1421,2023-12-07 06:00,503070.0,0,0,0,0,0.0,0
1422,2023-12-07 07:00,726952.0,0,0,0,0,0.0,0
1423,2023-12-07 08:00,866021.0,0,0,0,0,0.0,0
1424,2023-12-07 09:00,1024739.0,0,0,0,0,0.0,0
1425,2023-12-07 10:00,811146.0,0,0,0,0,0.0,0
1426,2023-12-07 11:00,716930.0,0,0,0,0,0.0,0
1427,2023-12-07 12:00,534566.0,0,0,0,0,0.0,0
1428,2023-12-07 13:00,764693.0,0,0,0,0,0.0,0
1429,2023-12-07 14:00,703197.0,0,0,0,0,0.0,0
1430,2023-12-07 15:00,345583.0,0,0,0,0,0.0,0
1431,2023-12-07 16:00,378797.0,0,0,0,0,0.0,0
1432,2023-12-07 17:00,223938.0,0,0,0,0,0.0,0
1433,2023-12-07 18:00,258157.0,0,0,0,0,0.0,0
1434,2023-12-07 19:00,226408.0,0,0,0,0,0.0,0
1435,2023-12-07 20:00,193598.0,0,0,0,0,0.0,0
1436,2023-12-07 21:00,337739.0,0,0,0,0,0.0,0
1437,2023-12-07 22:00,165240.0,0,0,0,0,0.0,0
1438,2023-12-07 23:00,271549.0,0,0,0,0,0.0,0
1439,2023-12-08 00:00,516404.0,0,0,0,0,0.0,0
1440,2023-12-08 01:00,122106.0,0,0,0,0,0.0,0
1441,2023-12-08 02:00,116011.0,0,0,0,0,0.0,0
1442,2023-12-08 03:00,241135.0,0,0,0,1,0.16666666666666666,0
1443,2023-12-08 04:00,869372.0,0,0,0,0,0.0,0
1444,2023-12-08 05:00,1258898.0,0,0,1,0,0.3333333333333333,0
1445,2023-12-08 06:00,878813.0,0,0,0,0,0.0,0
1446,2023-12-08 07:00,748631.0,0,0,0,0,0.0,0
1447,2023-12-08 08:00,560715.0,0,0,0,0,0.0,0
1448,2023-12-08 09:00,899432.0,0,0,0,0,0.0,0
1449,2023-12-08 10:00,880872.0,0,0,0,0,0.0,0
1450,2023-12-08 11:00,1606160.0,0,0,1,0,0.3333333333333333,0
1451,2023-12-08 12:00,1158661.0,0,0,0,0,0.0,0
1452,2023-12-08 13:00,353245.0,0,0,0,0,0.0,0
1453,2023-12-08 14:00,724426.0,0,0,0,0,0.0,0
1454,2023-12-08 15:00,662060.0,0,0,0,0,0.0,0
1455,2023-12-08 16:00,356617.0,0,0,0,0,0.0,0
1456,2023-12-08 17:00,591855.0,0,0,0,0,0.0,0
1457,2023-12-08 18:00,378616.0,0,0,0,0,0.0,0
1458,2023-12-08 19:00,799707.0,0,0,0,0,0.0,0
1459,2023-12-08 20:00,735846.0,0,0,0,0,0.0,0
1460,2023-12-08 21:00,864876.0,0,0,0,0,0.0,0
1461,2023-12-08 22:00,232541.0,0,0,0,0,0.0,0
1462,2023-12-08 23:00,215526.0,0,0,0,0,0.0,0
1463,2023-12-09 00:00,739314.0,1,0,0,0,0.0,0
1464,2023-12-09 01:00,555950.0,1,0,0,0,0.0,0
1465,2023-12-09 02:00,259409.0,1,0,0,0,0.0,0
1466,2023-12-09 03:00,259463.0,1,0,0,0,0.0,0
1467,2023-12-09 04:00,321719.0,1,0,0,0,0.0,0
1468,2023-12-09 05:00,392879.0,1,0,0,0,0.0,0
1469,2023-12-09 06:00,335367.0,1,0,0,0,0.0,0
1470,2023-12-09 07:00,366598.0,1,0,0,0,0.0,0
1471,2023-12-09 08:00,429804.0,1,0,0,0,0.0,0
1472,2023-12-09 09:00,720172.0,1,0,0,0,0.0,0
1473,2023-12-09 10:00,1342434.0,1,0,1,0,0.3333333333333333,0
1474,2023-12-09 11:00,1088648.0,1,0,0,0,0.0,0
1475,2023-12-09 12:00,1222182.0,1,0,1,0,0.3333333333333333,0
1476,2023-12-09 13:00,1170392.0,1,0,0,0,0.0,0
1477,2023-12-09 14:00,1030973.0,1,0,0,0,0.0,0
1478,2023-12-09 15:00,473151.0,1,0,0,0,0.0,0
1479,2023-12-09 16:00,2782397.0,1,0,1,1,0.5,0
1480,2023-12-09 17:00,2418447.0,1,1,1,0,0.8333333333333333,1
1481,2023-12-09 18:00,450352.0,1,0,0,0,0.0,0
1482,2023-12-09 19:00,776739.0,1,0,0,0,0.0,0
1483,2023-12-09 20:00,669988.0,1,0,0,0,0.0,0
1484,2023-12-09 21:00,633490.0,1,0,0,0,0.0,0
1485,2023-12-09 22:00,404207.0,1,0,0,0,0.0,0
1486,2023-12-09 23:00,313712.0,1,0,0,0,0.0,0
1487,2023-12-10 00:00,652705.0,1,0,0,0,0.0,0
1488,2023-12-10 01:00,271003.0,1,0,0,0,0.0,0
1489,2023-12-10 02:00,370806.0,1,0,0,0,0.0,0
1490,2023-12-10 03:00,220641.0,1,0,0,1,0.16666666666666666,0
1491,2023-12-10 04:00,297228.0,1,0,0,0,0.0,0
1492,2023-12-10 05:00,341236.0,1,0,0,0,0.0,0
1493,2023-12-10 06:00,451295.0,1,0,0,0,0.0,0
1494,2023-12-10 07:00,301418.0,1,0,0,0,0.0,0
1495,2023-12-10 08:00,193462.0,1,0,0,0,0.0,0
1496,2023-12-10 09:00,257579.0,1,0,0,0,0.0,0
1497,2023-12-10 10:00,619259.0,1,0,0,0,0.0,0
1498,2023-12-10 11:00,2085901.0,1,0,1,0,0.3333333333333333,0
1499,2023-12-10 12:00,548347.0,1,0,0,0,0.0,0
1500,2023-12-10 13:00,200280.0,1,0,0,0,0.0,0
1501,2023-12-10 14:00,226731.0,1,0,0,0,0.0,0
1502,2023-12-10 15:00,238838.0,1,0,0,0,0.0,0
1503,2023-12-10 16:00,540249.0,1,0,0,0,0.0,0
1504,2023-12-10 17:00,460849.0,1,0,0,0,0.0,0
1505,2023-12-10 18:00,473519.0,1,0,0,0,0.0,0
1506,2023-12-10 19:00,605348.0,1,0,0,0,0.0,0
1507,2023-12-10 20:00,500382.0,1,0,0,0,0.0,0
1508,2023-12-10 21:00,626313.0,1,0,0,0,0.0,0
1509,2023-12-10 22:00,900427.0,1,0,0,0,0.0,0
1510,2023-12-10 23:00,934248.0,1,0,0,0,0.0,0
1511,2023-12-11 00:00,413817.0,0,0,0,0,0.0,0
1512,2023-12-11 01:00,261741.0,0,0,0,0,0.0,0
1513,2023-12-11 02:00,342245.0,0,0,0,0,0.0,0
1514,2023-12-11 03:00,426682.0,0,0,0,0,0.0,0
1515,2023-12-11 04:00,1233192.0,0,0,0,0,0.0,0
1516,2023-12-11 05:00,1093101.0,0,0,0,0,0.0,0
1517,2023-12-11 06:00,716338.0,0,0,0,0,0.0,0
1518,2023-12-11 07:00,893780.0,0,0,0,0,0.0,0
1519,2023-12-11 08:00,740307.0,0,0,0,0,0.0,0
1520,2023-12-11 09:00,1018054.0,0,0,0,0,0.0,0
1521,2023-12-11 10:00,674299.0,0,0,0,0,0.0,0
1522,2023-12-11 11:00,870476.0,0,0,0,0,0.0,0
1523,2023-12-11 12:00,583029.0,0,0,0,0,0.0,0
1524,2023-12-11 13:00,421349.0,0,0,0,0,0.0,0
1525,2023-12-11 14:00,667393.0,0,0,0,0,0.0,0
1526,2023-12-11 15:00,264181.0,0,0,0,0,0.0,0
1527,2023-12-11 16:00,254723.0,0,0,0,0,0.0,0
1528,2023-12-11 17:00,392135.0,0,0,0,0,0.0,0
1529,2023-12-11 18:00,454635.0,0,0,0,0,0.0,0
1530,2023-12-11 19:00,472351.0,0,0,0,0,0.0,0
1531,2023-12-11 20:00,299074.0,0,0,0,0,0.0,0
1532,2023-12-11 21:00,352760.0,0,0,0,0,0.0,0
1533,2023-12-11 22:00,266776.0,0,0,0,0,0.0,0
1534,2023-12-11 23:00,204666.0,0,0,0,1,0.16666666666666666,0
1535,2023-12-12 00:00,322620.0,0,0,0,0,0.0,0
1536,2023-12-12 01:00,341363.0,0,0,0,0,0.0,0
1537,2023-12-12 02:00,428189.0,0,0,0,0,0.0,0
1538,2023-12-12 03:00,259295.0,0,0,0,1,0.16666666666666666,0
1539,2023-12-12 04:00,1036756.0,0,0,0,0,0.0,0
1540,2023-12-12 05:00,1248822.0,0,0,0,0,0.0,0
1541,2023-12-12 06:00,1702672.0,0,0,1,0,0.3333333333333333,0
1542,2023-12-12 07:00,1001804.0,0,0,0,0,0.0,0
1543,2023-12-12 08:00,1013334.0,0,0,0,0,0.0,0
1544,2023-12-12 09:00,877264.0,0,0,0,0,0.0,0
1545,2023-12-12 10:00,808729.0,0,0,0,0,0.0,0
1546,2023-12-12 11:00,935722.0,0,0,0,0,0.0,0
1547,2023-12-12 12:00,1322315.0,0,0,1,0,0.3333333333333333,0
1548,2023-12-12 13:00,829017.0,0,0,0,0,0.0,0
1549,2023-12-12 14:00,587457.0,0,0,0,0,0.0,0
1550,2023-12-12 15:00,807073.0,0,0,0,0,0.0,0
1551,2023-12-12 16:00,568868.0,0,0,0,0,0.0,0
1552,2023-12-12 17:00,873788.0,0,0,0,0,0.0,0
1553,2023-12-12 18:00,669125.0,0,0,0,0,0.0,0
1554,2023-12-12 19:00,523324.0,0,0,0,0,0.0,0
1555,2023-12-12 20:00,827897.0,0,0,0,0,0.0,0
1556,2023-12-12 21:00,626556.0,0,0,0,0,0.0,0
1557,2023-12-12 22:00,685880.0,0,0,0,0,0.0,0
1558,2023-12-12 23:00,517401.0,0,0,0,0,0.0,0
1559,2023-12-13 00:00,719922.0,0,0,0,0,0.0,0
1560,2023-12-13 01:00,437314.0,0,0,0,0,0.0,0
1561,2023-12-13 02:00,621621.0,0,0,0,0,0.0,0
1562,2023-12-13 03:00,675670.0,0,0,0,0,0.0,0
1563,2023-12-13 04:00,1519912.0,0,0,1,0,0.3333333333333333,0
1564,2023-12-13 05:00,2673142.0,0,0,1,1,0.5,0
1565,2023-12-13 06:00,1025169.0,0,0,0,0,0.0,0
1566,2023-12-13 07:00,1853708.0,0,0,1,0,0.3333333333333333,0
1567,2023-12-13 08:00,910134.0,0,0,0,0,0.0,0
1568,2023-12-13 09:00,782593.0,0,0,0,0,0.0,0
1569,2023-12-13 10:00,1029878.0,0,0,0,0,0.0,0
1570,2023-12-13 11:00,1370560.0,0,0,0,0,0.0,0
1571,2023-12-13 12:00,1528440.0,0,0,1,0,0.3333333333333333,0
1572,2023-12-13 13:00,1915051.0,0,0,1,0,0.3333333333333333,0
1573,2023-12-13 14:00,443215.0,0,0,0,0,0.0,0
1574,2023-12-13 15:00,963014.0,0,0,0,0,0.0,0
1575,2023-12-13 16:00,858850.0,0,0,0,0,0.0,0
1576,2023-12-13 17:00,723249.0,0,0,0,0,0.0,0
1577,2023-12-13 18:00,600897.0,0,0,0,0,0.0,0
1578,2023-12-13 19:00,876646.0,0,0,0,0,0.0,0
1579,2023-12-13 20:00,616544.0,0,0,0,0,0.0,0
1580,2023-12-13 21:00,353911.0,0,0,0,0,0.0,0
1581,2023-12-13 22:00,1209423.0,0,0,0,0,0.0,0
1582,2023-12-13 23:00,584520.0,0,0,0,0,0.0,0
1583,2023-12-14 00:00,297626.0,0,0,0,0,0.0,0
1584,2023-12-14 01:00,300740.0,0,0,0,0,0.0,0
1585,2023-12-14 02:00,404374.0,0,0,0,0,0.0,0
1586,2023-12-14 03:00,797564.0,0,0,0,0,0.0,0
1587,2023-12-14 04:00,931833.0,0,0,0,0,0.0,0
1588,2023-12-14 05:00,1466179.0,0,0,1,1,0.5,0
1589,2023-12-14 06:00,787120.0,0,0,0,0,0.0,0
1590,2023-12-14 07:00,786553.0,0,0,0,0,0.0,0
1591,2023-12-14 08:00,1172867.0,0,0,0,0,0.0,0
1592,2023-12-14 09:00,841751.0,0,0,0,0,0.0,0
1593,2023-12-14 10:00,854277.0,0,0,0,0,0.0,0
1594,2023-12-14 11:00,929218.0,0,0,0,0,0.0,0
1595,2023-12-14 12:00,747742.0,0,0,0,0,0.0,0
1596,2023-12-14 13:00,428608.0,0,0,0,0,0.0,0
1597,2023-12-14 14:00,260910.0,0,0,0,0,0.0,0
1598,2023-12-14 15:00,1520508.0,0,0,1,0,0.3333333333333333,0
1599,2023-12-14 16:00,590019.0,0,0,0,0,0.0,0
1600,2023-12-14 17:00,350091.0,0,0,0,0,0.0,0
1601,2023-12-14 18:00,464219.0,0,0,0,0,0.0,0
1602,2023-12-14 19:00,350211.0,0,0,0,0,0.0,0
1603,2023-12-14 20:00,601686.0,0,0,0,0,0.0,0
1604,2023-12-14 21:00,1654048.0,0,0,1,1,0.5,0
1605,2023-12-14 22:00,488328.0,0,0,0,0,0.0,0
1606,2023-12-14 23:00,393026.0,0,0,0,0,0.0,0
1607,2023-12-15 00:00,320954.0,0,0,0,0,0.0,0
1608,2023-12-15 01:00,246805.0,0,0,0,0,0.0,0
1609,2023-12-15 02:00,223675.0,0,0,0,0,0.0,0
1610,2023-12-15 03:00,229700.0,0,0,0,0,0.0,0
1611,2023-12-15 04:00,605401.0,0,0,0,0,0.0,0
1612,2023-12-15 05:00,797897.0,0,0,0,0,0.0,0
1613,2023-12-15 06:00,667801.0,0,0,0,0,0.0,0
1614,2023-12-15 07:00,1417699.0,0,0,1,0,0.3333333333333333,0
1615,2023-12-15 08:00,900655.0,0,0,0,0,0.0,0
1616,2023-12-15 09:00,725646.0,0,0,0,0,0.0,0
1617,2023-12-15 10:00,1220688.0,0,0,0,0,0.0,0
1618,2023-12-15 11:00,1262706.0,0,0,0,0,0.0,0
1619,2023-12-15 12:00,547518.0,0,0,0,0,0.0,0
1620,2023-12-15 13:00,365487.0,0,0,0,0,0.0,0
1621,2023-12-15 14:00,384045.0,0,0,0,0,0.0,0
1622,2023-12-15 15:00,274918.0,0,0,0,0,0.0,0
1623,2023-12-15 16:00,311422.0,0,0,0,0,0.0,0
1624,2023-12-15 17:00,349176.0,0,0,0,0,0.0,0
1625,2023-12-15 18:00,649439.0,0,0,0,0,0.0,0
1626,2023-12-15 19:00,559296.0,0,0,0,0,0.0,0
1627,2023-12-15 20:00,677724.0,0,0,0,0,0.0,0
1628,2023-12-15 21:00,1182678.0,0,0,0,0,0.0,0
1629,2023-12-15 22:00,562008.0,0,0,0,0,0.0,0
1630,2023-12-15 23:00,108981.0,0,0,0,0,0.0,0
1631,2023-12-16 00:00,133856.0,1,0,0,0,0.0,0
1632,2023-12-16 01:00,177546.0,1,0,0,0,0.0,0
1633,2023-12-16 02:00,244202.0,1,0,0,0,0.0,0
1634,2023-12-16 03:00,138625.0,1,0,0,0,0.0,0
1635,2023-12-16 04:00,249571.0,1,0,0,1,0.16666666666666666,0
1636,2023-12-16 05:00,338031.0,1,0,0,0,0.0,0
1637,2023-12-16 06:00,593265.0,1,0,0,0,0.0,0
1638,2023-12-16 07:00,656142.0,1,0,0,0,0.0,0
1639,2023-12-16 08:00,392349.0,1,0,0,0,0.0,0
1640,2023-12-16 09:00,588227.0,1,0,0,0,0.0,0
1641,2023-12-16 10:00,621227.0,1,0,0,0,0.0,0
1642,2023-12-16 11:00,680256.0,1,0,0,0,0.0,0
1643,2023-12-16 12:00,986419.0,1,0,0,0,0.0,0
1644,2023-12-16 13:00,1415185.0,1,0,1,0,0.3333333333333333,0
1645,2023-12-16 14:00,691635.0,1,0,0,0,0.0,0
1646,2023-12-16 15:00,318393.0,1,0,0,0,0.0,0
1647,2023-12-16 16:00,287453.0,1,0,0,0,0.0,0
1648,2023-12-16 17:00,304682.0,1,0,0,0,0.0,0
1649,2023-12-16 18:00,911216.0,1,0,0,0,0.0,0
1650,2023-12-16 19:00,734089.0,1,0,0,0,0.0,0
1651,2023-12-16 20:00,829437.0,1,0,0,0,0.0,0
1652,2023-12-16 21:00,289124.0,1,0,0,0,0.0,0
1653,2023-12-16 22:00,486751.0,1,0,0,0,0.0,0
1654,2023-12-16 23:00,298771.0,1,0,0,0,0.0,0
1655,2023-12-17 00:00,274730.0,1,0,0,0,0.0,0
1656,2023-12-17 01:00,347548.0,1,0,0,0,0.0,0
1657,2023-12-17 02:00,336682.0,1,0,0,0,0.0,0
1658,2023-12-17 03:00,267550.0,1,0,0,0,0.0,0
1659,2023-12-17 04:00,231743.0,1,0,0,0,0.0,0
1660,2023-12-17 05:00,229873.0,1,0,0,0,0.0,0
1661,2023-12-17 06:00,327065.0,1,0,0,1,0.16666666666666666,0
1662,2023-12-17 07:00,193670.0,1,0,0,0,0.0,0
1663,2023-12-17 08:00,177887.0,1,0,0,0,0.0,0
1664,2023-12-17 09:00,415040.0,1,0,0,0,0.0,0
1665,2023-12-17 10:00,339604.0,1,0,0,0,0.0,0
1666,2023-12-17 11:00,531590.0,1,0,0,0,0.0,0
1667,2023-12-17 12:00,1151642.0,1,0,0,0,0.0,0
1668,2023-12-17 13:00,818569.0,1,0,0,0,0.0,0
1669,2023-12-17 14:00,652301.0,1,0,0,0,0.0,0
1670,2023-12-17 15:00,351927.0,1,0,0,0,0.0,0
1671,2023-12-17 16:00,315397.0,1,0,0,0,0.0,0
1672,2023-12-17 17:00,314041.0,1,0,0,0,0.0,0
1673,2023-12-17 18:00,952158.0,1,0,0,0,0.0,0
1674,2023-12-17 19:00,481517.0,1,0,0,0,0.0,0
1675,2023-12-17 20:00,304788.0,1,0,0,0,0.0,0
1676,2023-12-17 21:00,418415.0,1,0,0,0,0.0,0
1677,2023-12-17 22:00,336001.0,1,0,0,0,0.0,0
1678,2023-12-17 23:00,498863.0,1,0,0,0,0.0,0
1679,2023-12-18 00:00,114371.0,0,0,0,0,0.0,0
1680,2023-12-18 01:00,121284.0,0,0,0,1,0.16666666666666666,0
1681,2023-12-18 02:00,246032.0,0,0,0,0,0.0,0
1682,2023-12-18 03:00,343087.0,0,0,0,0,0.0,0
1683,2023-12-18 04:00,848242.0,0,0,0,0,0.0,0
1684,2023-12-18 05:00,1496978.0,0,0,1,0,0.3333333333333333,0
1685,2023-12-18 06:00,1300436.0,0,0,1,0,0.3333333333333333,0
1686,2023-12-18 07:00,2701617.0,0,0,1,1,0.5,0
1687,2023-12-18 08:00,792911.0,0,0,0,0,0.0,0
1688,2023-12-18 09:00,550278.0,0,0,0,0,0.0,0
1689,2023-12-18 10:00,1035376.0,0,0,0,0,0.0,0
1690,2023-12-18 11:00,842459.0,0,0,0,0,0.0,0
1691,2023-12-18 12:00,1049664.0,0,0,0,0,0.0,0
1692,2023-12-18 13:00,709759.0,0,0,0,0,0.0,0
1693,2023-12-18 14:00,714660.0,0,0,0,0,0.0,0
1694,2023-12-18 15:00,339254.0,0,0,0,0,0.0,0
1695,2023-12-18 16:00,332457.0,0,0,0,0,0.0,0
1696,2023-12-18 17:00,576081.0,0,0,0,0,0.0,0
1697,2023-12-18 18:00,495889.0,0,0,0,0,0.0,0
1698,2023-12-18 19:00,398538.0,0,0,0,0,0.0,0
1699,2023-12-18 20:00,247368.0,0,0,0,0,0.0,0
1700,2023-12-18 21:00,297371.0,0,0,0,0,0.0,0
1701,2023-12-18 22:00,406828.0,0,0,0,0,0.0,0
1702,2023-12-18 23:00,171731.0,0,0,0,0,0.0,0
1703,2023-12-19 00:00,325405.0,0,0,0,0,0.0,0
1704,2023-12-19 01:00,853050.0,0,0,0,0,0.0,0
1705,2023-12-19 02:00,171986.0,0,0,0,0,0.0,0
1706,2023-12-19 03:00,282978.0,0,0,0,0,0.0,0
1707,2023-12-19 04:00,477349.0,0,0,0,0,0.0,0
1708,2023-12-19 05:00,717400.0,0,0,0,0,0.0,0
1709,2023-12-19 06:00,889456.0,0,0,0,0,0.0,0
1710,2023-12-19 07:00,1272134.0,0,0,1,0,0.3333333333333333,0
1711,2023-12-19 08:00,1034318.0,0,0,0,0,0.0,0
1712,2023-12-19 09:00,1012994.0,0,0,0,0,0.0,0
1713,2023-12-19 10:00,756963.0,0,0,0,0,0.0,0
1714,2023-12-19 11:00,1109291.0,0,0,0,0,0.0,0
1715,2023-12-19 12:00,880851.0,0,0,0,0,0.0,0
1716,2023-12-19 13:00,676460.0,0,0,0,0,0.0,0
1717,2023-12-19 14:00,522337.0,0,0,0,0,0.0,0
1718,2023-12-19 15:00,223931.0,0,0,0,0,0.0,0
1719,2023-12-19 16:00,179553.0,0,0,0,0,0.0,0
1720,2023-12-19 17:00,271325.0,0,0,0,0,0.0,0
1721,2023-12-19 18:00,572557.0,0,0,0,0,0.0,0
1722,2023-12-19 19:00,2023175.0,0,0,1,0,0.3333333333333333,0
1723,2023-12-19 20:00,1434507.0,0,0,1,0,0.3333333333333333,0
1724,2023-12-19 21:00,780335.0,0,0,0,0,0.0,0
1725,2023-12-19 22:00,556701.0,0,0,0,0,0.0,0
1726,2023-12-19 23:00,616276.0,0,0,0,0,0.0,0
1727,2023-12-20 00:00,372555.0,0,0,0,0,0.0,0
1728,2023-12-20 01:00,213768.0,0,0,0,0,0.0,0
1729,2023-12-20 02:00,219889.0,0,0,0,0,0.0,0
1730,2023-12-20 03:00,246244.0,0,0,0,0,0.0,0
1731,2023-12-20 04:00,534198.0,0,0,0,0,0.0,0
1732,2023-12-20 05:00,1175668.0,0,0,0,0,0.0,0
1733,2023-12-20 06:00,915352.0,0,0,0,0,0.0,0
1734,2023-12-20 07:00,1456977.0,0,0,1,0,0.3333333333333333,0
1735,2023-12-20 08:00,721886.0,0,0,0,0,0.0,0
1736,2023-12-20 09:00,1989275.0,0,0,1,0,0.3333333333333333,0
1737,2023-12-20 10:00,1413264.0,0,0,1,0,0.3333333333333333,0
1738,2023-12-20 11:00,537303.0,0,0,0,0,0.0,0
1739,2023-12-20 12:00,1503098.0,0,0,1,0,0.3333333333333333,0
1740,2023-12-20 13:00,535957.0,0,0,0,0,0.0,0
1741,2023-12-20 14:00,438467.0,0,0,0,0,0.0,0
1742,2023-12-20 15:00,1423831.0,0,0,1,0,0.3333333333333333,0
1743,2023-12-20 16:00,1119171.0,0,0,0,0,0.0,0
1744,2023-12-20 17:00,1361685.0,0,0,1,0,0.3333333333333333,0
1745,2023-12-20 18:00,266203.0,0,0,0,0,0.0,0
1746,2023-12-20 19:00,328183.0,0,0,0,0,0.0,0
1747,2023-12-20 20:00,1609727.0,0,0,1,0,0.3333333333333333,0
1748,2023-12-20 21:00,796282.0,0,0,0,0,0.0,0
1749,2023-12-20 22:00,370464.0,0,0,0,0,0.0,0
1750,2023-12-20 23:00,261108.0,0,0,0,0,0.0,0
1751,2023-12-21 00:00,162410.0,0,0,0,0,0.0,0
1752,2023-12-21 01:00,195040.0,0,0,0,0,0.0,0
1753,2023-12-21 02:00,167100.0,0,0,0,0,0.0,0
1754,2023-12-21 03:00,240669.0,0,0,0,0,0.0,0
1755,2023-12-21 04:00,516417.0,0,0,0,0,0.0,0
1756,2023-12-21 05:00,861683.0,0,0,0,0,0.0,0
1757,2023-12-21 06:00,920244.0,0,0,0,0,0.0,0
1758,2023-12-21 07:00,736161.0,0,0,0,0,0.0,0
1759,2023-12-21 08:00,572120.0,0,0,0,0,0.0,0
1760,2023-12-21 09:00,825158.0,0,0,0,0,0.0,0
1761,2023-12-21 10:00,770159.0,0,0,0,0,0.0,0
1762,2023-12-21 11:00,1000384.0,0,0,0,0,0.0,0
1763,2023-12-21 12:00,694309.0,0,0,0,0,0.0,0
1764,2023-12-21 13:00,346951.0,0,0,0,0,0.0,0
1765,2023-12-21 14:00,749836.0,0,0,0,0,0.0,0
1766,2023-12-21 15:00,789209.0,0,0,0,0,0.0,0
1767,2023-12-21 16:00,506979.0,0,0,0,0,0.0,0
1768,2023-12-21 17:00,407065.0,0,0,0,0,0.0,0
1769,2023-12-21 18:00,777040.0,0,0,0,0,0.0,0
1770,2023-12-21 19:00,919702.0,0,0,0,0,0.0,0
1771,2023-12-21 20:00,660294.0,0,0,0,0,0.0,0
1772,2023-12-21 21:00,368854.0,0,0,0,0,0.0,0
1773,2023-12-21 22:00,118583.0,0,0,0,0,0.0,0
1774,2023-12-21 23:00,235245.0,0,0,0,0,0.0,0
1775,2023-12-22 00:00,159273.0,0,0,0,0,0.0,0
1776,2023-12-22 01:00,107515.0,0,0,0,0,0.0,0
1777,2023-12-22 02:00,121784.0,0,0,0,0,0.0,0
1778,2023-12-22 03:00,280254.0,0,0,0,0,0.0,0
1779,2023-12-22 04:00,523318.0,0,0,0,0,0.0,0
1780,2023-12-22 05:00,651990.0,0,0,0,0,0.0,0
1781,2023-12-22 06:00,865600.0,0,0,0,0,0.0,0
1782,2023-12-22 07:00,873386.0,0,0,0,0,0.0,0
1783,2023-12-22 08:00,709950.0,0,0,0,0,0.0,0
1784,2023-12-22 09:00,1013106.0,0,0,0,0,0.0,0
1785,2023-12-22 10:00,347931.0,0,0,0,0,0.0,0
1786,2023-12-22 11:00,687144.0,0,0,0,0,0.0,0
1787,2023-12-22 12:00,759179.0,0,0,0,0,0.0,0
1788,2023-12-22 13:00,503010.0,0,0,0,0,0.0,0
1789,2023-12-22 14:00,1043354.0,0,0,0,0,0.0,0
1790,2023-12-22 15:00,596480.0,0,0,1,0,0.3333333333333333,0
1791,2023-12-22 16:00,306849.0,0,0,0,0,0.0,0
1792,2023-12-22 17:00,394048.0,0,0,0,1,0.16666666666666666,0
1793,2023-12-22 18:00,816013.0,0,0,0,0,0.0,0
1794,2023-12-22 19:00,1069759.0,0,0,0,0,0.0,0
1795,2023-12-22 20:00,803856.0,0,0,0,0,0.0,0
1796,2023-12-22 21:00,571141.0,0,0,0,0,0.0,0
1797,2023-12-22 22:00,837705.0,0,0,0,0,0.0,0
1798,2023-12-22 23:00,241191.0,0,0,0,0,0.0,0
1799,2023-12-23 00:00,186005.0,1,0,0,0,0.0,0
1800,2023-12-23 01:00,56187.0,1,0,0,0,0.0,0
1801,2023-12-23 02:00,117713.0,1,0,0,0,0.0,0
1802,2023-12-23 03:00,144883.0,1,0,0,0,0.0,0
1803,2023-12-23 04:00,104410.0,1,0,0,1,0.16666666666666666,0
1804,2023-12-23 05:00,321244.0,1,0,0,0,0.0,0
1805,2023-12-23 06:00,325793.0,1,0,0,0,0.0,0
1806,2023-12-23 07:00,414195.0,1,0,0,0,0.0,0
1807,2023-12-23 08:00,399771.0,1,0,0,0,0.0,0
1808,2023-12-23 09:00,400770.0,1,0,0,0,0.0,0
1809,2023-12-23 10:00,521932.0,1,0,0,0,0.0,0
1810,2023-12-23 11:00,733821.0,1,0,0,0,0.0,0
1811,2023-12-23 12:00,641279.0,1,0,0,0,0.0,0
1812,2023-12-23 13:00,2503892.0,1,0,1,0,0.3333333333333333,0
1813,2023-12-23 14:00,3007425.0,1,1,1,1,0.9999999999999999,1
1814,2023-12-23 15:00,3988031.0,1,0,1,0,0.3333333333333333,0
1815,2023-12-23 16:00,2297268.0,1,0,1,0,0.3333333333333333,0
1816,2023-12-23 17:00,843985.0,1,0,0,0,0.0,0
1817,2023-12-23 18:00,474564.0,1,0,0,0,0.0,0
1818,2023-12-23 19:00,448483.0,1,0,0,0,0.0,0
1819,2023-12-23 20:00,479442.0,1,0,0,0,0.0,0
1820,2023-12-23 21:00,871927.0,1,0,0,0,0.0,0
1821,2023-12-23 22:00,517041.0,1,0,0,0,0.0,0
1822,2023-12-23 23:00,280191.0,1,0,0,0,0.0,0
1823,2023-12-24 00:00,375886.0,1,0,0,1,0.16666666666666666,0
1824,2023-12-24 01:00,195103.0,1,0,0,0,0.0,0
1825,2023-12-24 02:00,161593.0,1,0,0,0,0.0,0
1826,2023-12-24 03:00,125564.0,1,0,0,0,0.0,0
1827,2023-12-24 04:00,353473.0,1,0,0,0,0.0,0
1828,2023-12-24 05:00,421442.0,1,0,0,0,0.0,0
1829,2023-12-24 06:00,556600.0,1,0,0,0,0.0,0
1830,2023-12-24 07:00,713977.0,1,0,0,0,0.0,0
1831,2023-12-24 08:00,924461.0,1,0,0,0,0.0,0
1832,2023-12-24 09:00,385260.0,1,0,0,0,0.0,0
1833,2023-12-24 10:00,832741.0,1,0,0,0,0.0,0
1834,2023-12-24 11:00,850602.0,1,0,0,0,0.0,0
1835,2023-12-24 12:00,2650282.0,1,0,1,1,0.5,0
1836,2023-12-24 13:00,843374.0,1,0,0,0,0.0,0
1837,2023-12-24 14:00,609446.0,1,0,0,0,0.0,0
1838,2023-12-24 15:00,531336.0,1,0,0,0,0.0,0
1839,2023-12-24 16:00,588520.0,1,0,0,0,0.0,0
1840,2023-12-24 17:00,430861.0,1,0,0,0,0.0,0
1841,2023-12-24 18:00,508693.0,1,0,0,0,0.0,0
1842,2023-12-24 19:00,736016.0,1,0,0,0,0.0,0
1843,2023-12-24 20:00,1155625.0,1,0,0,0,0.0,0
1844,2023-12-24 21:00,650388.0,1,0,0,0,0.0,0
1845,2023-12-24 22:00,979780.0,1,0,0,0,0.0,0
1846,2023-12-24 23:00,576296.0,1,0,0,0,0.0,0
1847,2023-12-25 00:00,621311.0,1,0,0,0,0.0,0
1848,2023-12-25 01:00,379320.0,1,0,0,0,0.0,0
1849,2023-12-25 02:00,688136.0,1,0,0,0,0.0,0
1850,2023-12-25 03:00,481003.0,1,0,0,0,0.0,0
1851,2023-12-25 04:00,731169.0,1,0,0,0,0.0,0
1852,2023-12-25 05:00,290952.0,1,0,0,0,0.0,0
1853,2023-12-25 06:00,571651.0,1,0,0,0,0.0,0
1854,2023-12-25 07:00,501221.0,1,0,0,0,0.0,0
1855,2023-12-25 08:00,664815.0,1,0,0,0,0.0,0
1856,2023-12-25 09:00,1861002.0,1,0,1,0,0.3333333333333333,0
1857,2023-12-25 10:00,1130200.0,1,0,0,0,0.0,0
1858,2023-12-25 11:00,2298829.0,1,0,1,0,0.3333333333333333,0
1859,2023-12-25 12:00,791845.0,1,0,0,0,0.0,0
1860,2023-12-25 13:00,868259.0,1,0,0,0,0.0,0
1861,2023-12-25 14:00,821372.0,1,0,0,0,0.0,0
1862,2023-12-25 15:00,441726.0,1,0,0,0,0.0,0
1863,2023-12-25 16:00,811234.0,1,0,0,0,0.0,0
1864,2023-12-25 17:00,1111121.0,1,0,0,0,0.0,0
1865,2023-12-25 18:00,808380.0,1,0,0,0,0.0,0
1866,2023-12-25 19:00,1095015.0,1,0,0,0,0.0,0
1867,2023-12-25 20:00,736016.0,1,0,0,0,0.0,0
1868,2023-12-25 21:00,1423038.0,1,0,0,0,0.0,0
1869,2023-12-25 22:00,787219.0,1,0,0,0,0.0,0
1870,2023-12-25 23:00,555729.0,1,0,0,0,0.0,0
1871,2023-12-26 00:00,283365.0,1,0,0,0,0.0,0
1872,2023-12-26 01:00,306034.0,1,0,0,0,0.0,0
1873,2023-12-26 02:00,145189.0,1,0,0,0,0.0,0
1874,2023-12-26 03:00,206233.0,1,0,0,0,0.0,0
1875,2023-12-26 04:00,415246.0,1,0,0,0,0.0,0
1876,2023-12-26 05:00,430877.0,1,0,0,0,0.0,0
1877,2023-12-26 06:00,526192.0,1,0,0,0,0.0,0
1878,2023-12-26 07:00,378292.0,1,0,0,0,0.0,0
1879,2023-12-26 08:00,556181.0,1,0,0,0,0.0,0
1880,2023-12-26 09:00,685872.0,1,0,0,0,0.0,0
1881,2023-12-26 10:00,656014.0,1,0,0,0,0.0,0
1882,2023-12-26 11:00,670563.0,1,0,0,0,0.0,0
1883,2023-12-26 12:00,2337217.0,1,0,1,0,0.3333333333333333,0
1884,2023-12-26 13:00,637000.0,1,0,0,0,0.0,0
1885,2023-12-26 14:00,376488.0,1,0,0,0,0.0,0
1886,2023-12-26 15:00,397813.0,1,0,0,0,0.0,0
1887,2023-12-26 16:00,464677.0,1,0,0,0,0.0,0
1888,2023-12-26 17:00,443206.0,1,0,0,0,0.0,0
1889,2023-12-26 18:00,737551.0,1,0,0,0,0.0,0
1890,2023-12-26 19:00,888316.0,1,0,0,0,0.0,0
1891,2023-12-26 20:00,959681.0,1,0,0,0,0.0,0
1892,2023-12-26 21:00,810337.0,1,0,0,0,0.0,0
1893,2023-12-26 22:00,1068675.0,1,0,0,0,0.0,0
1894,2023-12-26 23:00,166615.0,1,0,0,0,0.0,0
1895,2023-12-27 00:00,100975.0,0,0,0,0,0.0,0
1896,2023-12-27 01:00,112343.0,0,0,0,0,0.0,0
1897,2023-12-27 02:00,207641.0,0,0,0,0,0.0,0
1898,2023-12-27 03:00,372684.0,0,0,0,0,0.0,0
1899,2023-12-27 04:00,384218.0,0,0,0,0,0.0,0
1900,2023-12-27 05:00,799682.0,0,0,0,0,0.0,0
1901,2023-12-27 06:00,610101.0,0,0,0,0,0.0,0
1902,2023-12-27 07:00,885442.0,0,0,0,0,0.0,0
1903,2023-12-27 08:00,860926.0,0,0,0,0,0.0,0
1904,2023-12-27 09:00,833210.0,0,0,0,0,0.0,0
1905,2023-12-27 10:00,1131046.0,0,0,0,0,0.0,0
1906,2023-12-27 11:00,793105.0,0,0,0,0,0.0,0
1907,2023-12-27 12:00,1050314.0,0,0,0,0,0.0,0
1908,2023-12-27 13:00,937968.0,0,0,0,0,0.0,0
1909,2023-12-27 14:00,457515.0,0,0,0,0,0.0,0
1910,2023-12-27 15:00,1902684.0,0,0,1,0,0.3333333333333333,0
1911,2023-12-27 16:00,96068.0,0,0,0,0,0.0,0
1912,2023-12-27 17:00,118132.0,0,0,0,0,0.0,0
1913,2023-12-27 18:00,263586.0,0,0,0,0,0.0,0
1914,2023-12-27 19:00,486285.0,0,0,0,0,0.0,0
1915,2023-12-27 20:00,191268.0,0,0,0,0,0.0,0
1916,2023-12-27 21:00,238044.0,0,0,0,0,0.0,0
1917,2023-12-27 22:00,258291.0,0,0,0,0,0.0,0
1918,2023-12-27 23:00,563315.0,0,0,0,0,0.0,0
1919,2023-12-28 00:00,104265.0,0,0,0,0,0.0,0
1920,2023-12-28 01:00,76272.0,0,0,0,0,0.0,0
1921,2023-12-28 02:00,47730.0,0,0,0,0,0.0,0
1922,2023-12-28 03:00,172194.0,0,0,0,1,0.16666666666666666,0
1923,2023-12-28 04:00,344335.0,0,0,0,0,0.0,0
1924,2023-12-28 05:00,674842.0,0,0,0,0,0.0,0
1925,2023-12-28 06:00,742553.0,0,0,0,0,0.0,0
1926,2023-12-28 07:00,2214356.0,0,0,1,0,0.3333333333333333,0
1927,2023-12-28 08:00,2466049.0,0,0,1,0,0.3333333333333333,0
1928,2023-12-28 09:00,444327.0,0,0,0,0,0.0,0
1929,2023-12-28 10:00,715163.0,0,0,0,0,0.0,0
1930,2023-12-28 11:00,872970.0,0,0,0,0,0.0,0
1931,2023-12-28 12:00,607987.0,0,0,0,0,0.0,0
1932,2023-12-28 13:00,743142.0,0,0,0,0,0.0,0
1933,2023-12-28 14:00,777085.0,0,0,0,0,0.0,0
1934,2023-12-28 15:00,244130.0,0,0,0,0,0.0,0
1935,2023-12-28 16:00,359980.0,0,0,0,0,0.0,0
1936,2023-12-28 17:00,471802.0,0,0,0,0,0.0,0
1937,2023-12-28 18:00,823403.0,0,0,0,0,0.0,0
1938,2023-12-28 19:00,1291766.0,0,0,0,0,0.0,0
1939,2023-12-28 20:00,824757.0,0,0,0,0,0.0,0
1940,2023-12-28 21:00,544470.0,0,0,0,0,0.0,0
1941,2023-12-28 22:00,375757.0,0,0,0,0,0.0,0
1942,2023-12-28 23:00,222230.0,0,0,0,0,0.0,0
1943,2023-12-29 00:00,101462.0,0,0,0,0,0.0,0
1944,2023-12-29 01:00,94185.0,0,0,0,0,0.0,0
1945,2023-12-29 02:00,119314.0,0,0,0,0,0.0,0
1946,2023-12-29 03:00,192757.0,0,0,0,0,0.0,0
1947,2023-12-29 04:00,286413.0,0,0,0,0,0.0,0
1948,2023-12-29 05:00,896757.0,0,0,0,0,0.0,0
1949,2023-12-29 06:00,850331.0,0,0,0,0,0.0,0
1950,2023-12-29 07:00,1217094.0,0,0,0,0,0.0,0
1951,2023-12-29 08:00,1259288.0,0,0,0,0,0.0,0
1952,2023-12-29 09:00,2520367.0,0,0,1,0,0.3333333333333333,0
1953,2023-12-29 10:00,469033.0,0,0,0,0,0.0,0
1954,2023-12-29 11:00,290844.0,0,0,0,0,0.0,0
1955,2023-12-29 12:00,333109.0,0,0,0,0,0.0,0
1956,2023-12-29 13:00,390889.0,0,0,0,0,0.0,0
1957,2023-12-29 14:00,389260.0,0,0,0,0,0.0,0
1958,2023-12-29 15:00,396759.0,0,0,0,0,0.0,0
1959,2023-12-29 16:00,320353.0,0,0,0,0,0.0,0
1960,2023-12-29 17:00,793304.0,0,0,0,0,0.0,0
1961,2023-12-29 18:00,407699.0,0,0,0,0,0.0,0
1962,2023-12-29 19:00,450523.0,0,0,0,0,0.0,0
1963,2023-12-29 20:00,846040.0,0,0,0,0,0.0,0
1964,2023-12-29 21:00,414960.0,0,0,0,0,0.0,0
1965,2023-12-29 22:00,528890.0,0,0,0,0,0.0,0
1966,2023-12-29 23:00,407345.0,0,0,0,0,0.0,0
1967,2023-12-30 00:00,387687.0,1,0,0,0,0.0,0
1968,2023-12-30 01:00,411268.0,1,0,0,0,0.0,0
1969,2023-12-30 02:00,191268.0,1,0,0,0,0.0,0
1970,2023-12-30 03:00,91346.0,1,0,0,0,0.0,0
1971,2023-12-30 04:00,244876.0,1,0,0,0,0.0,0
1972,2023-12-30 05:00,288769.0,1,0,0,1,0.16666666666666666,0
1973,2023-12-30 06:00,243632.0,1,0,0,0,0.0,0
1974,2023-12-30 07:00,203770.0,1,0,0,0,0.0,0
1975,2023-12-30 08:00,415494.0,1,0,0,0,0.0,0
1976,2023-12-30 09:00,514843.0,1,0,0,0,0.0,0
1977,2023-12-30 10:00,322873.0,1,0,0,0,0.0,0
1978,2023-12-30 11:00,295352.0,1,0,0,0,0.0,0
1979,2023-12-30 12:00,1275115.0,1,0,0,0,0.0,0
1980,2023-12-30 13:00,1063405.0,1,0,0,0,0.0,0
1981,2023-12-30 14:00,359012.0,1,0,0,0,0.0,0
1982,2023-12-30 15:00,531711.0,1,0,0,0,0.0,0
1983,2023-12-30 16:00,508617.0,1,0,0,0,0.0,0
1984,2023-12-30 17:00,571695.0,1,0,0,0,0.0,0
1985,2023-12-30 18:00,704893.0,1,0,0,0,0.0,0
1986,2023-12-30 19:00,824972.0,1,0,0,0,0.0,0
1987,2023-12-30 20:00,706718.0,1,0,0,0,0.0,0
1988,2023-12-30 21:00,459661.0,1,0,0,0,0.0,0
1989,2023-12-30 22:00,854348.0,1,0,0,0,0.0,0
1990,2023-12-30 23:00,246019.0,1,0,0,0,0.0,0
1991,2023-12-31 00:00,151922.0,1,0,0,0,0.0,0
1992,2023-12-31 01:00,128691.0,1,0,0,1,0.16666666666666666,0
1993,2023-12-31 02:00,108180.0,1,0,0,0,0.0,0
1994,2023-12-31 03:00,152003.0,1,0,0,0,0.0,0
1995,2023-12-31 04:00,155269.0,1,0,0,0,0.0,0
1996,2023-12-31 05:00,297475.0,1,0,0,0,0.0,0
1997,2023-12-31 06:00,457095.0,1,0,0,0,0.0,0
1998,2023-12-31 07:00,289451.0,1,0,0,0,0.0,0
1999,2023-12-31 08:00,235508.0,1,0,0,0,0.0,0
2000,2023-12-31 09:00,164286.0,1,0,0,0,0.0,0
2001,2023-12-31 10:00,545426.0,1,0,0,0,0.0,0
2002,2023-12-31 11:00,753603.0,1,0,0,0,0.0,0
2003,2023-12-31 12:00,691547.0,1,0,0,0,0.0,0
2004,2023-12-31 13:00,760359.0,1,0,0,0,0.0,0
2005,2023-12-31 14:00,1271821.0,1,0,0,0,0.0,0
2006,2023-12-31 15:00,710967.0,1,0,0,0,0.0,0
2007,2023-12-31 16:00,787938.0,1,0,0,0,0.0,0
2008,2023-12-31 17:00,748290.0,1,0,0,0,0.0,0
2009,2023-12-31 18:00,872926.0,1,0,0,0,0.0,0
2010,2023-12-31 19:00,1240206.0,1,0,0,0,0.0,0
2011,2023-12-31 20:00,1158963.0,1,0,0,0,0.0,0
2012,2023-12-31 21:00,1099408.0,1,0,0,0,0.0,0
2013,2023-12-31 22:00,829592.0,1,0,0,0,0.0,0
2014,2023-12-31 23:00,689093.0,1,0,0,0,0.0,0
2015,2024-01-01 00:00,317812.0,1,0,0,0,0.0,0
2016,2024-01-01 01:00,95663.0,1,0,0,0,0.0,0
2017,2024-01-01 02:00,132278.0,1,0,0,0,0.0,0
2018,2024-01-01 03:00,277224.0,1,0,0,0,0.0,0
2019,2024-01-01 04:00,344884.0,1,0,0,0,0.0,0
2020,2024-01-01 05:00,268752.0,1,0,0,0,0.0,0
2021,2024-01-01 06:00,143987.0,1,0,0,0,0.0,0
2022,2024-01-01 07:00,198359.0,1,0,0,0,0.0,0
2023,2024-01-01 08:00,399223.0,1,0,0,0,0.0,0
2024,2024-01-01 09:00,323727.0,1,0,0,1,0.16666666666666666,0
2025,2024-01-01 10:00,250926.0,1,0,0,1,0.16666666666666666,0
2026,2024-01-01 11:00,468004.0,1,0,0,0,0.0,0
2027,2024-01-01 12:00,421837.0,1,0,0,0,0.0,0
2028,2024-01-01 13:00,510866.0,1,0,0,0,0.0,0
2029,2024-01-01 14:00,429113.0,1,0,0,0,0.0,0
2030,2024-01-01 15:00,751836.0,1,0,0,0,0.0,0
2031,2024-01-01 16:00,229542.0,1,0,0,0,0.0,0
2032,2024-01-01 17:00,348345.0,1,0,0,0,0.0,0
2033,2024-01-01 18:00,552257.0,1,0,0,0,0.0,0
2034,2024-01-01 19:00,607684.0,1,0,1,0,0.3333333333333333,0
2035,2024-01-01 20:00,1514318.0,1,0,1,0,0.3333333333333333,0
2036,2024-01-01 21:00,383602.0,1,0,0,0,0.0,0
2037,2024-01-01 22:00,135194.0,1,0,0,0,0.0,0
2038,2024-01-01 23:00,124061.0,1,0,0,0,0.0,0
2039,2024-01-02 00:00,141216.0,0,0,0,0,0.0,0
2040,2024-01-02 01:00,245600.0,0,0,0,0,0.0,0
2041,2024-01-02 02:00,112931.0,0,0,0,0,0.0,0
2042,2024-01-02 03:00,164009.0,0,0,0,0,0.0,0
2043,2024-01-02 04:00,505597.0,0,0,0,0,0.0,0
2044,2024-01-02 05:00,947668.0,0,0,0,0,0.0,0
2045,2024-01-02 06:00,587253.0,0,0,1,0,0.3333333333333333,0
2046,2024-01-02 07:00,584373.0,0,0,1,0,0.3333333333333333,0
2047,2024-01-02 08:00,565858.0,0,0,0,0,0.0,0
2048,2024-01-02 09:00,651834.0,0,0,0,0,0.0,0
2049,2024-01-02 10:00,702659.0,0,0,0,0,0.0,0
2050,2024-01-02 11:00,723654.0,0,0,0,0,0.0,0
2051,2024-01-02 12:00,569336.0,0,0,0,0,0.0,0
2052,2024-01-02 13:00,367836.0,0,0,0,0,0.0,0
2053,2024-01-02 14:00,308438.0,0,0,0,0,0.0,0
2054,2024-01-02 15:00,225794.0,0,0,0,0,0.0,0
2055,2024-01-02 16:00,173301.0,0,0,0,0,0.0,0
2056,2024-01-02 17:00,75507.0,0,0,1,0,0.3333333333333333,0
2057,2024-01-02 18:00,223279.0,0,0,0,0,0.0,0
2058,2024-01-02 19:00,667163.0,0,0,1,0,0.3333333333333333,0
2059,2024-01-02 20:00,231344.0,0,0,0,0,0.0,0
2060,2024-01-02 21:00,320595.0,0,0,0,0,0.0,0
2061,2024-01-02 22:00,95832.0,0,0,1,0,0.3333333333333333,0
2062,2024-01-02 23:00,117296.0,0,0,0,0,0.0,0
2063,2024-01-03 00:00,136455.0,0,0,0,0,0.0,0
2064,2024-01-03 01:00,109492.0,0,0,0,0,0.0,0
2065,2024-01-03 02:00,145107.0,0,0,0,0,0.0,0
2066,2024-01-03 03:00,136816.0,0,0,0,1,0.16666666666666666,0
2067,2024-01-03 04:00,460108.0,0,0,0,0,0.0,0
2068,2024-01-03 05:00,945728.0,0,0,0,0,0.0,0
2069,2024-01-03 06:00,524998.0,0,0,1,0,0.3333333333333333,0
2070,2024-01-03 07:00,562365.0,0,0,1,0,0.3333333333333333,0
2071,2024-01-03 08:00,963268.0,0,0,0,0,0.0,0
2072,2024-01-03 09:00,708451.0,0,0,0,0,0.0,0
2073,2024-01-03 10:00,389319.0,0,0,0,0,0.0,0
2074,2024-01-03 11:00,707382.0,0,0,0,0,0.0,0
2075,2024-01-03 12:00,490483.0,0,0,0,0,0.0,0
2076,2024-01-03 13:00,222429.0,0,0,0,0,0.0,0
2077,2024-01-03 14:00,278376.0,0,0,0,0,0.0,0
2078,2024-01-03 15:00,312564.0,0,0,0,0,0.0,0
2079,2024-01-03 16:00,145876.0,0,0,0,0,0.0,0
2080,2024-01-03 17:00,105547.0,0,0,1,0,0.3333333333333333,0
2081,2024-01-03 18:00,181395.0,0,0,0,0,0.0,0
2082,2024-01-03 19:00,324423.0,0,0,0,0,0.0,0
2083,2024-01-03 20:00,172721.0,0,0,0,0,0.0,0
2084,2024-01-03 21:00,228013.0,0,0,0,0,0.0,0
2085,2024-01-03 22:00,283425.0,0,0,0,0,0.0,0
2086,2024-01-03 23:00,69160.0,0,0,1,0,0.3333333333333333,0
2087,2024-01-04 00:00,155105.0,0,0,0,1,0.16666666666666666,0
2088,2024-01-04 01:00,214769.0,0,0,0,0,0.0,0
2089,2024-01-04 02:00,62052.0,0,0,1,0,0.3333333333333333,0
2090,2024-01-04 03:00,106031.0,0,0,0,0,0.0,0
2091,2024-01-04 04:00,324011.0,0,0,0,0,0.0,0
2092,2024-01-04 05:00,496079.0,0,0,1,0,0.3333333333333333,0
2093,2024-01-04 06:00,454099.0,0,0,0,0,0.0,0
2094,2024-01-04 07:00,491875.0,0,0,0,0,0.0,0
2095,2024-01-04 08:00,548042.0,0,0,1,0,0.3333333333333333,0
2096,2024-01-04 09:00,626902.0,0,0,1,0,0.3333333333333333,0
2097,2024-01-04 10:00,455588.0,0,0,0,0,0.0,0
2098,2024-01-04 11:00,671446.0,0,0,1,0,0.3333333333333333,0
2099,2024-01-04 12:00,424471.0,0,0,0,0,0.0,0
2100,2024-01-04 13:00,348763.0,0,0,0,0,0.0,0
2101,2024-01-04 14:00,522927.0,0,0,1,0,0.3333333333333333,0
2102,2024-01-04 15:00,176289.0,0,0,0,0,0.0,0
2103,2024-01-04 16:00,140806.0,0,0,0,0,0.0,0
2104,2024-01-04 17:00,134689.0,0,0,0,0,0.0,0
2105,2024-01-04 18:00,221710.0,0,0,0,0,0.0,0
2106,2024-01-04 19:00,536691.0,0,0,1,0,0.3333333333333333,0
2107,2024-01-04 20:00,266032.0,0,0,0,0,0.0,0
2108,2024-01-04 21:00,145665.0,0,0,0,0,0.0,0
2109,2024-01-04 22:00,221688.0,0,0,0,0,0.0,0
2110,2024-01-04 23:00,276485.0,0,0,0,0,0.0,0
2111,2024-01-05 00:00,223406.0,0,0,0,0,0.0,0
2112,2024-01-05 01:00,247042.0,0,0,0,1,0.16666666666666666,0
2113,2024-01-05 02:00,270975.0,0,0,0,0,0.0,0
2114,2024-01-05 03:00,320568.0,0,0,0,0,0.0,0
2115,2024-01-05 04:00,250768.0,0,0,0,0,0.0,0
2116,2024-01-05 05:00,1225509.0,0,0,1,0,0.3333333333333333,0
2117,2024-01-05 06:00,563537.0,0,0,1,0,0.3333333333333333,0
2118,2024-01-05 07:00,814624.0,0,0,0,0,0.0,0
2119,2024-01-05 08:00,1041907.0,0,0,0,0,0.0,0
2120,2024-01-05 09:00,401558.0,0,0,0,0,0.0,0
2121,2024-01-05 10:00,541629.0,0,0,1,0,0.3333333333333333,0
2122,2024-01-05 11:00,601788.0,0,0,1,0,0.3333333333333333,0
2123,2024-01-05 12:00,455175.0,0,0,0,0,0.0,0
2124,2024-01-05 13:00,487435.0,0,0,0,0,0.0,0
2125,2024-01-05 14:00,282260.0,0,0,0,0,0.0,0
2126,2024-01-05 15:00,97447.0,0,0,1,0,0.3333333333333333,0
2127,2024-01-05 16:00,174944.0,0,0,0,0,0.0,0
2128,2024-01-05 17:00,215286.0,0,0,0,0,0.0,0
2129,2024-01-05 18:00,560724.0,0,0,1,0,0.3333333333333333,0
2130,2024-01-05 19:00,315182.0,0,0,0,0,0.0,0
2131,2024-01-05 20:00,164154.0,0,0,0,0,0.0,0
2132,2024-01-05 21:00,534331.0,0,0,1,0,0.3333333333333333,0
2133,2024-01-05 22:00,166735.0,0,0,0,0,0.0,0
2134,2024-01-05 23:00,74424.0,0,0,1,0,0.3333333333333333,0
2135,2024-01-06 00:00,88384.0,1,0,1,0,0.3333333333333333,0
2136,2024-01-06 01:00,109899.0,1,0,0,0,0.0,0
2137,2024-01-06 02:00,65897.0,1,0,1,0,0.3333333333333333,0
2138,2024-01-06 03:00,99389.0,1,0,0,1,0.16666666666666666,0
2139,2024-01-06 04:00,93898.0,1,0,1,0,0.3333333333333333,0
2140,2024-01-06 05:00,268178.0,1,0,0,0,0.0,0
2141,2024-01-06 06:00,234919.0,1,0,0,0,0.0,0
2142,2024-01-06 07:00,77613.0,1,0,1,0,0.3333333333333333,0
2143,2024-01-06 08:00,224614.0,1,0,0,0,0.0,0
2144,2024-01-06 09:00,278208.0,1,0,0,0,0.0,0
2145,2024-01-06 10:00,135156.0,1,0,0,0,0.0,0
2146,2024-01-06 11:00,236010.0,1,0,0,0,0.0,0
2147,2024-01-06 12:00,81873.0,1,0,1,0,0.3333333333333333,0
2148,2024-01-06 13:00,110055.0,1,0,0,0,0.0,0
2149,2024-01-06 14:00,402256.0,1,0,0,0,0.0,0
2150,2024-01-06 15:00,2204659.0,1,0,1,1,0.5,0
2151,2024-01-06 16:00,753936.0,1,0,0,0,0.0,0
2152,2024-01-06 17:00,2116094.0,1,0,1,0,0.3333333333333333,0
2153,2024-01-06 18:00,2532440.0,1,0,1,0,0.3333333333333333,0
2154,2024-01-06 19:00,765613.0,1,0,0,0,0.0,0
2155,2024-01-06 20:00,4200564.0,1,1,1,0,0.8333333333333333,1
2156,2024-01-06 21:00,411508.0,1,0,0,0,0.0,0
2157,2024-01-06 22:00,618203.0,1,0,0,0,0.0,0
2158,2024-01-06 23:00,100679.0,1,0,0,0,0.0,0
2159,2024-01-07 00:00,143424.0,1,0,0,0,0.0,0
2160,2024-01-07 01:00,87092.0,1,0,0,0,0.0,0
2161,2024-01-07 02:00,105351.0,1,0,0,1,0.16666666666666666,0
2162,2024-01-07 03:00,61725.0,1,0,0,0,0.0,0
2163,2024-01-07 04:00,50286.0,1,0,0,0,0.0,0
2164,2024-01-07 05:00,266056.0,1,0,0,0,0.0,0
2165,2024-01-07 06:00,118134.0,1,0,0,0,0.0,0
2166,2024-01-07 07:00,132154.0,1,0,0,0,0.0,0
2167,2024-01-07 08:00,291004.0,1,0,0,0,0.0,0
2168,2024-01-07 09:00,307814.0,1,0,0,0,0.0,0
2169,2024-01-07 10:00,290903.0,1,0,0,0,0.0,0
2170,2024-01-07 11:00,396975.0,1,0,0,0,0.0,0
2171,2024-01-07 12:00,358214.0,1,0,0,0,0.0,0
2172,2024-01-07 13:00,157948.0,1,0,0,0,0.0,0
2173,2024-01-07 14:00,310958.0,1,0,0,0,0.0,0
2174,2024-01-07 15:00,175365.0,1,0,0,0,0.0,0
2175,2024-01-07 16:00,151943.0,1,0,0,0,0.0,0
2176,2024-01-07 17:00,362116.0,1,0,0,0,0.0,0
2177,2024-01-07 18:00,146290.0,1,0,0,0,0.0,0
2178,2024-01-07 19:00,290992.0,1,0,0,0,0.0,0
2179,2024-01-07 20:00,532524.0,1,0,0,0,0.0,0
2180,2024-01-07 21:00,559762.0,1,0,0,0,0.0,0
2181,2024-01-07 22:00,256283.0,1,0,0,0,0.0,0
2182,2024-01-07 23:00,880908.0,1,0,0,0,0.0,0
2183,2024-01-08 00:00,102852.0,0,0,0,0,0.0,0
2184,2024-01-08 01:00,72875.0,0,0,0,0,0.0,0
2185,2024-01-08 02:00,128084.0,0,0,0,0,0.0,0
2186,2024-01-08 03:00,160517.0,0,0,0,0,0.0,0
2187,2024-01-08 04:00,574695.0,0,0,0,0,0.0,0
2188,2024-01-08 05:00,911564.0,0,0,0,0,0.0,0
2189,2024-01-08 06:00,1099321.0,0,0,0,0,0.0,0
2190,2024-01-08 07:00,775045.0,0,0,0,0,0.0,0
2191,2024-01-08 08:00,490634.0,0,0,0,0,0.0,0
2192,2024-01-08 09:00,823421.0,0,0,0,1,0.16666666666666666,0
2193,2024-01-08 10:00,630676.0,0,0,0,0,0.0,0
2194,2024-01-08 11:00,639122.0,0,0,0,0,0.0,0
2195,2024-01-08 12:00,751145.0,0,0,0,0,0.0,0
2196,2024-01-08 13:00,437680.0,0,0,0,0,0.0,0
2197,2024-01-08 14:00,209166.0,0,0,0,0,0.0,0
2198,2024-01-08 15:00,251134.0,0,0,0,0,0.0,0
2199,2024-01-08 16:00,145337.0,0,0,0,0,0.0,0
2200,2024-01-08 17:00,194291.0,0,0,0,0,0.0,0
2201,2024-01-08 18:00,327084.0,0,0,0,0,0.0,0
2202,2024-01-08 19:00,205810.0,0,0,0,0,0.0,0
2203,2024-01-08 20:00,200006.0,0,0,0,0,0.0,0
2204,2024-01-08 21:00,214257.0,0,0,0,0,0.0,0
2205,2024-01-08 22:00,81137.0,0,0,0,0,0.0,0
2206,2024-01-08 23:00,14205.0,0,0,0,0,0.0,0
2207,2024-01-09 00:00,40042.0,0,0,0,0,0.0,0
2208,2024-01-09 01:00,53288.0,0,0,0,0,0.0,0
2209,2024-01-09 02:00,78315.0,0,0,0,1,0.16666666666666666,0
2210,2024-01-09 03:00,156373.0,0,0,0,0,0.0,0
2211,2024-01-09 04:00,530363.0,0,0,0,0,0.0,0
2212,2024-01-09 05:00,710083.0,0,0,0,0,0.0,0
2213,2024-01-09 06:00,398736.0,0,0,0,0,0.0,0
2214,2024-01-09 07:00,565583.0,0,0,0,0,0.0,0
2215,2024-01-09 08:00,342404.0,0,0,0,0,0.0,0
2216,2024-01-09 09:00,1179416.0,0,0,0,0,0.0,0
2217,2024-01-09 10:00,449171.0,0,0,0,0,0.0,0
2218,2024-01-09 11:00,560699.0,0,0,0,0,0.0,0
2219,2024-01-09 12:00,444316.0,0,0,0,0,0.0,0
2220,2024-01-09 13:00,215127.0,0,0,0,0,0.0,0
2221,2024-01-09 14:00,208565.0,0,0,0,0,0.0,0
2222,2024-01-09 15:00,345811.0,0,0,0,0,0.0,0
2223,2024-01-09 16:00,296858.0,0,0,0,0,0.0,0
2224,2024-01-09 17:00,580137.0,0,0,0,0,0.0,0
2225,2024-01-09 18:00,990028.0,0,0,0,0,0.0,0
2226,2024-01-09 19:00,796745.0,0,0,0,0,0.0,0
2227,2024-01-09 20:00,2002979.0,0,0,1,1,0.5,0
2228,2024-01-09 21:00,319559.0,0,0,0,0,0.0,0
2229,2024-01-09 22:00,148460.0,0,0,0,0,0.0,0
2230,2024-01-09 23:00,61037.0,0,0,0,0,0.0,0
2231,2024-01-10 00:00,220942.0,0,0,0,0,0.0,0
2232,2024-01-10 01:00,199557.0,0,0,0,0,0.0,0
2233,2024-01-10 02:00,144705.0,0,0,0,0,0.0,0
2234,2024-01-10 03:00,222655.0,0,0,0,0,0.0,0
2235,2024-01-10 04:00,923333.0,0,0,0,0,0.0,0
2236,2024-01-10 05:00,908878.0,0,0,0,0,0.0,0
2237,2024-01-10 06:00,1039682.0,0,0,0,0,0.0,0
2238,2024-01-10 07:00,768682.0,0,0,0,0,0.0,0
2239,2024-01-10 08:00,945225.0,0,0,0,0,0.0,0
2240,2024-01-10 09:00,710016.0,0,0,0,0,0.0,0
2241,2024-01-10 10:00,597259.0,0,0,0,0,0.0,0
2242,2024-01-10 11:00,731614.0,0,0,0,0,0.0,0
2243,2024-01-10 12:00,587214.0,0,0,0,0,0.0,0
2244,2024-01-10 13:00,452547.0,0,0,0,0,0.0,0
2245,2024-01-10 14:00,395856.0,0,0,0,0,0.0,0
2246,2024-01-10 15:00,363711.0,0,0,0,0,0.0,0
2247,2024-01-10 16:00,239354.0,0,0,0,0,0.0,0
2248,2024-01-10 17:00,234656.0,0,0,0,0,0.0,0
2249,2024-01-10 18:00,194787.0,0,0,0,0,0.0,0
2250,2024-01-10 19:00,550876.0,0,0,0,0,0.0,0
2251,2024-01-10 20:00,383273.0,0,0,0,0,0.0,0
2252,2024-01-10 21:00,230873.0,0,0,0,0,0.0,0
2253,2024-01-10 22:00,156623.0,0,0,0,0,0.0,0
2254,2024-01-10 23:00,190478.0,0,0,0,0,0.0,0
2255,2024-01-11 00:00,154691.0,0,0,0,0,0.0,0
2256,2024-01-11 01:00,110374.0,0,0,0,0,0.0,0
2257,2024-01-11 02:00,97210.0,0,0,0,0,0.0,0
2258,2024-01-11 03:00,155592.0,0,0,0,0,0.0,0
2259,2024-01-11 04:00,443934.0,0,0,0,0,0.0,0
2260,2024-01-11 05:00,698373.0,0,0,0,0,0.0,0
2261,2024-01-11 06:00,961952.0,0,0,0,0,0.0,0
2262,2024-01-11 07:00,473317.0,0,0,0,0,0.0,0
2263,2024-01-11 08:00,540405.0,0,0,1,0,0.3333333333333333,0
2264,2024-01-11 09:00,566335.0,0,0,1,0,0.3333333333333333,0
2265,2024-01-11 10:00,552279.0,0,0,1,0,0.3333333333333333,0
2266,2024-01-11 11:00,814781.0,0,0,0,0,0.0,0
2267,2024-01-11 12:00,716090.0,0,0,0,0,0.0,0
2268,2024-01-11 13:00,384285.0,0,0,0,0,0.0,0
2269,2024-01-11 14:00,395740.0,0,0,0,0,0.0,0
2270,2024-01-11 15:00,456025.0,0,0,0,0,0.0,0
2271,2024-01-11 16:00,214053.0,0,0,0,0,0.0,0
2272,2024-01-11 17:00,899505.0,0,0,0,0,0.0,0
2273,2024-01-11 18:00,257906.0,0,0,0,0,0.0,0
2274,2024-01-11 19:00,391743.0,0,0,0,0,0.0,0
2275,2024-01-11 20:00,352882.0,0,0,0,0,0.0,0
2276,2024-01-11 21:00,438077.0,0,0,0,0,0.0,0
2277,2024-01-11 22:00,451617.0,0,0,0,0,0.0,0
2278,2024-01-11 23:00,280218.0,0,0,0,0,0.0,0
2279,2024-01-12 00:00,149771.0,0,0,0,0,0.0,0
2280,2024-01-12 01:00,437319.0,0,0,0,0,0.0,0
2281,2024-01-12 02:00,321080.0,0,0,0,0,0.0,0
2282,2024-01-12 03:00,234077.0,0,0,0,0,0.0,0
2283,2024-01-12 04:00,568504.0,0,0,1,0,0.3333333333333333,0
2284,2024-01-12 05:00,1126649.0,0,0,1,0,0.3333333333333333,0
2285,2024-01-12 06:00,790792.0,0,0,0,0,0.0,0
2286,2024-01-12 07:00,738466.0,0,0,0,0,0.0,0
2287,2024-01-12 08:00,818482.0,0,0,0,0,0.0,0
2288,2024-01-12 09:00,813157.0,0,0,0,0,0.0,0
2289,2024-01-12 10:00,539418.0,0,0,1,0,0.3333333333333333,0
2290,2024-01-12 11:00,719476.0,0,0,0,0,0.0,0
2291,2024-01-12 12:00,411006.0,0,0,0,0,0.0,0
2292,2024-01-12 13:00,691676.0,0,0,0,0,0.0,0
2293,2024-01-12 14:00,299315.0,0,0,0,0,0.0,0
2294,2024-01-12 15:00,220675.0,0,0,0,0,0.0,0
2295,2024-01-12 16:00,315392.0,0,0,0,0,0.0,0
2296,2024-01-12 17:00,558788.0,0,0,1,0,0.3333333333333333,0
2297,2024-01-12 18:00,300446.0,0,0,0,0,0.0,0
2298,2024-01-12 19:00,832419.0,0,0,0,0,0.0,0
2299,2024-01-12 20:00,384349.0,0,0,0,0,0.0,0
2300,2024-01-12 21:00,341211.0,0,0,0,0,0.0,0
2301,2024-01-12 22:00,108456.0,0,0,0,0,0.0,0
2302,2024-01-12 23:00,127290.0,0,0,0,0,0.0,0
2303,2024-01-13 00:00,352308.0,1,0,0,0,0.0,0
2304,2024-01-13 01:00,56529.0,1,0,1,0,0.3333333333333333,0
2305,2024-01-13 02:00,425863.0,1,0,0,0,0.0,0
2306,2024-01-13 03:00,137141.0,1,0,0,0,0.0,0
2307,2024-01-13 04:00,272117.0,1,0,0,0,0.0,0
2308,2024-01-13 05:00,257713.0,1,0,0,0,0.0,0
2309,2024-01-13 06:00,322374.0,1,0,0,0,0.0,0
2310,2024-01-13 07:00,341378.0,1,0,0,0,0.0,0
2311,2024-01-13 08:00,252380.0,1,0,0,0,0.0,0
2312,2024-01-13 09:00,328751.0,1,0,0,0,0.0,0
2313,2024-01-13 10:00,649155.0,1,0,0,0,0.0,0
2314,2024-01-13 11:00,337509.0,1,0,0,0,0.0,0
2315,2024-01-13 12:00,474070.0,1,0,0,0,0.0,0
2316,2024-01-13 13:00,623407.0,1,0,0,0,0.0,0
2317,2024-01-13 14:00,294275.0,1,0,0,0,0.0,0
2318,2024-01-13 15:00,299359.0,1,0,0,0,0.0,0
2319,2024-01-13 16:00,259605.0,1,0,0,0,0.0,0
2320,2024-01-13 17:00,149163.0,1,0,0,0,0.0,0
2321,2024-01-13 18:00,320203.0,1,0,0,0,0.0,0
2322,2024-01-13 19:00,448078.0,1,0,0,0,0.0,0
2323,2024-01-13 20:00,309581.0,1,0,0,0,0.0,0
2324,2024-01-13 21:00,451462.0,1,0,0,0,0.0,0
2325,2024-01-13 22:00,377614.0,1,0,0,0,0.0,0
2326,2024-01-13 23:00,431875.0,1,0,0,0,0.0,0
2327,2024-01-14 00:00,474393.0,1,0,0,0,0.0,0
2328,2024-01-14 01:00,321349.0,1,0,0,1,0.16666666666666666,0
2329,2024-01-14 02:00,211918.0,1,0,0,0,0.0,0
2330,2024-01-14 03:00,309550.0,1,0,0,0,0.0,0
2331,2024-01-14 04:00,180101.0,1,0,0,0,0.0,0
2332,2024-01-14 05:00,333719.0,1,0,0,0,0.0,0
2333,2024-01-14 06:00,158183.0,1,0,1,0,0.3333333333333333,0
2334,2024-01-14 07:00,172099.0,1,0,0,0,0.0,0
2335,2024-01-14 08:00,172776.0,1,0,0,0,0.0,0
2336,2024-01-14 09:00,206075.0,1,0,0,0,0.0,0
2337,2024-01-14 10:00,268380.0,1,0,0,0,0.0,0
2338,2024-01-14 11:00,351975.0,1,0,0,0,0.0,0
2339,2024-01-14 12:00,358347.0,1,0,0,0,0.0,0
2340,2024-01-14 13:00,443406.0,1,0,0,0,0.0,0
2341,2024-01-14 14:00,251049.0,1,0,0,0,0.0,0
2342,2024-01-14 15:00,204127.0,1,0,0,0,0.0,0
2343,2024-01-14 16:00,154471.0,1,0,1,0,0.3333333333333333,0
2344,2024-01-14 17:00,133432.0,1,0,1,0,0.3333333333333333,0
2345,2024-01-14 18:00,253229.0,1,0,0,0,0.0,0
2346,2024-01-14 19:00,389998.0,1,0,0,0,0.0,0
2347,2024-01-14 20:00,382684.0,1,0,0,0,0.0,0
2348,2024-01-14 21:00,257011.0,1,0,0,0,0.0,0
2349,2024-01-14 22:00,353892.0,1,0,0,0,0.0,0
2350,2024-01-14 23:00,189959.0,1,0,0,0,0.0,0
2351,2024-01-15 00:00,152758.0,0,0,1,0,0.3333333333333333,0
2352,2024-01-15 01:00,169199.0,0,0,0,0,0.0,0
2353,2024-01-15 02:00,71373.0,0,0,1,0,0.3333333333333333,0
2354,2024-01-15 03:00,181438.0,0,0,0,0,0.0,0
2355,2024-01-15 04:00,379110.0,0,0,0,0,0.0,0
2356,2024-01-15 05:00,737733.0,0,0,0,0,0.0,0
2357,2024-01-15 06:00,497599.0,0,0,1,0,0.3333333333333333,0
2358,2024-01-15 07:00,709493.0,0,0,0,0,0.0,0
2359,2024-01-15 08:00,465173.0,0,0,1,0,0.3333333333333333,0
2360,2024-01-15 09:00,456833.0,0,0,0,0,0.0,0
2361,2024-01-15 10:00,548793.0,0,0,1,0,0.3333333333333333,0
2362,2024-01-15 11:00,625765.0,0,0,1,0,0.3333333333333333,0
2363,2024-01-15 12:00,421486.0,0,0,0,0,0.0,0
2364,2024-01-15 13:00,420848.0,0,0,0,0,0.0,0
2365,2024-01-15 14:00,323329.0,0,0,0,0,0.0,0
2366,2024-01-15 15:00,277122.0,0,0,0,0,0.0,0
2367,2024-01-15 16:00,71579.0,0,0,1,0,0.3333333333333333,0
2368,2024-01-15 17:00,127606.0,0,0,1,0,0.3333333333333333,0
2369,2024-01-15 18:00,155722.0,0,0,1,0,0.3333333333333333,0
2370,2024-01-15 19:00,140456.0,0,0,1,0,0.3333333333333333,0
2371,2024-01-15 20:00,128467.0,0,0,1,0,0.3333333333333333,0
2372,2024-01-15 21:00,226369.0,0,0,0,0,0.0,0
2373,2024-01-15 22:00,118515.0,0,0,1,0,0.3333333333333333,0
2374,2024-01-15 23:00,146376.0,0,0,1,0,0.3333333333333333,0
2375,2024-01-16 00:00,180823.0,0,0,0,0,0.0,0
2376,2024-01-16 01:00,101094.0,0,0,1,1,0.5,0
2377,2024-01-16 02:00,91562.0,0,0,1,0,0.3333333333333333,0
2378,2024-01-16 03:00,97966.0,0,0,1,0,0.3333333333333333,0
2379,2024-01-16 04:00,386075.0,0,0,0,0,0.0,0
2380,2024-01-16 05:00,637410.0,0,0,1,0,0.3333333333333333,0
2381,2024-01-16 06:00,555174.0,0,0,1,0,0.3333333333333333,0
2382,2024-01-16 07:00,677611.0,0,0,0,0,0.0,0
2383,2024-01-16 08:00,953384.0,0,0,0,1,0.16666666666666666,0
2384,2024-01-16 09:00,603853.0,0,0,1,0,0.3333333333333333,0
2385,2024-01-16 10:00,547535.0,0,0,1,0,0.3333333333333333,0
2386,2024-01-16 11:00,580711.0,0,0,1,0,0.3333333333333333,0
2387,2024-01-16 12:00,581507.0,0,0,1,0,0.3333333333333333,0
2388,2024-01-16 13:00,391317.0,0,0,0,0,0.0,0
2389,2024-01-16 14:00,244508.0,0,0,0,0,0.0,0
2390,2024-01-16 15:00,254233.0,0,0,0,0,0.0,0
2391,2024-01-16 16:00,207715.0,0,0,0,0,0.0,0
2392,2024-01-16 17:00,245062.0,0,0,0,0,0.0,0
2393,2024-01-16 18:00,200430.0,0,0,0,0,0.0,0
2394,2024-01-16 19:00,339961.0,0,0,0,0,0.0,0
2395,2024-01-16 20:00,290238.0,0,0,0,0,0.0,0
2396,2024-01-16 21:00,393798.0,0,0,0,0,0.0,0
2397,2024-01-16 22:00,672913.0,0,0,0,0,0.0,0
2398,2024-01-16 23:00,219155.0,0,0,0,0,0.0,0
2399,2024-01-17 00:00,183578.0,0,0,0,0,0.0,0
2400,2024-01-17 01:00,113239.0,0,0,1,0,0.3333333333333333,0
2401,2024-01-17 02:00,238464.0,0,0,0,0,0.0,0
2402,2024-01-17 03:00,253204.0,0,0,0,0,0.0,0
2403,2024-01-17 04:00,482707.0,0,0,1,0,0.3333333333333333,0
2404,2024-01-17 05:00,729151.0,0,0,0,0,0.0,0
2405,2024-01-17 06:00,617808.0,0,0,1,0,0.3333333333333333,0
2406,2024-01-17 07:00,765718.0,0,0,0,0,0.0,0
2407,2024-01-17 08:00,777865.0,0,0,0,1,0.16666666666666666,0
2408,2024-01-17 09:00,1070209.0,0,0,1,0,0.3333333333333333,0
2409,2024-01-17 10:00,746821.0,0,0,0,0,0.0,0
2410,2024-01-17 11:00,752882.0,0,0,0,0,0.0,0
2411,2024-01-17 12:00,876720.0,0,0,0,0,0.0,0
2412,2024-01-17 13:00,426232.0,0,0,0,0,0.0,0
2413,2024-01-17 14:00,218238.0,0,0,0,0,0.0,0
2414,2024-01-17 15:00,200701.0,0,0,0,0,0.0,0
2415,2024-01-17 16:00,152341.0,0,0,0,0,0.0,0
2416,2024-01-17 17:00,138889.0,0,0,0,0,0.0,0
2417,2024-01-17 18:00,249861.0,0,0,0,0,0.0,0
2418,2024-01-17 19:00,1152155.0,0,0,1,0,0.3333333333333333,0
2419,2024-01-17 20:00,688325.0,0,0,0,0,0.0,0
2420,2024-01-17 21:00,628385.0,0,0,1,0,0.3333333333333333,0
2421,2024-01-17 22:00,662620.0,0,0,0,0,0.0,0
2422,2024-01-17 23:00,410282.0,0,0,0,0,0.0,0
2423,2024-01-18 00:00,251508.0,0,0,0,0,0.0,0
2424,2024-01-18 01:00,194373.0,0,0,0,0,0.0,0
2425,2024-01-18 02:00,161177.0,0,0,0,0,0.0,0
2426,2024-01-18 03:00,224637.0,0,0,0,0,0.0,0
2427,2024-01-18 04:00,415601.0,0,0,0,0,0.0,0
2428,2024-01-18 05:00,973722.0,0,0,0,0,0.0,0
2429,2024-01-18 06:00,699956.0,0,0,0,0,0.0,0
2430,2024-01-18 07:00,447276.0,0,0,1,0,0.3333333333333333,0
2431,2024-01-18 08:00,682461.0,0,0,0,0,0.0,0
2432,2024-01-18 09:00,397087.0,0,0,0,0,0.0,0
2433,2024-01-18 10:00,541871.0,0,0,1,0,0.3333333333333333,0
2434,2024-01-18 11:00,737622.0,0,0,0,0,0.0,0
2435,2024-01-18 12:00,570321.0,0,0,1,0,0.3333333333333333,0
2436,2024-01-18 13:00,243226.0,0,0,0,0,0.0,0
2437,2024-01-18 14:00,235359.0,0,0,0,0,0.0,0
2438,2024-01-18 15:00,280906.0,0,0,0,0,0.0,0
2439,2024-01-18 16:00,211109.0,0,0,0,0,0.0,0
2440,2024-01-18 17:00,300397.0,0,0,0,0,0.0,0
2441,2024-01-18 18:00,527575.0,0,0,1,0,0.3333333333333333,0
2442,2024-01-18 19:00,251668.0,0,0,0,0,0.0,0
2443,2024-01-18 20:00,230670.0,0,0,0,0,0.0,0
2444,2024-01-18 21:00,722858.0,0,0,0,0,0.0,0
2445,2024-01-18 22:00,505465.0,0,0,1,0,0.3333333333333333,0
2446,2024-01-18 23:00,466874.0,0,0,0,0,0.0,0
2447,2024-01-19 00:00,357156.0,0,0,0,0,0.0,0
2448,2024-01-19 01:00,217636.0,0,0,0,0,0.0,0
2449,2024-01-19 02:00,319834.0,0,0,0,0,0.0,0
2450,2024-01-19 03:00,310317.0,0,0,0,0,0.0,0
2451,2024-01-19 04:00,449579.0,0,0,0,0,0.0,0
2452,2024-01-19 05:00,607571.0,0,0,1,0,0.3333333333333333,0
2453,2024-01-19 06:00,575368.0,0,0,1,0,0.3333333333333333,0
2454,2024-01-19 07:00,1011050.0,0,0,1,0,0.3333333333333333,0
2455,2024-01-19 08:00,1281304.0,0,0,1,0,0.3333333333333333,0
2456,2024-01-19 09:00,675983.0,0,0,0,0,0.0,0
2457,2024-01-19 10:00,361758.0,0,0,0,0,0.0,0
2458,2024-01-19 11:00,1068867.0,0,0,1,0,0.3333333333333333,0
2459,2024-01-19 12:00,688421.0,0,0,0,0,0.0,0
2460,2024-01-19 13:00,319678.0,0,0,0,0,0.0,0
2461,2024-01-19 14:00,404066.0,0,0,0,0,0.0,0
2462,2024-01-19 15:00,130881.0,0,0,0,0,0.0,0
2463,2024-01-19 16:00,112114.0,0,0,1,0,0.3333333333333333,0
2464,2024-01-19 17:00,103625.0,0,0,1,0,0.3333333333333333,0
2465,2024-01-19 18:00,82940.0,0,0,1,0,0.3333333333333333,0
2466,2024-01-19 19:00,143249.0,0,0,0,0,0.0,0
2467,2024-01-19 20:00,190032.0,0,0,0,1,0.16666666666666666,0
2468,2024-01-19 21:00,265415.0,0,0,0,0,0.0,0
2469,2024-01-19 22:00,213362.0,0,0,0,1,0.16666666666666666,0
2470,2024-01-19 23:00,248378.0,0,0,0,0,0.0,0
2471,2024-01-20 00:00,128814.0,1,0,0,0,0.0,0
2472,2024-01-20 01:00,107608.0,1,0,1,0,0.3333333333333333,0
2473,2024-01-20 02:00,104302.0,1,0,1,0,0.3333333333333333,0
2474,2024-01-20 03:00,62637.0,1,0,1,0,0.3333333333333333,0
2475,2024-01-20 04:00,96572.0,1,0,1,0,0.3333333333333333,0
2476,2024-01-20 05:00,145772.0,1,0,0,0,0.0,0
2477,2024-01-20 06:00,139381.0,1,0,0,0,0.0,0
2478,2024-01-20 07:00,142722.0,1,0,0,0,0.0,0
2479,2024-01-20 08:00,167118.0,1,0,0,0,0.0,0
2480,2024-01-20 09:00,262895.0,1,0,0,0,0.0,0
2481,2024-01-20 10:00,377543.0,1,0,0,0,0.0,0
2482,2024-01-20 11:00,290970.0,1,0,0,0,0.0,0
2483,2024-01-20 12:00,227453.0,1,0,0,0,0.0,0
2484,2024-01-20 13:00,211615.0,1,0,0,0,0.0,0
2485,2024-01-20 14:00,159242.0,1,0,0,0,0.0,0
2486,2024-01-20 15:00,312594.0,1,0,0,0,0.0,0
2487,2024-01-20 16:00,597536.0,1,0,1,0,0.3333333333333333,0
2488,2024-01-20 17:00,738919.0,1,0,0,1,0.16666666666666666,0
2489,2024-01-20 18:00,183171.0,1,0,0,0,0.0,0
2490,2024-01-20 19:00,278495.0,1,0,0,0,0.0,0
2491,2024-01-20 20:00,335879.0,1,0,0,0,0.0,0
2492,2024-01-20 21:00,270031.0,1,0,0,0,0.0,0
2493,2024-01-20 22:00,293601.0,1,0,0,0,0.0,0
2494,2024-01-20 23:00,167363.0,1,0,0,0,0.0,0
2495,2024-01-21 00:00,50354.0,1,0,1,0,0.3333333333333333,0
2496,2024-01-21 01:00,199243.0,1,0,0,0,0.0,0
2497,2024-01-21 02:00,113242.0,1,0,0,0,0.0,0
2498,2024-01-21 03:00,91432.0,1,0,1,0,0.3333333333333333,0
2499,2024-01-21 04:00,54514.0,1,0,1,0,0.3333333333333333,0
2500,2024-01-21 05:00,68761.0,1,0,1,0,0.3333333333333333,0
2501,2024-01-21 06:00,78539.0,1,0,1,0,0.3333333333333333,0
2502,2024-01-21 07:00,68273.0,1,0,1,0,0.3333333333333333,0
2503,2024-01-21 08:00,300958.0,1,0,0,0,0.0,0
2504,2024-01-21 09:00,235005.0,1,0,0,0,0.0,0
2505,2024-01-21 10:00,403319.0,1,0,0,0,0.0,0
2506,2024-01-21 11:00,365703.0,1,0,0,0,0.0,0
2507,2024-01-21 12:00,462038.0,1,0,1,0,0.3333333333333333,0
2508,2024-01-21 13:00,184913.0,1,0,0,0,0.0,0
2509,2024-01-21 14:00,150188.0,1,0,0,0,0.0,0
2510,2024-01-21 15:00,280932.0,1,0,0,0,0.0,0
2511,2024-01-21 16:00,62028.0,1,0,1,0,0.3333333333333333,0
2512,2024-01-21 17:00,85532.0,1,0,0,0,0.0,0
2513,2024-01-21 18:00,157682.0,1,0,0,0,0.0,0
2514,2024-01-21 19:00,341415.0,1,0,0,0,0.0,0
2515,2024-01-21 20:00,135888.0,1,0,0,0,0.0,0
2516,2024-01-21 21:00,173899.0,1,0,0,0,0.0,0
2517,2024-01-21 22:00,181846.0,1,0,0,0,0.0,0
2518,2024-01-21 23:00,243189.0,1,0,0,0,0.0,0
2519,2024-01-22 00:00,156612.0,0,0,0,0,0.0,0
2520,2024-01-22 01:00,327199.0,0,0,0,0,0.0,0
2521,2024-01-22 02:00,104360.0,0,0,0,0,0.0,0
2522,2024-01-22 03:00,174435.0,0,0,0,0,0.0,0
2523,2024-01-22 04:00,273920.0,0,0,0,0,0.0,0
2524,2024-01-22 05:00,497508.0,0,0,1,0,0.3333333333333333,0
2525,2024-01-22 06:00,575077.0,0,0,1,0,0.3333333333333333,0
2526,2024-01-22 07:00,846091.0,0,0,0,1,0.16666666666666666,0
2527,2024-01-22 08:00,675595.0,0,0,0,0,0.0,0
2528,2024-01-22 09:00,697848.0,0,0,0,0,0.0,0
2529,2024-01-22 10:00,959589.0,0,0,0,0,0.0,0
2530,2024-01-22 11:00,640479.0,0,0,1,0,0.3333333333333333,0
2531,2024-01-22 12:00,524873.0,0,0,1,0,0.3333333333333333,0
2532,2024-01-22 13:00,501826.0,0,0,1,0,0.3333333333333333,0
2533,2024-01-22 14:00,529041.0,0,0,1,0,0.3333333333333333,0
2534,2024-01-22 15:00,556982.0,0,0,1,0,0.3333333333333333,0
2535,2024-01-22 16:00,116482.0,0,0,0,0,0.0,0
2536,2024-01-22 17:00,166968.0,0,0,0,0,0.0,0
2537,2024-01-22 18:00,157927.0,0,0,0,0,0.0,0
2538,2024-01-22 19:00,387163.0,0,0,0,0,0.0,0
2539,2024-01-22 20:00,336703.0,0,0,0,0,0.0,0
2540,2024-01-22 21:00,423875.0,0,0,1,0,0.3333333333333333,0
2541,2024-01-22 22:00,377514.0,0,0,0,0,0.0,0
2542,2024-01-22 23:00,240911.0,0,0,0,0,0.0,0
2543,2024-01-23 00:00,153396.0,0,0,0,0,0.0,0
2544,2024-01-23 01:00,269322.0,0,0,0,0,0.0,0
2545,2024-01-23 02:00,309938.0,0,0,0,0,0.0,0
2546,2024-01-23 03:00,265486.0,0,0,0,0,0.0,0
2547,2024-01-23 04:00,427467.0,0,0,1,0,0.3333333333333333,0
2548,2024-01-23 05:00,1195369.0,0,0,1,0,0.3333333333333333,0
2549,2024-01-23 06:00,664019.0,0,0,0,0,0.0,0
2550,2024-01-23 07:00,1042606.0,0,0,1,0,0.3333333333333333,0
2551,2024-01-23 08:00,577942.0,0,0,1,0,0.3333333333333333,0
2552,2024-01-23 09:00,700345.0,0,0,0,0,0.0,0
2553,2024-01-23 10:00,790363.0,0,0,0,0,0.0,0
2554,2024-01-23 11:00,777909.0,0,0,0,0,0.0,0
2555,2024-01-23 12:00,751531.0,0,0,0,0,0.0,0
2556,2024-01-23 13:00,273021.0,0,0,0,0,0.0,0
2557,2024-01-23 14:00,287401.0,0,0,0,0,0.0,0
2558,2024-01-23 15:00,228605.0,0,0,0,0,0.0,0
2559,2024-01-23 16:00,235712.0,0,0,0,0,0.0,0
2560,2024-01-23 17:00,394493.0,0,0,0,0,0.0,0
2561,2024-01-23 18:00,184092.0,0,0,0,0,0.0,0
2562,2024-01-23 19:00,741245.0,0,0,0,0,0.0,0
2563,2024-01-23 20:00,329180.0,0,0,0,0,0.0,0
2564,2024-01-23 21:00,648217.0,0,0,1,0,0.3333333333333333,0
2565,2024-01-23 22:00,398904.0,0,0,0,0,0.0,0
2566,2024-01-23 23:00,289829.0,0,0,0,0,0.0,0
2567,2024-01-24 00:00,107719.0,0,0,0,0,0.0,0
2568,2024-01-24 01:00,89279.0,0,0,0,0,0.0,0
2569,2024-01-24 02:00,115148.0,0,0,0,0,0.0,0
2570,2024-01-24 03:00,129154.0,0,0,0,0,0.0,0
2571,2024-01-24 04:00,308916.0,0,0,0,0,0.0,0
2572,2024-01-24 05:00,617388.0,0,0,1,0,0.3333333333333333,0
2573,2024-01-24 06:00,771262.0,0,0,0,0,0.0,0
2574,2024-01-24 07:00,605691.0,0,0,1,0,0.3333333333333333,0
2575,2024-01-24 08:00,490823.0,0,0,1,0,0.3333333333333333,0
2576,2024-01-24 09:00,1386601.0,0,0,1,0,0.3333333333333333,0
2577,2024-01-24 10:00,854398.0,0,0,0,0,0.0,0
2578,2024-01-24 11:00,977616.0,0,0,0,0,0.0,0
2579,2024-01-24 12:00,4888574.0,0,1,1,1,0.9999999999999999,1
2580,2024-01-24 13:00,3119387.0,0,0,1,0,0.3333333333333333,0
2581,2024-01-24 14:00,959401.0,0,0,0,0,0.0,0
2582,2024-01-24 15:00,811615.0,0,0,0,0,0.0,0
2583,2024-01-24 16:00,361034.0,0,0,0,0,0.0,0
2584,2024-01-24 17:00,701065.0,0,0,0,0,0.0,0
2585,2024-01-24 18:00,264957.0,0,0,0,0,0.0,0
2586,2024-01-24 19:00,412616.0,0,0,0,0,0.0,0
2587,2024-01-24 20:00,243793.0,0,0,0,0,0.0,0
2588,2024-01-24 21:00,308574.0,0,0,0,0,0.0,0
2589,2024-01-24 22:00,187497.0,0,0,0,1,0.16666666666666666,0
2590,2024-01-24 23:00,179393.0,0,0,0,1,0.16666666666666666,0
2591,2024-01-25 00:00,239994.0,0,0,0,0,0.0,0
2592,2024-01-25 01:00,242692.0,0,0,0,0,0.0,0
2593,2024-01-25 02:00,151611.0,0,0,0,1,0.16666666666666666,0
2594,2024-01-25 03:00,212621.0,0,0,0,0,0.0,0
2595,2024-01-25 04:00,389798.0,0,0,0,0,0.0,0
2596,2024-01-25 05:00,765028.0,0,0,0,0,0.0,0
2597,2024-01-25 06:00,674508.0,0,0,0,0,0.0,0
2598,2024-01-25 07:00,858866.0,0,0,0,0,0.0,0
2599,2024-01-25 08:00,423251.0,0,0,0,0,0.0,0
2600,2024-01-25 09:00,527634.0,0,0,0,0,0.0,0
2601,2024-01-25 10:00,536248.0,0,0,0,0,0.0,0
2602,2024-01-25 11:00,377205.0,0,0,0,0,0.0,0
2603,2024-01-25 12:00,417642.0,0,0,0,0,0.0,0
2604,2024-01-25 13:00,203012.0,0,0,0,0,0.0,0
2605,2024-01-25 14:00,135855.0,0,0,0,0,0.0,0
2606,2024-01-25 15:00,174741.0,0,0,0,0,0.0,0
2607,2024-01-25 16:00,257954.0,0,0,0,0,0.0,0
2608,2024-01-25 17:00,357793.0,0,0,0,0,0.0,0
2609,2024-01-25 18:00,494610.0,0,0,0,0,0.0,0
2610,2024-01-25 19:00,422964.0,0,0,0,0,0.0,0
2611,2024-01-25 20:00,364733.0,0,0,0,0,0.0,0
2612,2024-01-25 21:00,467414.0,0,0,0,0,0.0,0
2613,2024-01-25 22:00,511206.0,0,0,0,0,0.0,0
2614,2024-01-25 23:00,157008.0,0,0,0,0,0.0,0
2615,2024-01-26 00:00,161869.0,0,0,0,0,0.0,0
2616,2024-01-26 01:00,128815.0,0,0,0,0,0.0,0
2617,2024-01-26 02:00,153649.0,0,0,0,0,0.0,0
2618,2024-01-26 03:00,236620.0,0,0,0,0,0.0,0
2619,2024-01-26 04:00,380380.0,0,0,0,0,0.0,0
2620,2024-01-26 05:00,775679.0,0,0,0,0,0.0,0
2621,2024-01-26 06:00,493494.0,0,0,0,0,0.0,0
2622,2024-01-26 07:00,624187.0,0,0,0,0,0.0,0
2623,2024-01-26 08:00,1076484.0,0,0,0,0,0.0,0
2624,2024-01-26 09:00,601826.0,0,0,0,0,0.0,0
2625,2024-01-26 10:00,504568.0,0,0,0,0,0.0,0
2626,2024-01-26 11:00,711292.0,0,0,0,0,0.0,0
2627,2024-01-26 12:00,680618.0,0,0,0,0,0.0,0
2628,2024-01-26 13:00,466539.0,0,0,0,0,0.0,0
2629,2024-01-26 14:00,329457.0,0,0,0,0,0.0,0
2630,2024-01-26 15:00,256276.0,0,0,0,0,0.0,0
2631,2024-01-26 16:00,228882.0,0,0,0,0,0.0,0
2632,2024-01-26 17:00,280784.0,0,0,0,0,0.0,0
2633,2024-01-26 18:00,240024.0,0,0,0,0,0.0,0
2634,2024-01-26 19:00,298969.0,0,0,0,0,0.0,0
2635,2024-01-26 20:00,278164.0,0,0,0,0,0.0,0
2636,2024-01-26 21:00,630996.0,0,0,0,0,0.0,0
2637,2024-01-26 22:00,442648.0,0,0,0,0,0.0,0
2638,2024-01-26 23:00,408505.0,0,0,0,0,0.0,0
2639,2024-01-27 00:00,380120.0,1,0,0,0,0.0,0
2640,2024-01-27 01:00,262502.0,1,0,0,0,0.0,0
2641,2024-01-27 02:00,244839.0,1,0,0,0,0.0,0
2642,2024-01-27 03:00,185097.0,1,0,0,0,0.0,0
2643,2024-01-27 04:00,235147.0,1,0,0,0,0.0,0
2644,2024-01-27 05:00,412266.0,1,0,0,0,0.0,0
2645,2024-01-27 06:00,368198.0,1,0,0,0,0.0,0
2646,2024-01-27 07:00,160708.0,1,0,0,0,0.0,0
2647,2024-01-27 08:00,442556.0,1,0,0,0,0.0,0
2648,2024-01-27 09:00,381701.0,1,0,0,0,0.0,0
2649,2024-01-27 10:00,262405.0,1,0,0,0,0.0,0
2650,2024-01-27 11:00,527967.0,1,0,0,0,0.0,0
2651,2024-01-27 12:00,2092684.0,1,0,1,1,0.5,0
2652,2024-01-27 13:00,690807.0,1,0,0,0,0.0,0
2653,2024-01-27 14:00,714652.0,1,0,0,0,0.0,0
2654,2024-01-27 15:00,2022024.0,1,0,1,0,0.3333333333333333,0
2655,2024-01-27 16:00,278151.0,1,0,0,0,0.0,0
2656,2024-01-27 17:00,553882.0,1,0,0,0,0.0,0
2657,2024-01-27 18:00,406752.0,1,0,0,0,0.0,0
2658,2024-01-27 19:00,333520.0,1,0,0,0,0.0,0
2659,2024-01-27 20:00,261625.0,1,0,0,0,0.0,0
2660,2024-01-27 21:00,1102171.0,1,0,0,0,0.0,0
2661,2024-01-27 22:00,842049.0,1,0,0,0,0.0,0
2662,2024-01-27 23:00,196494.0,1,0,0,0,0.0,0
2663,2024-01-28 00:00,465960.0,1,0,0,0,0.0,0
2664,2024-01-28 01:00,527468.0,1,0,0,0,0.0,0
2665,2024-01-28 02:00,326184.0,1,0,0,0,0.0,0
2666,2024-01-28 03:00,101421.0,1,0,0,0,0.0,0
2667,2024-01-28 04:00,84016.0,1,0,0,0,0.0,0
2668,2024-01-28 05:00,170935.0,1,0,0,0,0.0,0
2669,2024-01-28 06:00,328630.0,1,0,0,0,0.0,0
2670,2024-01-28 07:00,353742.0,1,0,0,0,0.0,0
2671,2024-01-28 08:00,278872.0,1,0,0,0,0.0,0
2672,2024-01-28 09:00,481026.0,1,0,0,1,0.16666666666666666,0
2673,2024-01-28 10:00,273291.0,1,0,0,0,0.0,0
2674,2024-01-28 11:00,298586.0,1,0,0,1,0.16666666666666666,0
2675,2024-01-28 12:00,265775.0,1,0,0,0,0.0,0
2676,2024-01-28 13:00,278482.0,1,0,0,0,0.0,0
2677,2024-01-28 14:00,391772.0,1,0,0,0,0.0,0
2678,2024-01-28 15:00,1648334.0,1,0,1,0,0.3333333333333333,0
2679,2024-01-28 16:00,185178.0,1,0,0,0,0.0,0
2680,2024-01-28 17:00,100593.0,1,0,0,0,0.0,0
2681,2024-01-28 18:00,645157.0,1,0,0,0,0.0,0
2682,2024-01-28 19:00,633364.0,1,0,0,0,0.0,0
2683,2024-01-28 20:00,852836.0,1,0,0,0,0.0,0
2684,2024-01-28 21:00,936377.0,1,0,0,0,0.0,0
2685,2024-01-28 22:00,596141.0,1,0,0,0,0.0,0
2686,2024-01-28 23:00,454752.0,1,0,0,0,0.0,0
2687,2024-01-29 00:00,366431.0,0,0,0,0,0.0,0
2688,2024-01-29 01:00,439192.0,0,0,0,0,0.0,0
2689,2024-01-29 02:00,294312.0,0,0,0,0,0.0,0
2690,2024-01-29 03:00,196451.0,0,0,0,1,0.16666666666666666,0
2691,2024-01-29 04:00,503904.0,0,0,0,0,0.0,0
2692,2024-01-29 05:00,766177.0,0,0,0,0,0.0,0
2693,2024-01-29 06:00,364925.0,0,0,0,0,0.0,0
2694,2024-01-29 07:00,656326.0,0,0,0,0,0.0,0
2695,2024-01-29 08:00,707998.0,0,0,0,0,0.0,0
2696,2024-01-29 09:00,906274.0,0,0,0,0,0.0,0
2697,2024-01-29 10:00,918520.0,0,0,0,0,0.0,0
2698,2024-01-29 11:00,732750.0,0,0,0,0,0.0,0
2699,2024-01-29 12:00,444222.0,0,0,0,0,0.0,0
2700,2024-01-29 13:00,313354.0,0,0,0,0,0.0,0
2701,2024-01-29 14:00,186500.0,0,0,0,0,0.0,0
2702,2024-01-29 15:00,410467.0,0,0,0,0,0.0,0
2703,2024-01-29 16:00,182633.0,0,0,0,0,0.0,0
2704,2024-01-29 17:00,178843.0,0,0,0,0,0.0,0
2705,2024-01-29 18:00,242177.0,0,0,0,0,0.0,0
2706,2024-01-29 19:00,577808.0,0,0,0,0,0.0,0
2707,2024-01-29 20:00,499362.0,0,0,0,0,0.0,0
2708,2024-01-29 21:00,924346.0,0,0,0,0,0.0,0
2709,2024-01-29 22:00,406665.0,0,0,0,0,0.0,0
2710,2024-01-29 23:00,695244.0,0,0,0,0,0.0,0
2711,2024-01-30 00:00,497502.0,0,0,0,0,0.0,0
2712,2024-01-30 01:00,251484.0,0,0,0,0,0.0,0
2713,2024-01-30 02:00,177564.0,0,0,0,0,0.0,0
2714,2024-01-30 03:00,214994.0,0,0,0,0,0.0,0
2715,2024-01-30 04:00,399642.0,0,0,0,0,0.0,0
2716,2024-01-30 05:00,839058.0,0,0,0,0,0.0,0
2717,2024-01-30 06:00,517649.0,0,0,0,0,0.0,0
2718,2024-01-30 07:00,437117.0,0,0,0,0,0.0,0
2719,2024-01-30 08:00,469665.0,0,0,0,0,0.0,0
2720,2024-01-30 09:00,766515.0,0,0,0,0,0.0,0
2721,2024-01-30 10:00,817257.0,0,0,0,0,0.0,0
2722,2024-01-30 11:00,568417.0,0,0,0,0,0.0,0
2723,2024-01-30 12:00,620123.0,0,0,0,0,0.0,0
2724,2024-01-30 13:00,358690.0,0,0,0,0,0.0,0
2725,2024-01-30 14:00,225274.0,0,0,0,0,0.0,0
2726,2024-01-30 15:00,231911.0,0,0,0,0,0.0,0
2727,2024-01-30 16:00,254209.0,0,0,0,0,0.0,0
2728,2024-01-30 17:00,171061.0,0,0,0,0,0.0,0
2729,2024-01-30 18:00,326269.0,0,0,0,0,0.0,0
2730,2024-01-30 19:00,514831.0,0,0,0,0,0.0,0
2731,2024-01-30 20:00,790214.0,0,0,0,0,0.0,0
2732,2024-01-30 21:00,629284.0,0,0,0,0,0.0,0
2733,2024-01-30 22:00,1179454.0,0,0,1,0,0.3333333333333333,0
2734,2024-01-30 23:00,685493.0,0,0,0,0,0.0,0
2735,2024-01-31 00:00,255236.0,0,0,0,0,0.0,0
2736,2024-01-31 01:00,291569.0,0,0,0,0,0.0,0
2737,2024-01-31 02:00,235617.0,0,0,0,0,0.0,0
2738,2024-01-31 03:00,195391.0,0,0,0,0,0.0,0
2739,2024-01-31 04:00,295384.0,0,0,0,0,0.0,0
2740,2024-01-31 05:00,520750.0,0,0,0,0,0.0,0
2741,2024-01-31 06:00,621428.0,0,0,0,0,0.0,0
2742,2024-01-31 07:00,496875.0,0,0,0,0,0.0,0
2743,2024-01-31 08:00,703774.0,0,0,0,0,0.0,0
2744,2024-01-31 09:00,807268.0,0,0,0,0,0.0,0
2745,2024-01-31 10:00,1613415.0,0,0,1,0,0.3333333333333333,0
2746,2024-01-31 11:00,1045138.0,0,0,0,0,0.0,0
2747,2024-01-31 12:00,874124.0,0,0,0,0,0.0,0
2748,2024-01-31 13:00,684844.0,0,0,0,0,0.0,0
2749,2024-01-31 14:00,306636.0,0,0,0,0,0.0,0
2750,2024-01-31 15:00,261045.0,0,0,0,0,0.0,0
2751,2024-01-31 16:00,288469.0,0,0,0,0,0.0,0
2752,2024-01-31 17:00,268374.0,0,0,0,0,0.0,0
2753,2024-01-31 18:00,390421.0,0,0,0,0,0.0,0
2754,2024-01-31 19:00,974050.0,0,0,0,0,0.0,0
2755,2024-01-31 20:00,394204.0,0,0,0,0,0.0,0
2756,2024-01-31 21:00,157320.0,0,0,0,0,0.0,0
2757,2024-01-31 22:00,154878.0,0,0,0,0,0.0,0
2758,2024-01-31 23:00,167905.0,0,0,0,0,0.0,0
2759,2024-02-01 00:00,50055.0,0,0,1,0,0.3333333333333333,0
2760,2024-02-01 01:00,217153.0,0,0,0,0,0.0,0
2761,2024-02-01 02:00,95072.0,0,0,0,0,0.0,0
2762,2024-02-01 03:00,299858.0,0,0,0,0,0.0,0
2763,2024-02-01 04:00,350030.0,0,0,0,0,0.0,0
2764,2024-02-01 05:00,466964.0,0,0,0,0,0.0,0
2765,2024-02-01 06:00,600249.0,0,0,0,0,0.0,0
2766,2024-02-01 07:00,398760.0,0,0,0,0,0.0,0
2767,2024-02-01 08:00,406249.0,0,0,0,0,0.0,0
2768,2024-02-01 09:00,559045.0,0,0,0,0,0.0,0
2769,2024-02-01 10:00,774767.0,0,0,0,0,0.0,0
2770,2024-02-01 11:00,670187.0,0,0,0,0,0.0,0
2771,2024-02-01 12:00,915920.0,0,0,0,0,0.0,0
2772,2024-02-01 13:00,460611.0,0,0,0,0,0.0,0
2773,2024-02-01 14:00,362495.0,0,0,0,0,0.0,0
2774,2024-02-01 15:00,411014.0,0,0,0,0,0.0,0
2775,2024-02-01 16:00,271519.0,0,0,0,0,0.0,0
2776,2024-02-01 17:00,348381.0,0,0,0,0,0.0,0
2777,2024-02-01 18:00,341660.0,0,0,0,0,0.0,0
2778,2024-02-01 19:00,464067.0,0,0,0,0,0.0,0
2779,2024-02-01 20:00,396398.0,0,0,0,0,0.0,0
2780,2024-02-01 21:00,563585.0,0,0,1,0,0.3333333333333333,0
2781,2024-02-01 22:00,211519.0,0,0,0,0,0.0,0
2782,2024-02-01 23:00,183301.0,0,0,0,0,0.0,0
2783,2024-02-02 00:00,250997.0,0,0,0,0,0.0,0
2784,2024-02-02 01:00,170533.0,0,0,0,0,0.0,0
2785,2024-02-02 02:00,243050.0,0,0,0,0,0.0,0
2786,2024-02-02 03:00,214335.0,0,0,0,0,0.0,0
2787,2024-02-02 04:00,340944.0,0,0,0,0,0.0,0
2788,2024-02-02 05:00,723426.0,0,0,0,0,0.0,0
2789,2024-02-02 06:00,725372.0,0,0,0,0,0.0,0
2790,2024-02-02 07:00,422479.0,0,0,0,0,0.0,0
2791,2024-02-02 08:00,520624.0,0,0,1,0,0.3333333333333333,0
2792,2024-02-02 09:00,600387.0,0,0,0,0,0.0,0
2793,2024-02-02 10:00,809643.0,0,0,0,0,0.0,0
2794,2024-02-02 11:00,416387.0,0,0,0,0,0.0,0
2795,2024-02-02 12:00,308443.0,0,0,0,0,0.0,0
2796,2024-02-02 13:00,446037.0,0,0,0,0,0.0,0
2797,2024-02-02 14:00,291577.0,0,0,0,0,0.0,0
2798,2024-02-02 15:00,248136.0,0,0,0,0,0.0,0
2799,2024-02-02 16:00,117956.0,0,0,1,0,0.3333333333333333,0
2800,2024-02-02 17:00,193374.0,0,0,0,0,0.0,0
2801,2024-02-02 18:00,183694.0,0,0,0,0,0.0,0
2802,2024-02-02 19:00,246880.0,0,0,0,0,0.0,0
2803,2024-02-02 20:00,1929657.0,0,0,1,1,0.5,0
2804,2024-02-02 21:00,262565.0,0,0,0,0,0.0,0
2805,2024-02-02 22:00,496442.0,0,0,0,0,0.0,0
2806,2024-02-02 23:00,371887.0,0,0,0,0,0.0,0
2807,2024-02-03 00:00,141404.0,1,0,0,0,0.0,0
2808,2024-02-03 01:00,189449.0,1,0,0,0,0.0,0
2809,2024-02-03 02:00,195557.0,1,0,0,0,0.0,0
2810,2024-02-03 03:00,176234.0,1,0,0,0,0.0,0
2811,2024-02-03 04:00,162112.0,1,0,0,0,0.0,0
2812,2024-02-03 05:00,154304.0,1,0,0,0,0.0,0
2813,2024-02-03 06:00,266224.0,1,0,0,0,0.0,0
2814,2024-02-03 07:00,473331.0,1,0,0,0,0.0,0
2815,2024-02-03 08:00,1615427.0,1,0,1,0,0.3333333333333333,0
2816,2024-02-03 09:00,499309.0,1,0,0,0,0.0,0
2817,2024-02-03 10:00,509687.0,1,0,0,0,0.0,0
2818,2024-02-03 11:00,2910616.0,1,0,1,1,0.5,0
2819,2024-02-03 12:00,286065.0,1,0,0,0,0.0,0
2820,2024-02-03 13:00,759982.0,1,0,0,0,0.0,0
2821,2024-02-03 14:00,553040.0,1,0,0,0,0.0,0
2822,2024-02-03 15:00,987845.0,1,0,0,0,0.0,0
2823,2024-02-03 16:00,1144868.0,1,0,0,0,0.0,0
2824,2024-02-03 17:00,331618.0,1,0,0,0,0.0,0
2825,2024-02-03 18:00,1420029.0,1,0,1,0,0.3333333333333333,0
2826,2024-02-03 19:00,457630.0,1,0,0,0,0.0,0
2827,2024-02-03 20:00,1377980.0,1,0,1,0,0.3333333333333333,0
2828,2024-02-03 21:00,555100.0,1,0,0,0,0.0,0
2829,2024-02-03 22:00,432466.0,1,0,0,0,0.0,0
2830,2024-02-03 23:00,349315.0,1,0,0,0,0.0,0
2831,2024-02-04 00:00,275971.0,1,0,0,0,0.0,0
2832,2024-02-04 01:00,248037.0,1,0,0,0,0.0,0
2833,2024-02-04 02:00,111780.0,1,0,0,0,0.0,0
2834,2024-02-04 03:00,102454.0,1,0,0,0,0.0,0
2835,2024-02-04 04:00,98647.0,1,0,0,0,0.0,0
2836,2024-02-04 05:00,177048.0,1,0,0,0,0.0,0
2837,2024-02-04 06:00,143599.0,1,0,0,1,0.16666666666666666,0
2838,2024-02-04 07:00,135075.0,1,0,0,0,0.0,0
2839,2024-02-04 08:00,166298.0,1,0,0,0,0.0,0
2840,2024-02-04 09:00,448942.0,1,0,0,0,0.0,0
2841,2024-02-04 10:00,191667.0,1,0,0,0,0.0,0
2842,2024-02-04 11:00,213000.0,1,0,0,0,0.0,0
2843,2024-02-04 12:00,287502.0,1,0,0,0,0.0,0
2844,2024-02-04 13:00,312775.0,1,0,0,0,0.0,0
2845,2024-02-04 14:00,450211.0,1,0,0,0,0.0,0
2846,2024-02-04 15:00,141384.0,1,0,0,0,0.0,0
2847,2024-02-04 16:00,395471.0,1,0,0,0,0.0,0
2848,2024-02-04 17:00,396110.0,1,0,0,0,0.0,0
2849,2024-02-04 18:00,226445.0,1,0,0,0,0.0,0
2850,2024-02-04 19:00,232440.0,1,0,0,0,0.0,0
2851,2024-02-04 20:00,221365.0,1,0,0,0,0.0,0
2852,2024-02-04 21:00,289665.0,1,0,0,0,0.0,0
2853,2024-02-04 22:00,671713.0,1,0,0,0,0.0,0
2854,2024-02-04 23:00,169195.0,1,0,0,0,0.0,0
2855,2024-02-05 00:00,271496.0,0,0,0,0,0.0,0
2856,2024-02-05 01:00,345772.0,0,0,0,0,0.0,0
2857,2024-02-05 02:00,185324.0,0,0,0,0,0.0,0
2858,2024-02-05 03:00,231824.0,0,0,0,0,0.0,0
2859,2024-02-05 04:00,1178005.0,0,0,1,1,0.5,0
2860,2024-02-05 05:00,1412386.0,0,0,1,0,0.3333333333333333,0
2861,2024-02-05 06:00,1079983.0,0,0,0,0,0.0,0
2862,2024-02-05 07:00,786968.0,0,0,0,0,0.0,0
2863,2024-02-05 08:00,502491.0,0,0,0,0,0.0,0
2864,2024-02-05 09:00,554473.0,0,0,0,0,0.0,0
2865,2024-02-05 10:00,454316.0,0,0,0,0,0.0,0
2866,2024-02-05 11:00,758004.0,0,0,0,0,0.0,0
2867,2024-02-05 12:00,421419.0,0,0,0,0,0.0,0
2868,2024-02-05 13:00,184346.0,0,0,0,0,0.0,0
2869,2024-02-05 14:00,485633.0,0,0,0,0,0.0,0
2870,2024-02-05 15:00,297015.0,0,0,0,0,0.0,0
2871,2024-02-05 16:00,1482687.0,0,0,1,0,0.3333333333333333,0
2872,2024-02-05 17:00,631094.0,0,0,0,0,0.0,0
2873,2024-02-05 18:00,347130.0,0,0,0,0,0.0,0
2874,2024-02-05 19:00,889820.0,0,0,0,0,0.0,0
2875,2024-02-05 20:00,339095.0,0,0,0,0,0.0,0
2876,2024-02-05 21:00,645449.0,0,0,0,0,0.0,0
2877,2024-02-05 22:00,531656.0,0,0,0,0,0.0,0
2878,2024-02-05 23:00,320222.0,0,0,0,0,0.0,0
2879,2024-02-06 00:00,209182.0,0,0,0,0,0.0,0
2880,2024-02-06 01:00,116296.0,0,0,0,0,0.0,0
2881,2024-02-06 02:00,151206.0,0,0,0,0,0.0,0
2882,2024-02-06 03:00,268296.0,0,0,0,0,0.0,0
2883,2024-02-06 04:00,342612.0,0,0,0,0,0.0,0
2884,2024-02-06 05:00,885294.0,0,0,0,0,0.0,0
2885,2024-02-06 06:00,580159.0,0,0,0,0,0.0,0
2886,2024-02-06 07:00,570802.0,0,0,0,0,0.0,0
2887,2024-02-06 08:00,2207279.0,0,0,1,0,0.3333333333333333,0
2888,2024-02-06 09:00,621421.0,0,0,0,0,0.0,0
2889,2024-02-06 10:00,560154.0,0,0,0,0,0.0,0
2890,2024-02-06 11:00,816539.0,0,0,0,0,0.0,0
2891,2024-02-06 12:00,1015949.0,0,0,0,0,0.0,0
2892,2024-02-06 13:00,455812.0,0,0,0,0,0.0,0
2893,2024-02-06 14:00,629933.0,0,0,0,0,0.0,0
2894,2024-02-06 15:00,545301.0,0,0,0,0,0.0,0
2895,2024-02-06 16:00,380036.0,0,0,0,0,0.0,0
2896,2024-02-06 17:00,254728.0,0,0,0,0,0.0,0
2897,2024-02-06 18:00,491045.0,0,0,0,0,0.0,0
2898,2024-02-06 19:00,294392.0,0,0,0,0,0.0,0
2899,2024-02-06 20:00,413050.0,0,0,0,0,0.0,0
2900,2024-02-06 21:00,329023.0,0,0,0,0,0.0,0
2901,2024-02-06 22:00,367720.0,0,0,0,0,0.0,0
2902,2024-02-06 23:00,114054.0,0,0,0,0,0.0,0
2903,2024-02-07 00:00,365581.0,0,0,0,0,0.0,0
2904,2024-02-07 01:00,116423.0,0,0,0,0,0.0,0
2905,2024-02-07 02:00,184130.0,0,0,0,0,0.0,0
2906,2024-02-07 03:00,383052.0,0,0,0,0,0.0,0
2907,2024-02-07 04:00,680925.0,0,0,0,0,0.0,0
2908,2024-02-07 05:00,873472.0,0,0,0,0,0.0,0
2909,2024-02-07 06:00,631521.0,0,0,0,0,0.0,0
2910,2024-02-07 07:00,682308.0,0,0,0,0,0.0,0
2911,2024-02-07 08:00,1149469.0,0,0,0,0,0.0,0
2912,2024-02-07 09:00,649705.0,0,0,0,0,0.0,0
2913,2024-02-07 10:00,933955.0,0,0,0,0,0.0,0
2914,2024-02-07 11:00,755108.0,0,0,0,0,0.0,0
2915,2024-02-07 12:00,498281.0,0,0,0,0,0.0,0
2916,2024-02-07 13:00,383861.0,0,0,0,0,0.0,0
2917,2024-02-07 14:00,396618.0,0,0,0,0,0.0,0
2918,2024-02-07 15:00,195395.0,0,0,0,0,0.0,0
2919,2024-02-07 16:00,1744339.0,0,0,1,0,0.3333333333333333,0
2920,2024-02-07 17:00,391752.0,0,0,0,0,0.0,0
2921,2024-02-07 18:00,414382.0,0,0,0,0,0.0,0
2922,2024-02-07 19:00,245553.0,0,0,0,0,0.0,0
2923,2024-02-07 20:00,621936.0,0,0,0,0,0.0,0
2924,2024-02-07 21:00,329151.0,0,0,0,0,0.0,0
2925,2024-02-07 22:00,686258.0,0,0,0,0,0.0,0
2926,2024-02-07 23:00,766408.0,0,0,0,0,0.0,0
2927,2024-02-08 00:00,951723.0,0,0,0,0,0.0,0
2928,2024-02-08 01:00,502279.0,0,0,0,0,0.0,0
2929,2024-02-08 02:00,251664.0,0,0,0,0,0.0,0
2930,2024-02-08 03:00,249603.0,0,0,0,0,0.0,0
2931,2024-02-08 04:00,448742.0,0,0,0,0,0.0,0
2932,2024-02-08 05:00,610992.0,0,0,0,0,0.0,0
2933,2024-02-08 06:00,499683.0,0,0,0,0,0.0,0
2934,2024-02-08 07:00,451017.0,0,0,0,0,0.0,0
2935,2024-02-08 08:00,710747.0,0,0,0,0,0.0,0
2936,2024-02-08 09:00,440025.0,0,0,0,0,0.0,0
2937,2024-02-08 10:00,578019.0,0,0,0,0,0.0,0
2938,2024-02-08 11:00,648618.0,0,0,0,0,0.0,0
2939,2024-02-08 12:00,981045.0,0,0,0,0,0.0,0
2940,2024-02-08 13:00,1830902.0,0,0,1,0,0.3333333333333333,0
2941,2024-02-08 14:00,591557.0,0,0,0,0,0.0,0
2942,2024-02-08 15:00,674765.0,0,0,0,0,0.0,0
2943,2024-02-08 16:00,1132319.0,0,0,1,0,0.3333333333333333,0
2944,2024-02-08 17:00,386355.0,0,0,0,0,0.0,0
2945,2024-02-08 18:00,595239.0,0,0,0,0,0.0,0
2946,2024-02-08 19:00,533690.0,0,0,0,0,0.0,0
2947,2024-02-08 20:00,848022.0,0,0,0,0,0.0,0
2948,2024-02-08 21:00,1431895.0,0,0,1,0,0.3333333333333333,0
2949,2024-02-08 22:00,655360.0,0,0,0,0,0.0,0
2950,2024-02-08 23:00,499686.0,0,0,0,0,0.0,0
2951,2024-02-09 00:00,262059.0,0,0,0,0,0.0,0
2952,2024-02-09 01:00,224272.0,0,0,0,0,0.0,0
2953,2024-02-09 02:00,156679.0,0,0,0,0,0.0,0
2954,2024-02-09 03:00,920097.0,0,0,0,0,0.0,0
2955,2024-02-09 04:00,807871.0,0,0,0,0,0.0,0
2956,2024-02-09 05:00,1037016.0,0,0,0,0,0.0,0
2957,2024-02-09 06:00,1046504.0,0,0,0,0,0.0,0
2958,2024-02-09 07:00,784796.0,0,0,0,0,0.0,0
2959,2024-02-09 08:00,384726.0,0,0,0,0,0.0,0
2960,2024-02-09 09:00,534492.0,0,0,0,0,0.0,0
2961,2024-02-09 10:00,435474.0,0,0,0,0,0.0,0
2962,2024-02-09 11:00,611393.0,0,0,0,0,0.0,0
2963,2024-02-09 12:00,380163.0,0,0,0,0,0.0,0
2964,2024-02-09 13:00,485988.0,0,0,0,0,0.0,0
2965,2024-02-09 14:00,293568.0,0,0,0,0,0.0,0
2966,2024-02-09 15:00,479904.0,0,0,0,0,0.0,0
2967,2024-02-09 16:00,258477.0,0,0,0,0,0.0,0
2968,2024-02-09 17:00,459996.0,0,0,0,0,0.0,0
2969,2024-02-09 18:00,714088.0,0,0,0,0,0.0,0
2970,2024-02-09 19:00,427623.0,0,0,0,0,0.0,0
2971,2024-02-09 20:00,390373.0,0,0,0,0,0.0,0
2972,2024-02-09 21:00,439210.0,0,0,0,0,0.0,0
2973,2024-02-09 22:00,862098.0,0,0,0,0,0.0,0
2974,2024-02-09 23:00,243578.0,0,0,0,0,0.0,0
2975,2024-02-10 00:00,513654.0,1,0,0,0,0.0,0
2976,2024-02-10 01:00,102452.0,1,0,0,0,0.0,0
2977,2024-02-10 02:00,192599.0,1,0,0,0,0.0,0
2978,2024-02-10 03:00,150134.0,1,0,0,0,0.0,0
2979,2024-02-10 04:00,133503.0,1,0,0,0,0.0,0
2980,2024-02-10 05:00,333370.0,1,0,0,0,0.0,0
2981,2024-02-10 06:00,135226.0,1,0,0,0,0.0,0
2982,2024-02-10 07:00,250850.0,1,0,0,0,0.0,0
2983,2024-02-10 08:00,258669.0,1,0,0,0,0.0,0
2984,2024-02-10 09:00,310506.0,1,0,0,1,0.16666666666666666,0
2985,2024-02-10 10:00,421179.0,1,0,0,0,0.0,0
2986,2024-02-10 11:00,401848.0,1,0,0,1,0.16666666666666666,0
2987,2024-02-10 12:00,344601.0,1,0,0,0,0.0,0
2988,2024-02-10 13:00,429759.0,1,0,0,0,0.0,0
2989,2024-02-10 14:00,595187.0,1,0,0,0,0.0,0
2990,2024-02-10 15:00,516095.0,1,0,0,0,0.0,0
2991,2024-02-10 16:00,419923.0,1,0,0,0,0.0,0
2992,2024-02-10 17:00,515469.0,1,0,0,0,0.0,0
2993,2024-02-10 18:00,361014.0,1,0,0,0,0.0,0
2994,2024-02-10 19:00,809842.0,1,0,0,0,0.0,0
2995,2024-02-10 20:00,663596.0,1,0,0,0,0.0,0
2996,2024-02-10 21:00,450746.0,1,0,0,0,0.0,0
2997,2024-02-10 22:00,419482.0,1,0,0,0,0.0,0
2998,2024-02-10 23:00,450450.0,1,0,0,0,0.0,0
2999,2024-02-11 00:00,208561.0,1,0,0,0,0.0,0
3000,2024-02-11 01:00,171346.0,1,0,0,0,0.0,0
3001,2024-02-11 02:00,83648.0,1,0,0,0,0.0,0
3002,2024-02-11 03:00,85050.0,1,0,0,0,0.0,0
3003,2024-02-11 04:00,231723.0,1,0,0,0,0.0,0
3004,2024-02-11 05:00,155895.0,1,0,0,0,0.0,0
3005,2024-02-11 06:00,199885.0,1,0,0,0,0.0,0
3006,2024-02-11 07:00,193304.0,1,0,0,0,0.0,0
3007,2024-02-11 08:00,211080.0,1,0,0,0,0.0,0
3008,2024-02-11 09:00,841481.0,1,0,0,0,0.0,0
3009,2024-02-11 10:00,521110.0,1,0,0,0,0.0,0
3010,2024-02-11 11:00,394802.0,1,0,0,0,0.0,0
3011,2024-02-11 12:00,403553.0,1,0,0,0,0.0,0
3012,2024-02-11 13:00,902240.0,1,0,0,0,0.0,0
3013,2024-02-11 14:00,304226.0,1,0,0,0,0.0,0
3014,2024-02-11 15:00,3746136.0,1,0,1,1,0.5,0
3015,2024-02-11 16:00,1862267.0,1,1,1,0,0.8333333333333333,1
3016,2024-02-11 17:00,561180.0,1,0,0,0,0.0,0
3017,2024-02-11 18:00,389868.0,1,0,0,0,0.0,0
3018,2024-02-11 19:00,455145.0,1,0,0,0,0.0,0
3019,2024-02-11 20:00,755578.0,1,0,0,0,0.0,0
3020,2024-02-11 21:00,505264.0,1,0,0,0,0.0,0
3021,2024-02-11 22:00,326759.0,1,0,0,0,0.0,0
3022,2024-02-11 23:00,112583.0,1,0,0,0,0.0,0
3023,2024-02-12 00:00,68672.0,0,0,0,1,0.16666666666666666,0
3024,2024-02-12 01:00,68347.0,0,0,0,0,0.0,0
3025,2024-02-12 02:00,145784.0,0,0,0,0,0.0,0
3026,2024-02-12 03:00,155157.0,0,0,0,0,0.0,0
3027,2024-02-12 04:00,315726.0,0,0,0,0,0.0,0
3028,2024-02-12 05:00,943282.0,0,0,0,0,0.0,0
3029,2024-02-12 06:00,1128251.0,0,0,0,0,0.0,0
3030,2024-02-12 07:00,704676.0,0,0,0,0,0.0,0
3031,2024-02-12 08:00,748723.0,0,0,0,0,0.0,0
3032,2024-02-12 09:00,2328533.0,0,0,1,0,0.3333333333333333,0
3033,2024-02-12 10:00,622527.0,0,0,0,0,0.0,0
3034,2024-02-12 11:00,780072.0,0,0,0,0,0.0,0
3035,2024-02-12 12:00,928057.0,0,0,0,0,0.0,0
3036,2024-02-12 13:00,348144.0,0,0,0,0,0.0,0
3037,2024-02-12 14:00,144591.0,0,0,0,0,0.0,0
3038,2024-02-12 15:00,253890.0,0,0,0,0,0.0,0
3039,2024-02-12 16:00,155253.0,0,0,0,0,0.0,0
3040,2024-02-12 17:00,455105.0,0,0,0,0,0.0,0
3041,2024-02-12 18:00,228861.0,0,0,0,1,0.16666666666666666,0
3042,2024-02-12 19:00,277979.0,0,0,0,0,0.0,0
3043,2024-02-12 20:00,300924.0,0,0,0,0,0.0,0
3044,2024-02-12 21:00,104551.0,0,0,0,1,0.16666666666666666,0
3045,2024-02-12 22:00,280685.0,0,0,0,0,0.0,0
3046,2024-02-12 23:00,647669.0,0,0,0,0,0.0,0
3047,2024-02-13 00:00,322304.0,0,0,0,1,0.16666666666666666,0
3048,2024-02-13 01:00,266671.0,0,0,0,0,0.0,0
3049,2024-02-13 02:00,70154.0,0,0,0,0,0.0,0
3050,2024-02-13 03:00,125972.0,0,0,0,0,0.0,0
3051,2024-02-13 04:00,272740.0,0,0,0,0,0.0,0
3052,2024-02-13 05:00,305705.0,0,0,0,0,0.0,0
3053,2024-02-13 06:00,319750.0,0,0,0,0,0.0,0
3054,2024-02-13 07:00,413127.0,0,0,0,0,0.0,0
3055,2024-02-13 08:00,432817.0,0,0,0,0,0.0,0
3056,2024-02-13 09:00,519086.0,0,0,0,0,0.0,0
3057,2024-02-13 10:00,754039.0,0,0,0,0,0.0,0
3058,2024-02-13 11:00,546805.0,0,0,0,0,0.0,0
3059,2024-02-13 12:00,913707.0,0,0,0,0,0.0,0
3060,2024-02-13 13:00,386200.0,0,0,0,0,0.0,0
3061,2024-02-13 14:00,187592.0,0,0,0,0,0.0,0
3062,2024-02-13 15:00,441931.0,0,0,0,0,0.0,0
3063,2024-02-13 16:00,436763.0,0,0,0,0,0.0,0
3064,2024-02-13 17:00,158903.0,0,0,0,0,0.0,0
3065,2024-02-13 18:00,191346.0,0,0,0,0,0.0,0
3066,2024-02-13 19:00,174752.0,0,0,0,0,0.0,0
3067,2024-02-13 20:00,279373.0,0,0,0,0,0.0,0
3068,2024-02-13 21:00,259197.0,0,0,0,0,0.0,0
3069,2024-02-13 22:00,330843.0,0,0,0,0,0.0,0
3070,2024-02-13 23:00,385832.0,0,0,0,0,0.0,0
3071,2024-02-14 00:00,231691.0,0,0,0,0,0.0,0
3072,2024-02-14 01:00,350691.0,0,0,0,0,0.0,0
3073,2024-02-14 02:00,177632.0,0,0,0,0,0.0,0
3074,2024-02-14 03:00,282975.0,0,0,0,0,0.0,0
3075,2024-02-14 04:00,1172120.0,0,0,0,0,0.0,0
3076,2024-02-14 05:00,1067485.0,0,0,0,1,0.16666666666666666,0
3077,2024-02-14 06:00,838822.0,0,0,0,0,0.0,0
3078,2024-02-14 07:00,620391.0,0,0,0,0,0.0,0
3079,2024-02-14 08:00,931106.0,0,0,0,0,0.0,0
3080,2024-02-14 09:00,553054.0,0,0,0,0,0.0,0
3081,2024-02-14 10:00,528050.0,0,0,0,0,0.0,0
3082,2024-02-14 11:00,588019.0,0,0,0,0,0.0,0
3083,2024-02-14 12:00,885122.0,0,0,0,1,0.16666666666666666,0
3084,2024-02-14 13:00,549207.0,0,0,0,0,0.0,0
3085,2024-02-14 14:00,351864.0,0,0,0,0,0.0,0
3086,2024-02-14 15:00,470131.0,0,0,0,0,0.0,0
3087,2024-02-14 16:00,391600.0,0,0,0,1,0.16666666666666666,0
3088,2024-02-14 17:00,227804.0,0,0,0,0,0.0,0
3089,2024-02-14 18:00,609542.0,0,0,0,0,0.0,0
3090,2024-02-14 19:00,457067.0,0,0,0,0,0.0,0
3091,2024-02-14 20:00,668523.0,0,0,0,0,0.0,0
3092,2024-02-14 21:00,582872.0,0,0,0,0,0.0,0
3093,2024-02-14 22:00,403482.0,0,0,0,0,0.0,0
3094,2024-02-14 23:00,180145.0,0,0,0,0,0.0,0
3095,2024-02-15 00:00,136886.0,0,0,0,0,0.0,0
3096,2024-02-15 01:00,102054.0,0,0,0,0,0.0,0
3097,2024-02-15 02:00,236904.0,0,0,0,0,0.0,0
3098,2024-02-15 03:00,111071.0,0,0,0,0,0.0,0
3099,2024-02-15 04:00,481606.0,0,0,0,0,0.0,0
3100,2024-02-15 05:00,778326.0,0,0,0,0,0.0,0
3101,2024-02-15 06:00,723240.0,0,0,0,0,0.0,0
3102,2024-02-15 07:00,553211.0,0,0,0,0,0.0,0
3103,2024-02-15 08:00,982616.0,0,0,0,0,0.0,0
3104,2024-02-15 09:00,906754.0,0,0,0,0,0.0,0
3105,2024-02-15 10:00,2147880.0,0,0,1,1,0.5,0
3106,2024-02-15 11:00,1208892.0,0,0,0,0,0.0,0
3107,2024-02-15 12:00,658888.0,0,0,0,0,0.0,0
3108,2024-02-15 13:00,357052.0,0,0,0,0,0.0,0
3109,2024-02-15 14:00,297227.0,0,0,0,0,0.0,0
3110,2024-02-15 15:00,443315.0,0,0,0,0,0.0,0
3111,2024-02-15 16:00,514912.0,0,0,0,0,0.0,0
3112,2024-02-15 17:00,377524.0,0,0,0,0,0.0,0
3113,2024-02-15 18:00,566687.0,0,0,0,0,0.0,0
3114,2024-02-15 19:00,593702.0,0,0,0,0,0.0,0
3115,2024-02-15 20:00,402356.0,0,0,0,0,0.0,0
3116,2024-02-15 21:00,716130.0,0,0,0,0,0.0,0
3117,2024-02-15 22:00,577072.0,0,0,0,0,0.0,0
3118,2024-02-15 23:00,342908.0,0,0,0,0,0.0,0
3119,2024-02-16 00:00,452289.0,0,0,0,0,0.0,0
3120,2024-02-16 01:00,832495.0,0,0,0,0,0.0,0
3121,2024-02-16 02:00,111516.0,0,0,0,0,0.0,0
3122,2024-02-16 03:00,209933.0,0,0,0,0,0.0,0
3123,2024-02-16 04:00,454559.0,0,0,0,0,0.0,0
3124,2024-02-16 05:00,754891.0,0,0,0,0,0.0,0
3125,2024-02-16 06:00,577536.0,0,0,0,0,0.0,0
3126,2024-02-16 07:00,742745.0,0,0,0,0,0.0,0
3127,2024-02-16 08:00,533129.0,0,0,0,0,0.0,0
3128,2024-02-16 09:00,1081214.0,0,0,1,0,0.3333333333333333,0
3129,2024-02-16 10:00,624811.0,0,0,0,0,0.0,0
3130,2024-02-16 11:00,452903.0,0,0,0,0,0.0,0
3131,2024-02-16 12:00,421578.0,0,0,0,0,0.0,0
3132,2024-02-16 13:00,448283.0,0,0,0,0,0.0,0
3133,2024-02-16 14:00,242322.0,0,0,0,0,0.0,0
3134,2024-02-16 15:00,227549.0,0,0,0,0,0.0,0
3135,2024-02-16 16:00,240202.0,0,0,0,0,0.0,0
3136,2024-02-16 17:00,253088.0,0,0,0,0,0.0,0
3137,2024-02-16 18:00,344308.0,0,0,0,0,0.0,0
3138,2024-02-16 19:00,541066.0,0,0,0,0,0.0,0
3139,2024-02-16 20:00,548421.0,0,0,0,0,0.0,0
3140,2024-02-16 21:00,393427.0,0,0,0,0,0.0,0
3141,2024-02-16 22:00,274000.0,0,0,0,0,0.0,0
3142,2024-02-16 23:00,99731.0,0,0,0,0,0.0,0
3143,2024-02-17 00:00,287991.0,1,0,0,0,0.0,0
3144,2024-02-17 01:00,200435.0,1,0,0,0,0.0,0
3145,2024-02-17 02:00,100943.0,1,0,0,0,0.0,0
3146,2024-02-17 03:00,78406.0,1,0,0,0,0.0,0
3147,2024-02-17 04:00,102321.0,1,0,0,0,0.0,0
3148,2024-02-17 05:00,216535.0,1,0,0,0,0.0,0
3149,2024-02-17 06:00,353194.0,1,0,0,0,0.0,0
3150,2024-02-17 07:00,132135.0,1,0,0,1,0.16666666666666666,0
3151,2024-02-17 08:00,181731.0,1,0,0,0,0.0,0
3152,2024-02-17 09:00,292821.0,1,0,0,0,0.0,0
3153,2024-02-17 10:00,293988.0,1,0,0,0,0.0,0
3154,2024-02-17 11:00,412977.0,1,0,0,0,0.0,0
3155,2024-02-17 12:00,569609.0,1,0,0,0,0.0,0
3156,2024-02-17 13:00,638637.0,1,0,0,0,0.0,0
3157,2024-02-17 14:00,357648.0,1,0,0,0,0.0,0
3158,2024-02-17 15:00,197707.0,1,0,0,0,0.0,0
3159,2024-02-17 16:00,417704.0,1,0,0,0,0.0,0
3160,2024-02-17 17:00,356020.0,1,0,0,0,0.0,0
3161,2024-02-17 18:00,538815.0,1,0,0,0,0.0,0
3162,2024-02-17 19:00,347597.0,1,0,0,0,0.0,0
3163,2024-02-17 20:00,399979.0,1,0,0,0,0.0,0
3164,2024-02-17 21:00,461110.0,1,0,0,0,0.0,0
3165,2024-02-17 22:00,367808.0,1,0,0,0,0.0,0
3166,2024-02-17 23:00,171553.0,1,0,0,0,0.0,0
3167,2024-02-18 00:00,155235.0,1,0,0,0,0.0,0
3168,2024-02-18 01:00,213999.0,1,0,0,0,0.0,0
3169,2024-02-18 02:00,121525.0,1,0,0,0,0.0,0
3170,2024-02-18 03:00,172721.0,1,0,0,0,0.0,0
3171,2024-02-18 04:00,92909.0,1,0,0,0,0.0,0
3172,2024-02-18 05:00,135783.0,1,0,0,0,0.0,0
3173,2024-02-18 06:00,306980.0,1,0,0,0,0.0,0
3174,2024-02-18 07:00,94482.0,1,0,0,0,0.0,0
3175,2024-02-18 08:00,383376.0,1,0,0,0,0.0,0
3176,2024-02-18 09:00,180625.0,1,0,0,0,0.0,0
3177,2024-02-18 10:00,394604.0,1,0,0,0,0.0,0
3178,2024-02-18 11:00,818845.0,1,0,0,0,0.0,0
3179,2024-02-18 12:00,729706.0,1,0,0,0,0.0,0
3180,2024-02-18 13:00,437221.0,1,0,0,0,0.0,0
3181,2024-02-18 14:00,551622.0,1,0,0,0,0.0,0
3182,2024-02-18 15:00,338506.0,1,0,0,0,0.0,0
3183,2024-02-18 16:00,1522508.0,1,0,1,1,0.5,0
3184,2024-02-18 17:00,503892.0,1,0,0,0,0.0,0
3185,2024-02-18 18:00,475860.0,1,0,0,0,0.0,0
3186,2024-02-18 19:00,316560.0,1,0,0,0,0.0,0
3187,2024-02-18 20:00,322483.0,1,0,0,0,0.0,0
3188,2024-02-18 21:00,707439.0,1,0,0,0,0.0,0
3189,2024-02-18 22:00,531193.0,1,0,0,0,0.0,0
3190,2024-02-18 23:00,741364.0,1,0,0,0,0.0,0
3191,2024-02-19 00:00,123490.0,0,0,0,0,0.0,0
3192,2024-02-19 01:00,93325.0,0,0,0,0,0.0,0
3193,2024-02-19 02:00,139474.0,0,0,0,0,0.0,0
3194,2024-02-19 03:00,185069.0,0,0,0,0,0.0,0
3195,2024-02-19 04:00,667787.0,0,0,0,0,0.0,0
3196,2024-02-19 05:00,1139374.0,0,0,1,0,0.3333333333333333,0
3197,2024-02-19 06:00,939852.0,0,0,0,0,0.0,0
3198,2024-02-19 07:00,640063.0,0,0,0,0,0.0,0
3199,2024-02-19 08:00,752017.0,0,0,0,0,0.0,0
3200,2024-02-19 09:00,798729.0,0,0,0,0,0.0,0
3201,2024-02-19 10:00,878353.0,0,0,0,0,0.0,0
3202,2024-02-19 11:00,721234.0,0,0,0,0,0.0,0
3203,2024-02-19 12:00,894682.0,0,0,0,0,0.0,0
3204,2024-02-19 13:00,896509.0,0,0,0,0,0.0,0
3205,2024-02-19 14:00,537702.0,0,0,1,0,0.3333333333333333,0
3206,2024-02-19 15:00,401149.0,0,0,0,0,0.0,0
3207,2024-02-19 16:00,267009.0,0,0,0,0,0.0,0
3208,2024-02-19 17:00,306503.0,0,0,0,0,0.0,0
3209,2024-02-19 18:00,238786.0,0,0,0,0,0.0,0
3210,2024-02-19 19:00,381540.0,0,0,0,0,0.0,0
3211,2024-02-19 20:00,875014.0,0,0,0,0,0.0,0
3212,2024-02-19 21:00,532510.0,0,0,1,0,0.3333333333333333,0
3213,2024-02-19 22:00,256398.0,0,0,0,0,0.0,0
3214,2024-02-19 23:00,471357.0,0,0,1,0,0.3333333333333333,0
3215,2024-02-20 00:00,612075.0,0,0,0,0,0.0,0
3216,2024-02-20 01:00,244889.0,0,0,0,0,0.0,0
3217,2024-02-20 02:00,441561.0,0,0,0,0,0.0,0
3218,2024-02-20 03:00,211732.0,0,0,0,0,0.0,0
3219,2024-02-20 04:00,434282.0,0,0,0,0,0.0,0
3220,2024-02-20 05:00,546402.0,0,0,1,0,0.3333333333333333,0
3221,2024-02-20 06:00,401999.0,0,0,0,0,0.0,0
3222,2024-02-20 07:00,668919.0,0,0,0,0,0.0,0
3223,2024-02-20 08:00,677531.0,0,0,0,0,0.0,0
3224,2024-02-20 09:00,683097.0,0,0,0,0,0.0,0
3225,2024-02-20 10:00,916569.0,0,0,0,0,0.0,0
3226,2024-02-20 11:00,1073638.0,0,0,1,0,0.3333333333333333,0
3227,2024-02-20 12:00,1077912.0,0,0,1,0,0.3333333333333333,0
3228,2024-02-20 13:00,422582.0,0,0,0,0,0.0,0
3229,2024-02-20 14:00,596466.0,0,0,0,0,0.0,0
3230,2024-02-20 15:00,402823.0,0,0,0,0,0.0,0
3231,2024-02-20 16:00,312278.0,0,0,0,0,0.0,0
3232,2024-02-20 17:00,277427.0,0,0,0,0,0.0,0
3233,2024-02-20 18:00,230605.0,0,0,0,0,0.0,0
3234,2024-02-20 19:00,240448.0,0,0,0,0,0.0,0
3235,2024-02-20 20:00,273996.0,0,0,0,0,0.0,0
3236,2024-02-20 21:00,251750.0,0,0,0,0,0.0,0
3237,2024-02-20 22:00,151090.0,0,0,0,0,0.0,0
3238,2024-02-20 23:00,283394.0,0,0,0,0,0.0,0
3239,2024-02-21 00:00,119905.0,0,0,0,0,0.0,0
3240,2024-02-21 01:00,215847.0,0,0,0,1,0.16666666666666666,0
3241,2024-02-21 02:00,126719.0,0,0,0,0,0.0,0
3242,2024-02-21 03:00,162317.0,0,0,0,0,0.0,0
3243,2024-02-21 04:00,478467.0,0,0,1,0,0.3333333333333333,0
3244,2024-02-21 05:00,623027.0,0,0,0,0,0.0,0
3245,2024-02-21 06:00,456096.0,0,0,0,0,0.0,0
3246,2024-02-21 07:00,478448.0,0,0,1,0,0.3333333333333333,0
3247,2024-02-21 08:00,663765.0,0,0,0,0,0.0,0
3248,2024-02-21 09:00,699444.0,0,0,0,0,0.0,0
3249,2024-02-21 10:00,768844.0,0,0,0,0,0.0,0
3250,2024-02-21 11:00,563419.0,0,0,1,0,0.3333333333333333,0
3251,2024-02-21 12:00,496032.0,0,0,1,0,0.3333333333333333,0
3252,2024-02-21 13:00,773014.0,0,0,0,0,0.0,0
3253,2024-02-21 14:00,374715.0,0,0,0,0,0.0,0
3254,2024-02-21 15:00,325927.0,0,0,0,0,0.0,0
3255,2024-02-21 16:00,125887.0,0,0,0,0,0.0,0
3256,2024-02-21 17:00,232155.0,0,0,0,0,0.0,0
3257,2024-02-21 18:00,318857.0,0,0,0,0,0.0,0
3258,2024-02-21 19:00,492800.0,0,0,1,0,0.3333333333333333,0
3259,2024-02-21 20:00,413334.0,0,0,0,0,0.0,0
3260,2024-02-21 21:00,727169.0,0,0,0,0,0.0,0
3261,2024-02-21 22:00,232297.0,0,0,0,0,0.0,0
3262,2024-02-21 23:00,418506.0,0,0,0,0,0.0,0
3263,2024-02-22 00:00,370633.0,0,0,0,0,0.0,0
3264,2024-02-22 01:00,213902.0,0,0,0,0,0.0,0
3265,2024-02-22 02:00,157781.0,0,0,0,0,0.0,0
3266,2024-02-22 03:00,161184.0,0,0,0,0,0.0,0
3267,2024-02-22 04:00,355849.0,0,0,0,0,0.0,0
3268,2024-02-22 05:00,483162.0,0,0,1,0,0.3333333333333333,0
3269,2024-02-22 06:00,579544.0,0,0,0,0,0.0,0
3270,2024-02-22 07:00,1154184.0,0,0,1,0,0.3333333333333333,0
3271,2024-02-22 08:00,610927.0,0,0,0,0,0.0,0
3272,2024-02-22 09:00,1562277.0,0,0,1,1,0.5,0
3273,2024-02-22 10:00,981327.0,0,0,1,0,0.3333333333333333,0
3274,2024-02-22 11:00,982048.0,0,0,1,0,0.3333333333333333,0
3275,2024-02-22 12:00,859493.0,0,0,0,0,0.0,0
3276,2024-02-22 13:00,340822.0,0,0,0,0,0.0,0
3277,2024-02-22 14:00,419647.0,0,0,0,0,0.0,0
3278,2024-02-22 15:00,494139.0,0,0,0,0,0.0,0
3279,2024-02-22 16:00,620381.0,0,0,0,0,0.0,0
3280,2024-02-22 17:00,181228.0,0,0,0,0,0.0,0
3281,2024-02-22 18:00,275241.0,0,0,0,0,0.0,0
3282,2024-02-22 19:00,287783.0,0,0,0,0,0.0,0
3283,2024-02-22 20:00,363216.0,0,0,0,0,0.0,0
3284,2024-02-22 21:00,344072.0,0,0,0,0,0.0,0
3285,2024-02-22 22:00,770561.0,0,0,0,0,0.0,0
3286,2024-02-22 23:00,453340.0,0,0,0,0,0.0,0
3287,2024-02-23 00:00,252790.0,0,0,0,0,0.0,0
3288,2024-02-23 01:00,167004.0,0,0,0,0,0.0,0
3289,2024-02-23 02:00,207290.0,0,0,0,0,0.0,0
3290,2024-02-23 03:00,104875.0,0,0,0,0,0.0,0
3291,2024-02-23 04:00,681695.0,0,0,0,0,0.0,0
3292,2024-02-23 05:00,844313.0,0,0,0,0,0.0,0
3293,2024-02-23 06:00,792029.0,0,0,0,0,0.0,0
3294,2024-02-23 07:00,2569313.0,0,0,1,1,0.5,0
3295,2024-02-23 08:00,719467.0,0,0,0,0,0.0,0
3296,2024-02-23 09:00,636549.0,0,0,0,0,0.0,0
3297,2024-02-23 10:00,1042873.0,0,0,0,0,0.0,0
3298,2024-02-23 11:00,1067194.0,0,0,1,0,0.3333333333333333,0
3299,2024-02-23 12:00,978697.0,0,0,0,0,0.0,0
3300,2024-02-23 13:00,1312966.0,0,0,1,0,0.3333333333333333,0
3301,2024-02-23 14:00,722030.0,0,0,0,0,0.0,0
3302,2024-02-23 15:00,525632.0,0,0,0,0,0.0,0
3303,2024-02-23 16:00,331855.0,0,0,0,0,0.0,0
3304,2024-02-23 17:00,316054.0,0,0,0,0,0.0,0
3305,2024-02-23 18:00,549365.0,0,0,0,0,0.0,0
3306,2024-02-23 19:00,1020630.0,0,0,0,0,0.0,0
3307,2024-02-23 20:00,369171.0,0,0,0,0,0.0,0
3308,2024-02-23 21:00,492227.0,0,0,0,0,0.0,0
3309,2024-02-23 22:00,486997.0,0,0,0,0,0.0,0
3310,2024-02-23 23:00,209193.0,0,0,0,0,0.0,0
3311,2024-02-24 00:00,184293.0,1,0,0,0,0.0,0
3312,2024-02-24 01:00,170770.0,1,0,0,0,0.0,0
3313,2024-02-24 02:00,198858.0,1,0,0,0,0.0,0
3314,2024-02-24 03:00,147283.0,1,0,0,0,0.0,0
3315,2024-02-24 04:00,171407.0,1,0,0,1,0.16666666666666666,0
3316,2024-02-24 05:00,203901.0,1,0,0,0,0.0,0
3317,2024-02-24 06:00,392721.0,1,0,0,0,0.0,0
3318,2024-02-24 07:00,371737.0,1,0,0,0,0.0,0
3319,2024-02-24 08:00,250203.0,1,0,0,1,0.16666666666666666,0
3320,2024-02-24 09:00,213246.0,1,0,0,0,0.0,0
3321,2024-02-24 10:00,280329.0,1,0,0,0,0.0,0
3322,2024-02-24 11:00,320107.0,1,0,0,0,0.0,0
3323,2024-02-24 12:00,859156.0,1,0,0,0,0.0,0
3324,2024-02-24 13:00,489552.0,1,0,0,0,0.0,0
3325,2024-02-24 14:00,400194.0,1,0,0,0,0.0,0
3326,2024-02-24 15:00,524513.0,1,0,0,0,0.0,0
3327,2024-02-24 16:00,123587.0,1,0,0,1,0.16666666666666666,0
3328,2024-02-24 17:00,394399.0,1,0,0,0,0.0,0
3329,2024-02-24 18:00,447465.0,1,0,0,0,0.0,0
3330,2024-02-24 19:00,538725.0,1,0,0,0,0.0,0
3331,2024-02-24 20:00,1153467.0,1,0,1,0,0.3333333333333333,0
3332,2024-02-24 21:00,869403.0,1,0,0,0,0.0,0
3333,2024-02-24 22:00,467447.0,1,0,0,0,0.0,0
3334,2024-02-24 23:00,219482.0,1,0,0,0,0.0,0
3335,2024-02-25 00:00,305175.0,1,0,0,0,0.0,0
3336,2024-02-25 01:00,206869.0,1,0,0,0,0.0,0
3337,2024-02-25 02:00,311630.0,1,0,0,0,0.0,0
3338,2024-02-25 03:00,310048.0,1,0,0,0,0.0,0
3339,2024-02-25 04:00,259023.0,1,0,0,0,0.0,0
3340,2024-02-25 05:00,595630.0,1,0,0,0,0.0,0
3341,2024-02-25 06:00,382023.0,1,0,0,1,0.16666666666666666,0
3342,2024-02-25 07:00,571616.0,1,0,0,0,0.0,0
3343,2024-02-25 08:00,238114.0,1,0,0,0,0.0,0
3344,2024-02-25 09:00,573367.0,1,0,0,0,0.0,0
3345,2024-02-25 10:00,577482.0,1,0,0,0,0.0,0
3346,2024-02-25 11:00,651001.0,1,0,0,0,0.0,0
3347,2024-02-25 12:00,504606.0,1,0,0,0,0.0,0
3348,2024-02-25 13:00,607637.0,1,0,0,0,0.0,0
3349,2024-02-25 14:00,450146.0,1,0,0,0,0.0,0
3350,2024-02-25 15:00,391365.0,1,0,0,0,0.0,0
3351,2024-02-25 16:00,229375.0,1,0,0,0,0.0,0
3352,2024-02-25 17:00,249243.0,1,0,0,0,0.0,0
3353,2024-02-25 18:00,260708.0,1,0,0,0,0.0,0
3354,2024-02-25 19:00,479487.0,1,0,0,0,0.0,0
3355,2024-02-25 20:00,516227.0,1,0,0,0,0.0,0
3356,2024-02-25 21:00,376666.0,1,0,0,0,0.0,0
3357,2024-02-25 22:00,427342.0,1,0,0,0,0.0,0
3358,2024-02-25 23:00,410981.0,1,0,0,0,0.0,0
3359,2024-02-26 00:00,275492.0,0,0,0,0,0.0,0
3360,2024-02-26 01:00,266926.0,0,0,0,0,0.0,0
3361,2024-02-26 02:00,129184.0,0,0,0,0,0.0,0
3362,2024-02-26 03:00,293289.0,0,0,0,0,0.0,0
3363,2024-02-26 04:00,1014873.0,0,0,0,0,0.0,0
3364,2024-02-26 05:00,1036891.0,0,0,0,0,0.0,0
3365,2024-02-26 06:00,1227518.0,0,0,1,0,0.3333333333333333,0
3366,2024-02-26 07:00,1139554.0,0,0,1,0,0.3333333333333333,0
3367,2024-02-26 08:00,976429.0,0,0,0,0,0.0,0
3368,2024-02-26 09:00,833756.0,0,0,0,0,0.0,0
3369,2024-02-26 10:00,1141188.0,0,0,1,1,0.5,0
3370,2024-02-26 11:00,713766.0,0,0,0,0,0.0,0
3371,2024-02-26 12:00,492300.0,0,0,0,0,0.0,0
3372,2024-02-26 13:00,576472.0,0,0,0,0,0.0,0
3373,2024-02-26 14:00,378773.0,0,0,0,0,0.0,0
3374,2024-02-26 15:00,2422067.0,0,0,1,1,0.5,0
3375,2024-02-26 16:00,430927.0,0,0,0,0,0.0,0
3376,2024-02-26 17:00,132556.0,0,0,0,0,0.0,0
3377,2024-02-26 18:00,532471.0,0,0,0,0,0.0,0
3378,2024-02-26 19:00,794416.0,0,0,0,0,0.0,0
3379,2024-02-26 20:00,497942.0,0,0,0,0,0.0,0
3380,2024-02-26 21:00,963095.0,0,0,0,0,0.0,0
3381,2024-02-26 22:00,428394.0,0,0,0,0,0.0,0
3382,2024-02-26 23:00,312616.0,0,0,0,0,0.0,0
3383,2024-02-27 00:00,345828.0,0,0,0,0,0.0,0
3384,2024-02-27 01:00,462827.0,0,0,0,0,0.0,0
3385,2024-02-27 02:00,284944.0,0,0,0,0,0.0,0
3386,2024-02-27 03:00,218138.0,0,0,0,0,0.0,0
3387,2024-02-27 04:00,436255.0,0,0,0,0,0.0,0
3388,2024-02-27 05:00,934309.0,0,0,0,0,0.0,0
3389,2024-02-27 06:00,654024.0,0,0,0,0,0.0,0
3390,2024-02-27 07:00,352044.0,0,0,0,0,0.0,0
3391,2024-02-27 08:00,471134.0,0,0,0,0,0.0,0
3392,2024-02-27 09:00,629803.0,0,0,0,0,0.0,0
3393,2024-02-27 10:00,494731.0,0,0,0,0,0.0,0
3394,2024-02-27 11:00,612859.0,0,0,0,0,0.0,0
3395,2024-02-27 12:00,560785.0,0,0,0,0,0.0,0
3396,2024-02-27 13:00,549643.0,0,0,0,0,0.0,0
3397,2024-02-27 14:00,273624.0,0,0,0,0,0.0,0
3398,2024-02-27 15:00,332357.0,0,0,0,0,0.0,0
3399,2024-02-27 16:00,583442.0,0,0,0,0,0.0,0
3400,2024-02-27 17:00,465941.0,0,0,0,0,0.0,0
3401,2024-02-27 18:00,536958.0,0,0,0,0,0.0,0
3402,2024-02-27 19:00,598714.0,0,0,0,1,0.16666666666666666,0
3403,2024-02-27 20:00,639599.0,0,0,0,0,0.0,0
3404,2024-02-27 21:00,1012899.0,0,0,0,0,0.0,0
3405,2024-02-27 22:00,367449.0,0,0,0,0,0.0,0
3406,2024-02-27 23:00,355135.0,0,0,0,0,0.0,0
3407,2024-02-28 00:00,251099.0,0,0,0,0,0.0,0
3408,2024-02-28 01:00,387771.0,0,0,0,1,0.16666666666666666,0
3409,2024-02-28 02:00,309383.0,0,0,0,0,0.0,0
3410,2024-02-28 03:00,215193.0,0,0,0,0,0.0,0
3411,2024-02-28 04:00,389858.0,0,0,0,0,0.0,0
3412,2024-02-28 05:00,656582.0,0,0,0,0,0.0,0
3413,2024-02-28 06:00,824320.0,0,0,0,0,0.0,0
3414,2024-02-28 07:00,993423.0,0,0,0,0,0.0,0
3415,2024-02-28 08:00,834904.0,0,0,0,0,0.0,0
3416,2024-02-28 09:00,754017.0,0,0,0,0,0.0,0
3417,2024-02-28 10:00,616189.0,0,0,0,0,0.0,0
3418,2024-02-28 11:00,718440.0,0,0,0,0,0.0,0
3419,2024-02-28 12:00,621399.0,0,0,0,0,0.0,0
3420,2024-02-28 13:00,433486.0,0,0,0,1,0.16666666666666666,0
3421,2024-02-28 14:00,276981.0,0,0,0,0,0.0,0
3422,2024-02-28 15:00,181615.0,0,0,0,0,0.0,0
3423,2024-02-28 16:00,99832.0,0,0,0,0,0.0,0
3424,2024-02-28 17:00,153225.0,0,0,0,0,0.0,0
3425,2024-02-28 18:00,608426.0,0,0,0,0,0.0,0
3426,2024-02-28 19:00,336716.0,0,0,0,1,0.16666666666666666,0
3427,2024-02-28 20:00,356675.0,0,0,0,0,0.0,0
3428,2024-02-28 21:00,309292.0,0,0,0,0,0.0,0
3429,2024-02-28 22:00,1354729.0,0,0,1,0,0.3333333333333333,0
3430,2024-02-28 23:00,544483.0,0,0,0,0,0.0,0
3431,2024-02-29 00:00,256518.0,0,0,0,0,0.0,0
3432,2024-02-29 01:00,142561.0,0,0,0,0,0.0,0
3433,2024-02-29 02:00,236397.0,0,0,0,0,0.0,0
3434,2024-02-29 03:00,227693.0,0,0,0,0,0.0,0
3435,2024-02-29 04:00,327269.0,0,0,0,0,0.0,0
3436,2024-02-29 05:00,755692.0,0,0,0,0,0.0,0
3437,2024-02-29 06:00,577116.0,0,0,0,0,0.0,0
3438,2024-02-29 07:00,550937.0,0,0,0,0,0.0,0
3439,2024-02-29 08:00,617723.0,0,0,0,0,0.0,0
3440,2024-02-29 09:00,437757.0,0,0,0,0,0.0,0
3441,2024-02-29 10:00,559003.0,0,0,0,0,0.0,0
3442,2024-02-29 11:00,1131857.0,0,0,1,0,0.3333333333333333,0
3443,2024-02-29 12:00,720498.0,0,0,0,0,0.0,0
3444,2024-02-29 13:00,373030.0,0,0,0,0,0.0,0
3445,2024-02-29 14:00,268940.0,0,0,0,0,0.0,0
3446,2024-02-29 15:00,534042.0,0,0,0,0,0.0,0
3447,2024-02-29 16:00,395462.0,0,0,0,0,0.0,0
3448,2024-02-29 17:00,323366.0,0,0,0,0,0.0,0
3449,2024-02-29 18:00,710741.0,0,0,0,0,0.0,0
3450,2024-02-29 19:00,280149.0,0,0,0,1,0.16666666666666666,0
3451,2024-02-29 20:00,542259.0,0,0,0,0,0.0,0
3452,2024-02-29 21:00,1040160.0,0,0,1,0,0.3333333333333333,0
3453,2024-02-29 22:00,430344.0,0,0,0,0,0.0,0
3454,2024-02-29 23:00,239824.0,0,0,0,0,0.0,0
3455,2024-03-01 00:00,223438.0,0,0,0,0,0.0,0
3456,2024-03-01 01:00,622632.0,0,0,0,1,0.16666666666666666,0
3457,2024-03-01 02:00,167492.0,0,0,0,0,0.0,0
3458,2024-03-01 03:00,300125.0,0,0,0,0,0.0,0
3459,2024-03-01 04:00,556576.0,0,0,0,0,0.0,0
3460,2024-03-01 05:00,1459899.0,0,0,1,0,0.3333333333333333,0
3461,2024-03-01 06:00,933416.0,0,0,0,0,0.0,0
3462,2024-03-01 07:00,1691923.0,0,0,1,0,0.3333333333333333,0
3463,2024-03-01 08:00,611897.0,0,0,0,0,0.0,0
3464,2024-03-01 09:00,472151.0,0,0,0,0,0.0,0
3465,2024-03-01 10:00,529911.0,0,0,0,0,0.0,0
3466,2024-03-01 11:00,1273765.0,0,0,1,0,0.3333333333333333,0
3467,2024-03-01 12:00,506059.0,0,0,0,0,0.0,0
3468,2024-03-01 13:00,447551.0,0,0,0,0,0.0,0
3469,2024-03-01 14:00,653958.0,0,0,0,0,0.0,0
3470,2024-03-01 15:00,177975.0,0,0,0,0,0.0,0
3471,2024-03-01 16:00,196688.0,0,0,0,0,0.0,0
3472,2024-03-01 17:00,183728.0,0,0,0,0,0.0,0
3473,2024-03-01 18:00,146126.0,0,0,0,0,0.0,0
3474,2024-03-01 19:00,331270.0,0,0,0,0,0.0,0
3475,2024-03-01 20:00,327356.0,0,0,0,0,0.0,0
3476,2024-03-01 21:00,258622.0,0,0,0,0,0.0,0
3477,2024-03-01 22:00,438132.0,0,0,0,0,0.0,0
3478,2024-03-01 23:00,489085.0,0,0,0,0,0.0,0
3479,2024-03-02 00:00,209460.0,1,0,0,0,0.0,0
3480,2024-03-02 01:00,305725.0,1,0,0,0,0.0,0
3481,2024-03-02 02:00,132364.0,1,0,0,0,0.0,0
3482,2024-03-02 03:00,108988.0,1,0,0,0,0.0,0
3483,2024-03-02 04:00,163560.0,1,0,0,1,0.16666666666666666,0
3484,2024-03-02 05:00,130673.0,1,0,0,0,0.0,0
3485,2024-03-02 06:00,101676.0,1,0,0,0,0.0,0
3486,2024-03-02 07:00,250462.0,1,0,0,0,0.0,0
3487,2024-03-02 08:00,254391.0,1,0,0,0,0.0,0
3488,2024-03-02 09:00,333317.0,1,0,0,0,0.0,0
3489,2024-03-02 10:00,326251.0,1,0,0,0,0.0,0
3490,2024-03-02 11:00,701528.0,1,0,0,0,0.0,0
3491,2024-03-02 12:00,200947.0,1,0,0,0,0.0,0
3492,2024-03-02 13:00,413211.0,1,0,0,0,0.0,0
3493,2024-03-02 14:00,338979.0,1,0,0,0,0.0,0
3494,2024-03-02 15:00,390068.0,1,0,0,0,0.0,0
3495,2024-03-02 16:00,257198.0,1,0,0,0,0.0,0
3496,2024-03-02 17:00,223481.0,1,0,0,0,0.0,0
3497,2024-03-02 18:00,392172.0,1,0,0,0,0.0,0
3498,2024-03-02 19:00,284685.0,1,0,0,0,0.0,0
3499,2024-03-02 20:00,358587.0,1,0,0,0,0.0,0
3500,2024-03-02 21:00,573425.0,1,0,0,0,0.0,0
3501,2024-03-02 22:00,292111.0,1,0,0,0,0.0,0
3502,2024-03-02 23:00,92439.0,1,0,0,0,0.0,0
3503,2024-03-03 00:00,129379.0,1,0,0,0,0.0,0
3504,2024-03-03 01:00,92946.0,1,0,0,0,0.0,0
3505,2024-03-03 02:00,76821.0,1,0,0,0,0.0,0
3506,2024-03-03 03:00,155095.0,1,0,0,0,0.0,0
3507,2024-03-03 04:00,325955.0,1,0,0,0,0.0,0
3508,2024-03-03 05:00,119602.0,1,0,0,0,0.0,0
3509,2024-03-03 06:00,143343.0,1,0,0,0,0.0,0
3510,2024-03-03 07:00,162136.0,1,0,0,0,0.0,0
3511,2024-03-03 08:00,197314.0,1,0,0,0,0.0,0
3512,2024-03-03 09:00,161030.0,1,0,0,0,0.0,0
3513,2024-03-03 10:00,759838.0,1,0,0,0,0.0,0
3514,2024-03-03 11:00,169641.0,1,0,0,0,0.0,0
3515,2024-03-03 12:00,325907.0,1,0,0,0,0.0,0
3516,2024-03-03 13:00,203885.0,1,0,0,0,0.0,0
3517,2024-03-03 14:00,418949.0,1,0,0,0,0.0,0
3518,2024-03-03 15:00,1009128.0,1,0,1,0,0.3333333333333333,0
3519,2024-03-03 16:00,177624.0,1,0,0,0,0.0,0
3520,2024-03-03 17:00,221604.0,1,0,0,0,0.0,0
3521,2024-03-03 18:00,188540.0,1,0,0,0,0.0,0
3522,2024-03-03 19:00,587777.0,1,0,0,0,0.0,0
3523,2024-03-03 20:00,902691.0,1,0,0,0,0.0,0
3524,2024-03-03 21:00,305049.0,1,0,0,0,0.0,0
3525,2024-03-03 22:00,302823.0,1,0,0,0,0.0,0
3526,2024-03-03 23:00,497845.0,1,0,1,0,0.3333333333333333,0
3527,2024-03-04 00:00,298232.0,0,0,0,0,0.0,0
3528,2024-03-04 01:00,248692.0,0,0,0,0,0.0,0
3529,2024-03-04 02:00,192327.0,0,0,0,0,0.0,0
3530,2024-03-04 03:00,189370.0,0,0,0,0,0.0,0
3531,2024-03-04 04:00,632167.0,0,0,0,0,0.0,0
3532,2024-03-04 05:00,1017062.0,0,0,1,0,0.3333333333333333,0
3533,2024-03-04 06:00,512825.0,0,0,1,0,0.3333333333333333,0
3534,2024-03-04 07:00,552721.0,0,0,0,1,0.16666666666666666,0
3535,2024-03-04 08:00,688020.0,0,0,0,0,0.0,0
3536,2024-03-04 09:00,1100316.0,0,0,1,0,0.3333333333333333,0
3537,2024-03-04 10:00,1060213.0,0,0,1,0,0.3333333333333333,0
3538,2024-03-04 11:00,915567.0,0,0,0,0,0.0,0
3539,2024-03-04 12:00,879115.0,0,0,0,0,0.0,0
3540,2024-03-04 13:00,435381.0,0,0,0,0,0.0,0
3541,2024-03-04 14:00,278742.0,0,0,0,0,0.0,0
3542,2024-03-04 15:00,231320.0,0,0,0,0,0.0,0
3543,2024-03-04 16:00,396607.0,0,0,0,0,0.0,0
3544,2024-03-04 17:00,185210.0,0,0,0,0,0.0,0
3545,2024-03-04 18:00,349109.0,0,0,0,0,0.0,0
3546,2024-03-04 19:00,225175.0,0,0,0,0,0.0,0
3547,2024-03-04 20:00,280393.0,0,0,0,0,0.0,0
3548,2024-03-04 21:00,378577.0,0,0,0,0,0.0,0
3549,2024-03-04 22:00,448566.0,0,0,0,0,0.0,0
3550,2024-03-04 23:00,347493.0,0,0,0,0,0.0,0
3551,2024-03-05 00:00,349664.0,0,0,0,0,0.0,0
3552,2024-03-05 01:00,196283.0,0,0,0,0,0.0,0
3553,2024-03-05 02:00,135364.0,0,0,0,0,0.0,0
3554,2024-03-05 03:00,152234.0,0,0,0,0,0.0,0
3555,2024-03-05 04:00,640283.0,0,0,0,0,0.0,0
3556,2024-03-05 05:00,939245.0,0,0,0,0,0.0,0
3557,2024-03-05 06:00,639461.0,0,0,0,0,0.0,0
3558,2024-03-05 07:00,849841.0,0,0,0,0,0.0,0
3559,2024-03-05 08:00,1051217.0,0,0,1,0,0.3333333333333333,0
3560,2024-03-05 09:00,666683.0,0,0,0,0,0.0,0
3561,2024-03-05 10:00,541834.0,0,0,1,0,0.3333333333333333,0
3562,2024-03-05 11:00,668376.0,0,0,0,0,0.0,0
3563,2024-03-05 12:00,568381.0,0,0,1,0,0.3333333333333333,0
3564,2024-03-05 13:00,269550.0,0,0,0,0,0.0,0
3565,2024-03-05 14:00,180316.0,0,0,0,0,0.0,0
3566,2024-03-05 15:00,189786.0,0,0,0,0,0.0,0
3567,2024-03-05 16:00,134120.0,0,0,0,0,0.0,0
3568,2024-03-05 17:00,257523.0,0,0,0,0,0.0,0
3569,2024-03-05 18:00,124789.0,0,0,0,0,0.0,0
3570,2024-03-05 19:00,148828.0,0,0,0,0,0.0,0
3571,2024-03-05 20:00,174873.0,0,0,0,0,0.0,0
3572,2024-03-05 21:00,516926.0,0,0,1,0,0.3333333333333333,0
3573,2024-03-05 22:00,352086.0,0,0,0,0,0.0,0
3574,2024-03-05 23:00,292817.0,0,0,0,0,0.0,0
3575,2024-03-06 00:00,314112.0,0,0,0,0,0.0,0
3576,2024-03-06 01:00,259301.0,0,0,0,0,0.0,0
3577,2024-03-06 02:00,264126.0,0,0,0,0,0.0,0
3578,2024-03-06 03:00,159419.0,0,0,0,0,0.0,0
3579,2024-03-06 04:00,335446.0,0,0,0,1,0.16666666666666666,0
3580,2024-03-06 05:00,859423.0,0,0,0,0,0.0,0
3581,2024-03-06 06:00,624475.0,0,0,0,0,0.0,0
3582,2024-03-06 07:00,457419.0,0,0,1,0,0.3333333333333333,0
3583,2024-03-06 08:00,471511.0,0,0,1,0,0.3333333333333333,0
3584,2024-03-06 09:00,496982.0,0,0,1,0,0.3333333333333333,0
3585,2024-03-06 10:00,712000.0,0,0,0,0,0.0,0
3586,2024-03-06 11:00,1138357.0,0,0,1,0,0.3333333333333333,0
3587,2024-03-06 12:00,704150.0,0,0,0,0,0.0,0
3588,2024-03-06 13:00,435965.0,0,0,1,0,0.3333333333333333,0
3589,2024-03-06 14:00,457820.0,0,0,1,0,0.3333333333333333,0
3590,2024-03-06 15:00,549339.0,0,0,1,0,0.3333333333333333,0
3591,2024-03-06 16:00,341609.0,0,0,0,0,0.0,0
3592,2024-03-06 17:00,289984.0,0,0,0,0,0.0,0
3593,2024-03-06 18:00,587560.0,0,0,1,0,0.3333333333333333,0
3594,2024-03-06 19:00,596075.0,0,0,0,0,0.0,0
3595,2024-03-06 20:00,583061.0,0,0,1,0,0.3333333333333333,0
3596,2024-03-06 21:00,373447.0,0,0,0,0,0.0,0
3597,2024-03-06 22:00,477231.0,0,0,1,0,0.3333333333333333,0
3598,2024-03-06 23:00,270274.0,0,0,0,0,0.0,0
3599,2024-03-07 00:00,284295.0,0,0,0,0,0.0,0
3600,2024-03-07 01:00,301846.0,0,0,0,0,0.0,0
3601,2024-03-07 02:00,315977.0,0,0,0,0,0.0,0
3602,2024-03-07 03:00,172311.0,0,0,0,0,0.0,0
3603,2024-03-07 04:00,654043.0,0,0,0,0,0.0,0
3604,2024-03-07 05:00,961920.0,0,0,1,0,0.3333333333333333,0
3605,2024-03-07 06:00,758937.0,0,0,0,0,0.0,0
3606,2024-03-07 07:00,659620.0,0,0,0,0,0.0,0
3607,2024-03-07 08:00,704831.0,0,0,0,0,0.0,0
3608,2024-03-07 09:00,630702.0,0,0,0,0,0.0,0
3609,2024-03-07 10:00,1054558.0,0,0,1,0,0.3333333333333333,0
3610,2024-03-07 11:00,565567.0,0,0,1,0,0.3333333333333333,0
3611,2024-03-07 12:00,464094.0,0,0,1,0,0.3333333333333333,0
3612,2024-03-07 13:00,363963.0,0,0,0,0,0.0,0
3613,2024-03-07 14:00,331321.0,0,0,0,0,0.0,0
3614,2024-03-07 15:00,311399.0,0,0,0,0,0.0,0
3615,2024-03-07 16:00,592687.0,0,0,0,0,0.0,0
3616,2024-03-07 17:00,794953.0,0,0,0,0,0.0,0
3617,2024-03-07 18:00,562518.0,0,0,1,0,0.3333333333333333,0
3618,2024-03-07 19:00,642651.0,0,0,0,0,0.0,0
3619,2024-03-07 20:00,496808.0,0,0,1,0,0.3333333333333333,0
3620,2024-03-07 21:00,475099.0,0,0,1,0,0.3333333333333333,0
3621,2024-03-07 22:00,559104.0,0,0,0,0,0.0,0
3622,2024-03-07 23:00,416958.0,0,0,0,0,0.0,0
3623,2024-03-08 00:00,436159.0,0,0,0,0,0.0,0
3624,2024-03-08 01:00,412220.0,0,0,0,0,0.0,0
3625,2024-03-08 02:00,245565.0,0,0,0,0,0.0,0
3626,2024-03-08 03:00,263729.0,0,0,0,0,0.0,0
3627,2024-03-08 04:00,742513.0,0,0,0,0,0.0,0
3628,2024-03-08 05:00,1026528.0,0,0,1,0,0.3333333333333333,0
3629,2024-03-08 06:00,795504.0,0,0,0,0,0.0,0
3630,2024-03-08 07:00,763701.0,0,0,0,0,0.0,0
3631,2024-03-08 08:00,751507.0,0,0,0,0,0.0,0
3632,2024-03-08 09:00,484055.0,0,0,1,0,0.3333333333333333,0
3633,2024-03-08 10:00,551550.0,0,0,1,0,0.3333333333333333,0
3634,2024-03-08 11:00,689055.0,0,0,0,0,0.0,0
3635,2024-03-08 12:00,514580.0,0,0,1,0,0.3333333333333333,0
3636,2024-03-08 13:00,333856.0,0,0,0,0,0.0,0
3637,2024-03-08 14:00,168784.0,0,0,0,0,0.0,0
3638,2024-03-08 15:00,167247.0,0,0,0,0,0.0,0
3639,2024-03-08 16:00,182959.0,0,0,0,0,0.0,0
3640,2024-03-08 17:00,189003.0,0,0,0,0,0.0,0
3641,2024-03-08 18:00,490079.0,0,0,1,0,0.3333333333333333,0
3642,2024-03-08 19:00,645575.0,0,0,0,0,0.0,0
3643,2024-03-08 20:00,805587.0,0,0,0,0,0.0,0
3644,2024-03-08 21:00,988658.0,0,0,1,0,0.3333333333333333,0
3645,2024-03-08 22:00,385794.0,0,0,0,0,0.0,0
3646,2024-03-08 23:00,331640.0,0,0,0,0,0.0,0
3647,2024-03-09 00:00,396340.0,1,0,0,0,0.0,0
3648,2024-03-09 01:00,332698.0,1,0,0,0,0.0,0
3649,2024-03-09 02:00,96050.0,1,0,1,0,0.3333333333333333,0
3650,2024-03-09 03:00,195353.0,1,0,0,0,0.0,0
3651,2024-03-09 04:00,223361.0,1,0,0,0,0.0,0
3652,2024-03-09 05:00,317326.0,1,0,0,0,0.0,0
3653,2024-03-09 06:00,298556.0,1,0,0,0,0.0,0
3654,2024-03-09 07:00,247360.0,1,0,0,0,0.0,0
3655,2024-03-09 08:00,280757.0,1,0,0,0,0.0,0
3656,2024-03-09 09:00,320983.0,1,0,0,0,0.0,0
3657,2024-03-09 10:00,496421.0,1,0,1,0,0.3333333333333333,0
3658,2024-03-09 11:00,779617.0,1,0,0,0,0.0,0
3659,2024-03-09 12:00,636991.0,1,0,0,0,0.0,0
3660,2024-03-09 13:00,531091.0,1,0,1,0,0.3333333333333333,0
3661,2024-03-09 14:00,1522578.0,1,0,1,0,0.3333333333333333,0
3662,2024-03-09 15:00,804324.0,1,0,0,0,0.0,0
3663,2024-03-09 16:00,230815.0,1,0,0,0,0.0,0
3664,2024-03-09 17:00,676423.0,1,0,0,0,0.0,0
3665,2024-03-09 18:00,670614.0,1,0,0,0,0.0,0
3666,2024-03-09 19:00,667339.0,1,0,0,0,0.0,0
3667,2024-03-09 20:00,2308089.0,1,0,1,1,0.5,0
3668,2024-03-09 21:00,1428778.0,1,0,1,0,0.3333333333333333,0
3669,2024-03-09 22:00,350653.0,1,0,0,0,0.0,0
3670,2024-03-09 23:00,305647.0,1,0,0,0,0.0,0
3671,2024-03-10 00:00,270455.0,1,0,0,0,0.0,0
3672,2024-03-10 01:00,203870.0,1,0,0,0,0.0,0
3673,2024-03-10 02:00,143151.0,1,0,0,0,0.0,0
3674,2024-03-10 03:00,119610.0,1,0,0,0,0.0,0
3675,2024-03-10 04:00,597354.0,1,0,0,0,0.0,0
3676,2024-03-10 05:00,789401.0,1,0,0,0,0.0,0
3677,2024-03-10 06:00,148510.0,1,0,0,0,0.0,0
3678,2024-03-10 07:00,298804.0,1,0,0,0,0.0,0
3679,2024-03-10 08:00,254445.0,1,0,0,0,0.0,0
3680,2024-03-10 09:00,449543.0,1,0,0,0,0.0,0
3681,2024-03-10 10:00,381966.0,1,0,0,1,0.16666666666666666,0
3682,2024-03-10 11:00,449414.0,1,0,0,0,0.0,0
3683,2024-03-10 12:00,429185.0,1,0,0,0,0.0,0
3684,2024-03-10 13:00,567265.0,1,0,0,0,0.0,0
3685,2024-03-10 14:00,333995.0,1,0,0,0,0.0,0
3686,2024-03-10 15:00,304085.0,1,0,0,0,0.0,0
3687,2024-03-10 16:00,276068.0,1,0,0,0,0.0,0
3688,2024-03-10 17:00,191485.0,1,0,0,0,0.0,0
3689,2024-03-10 18:00,399760.0,1,0,0,0,0.0,0
3690,2024-03-10 19:00,653712.0,1,0,0,0,0.0,0
3691,2024-03-10 20:00,953583.0,1,0,0,0,0.0,0
3692,2024-03-10 21:00,393689.0,1,0,0,0,0.0,0
3693,2024-03-10 22:00,746370.0,1,0,0,0,0.0,0
3694,2024-03-10 23:00,324367.0,1,0,0,0,0.0,0
3695,2024-03-11 00:00,105666.0,0,0,0,0,0.0,0
3696,2024-03-11 01:00,107565.0,0,0,0,0,0.0,0
3697,2024-03-11 02:00,70702.0,0,0,0,0,0.0,0
3698,2024-03-11 03:00,162229.0,0,0,0,0,0.0,0
3699,2024-03-11 04:00,506713.0,0,0,0,0,0.0,0
3700,2024-03-11 05:00,798723.0,0,0,0,0,0.0,0
3701,2024-03-11 06:00,645585.0,0,0,0,0,0.0,0
3702,2024-03-11 07:00,441281.0,0,0,0,0,0.0,0
3703,2024-03-11 08:00,1431802.0,0,0,1,0,0.3333333333333333,0
3704,2024-03-11 09:00,765361.0,0,0,0,0,0.0,0
3705,2024-03-11 10:00,713489.0,0,0,0,0,0.0,0
3706,2024-03-11 11:00,989790.0,0,0,0,0,0.0,0
3707,2024-03-11 12:00,1453696.0,0,0,1,1,0.5,0
3708,2024-03-11 13:00,413629.0,0,0,0,0,0.0,0
3709,2024-03-11 14:00,237778.0,0,0,0,0,0.0,0
3710,2024-03-11 15:00,384563.0,0,0,0,0,0.0,0
3711,2024-03-11 16:00,562725.0,0,0,0,0,0.0,0
3712,2024-03-11 17:00,448871.0,0,0,0,0,0.0,0
3713,2024-03-11 18:00,346249.0,0,0,0,0,0.0,0
3714,2024-03-11 19:00,363212.0,0,0,0,0,0.0,0
3715,2024-03-11 20:00,848494.0,0,0,0,0,0.0,0
3716,2024-03-11 21:00,1379797.0,0,0,1,1,0.5,0
3717,2024-03-11 22:00,1814485.0,0,0,1,0,0.3333333333333333,0
3718,2024-03-11 23:00,633602.0,0,0,0,0,0.0,0
3719,2024-03-12 00:00,716468.0,0,0,0,0,0.0,0
3720,2024-03-12 01:00,293151.0,0,0,0,0,0.0,0
3721,2024-03-12 02:00,99209.0,0,0,0,0,0.0,0
3722,2024-03-12 03:00,193935.0,0,0,0,0,0.0,0
3723,2024-03-12 04:00,377164.0,0,0,0,0,0.0,0
3724,2024-03-12 05:00,819534.0,0,0,0,0,0.0,0
3725,2024-03-12 06:00,785964.0,0,0,0,0,0.0,0
3726,2024-03-12 07:00,385634.0,0,0,0,0,0.0,0
3727,2024-03-12 08:00,3276034.0,0,0,1,1,0.5,0
3728,2024-03-12 09:00,838048.0,0,0,0,0,0.0,0
3729,2024-03-12 10:00,684996.0,0,0,0,0,0.0,0
3730,2024-03-12 11:00,892064.0,0,0,0,0,0.0,0
3731,2024-03-12 12:00,1822944.0,0,0,1,1,0.5,0
3732,2024-03-12 13:00,394438.0,0,0,0,0,0.0,0
3733,2024-03-12 14:00,333628.0,0,0,0,0,0.0,0
3734,2024-03-12 15:00,321379.0,0,0,0,0,0.0,0
3735,2024-03-12 16:00,249018.0,0,0,0,0,0.0,0
3736,2024-03-12 17:00,514571.0,0,0,0,0,0.0,0
3737,2024-03-12 18:00,733047.0,0,0,0,0,0.0,0
3738,2024-03-12 19:00,578951.0,0,0,0,0,0.0,0
3739,2024-03-12 20:00,486122.0,0,0,0,0,0.0,0
3740,2024-03-12 21:00,261147.0,0,0,0,0,0.0,0
3741,2024-03-12 22:00,435204.0,0,0,0,0,0.0,0
3742,2024-03-12 23:00,387851.0,0,0,0,0,0.0,0
3743,2024-03-13 00:00,218178.0,0,0,0,0,0.0,0
3744,2024-03-13 01:00,277043.0,0,0,0,0,0.0,0
3745,2024-03-13 02:00,187340.0,0,0,0,0,0.0,0
3746,2024-03-13 03:00,216431.0,0,0,0,1,0.16666666666666666,0
3747,2024-03-13 04:00,907362.0,0,0,0,0,0.0,0
3748,2024-03-13 05:00,1150931.0,0,0,0,0,0.0,0
3749,2024-03-13 06:00,876269.0,0,0,0,0,0.0,0
3750,2024-03-13 07:00,985563.0,0,0,0,0,0.0,0
3751,2024-03-13 08:00,1880720.0,0,0,1,0,0.3333333333333333,0
3752,2024-03-13 09:00,1828225.0,0,0,1,0,0.3333333333333333,0
3753,2024-03-13 10:00,985358.0,0,0,0,0,0.0,0
3754,2024-03-13 11:00,1076821.0,0,0,0,0,0.0,0
3755,2024-03-13 12:00,923446.0,0,0,0,0,0.0,0
3756,2024-03-13 13:00,845795.0,0,0,0,0,0.0,0
3757,2024-03-13 14:00,408963.0,0,0,0,0,0.0,0
3758,2024-03-13 15:00,291714.0,0,0,0,0,0.0,0
3759,2024-03-13 16:00,656962.0,0,0,0,0,0.0,0
3760,2024-03-13 17:00,260751.0,0,0,0,0,0.0,0
3761,2024-03-13 18:00,279830.0,0,0,0,0,0.0,0
3762,2024-03-13 19:00,606158.0,0,0,0,0,0.0,0
3763,2024-03-13 20:00,604427.0,0,0,0,0,0.0,0
3764,2024-03-13 21:00,170282.0,0,0,0,0,0.0,0
3765,2024-03-13 22:00,182821.0,0,0,0,0,0.0,0
3766,2024-03-13 23:00,128456.0,0,0,0,0,0.0,0
3767,2024-03-14 00:00,303692.0,0,0,0,0,0.0,0
3768,2024-03-14 01:00,399393.0,0,0,0,0,0.0,0
3769,2024-03-14 02:00,253560.0,0,0,0,0,0.0,0
3770,2024-03-14 03:00,252973.0,0,0,0,0,0.0,0
3771,2024-03-14 04:00,1031739.0,0,0,0,0,0.0,0
3772,2024-03-14 05:00,1551538.0,0,0,1,0,0.3333333333333333,0
3773,2024-03-14 06:00,979674.0,0,0,0,0,0.0,0
3774,2024-03-14 07:00,1454250.0,0,0,1,0,0.3333333333333333,0
3775,2024-03-14 08:00,1151810.0,0,0,0,0,0.0,0
3776,2024-03-14 09:00,1371515.0,0,0,1,0,0.3333333333333333,0
3777,2024-03-14 10:00,788223.0,0,0,0,0,0.0,0
3778,2024-03-14 11:00,896185.0,0,0,0,0,0.0,0
3779,2024-03-14 12:00,830029.0,0,0,0,0,0.0,0
3780,2024-03-14 13:00,568133.0,0,0,0,0,0.0,0
3781,2024-03-14 14:00,312112.0,0,0,0,0,0.0,0
3782,2024-03-14 15:00,381927.0,0,0,0,0,0.0,0
3783,2024-03-14 16:00,391089.0,0,0,0,0,0.0,0
3784,2024-03-14 17:00,440108.0,0,0,0,0,0.0,0
3785,2024-03-14 18:00,446490.0,0,0,0,0,0.0,0
3786,2024-03-14 19:00,850071.0,0,0,0,0,0.0,0
3787,2024-03-14 20:00,475463.0,0,0,0,0,0.0,0
3788,2024-03-14 21:00,360578.0,0,0,0,0,0.0,0
3789,2024-03-14 22:00,519957.0,0,0,0,0,0.0,0
3790,2024-03-14 23:00,649499.0,0,0,0,0,0.0,0
3791,2024-03-15 00:00,307184.0,0,0,0,0,0.0,0
3792,2024-03-15 01:00,288550.0,0,0,0,0,0.0,0
3793,2024-03-15 02:00,205108.0,0,0,0,0,0.0,0
3794,2024-03-15 03:00,258068.0,0,0,0,0,0.0,0
3795,2024-03-15 04:00,481963.0,0,0,0,0,0.0,0
3796,2024-03-15 05:00,849373.0,0,0,0,0,0.0,0
3797,2024-03-15 06:00,679788.0,0,0,0,0,0.0,0
3798,2024-03-15 07:00,590303.0,0,0,0,0,0.0,0
3799,2024-03-15 08:00,923228.0,0,0,0,0,0.0,0
3800,2024-03-15 09:00,841707.0,0,0,0,0,0.0,0
3801,2024-03-15 10:00,663528.0,0,0,0,0,0.0,0
3802,2024-03-15 11:00,1348950.0,0,0,1,0,0.3333333333333333,0
3803,2024-03-15 12:00,1237669.0,0,0,0,0,0.0,0
3804,2024-03-15 13:00,670791.0,0,0,0,0,0.0,0
3805,2024-03-15 14:00,968778.0,0,0,0,0,0.0,0
3806,2024-03-15 15:00,660483.0,0,0,0,0,0.0,0
3807,2024-03-15 16:00,391687.0,0,0,0,0,0.0,0
3808,2024-03-15 17:00,356881.0,0,0,0,0,0.0,0
3809,2024-03-15 18:00,587946.0,0,0,0,0,0.0,0
3810,2024-03-15 19:00,587943.0,0,0,0,0,0.0,0
3811,2024-03-15 20:00,991407.0,0,0,0,0,0.0,0
3812,2024-03-15 21:00,591515.0,0,0,0,0,0.0,0
3813,2024-03-15 22:00,642111.0,0,0,0,0,0.0,0
3814,2024-03-15 23:00,562091.0,0,0,0,0,0.0,0
3815,2024-03-16 00:00,403540.0,1,0,0,0,0.0,0
3816,2024-03-16 01:00,269056.0,1,0,0,0,0.0,0
3817,2024-03-16 02:00,289996.0,1,0,0,0,0.0,0
3818,2024-03-16 03:00,307978.0,1,0,0,0,0.0,0
3819,2024-03-16 04:00,114276.0,1,0,0,0,0.0,0
3820,2024-03-16 05:00,104207.0,1,0,0,0,0.0,0
3821,2024-03-16 06:00,168166.0,1,0,0,0,0.0,0
3822,2024-03-16 07:00,152059.0,1,0,0,0,0.0,0
3823,2024-03-16 08:00,146213.0,1,0,0,1,0.16666666666666666,0
3824,2024-03-16 09:00,262509.0,1,0,0,0,0.0,0
3825,2024-03-16 10:00,323071.0,1,0,0,0,0.0,0
3826,2024-03-16 11:00,253744.0,1,0,0,0,0.0,0
3827,2024-03-16 12:00,473700.0,1,0,0,0,0.0,0
3828,2024-03-16 13:00,341234.0,1,0,0,0,0.0,0
3829,2024-03-16 14:00,260501.0,1,0,0,0,0.0,0
3830,2024-03-16 15:00,230087.0,1,0,0,0,0.0,0
3831,2024-03-16 16:00,521795.0,1,0,0,0,0.0,0
3832,2024-03-16 17:00,335062.0,1,0,0,0,0.0,0
3833,2024-03-16 18:00,751202.0,1,0,0,0,0.0,0
3834,2024-03-16 19:00,350060.0,1,0,0,0,0.0,0
3835,2024-03-16 20:00,519979.0,1,0,0,0,0.0,0
3836,2024-03-16 21:00,906229.0,1,0,0,0,0.0,0
3837,2024-03-16 22:00,388156.0,1,0,0,0,0.0,0
3838,2024-03-16 23:00,207506.0,1,0,0,0,0.0,0
3839,2024-03-17 00:00,222323.0,1,0,0,0,0.0,0
3840,2024-03-17 01:00,174340.0,1,0,0,0,0.0,0
3841,2024-03-17 02:00,195229.0,1,0,0,0,0.0,0
3842,2024-03-17 03:00,193078.0,1,0,0,0,0.0,0
3843,2024-03-17 04:00,297632.0,1,0,0,0,0.0,0
3844,2024-03-17 05:00,450872.0,1,0,0,0,0.0,0
3845,2024-03-17 06:00,127568.0,1,0,0,0,0.0,0
3846,2024-03-17 07:00,196705.0,1,0,0,0,0.0,0
3847,2024-03-17 08:00,133506.0,1,0,0,0,0.0,0
3848,2024-03-17 09:00,169204.0,1,0,0,0,0.0,0
3849,2024-03-17 10:00,175651.0,1,0,0,0,0.0,0
3850,2024-03-17 11:00,166375.0,1,0,0,0,0.0,0
3851,2024-03-17 12:00,404816.0,1,0,0,0,0.0,0
3852,2024-03-17 13:00,576121.0,1,0,0,0,0.0,0
3853,2024-03-17 14:00,384580.0,1,0,0,0,0.0,0
3854,2024-03-17 15:00,1098336.0,1,0,1,0,0.3333333333333333,0
3855,2024-03-17 16:00,404603.0,1,0,0,0,0.0,0
3856,2024-03-17 17:00,646549.0,1,0,0,0,0.0,0
3857,2024-03-17 18:00,631543.0,1,0,0,0,0.0,0
3858,2024-03-17 19:00,361608.0,1,0,0,0,0.0,0
3859,2024-03-17 20:00,420491.0,1,0,0,0,0.0,0
3860,2024-03-17 21:00,420475.0,1,0,0,0,0.0,0
3861,2024-03-17 22:00,604596.0,1,0,0,0,0.0,0
3862,2024-03-17 23:00,605236.0,1,0,0,0,0.0,0
3863,2024-03-18 00:00,462100.0,0,0,0,0,0.0,0
3864,2024-03-18 01:00,206993.0,0,0,0,0,0.0,0
3865,2024-03-18 02:00,229374.0,0,0,0,0,0.0,0
3866,2024-03-18 03:00,364357.0,0,0,0,0,0.0,0
3867,2024-03-18 04:00,515793.0,0,0,1,0,0.3333333333333333,0
3868,2024-03-18 05:00,911217.0,0,0,0,0,0.0,0
3869,2024-03-18 06:00,725818.0,0,0,0,0,0.0,0
3870,2024-03-18 07:00,606887.0,0,0,0,0,0.0,0
3871,2024-03-18 08:00,685492.0,0,0,0,0,0.0,0
3872,2024-03-18 09:00,633782.0,0,0,0,0,0.0,0
3873,2024-03-18 10:00,531072.0,0,0,1,0,0.3333333333333333,0
3874,2024-03-18 11:00,1424250.0,0,0,1,0,0.3333333333333333,0
3875,2024-03-18 12:00,604390.0,0,0,0,0,0.0,0
3876,2024-03-18 13:00,613970.0,0,0,0,0,0.0,0
3877,2024-03-18 14:00,437028.0,0,0,0,0,0.0,0
3878,2024-03-18 15:00,639007.0,0,0,0,0,0.0,0
3879,2024-03-18 16:00,286499.0,0,0,0,0,0.0,0
3880,2024-03-18 17:00,169210.0,0,0,0,0,0.0,0
3881,2024-03-18 18:00,296515.0,0,0,0,0,0.0,0
3882,2024-03-18 19:00,980439.0,0,0,1,0,0.3333333333333333,0
3883,2024-03-18 20:00,1066408.0,0,0,1,0,0.3333333333333333,0
3884,2024-03-18 21:00,524238.0,0,0,1,0,0.3333333333333333,0
3885,2024-03-18 22:00,882799.0,0,0,0,0,0.0,0
3886,2024-03-18 23:00,783463.0,0,0,0,0,0.0,0
3887,2024-03-19 00:00,146286.0,0,0,0,0,0.0,0
3888,2024-03-19 01:00,437735.0,0,0,0,0,0.0,0
3889,2024-03-19 02:00,181789.0,0,0,0,0,0.0,0
3890,2024-03-19 03:00,216198.0,0,0,0,0,0.0,0
3891,2024-03-19 04:00,475743.0,0,0,0,0,0.0,0
3892,2024-03-19 05:00,947310.0,0,0,0,0,0.0,0
3893,2024-03-19 06:00,956086.0,0,0,1,0,0.3333333333333333,0
3894,2024-03-19 07:00,1078936.0,0,0,1,0,0.3333333333333333,0
3895,2024-03-19 08:00,812254.0,0,0,0,0,0.0,0
3896,2024-03-19 09:00,1152325.0,0,0,1,0,0.3333333333333333,0
3897,2024-03-19 10:00,872901.0,0,0,0,0,0.0,0
3898,2024-03-19 11:00,742339.0,0,0,0,0,0.0,0
3899,2024-03-19 12:00,655820.0,0,0,0,1,0.16666666666666666,0
3900,2024-03-19 13:00,529459.0,0,0,1,0,0.3333333333333333,0
3901,2024-03-19 14:00,420526.0,0,0,0,0,0.0,0
3902,2024-03-19 15:00,349701.0,0,0,0,0,0.0,0
3903,2024-03-19 16:00,302490.0,0,0,0,0,0.0,0
3904,2024-03-19 17:00,221621.0,0,0,0,0,0.0,0
3905,2024-03-19 18:00,599929.0,0,0,0,0,0.0,0
3906,2024-03-19 19:00,252747.0,0,0,0,0,0.0,0
3907,2024-03-19 20:00,394638.0,0,0,0,0,0.0,0
3908,2024-03-19 21:00,400177.0,0,0,0,0,0.0,0
3909,2024-03-19 22:00,197732.0,0,0,0,0,0.0,0
3910,2024-03-19 23:00,117448.0,0,0,0,0,0.0,0
3911,2024-03-20 00:00,104759.0,0,0,0,0,0.0,0
3912,2024-03-20 01:00,144271.0,0,0,0,0,0.0,0
3913,2024-03-20 02:00,153080.0,0,0,0,0,0.0,0
3914,2024-03-20 03:00,210608.0,0,0,0,1,0.16666666666666666,0
3915,2024-03-20 04:00,537099.0,0,0,1,0,0.3333333333333333,0
3916,2024-03-20 05:00,852952.0,0,0,0,0,0.0,0
3917,2024-03-20 06:00,672781.0,0,0,0,0,0.0,0
3918,2024-03-20 07:00,1061969.0,0,0,1,0,0.3333333333333333,0
3919,2024-03-20 08:00,674801.0,0,0,0,0,0.0,0
3920,2024-03-20 09:00,814767.0,0,0,0,0,0.0,0
3921,2024-03-20 10:00,648011.0,0,0,0,0,0.0,0
3922,2024-03-20 11:00,830416.0,0,0,0,0,0.0,0
3923,2024-03-20 12:00,1157380.0,0,0,1,0,0.3333333333333333,0
3924,2024-03-20 13:00,461853.0,0,0,0,0,0.0,0
3925,2024-03-20 14:00,473094.0,0,0,1,0,0.3333333333333333,0
3926,2024-03-20 15:00,707467.0,0,0,0,0,0.0,0
3927,2024-03-20 16:00,683888.0,0,0,0,0,0.0,0
3928,2024-03-20 17:00,407431.0,0,0,0,0,0.0,0
3929,2024-03-20 18:00,618237.0,0,0,0,0,0.0,0
3930,2024-03-20 19:00,821206.0,0,0,0,0,0.0,0
3931,2024-03-20 20:00,778071.0,0,0,0,0,0.0,0
3932,2024-03-20 21:00,654197.0,0,0,0,0,0.0,0
3933,2024-03-20 22:00,469492.0,0,0,0,0,0.0,0
3934,2024-03-20 23:00,327946.0,0,0,0,0,0.0,0
3935,2024-03-21 00:00,473797.0,0,0,1,0,0.3333333333333333,0
3936,2024-03-21 01:00,790981.0,0,0,0,0,0.0,0
3937,2024-03-21 02:00,289573.0,0,0,0,0,0.0,0
3938,2024-03-21 03:00,231124.0,0,0,0,0,0.0,0
3939,2024-03-21 04:00,523835.0,0,0,1,0,0.3333333333333333,0
3940,2024-03-21 05:00,657261.0,0,0,0,0,0.0,0
3941,2024-03-21 06:00,887718.0,0,0,0,0,0.0,0
3942,2024-03-21 07:00,807152.0,0,0,0,0,0.0,0
3943,2024-03-21 08:00,559120.0,0,0,0,0,0.0,0
3944,2024-03-21 09:00,596158.0,0,0,0,0,0.0,0
3945,2024-03-21 10:00,615193.0,0,0,0,0,0.0,0
3946,2024-03-21 11:00,975840.0,0,0,1,0,0.3333333333333333,0
3947,2024-03-21 12:00,913352.0,0,0,0,0,0.0,0
3948,2024-03-21 13:00,441480.0,0,0,0,0,0.0,0
3949,2024-03-21 14:00,385777.0,0,0,0,0,0.0,0
3950,2024-03-21 15:00,312471.0,0,0,0,0,0.0,0
3951,2024-03-21 16:00,269641.0,0,0,0,0,0.0,0
3952,2024-03-21 17:00,327395.0,0,0,0,0,0.0,0
3953,2024-03-21 18:00,642256.0,0,0,0,0,0.0,0
3954,2024-03-21 19:00,332214.0,0,0,0,0,0.0,0
3955,2024-03-21 20:00,575512.0,0,0,0,0,0.0,0
3956,2024-03-21 21:00,437353.0,0,0,0,0,0.0,0
3957,2024-03-21 22:00,412284.0,0,0,0,0,0.0,0
3958,2024-03-21 23:00,315890.0,0,0,0,0,0.0,0
3959,2024-03-22 00:00,534648.0,0,0,1,0,0.3333333333333333,0
3960,2024-03-22 01:00,415404.0,0,0,0,0,0.0,0
3961,2024-03-22 02:00,449505.0,0,0,0,0,0.0,0
3962,2024-03-22 03:00,219742.0,0,0,0,0,0.0,0
3963,2024-03-22 04:00,435854.0,0,0,0,0,0.0,0
3964,2024-03-22 05:00,1587470.0,0,0,1,0,0.3333333333333333,0
3965,2024-03-22 06:00,795581.0,0,0,0,0,0.0,0
3966,2024-03-22 07:00,877520.0,0,0,0,0,0.0,0
3967,2024-03-22 08:00,913300.0,0,0,0,0,0.0,0
3968,2024-03-22 09:00,883149.0,0,0,0,0,0.0,0
3969,2024-03-22 10:00,826097.0,0,0,0,0,0.0,0
3970,2024-03-22 11:00,1174114.0,0,0,1,0,0.3333333333333333,0
3971,2024-03-22 12:00,649395.0,0,0,0,0,0.0,0
3972,2024-03-22 13:00,376019.0,0,0,0,0,0.0,0
3973,2024-03-22 14:00,306983.0,0,0,0,0,0.0,0
3974,2024-03-22 15:00,354706.0,0,0,0,0,0.0,0
3975,2024-03-22 16:00,391890.0,0,0,0,0,0.0,0
3976,2024-03-22 17:00,365966.0,0,0,0,0,0.0,0
3977,2024-03-22 18:00,471179.0,0,0,0,0,0.0,0
3978,2024-03-22 19:00,731739.0,0,0,0,0,0.0,0
3979,2024-03-22 20:00,774809.0,0,0,0,0,0.0,0
3980,2024-03-22 21:00,956186.0,0,0,0,0,0.0,0
3981,2024-03-22 22:00,302147.0,0,0,0,0,0.0,0
3982,2024-03-22 23:00,180382.0,0,0,0,0,0.0,0
3983,2024-03-23 00:00,376180.0,1,0,0,0,0.0,0
3984,2024-03-23 01:00,119262.0,1,0,0,0,0.0,0
3985,2024-03-23 02:00,80770.0,1,0,1,0,0.3333333333333333,0
3986,2024-03-23 03:00,100696.0,1,0,0,0,0.0,0
3987,2024-03-23 04:00,94138.0,1,0,0,1,0.16666666666666666,0
3988,2024-03-23 05:00,312857.0,1,0,0,0,0.0,0
3989,2024-03-23 06:00,241741.0,1,0,0,0,0.0,0
3990,2024-03-23 07:00,206195.0,1,0,0,1,0.16666666666666666,0
3991,2024-03-23 08:00,154052.0,1,0,0,0,0.0,0
3992,2024-03-23 09:00,147743.0,1,0,0,0,0.0,0
3993,2024-03-23 10:00,293211.0,1,0,0,0,0.0,0
3994,2024-03-23 11:00,410518.0,1,0,0,0,0.0,0
3995,2024-03-23 12:00,260856.0,1,0,0,0,0.0,0
3996,2024-03-23 13:00,280340.0,1,0,0,0,0.0,0
3997,2024-03-23 14:00,416311.0,1,0,0,0,0.0,0
3998,2024-03-23 15:00,268733.0,1,0,0,0,0.0,0
3999,2024-03-23 16:00,181095.0,1,0,0,0,0.0,0
4000,2024-03-23 17:00,263561.0,1,0,0,0,0.0,0
4001,2024-03-23 18:00,574338.0,1,0,0,0,0.0,0
4002,2024-03-23 19:00,569281.0,1,0,0,0,0.0,0
4003,2024-03-23 20:00,873760.0,1,0,0,0,0.0,0
4004,2024-03-23 21:00,318035.0,1,0,0,0,0.0,0
4005,2024-03-23 22:00,144876.0,1,0,0,1,0.16666666666666666,0
4006,2024-03-23 23:00,108689.0,1,0,0,0,0.0,0
4007,2024-03-24 00:00,89622.0,1,0,0,0,0.0,0
4008,2024-03-24 01:00,107766.0,1,0,0,0,0.0,0
4009,2024-03-24 02:00,111148.0,1,0,0,0,0.0,0
4010,2024-03-24 03:00,101882.0,1,0,0,0,0.0,0
4011,2024-03-24 04:00,213011.0,1,0,0,0,0.0,0
4012,2024-03-24 05:00,203803.0,1,0,0,0,0.0,0
4013,2024-03-24 06:00,234857.0,1,0,0,0,0.0,0
4014,2024-03-24 07:00,237833.0,1,0,0,0,0.0,0
4015,2024-03-24 08:00,247000.0,1,0,0,0,0.0,0
4016,2024-03-24 09:00,425465.0,1,0,0,0,0.0,0
4017,2024-03-24 10:00,267395.0,1,0,0,0,0.0,0
4018,2024-03-24 11:00,199405.0,1,0,0,0,0.0,0
4019,2024-03-24 12:00,216738.0,1,0,0,0,0.0,0
4020,2024-03-24 13:00,194805.0,1,0,0,0,0.0,0
4021,2024-03-24 14:00,153444.0,1,0,0,0,0.0,0
4022,2024-03-24 15:00,84817.0,1,0,0,0,0.0,0
4023,2024-03-24 16:00,121451.0,1,0,0,0,0.0,0
4024,2024-03-24 17:00,183381.0,1,0,0,0,0.0,0
4025,2024-03-24 18:00,250136.0,1,0,0,0,0.0,0
4026,2024-03-24 19:00,183978.0,1,0,0,0,0.0,0
4027,2024-03-24 20:00,567841.0,1,0,1,0,0.3333333333333333,0
4028,2024-03-24 21:00,313670.0,1,0,0,0,0.0,0
4029,2024-03-24 22:00,210331.0,1,0,0,0,0.0,0
4030,2024-03-24 23:00,152460.0,1,0,0,0,0.0,0
4031,2024-03-25 00:00,88992.0,0,0,0,0,0.0,0
4032,2024-03-25 01:00,94892.0,0,0,0,0,0.0,0
4033,2024-03-25 02:00,137905.0,0,0,0,0,0.0,0
4034,2024-03-25 03:00,139690.0,0,0,0,0,0.0,0
4035,2024-03-25 04:00,353364.0,0,0,0,0,0.0,0
4036,2024-03-25 05:00,718995.0,0,0,0,0,0.0,0
4037,2024-03-25 06:00,556239.0,0,0,1,0,0.3333333333333333,0
4038,2024-03-25 07:00,398020.0,0,0,0,0,0.0,0
4039,2024-03-25 08:00,395574.0,0,0,0,0,0.0,0
4040,2024-03-25 09:00,405159.0,0,0,0,0,0.0,0
4041,2024-03-25 10:00,566751.0,0,0,1,0,0.3333333333333333,0
4042,2024-03-25 11:00,702662.0,0,0,0,0,0.0,0
4043,2024-03-25 12:00,304979.0,0,0,0,0,0.0,0
4044,2024-03-25 13:00,230929.0,0,0,0,0,0.0,0
4045,2024-03-25 14:00,462467.0,0,0,1,0,0.3333333333333333,0
4046,2024-03-25 15:00,272997.0,0,0,0,0,0.0,0
4047,2024-03-25 16:00,299663.0,0,0,0,0,0.0,0
4048,2024-03-25 17:00,566422.0,0,0,1,0,0.3333333333333333,0
4049,2024-03-25 18:00,388024.0,0,0,0,0,0.0,0
4050,2024-03-25 19:00,316555.0,0,0,0,0,0.0,0
4051,2024-03-25 20:00,666082.0,0,0,0,0,0.0,0
4052,2024-03-25 21:00,446944.0,0,0,1,0,0.3333333333333333,0
4053,2024-03-25 22:00,400571.0,0,0,0,0,0.0,0
4054,2024-03-25 23:00,242372.0,0,0,0,0,0.0,0
4055,2024-03-26 00:00,142884.0,0,0,0,0,0.0,0
4056,2024-03-26 01:00,158949.0,0,0,0,0,0.0,0
4057,2024-03-26 02:00,148049.0,0,0,0,0,0.0,0
4058,2024-03-26 03:00,199836.0,0,0,0,0,0.0,0
4059,2024-03-26 04:00,1312165.0,0,0,1,1,0.5,0
4060,2024-03-26 05:00,2684171.0,0,0,1,0,0.3333333333333333,0
4061,2024-03-26 06:00,1930192.0,0,1,1,0,0.8333333333333333,1
4062,2024-03-26 07:00,1097855.0,0,0,0,0,0.0,0
4063,2024-03-26 08:00,1700708.0,0,0,1,0,0.3333333333333333,0
4064,2024-03-26 09:00,703145.0,0,0,0,0,0.0,0
4065,2024-03-26 10:00,506414.0,0,0,0,0,0.0,0
4066,2024-03-26 11:00,628411.0,0,0,0,0,0.0,0
4067,2024-03-26 12:00,737392.0,0,0,0,0,0.0,0
4068,2024-03-26 13:00,616317.0,0,0,0,0,0.0,0
4069,2024-03-26 14:00,533721.0,0,0,0,0,0.0,0
4070,2024-03-26 15:00,430318.0,0,0,0,0,0.0,0
4071,2024-03-26 16:00,320225.0,0,0,0,0,0.0,0
4072,2024-03-26 17:00,239966.0,0,0,0,0,0.0,0
4073,2024-03-26 18:00,403480.0,0,0,0,0,0.0,0
4074,2024-03-26 19:00,309367.0,0,0,0,1,0.16666666666666666,0
4075,2024-03-26 20:00,462650.0,0,0,0,0,0.0,0
4076,2024-03-26 21:00,541339.0,0,0,0,0,0.0,0
4077,2024-03-26 22:00,411670.0,0,0,0,0,0.0,0
4078,2024-03-26 23:00,270309.0,0,0,0,0,0.0,0
4079,2024-03-27 00:00,162588.0,0,0,0,0,0.0,0
4080,2024-03-27 01:00,124327.0,0,0,0,0,0.0,0
4081,2024-03-27 02:00,208109.0,0,0,0,0,0.0,0
4082,2024-03-27 03:00,250907.0,0,0,0,0,0.0,0
4083,2024-03-27 04:00,703477.0,0,0,0,0,0.0,0
4084,2024-03-27 05:00,922707.0,0,0,0,0,0.0,0
4085,2024-03-27 06:00,716495.0,0,0,0,0,0.0,0
4086,2024-03-27 07:00,806727.0,0,0,0,0,0.0,0
4087,2024-03-27 08:00,872442.0,0,0,0,0,0.0,0
4088,2024-03-27 09:00,831667.0,0,0,0,0,0.0,0
4089,2024-03-27 10:00,964048.0,0,0,0,0,0.0,0
4090,2024-03-27 11:00,768936.0,0,0,0,0,0.0,0
4091,2024-03-27 12:00,1106716.0,0,0,0,0,0.0,0
4092,2024-03-27 13:00,1027699.0,0,0,0,0,0.0,0
4093,2024-03-27 14:00,490042.0,0,0,0,0,0.0,0
4094,2024-03-27 15:00,2103674.0,0,0,1,0,0.3333333333333333,0
4095,2024-03-27 16:00,510172.0,0,0,0,0,0.0,0
4096,2024-03-27 17:00,384348.0,0,0,0,0,0.0,0
4097,2024-03-27 18:00,409632.0,0,0,0,0,0.0,0
4098,2024-03-27 19:00,514669.0,0,0,0,1,0.16666666666666666,0
4099,2024-03-27 20:00,922355.0,0,0,0,0,0.0,0
4100,2024-03-27 21:00,645322.0,0,0,0,0,0.0,0
4101,2024-03-27 22:00,458477.0,0,0,0,0,0.0,0
4102,2024-03-27 23:00,222526.0,0,0,0,0,0.0,0
4103,2024-03-28 00:00,514841.0,0,0,0,0,0.0,0
4104,2024-03-28 01:00,547026.0,0,0,0,0,0.0,0
4105,2024-03-28 02:00,349602.0,0,0,0,0,0.0,0
4106,2024-03-28 03:00,335069.0,0,0,0,0,0.0,0
4107,2024-03-28 04:00,604005.0,0,0,0,0,0.0,0
4108,2024-03-28 05:00,1131645.0,0,0,0,0,0.0,0
4109,2024-03-28 06:00,1111233.0,0,0,0,0,0.0,0
4110,2024-03-28 07:00,1081181.0,0,0,0,0,0.0,0
4111,2024-03-28 08:00,647783.0,0,0,0,0,0.0,0
4112,2024-03-28 09:00,626784.0,0,0,0,0,0.0,0
4113,2024-03-28 10:00,713692.0,0,0,0,0,0.0,0
4114,2024-03-28 11:00,579906.0,0,0,0,0,0.0,0
4115,2024-03-28 12:00,509312.0,0,0,0,0,0.0,0
4116,2024-03-28 13:00,784209.0,0,0,0,0,0.0,0
4117,2024-03-28 14:00,891856.0,0,0,0,0,0.0,0
4118,2024-03-28 15:00,624259.0,0,0,0,0,0.0,0
4119,2024-03-28 16:00,573981.0,0,0,0,0,0.0,0
4120,2024-03-28 17:00,1074796.0,0,0,0,0,0.0,0
4121,2024-03-28 18:00,711221.0,0,0,0,0,0.0,0
4122,2024-03-28 19:00,572474.0,0,0,0,0,0.0,0
4123,2024-03-28 20:00,337677.0,0,0,0,0,0.0,0
4124,2024-03-28 21:00,245489.0,0,0,0,0,0.0,0
4125,2024-03-28 22:00,233495.0,0,0,0,0,0.0,0
4126,2024-03-28 23:00,355938.0,0,0,0,0,0.0,0
4127,2024-03-29 00:00,405452.0,1,0,0,0,0.0,0
4128,2024-03-29 01:00,240079.0,1,0,0,0,0.0,0
4129,2024-03-29 02:00,188408.0,1,0,0,0,0.0,0
4130,2024-03-29 03:00,240374.0,1,0,0,0,0.0,0
4131,2024-03-29 04:00,316978.0,1,0,0,0,0.0,0
4132,2024-03-29 05:00,380874.0,1,0,0,0,0.0,0
4133,2024-03-29 06:00,897438.0,1,0,0,0,0.0,0
4134,2024-03-29 07:00,284889.0,1,0,0,0,0.0,0
4135,2024-03-29 08:00,707635.0,1,0,0,0,0.0,0
4136,2024-03-29 09:00,379482.0,1,0,0,0,0.0,0
4137,2024-03-29 10:00,464545.0,1,0,0,0,0.0,0
4138,2024-03-29 11:00,973402.0,1,0,0,0,0.0,0
4139,2024-03-29 12:00,623059.0,1,0,0,0,0.0,0
4140,2024-03-29 13:00,587519.0,1,0,0,0,0.0,0
4141,2024-03-29 14:00,953898.0,1,0,0,0,0.0,0
4142,2024-03-29 15:00,584934.0,1,0,0,0,0.0,0
4143,2024-03-29 16:00,272582.0,1,0,0,0,0.0,0
4144,2024-03-29 17:00,647843.0,1,0,0,0,0.0,0
4145,2024-03-29 18:00,781278.0,1,0,0,0,0.0,0
4146,2024-03-29 19:00,259828.0,1,0,0,0,0.0,0
4147,2024-03-29 20:00,398062.0,1,0,0,0,0.0,0
4148,2024-03-29 21:00,197253.0,1,0,0,0,0.0,0
4149,2024-03-29 22:00,466194.0,1,0,0,0,0.0,0
4150,2024-03-29 23:00,194901.0,1,0,0,0,0.0,0
4151,2024-03-30 00:00,516232.0,1,0,0,0,0.0,0
4152,2024-03-30 01:00,151208.0,1,0,0,0,0.0,0
4153,2024-03-30 02:00,127019.0,1,0,0,0,0.0,0
4154,2024-03-30 03:00,86542.0,1,0,0,0,0.0,0
4155,2024-03-30 04:00,201038.0,1,0,0,0,0.0,0
4156,2024-03-30 05:00,133771.0,1,0,0,0,0.0,0
4157,2024-03-30 06:00,190614.0,1,0,0,1,0.16666666666666666,0
4158,2024-03-30 07:00,274901.0,1,0,0,0,0.0,0
4159,2024-03-30 08:00,181473.0,1,0,0,0,0.0,0
4160,2024-03-30 09:00,392738.0,1,0,0,0,0.0,0
4161,2024-03-30 10:00,192837.0,1,0,0,0,0.0,0
4162,2024-03-30 11:00,276811.0,1,0,0,0,0.0,0
4163,2024-03-30 12:00,296284.0,1,0,0,0,0.0,0
4164,2024-03-30 13:00,230978.0,1,0,0,0,0.0,0
4165,2024-03-30 14:00,358977.0,1,0,0,0,0.0,0
4166,2024-03-30 15:00,197999.0,1,0,0,0,0.0,0
4167,2024-03-30 16:00,231560.0,1,0,0,0,0.0,0
4168,2024-03-30 17:00,319236.0,1,0,0,0,0.0,0
4169,2024-03-30 18:00,173680.0,1,0,0,0,0.0,0
4170,2024-03-30 19:00,474553.0,1,0,0,0,0.0,0
4171,2024-03-30 20:00,261075.0,1,0,0,0,0.0,0
4172,2024-03-30 21:00,282120.0,1,0,0,0,0.0,0
4173,2024-03-30 22:00,246643.0,1,0,0,0,0.0,0
4174,2024-03-30 23:00,94720.0,1,0,0,0,0.0,0
4175,2024-03-31 00:00,91442.0,1,0,0,0,0.0,0
4176,2024-03-31 01:00,209883.0,1,0,0,0,0.0,0
4177,2024-03-31 02:00,114451.0,1,0,0,0,0.0,0
4178,2024-03-31 03:00,168138.0,1,0,0,0,0.0,0
4179,2024-03-31 04:00,197375.0,1,0,0,0,0.0,0
4180,2024-03-31 05:00,117634.0,1,0,0,0,0.0,0
4181,2024-03-31 06:00,214844.0,1,0,0,0,0.0,0
4182,2024-03-31 07:00,328370.0,1,0,0,0,0.0,0
4183,2024-03-31 08:00,495406.0,1,0,1,0,0.3333333333333333,0
4184,2024-03-31 09:00,505935.0,1,0,1,0,0.3333333333333333,0
4185,2024-03-31 10:00,547172.0,1,0,0,0,0.0,0
4186,2024-03-31 11:00,649588.0,1,0,0,0,0.0,0
4187,2024-03-31 12:00,365901.0,1,0,0,0,0.0,0
4188,2024-03-31 13:00,587645.0,1,0,0,0,0.0,0
4189,2024-03-31 14:00,517950.0,1,0,1,0,0.3333333333333333,0
4190,2024-03-31 15:00,462471.0,1,0,0,0,0.0,0
4191,2024-03-31 16:00,261214.0,1,0,0,0,0.0,0
4192,2024-03-31 17:00,269228.0,1,0,0,0,0.0,0
4193,2024-03-31 18:00,305376.0,1,0,0,0,0.0,0
4194,2024-03-31 19:00,280905.0,1,0,0,0,0.0,0
4195,2024-03-31 20:00,202543.0,1,0,0,0,0.0,0
4196,2024-03-31 21:00,177175.0,1,0,0,0,0.0,0
4197,2024-03-31 22:00,151342.0,1,0,0,0,0.0,0
4198,2024-03-31 23:00,124431.0,1,0,0,0,0.0,0
4199,2024-04-01 00:00,165112.0,1,0,0,0,0.0,0
4200,2024-04-01 01:00,90456.0,1,0,1,0,0.3333333333333333,0
4201,2024-04-01 02:00,247469.0,1,0,0,0,0.0,0
4202,2024-04-01 03:00,268472.0,1,0,0,0,0.0,0
4203,2024-04-01 04:00,474387.0,1,0,1,0,0.3333333333333333,0
4204,2024-04-01 05:00,632573.0,1,0,0,0,0.0,0
4205,2024-04-01 06:00,394029.0,1,0,0,0,0.0,0
4206,2024-04-01 07:00,403164.0,1,0,0,0,0.0,0
4207,2024-04-01 08:00,547107.0,1,0,1,0,0.3333333333333333,0
4208,2024-04-01 09:00,698945.0,1,0,0,0,0.0,0
4209,2024-04-01 10:00,839944.0,1,0,0,0,0.0,0
4210,2024-04-01 11:00,558956.0,1,0,1,0,0.3333333333333333,0
4211,2024-04-01 12:00,447291.0,1,0,1,0,0.3333333333333333,0
4212,2024-04-01 13:00,318769.0,1,0,0,0,0.0,0
4213,2024-04-01 14:00,520743.0,1,0,1,0,0.3333333333333333,0
4214,2024-04-01 15:00,2262441.0,1,0,1,1,0.5,0
4215,2024-04-01 16:00,351864.0,1,0,0,0,0.0,0
4216,2024-04-01 17:00,441337.0,1,0,0,0,0.0,0
4217,2024-04-01 18:00,625259.0,1,0,0,0,0.0,0
4218,2024-04-01 19:00,823829.0,1,0,0,0,0.0,0
4219,2024-04-01 20:00,438313.0,1,0,0,0,0.0,0
4220,2024-04-01 21:00,494552.0,1,0,0,0,0.0,0
4221,2024-04-01 22:00,307969.0,1,0,0,0,0.0,0
4222,2024-04-01 23:00,396779.0,1,0,0,0,0.0,0
4223,2024-04-02 00:00,264179.0,0,0,0,0,0.0,0
4224,2024-04-02 01:00,463616.0,0,0,0,0,0.0,0
4225,2024-04-02 02:00,896100.0,0,0,0,0,0.0,0
4226,2024-04-02 03:00,1871978.0,0,0,1,1,0.5,0
4227,2024-04-02 04:00,684997.0,0,0,0,0,0.0,0
4228,2024-04-02 05:00,685289.0,0,0,0,0,0.0,0
4229,2024-04-02 06:00,874067.0,0,0,0,0,0.0,0
4230,2024-04-02 07:00,1335011.0,0,0,1,0,0.3333333333333333,0
4231,2024-04-02 08:00,611617.0,0,0,0,0,0.0,0
4232,2024-04-02 09:00,653306.0,0,0,0,0,0.0,0
4233,2024-04-02 10:00,527932.0,0,0,0,0,0.0,0
4234,2024-04-02 11:00,512568.0,0,0,0,0,0.0,0
4235,2024-04-02 12:00,320383.0,0,0,0,0,0.0,0
4236,2024-04-02 13:00,320136.0,0,0,0,0,0.0,0
4237,2024-04-02 14:00,289514.0,0,0,0,0,0.0,0
4238,2024-04-02 15:00,251919.0,0,0,0,0,0.0,0
4239,2024-04-02 16:00,1120491.0,0,0,1,0,0.3333333333333333,0
4240,2024-04-02 17:00,792471.0,0,0,0,0,0.0,0
4241,2024-04-02 18:00,467300.0,0,0,0,0,0.0,0
4242,2024-04-02 19:00,532412.0,0,0,0,0,0.0,0
4243,2024-04-02 20:00,371822.0,0,0,0,0,0.0,0
4244,2024-04-02 21:00,416789.0,0,0,0,0,0.0,0
4245,2024-04-02 22:00,300055.0,0,0,0,0,0.0,0
4246,2024-04-02 23:00,398051.0,0,0,0,0,0.0,0
4247,2024-04-03 00:00,243492.0,0,0,0,0,0.0,0
4248,2024-04-03 01:00,416622.0,0,0,0,0,0.0,0
4249,2024-04-03 02:00,702115.0,0,0,0,0,0.0,0
4250,2024-04-03 03:00,1138911.0,0,0,1,0,0.3333333333333333,0
4251,2024-04-03 04:00,686566.0,0,0,0,0,0.0,0
4252,2024-04-03 05:00,902774.0,0,0,0,0,0.0,0
4253,2024-04-03 06:00,997595.0,0,0,0,0,0.0,0
4254,2024-04-03 07:00,957472.0,0,0,0,0,0.0,0
4255,2024-04-03 08:00,798797.0,0,0,0,0,0.0,0
4256,2024-04-03 09:00,856962.0,0,0,0,0,0.0,0
4257,2024-04-03 10:00,483588.0,0,0,0,0,0.0,0
4258,2024-04-03 11:00,466683.0,0,0,0,0,0.0,0
4259,2024-04-03 12:00,435860.0,0,0,0,0,0.0,0
4260,2024-04-03 13:00,538333.0,0,0,0,0,0.0,0
4261,2024-04-03 14:00,252272.0,0,0,0,0,0.0,0
4262,2024-04-03 15:00,277509.0,0,0,0,0,0.0,0
4263,2024-04-03 16:00,966095.0,0,0,0,0,0.0,0
4264,2024-04-03 17:00,1060500.0,0,0,1,0,0.3333333333333333,0
4265,2024-04-03 18:00,1341755.0,0,0,1,0,0.3333333333333333,0
4266,2024-04-03 19:00,486803.0,0,0,0,0,0.0,0
4267,2024-04-03 20:00,406823.0,0,0,0,0,0.0,0
4268,2024-04-03 21:00,478151.0,0,0,0,0,0.0,0
4269,2024-04-03 22:00,411848.0,0,0,0,0,0.0,0
4270,2024-04-03 23:00,184649.0,0,0,0,0,0.0,0
4271,2024-04-04 00:00,305548.0,0,0,0,0,0.0,0
4272,2024-04-04 01:00,321460.0,0,0,0,0,0.0,0
4273,2024-04-04 02:00,693372.0,0,0,0,0,0.0,0
4274,2024-04-04 03:00,933695.0,0,0,0,0,0.0,0
4275,2024-04-04 04:00,1527202.0,0,0,1,0,0.3333333333333333,0
4276,2024-04-04 05:00,1178624.0,0,0,1,0,0.3333333333333333,0
4277,2024-04-04 06:00,776635.0,0,0,0,0,0.0,0
4278,2024-04-04 07:00,762621.0,0,0,0,0,0.0,0
4279,2024-04-04 08:00,961090.0,0,0,0,0,0.0,0
4280,2024-04-04 09:00,626326.0,0,0,0,0,0.0,0
4281,2024-04-04 10:00,549325.0,0,0,0,0,0.0,0
4282,2024-04-04 11:00,323309.0,0,0,0,0,0.0,0
4283,2024-04-04 12:00,411172.0,0,0,0,0,0.0,0
4284,2024-04-04 13:00,267011.0,0,0,0,0,0.0,0
4285,2024-04-04 14:00,242672.0,0,0,0,0,0.0,0
4286,2024-04-04 15:00,271075.0,0,0,0,0,0.0,0
4287,2024-04-04 16:00,461078.0,0,0,0,0,0.0,0
4288,2024-04-04 17:00,430353.0,0,0,0,0,0.0,0
4289,2024-04-04 18:00,488165.0,0,0,0,0,0.0,0
4290,2024-04-04 19:00,945660.0,0,0,0,0,0.0,0
4291,2024-04-04 20:00,669431.0,0,0,0,0,0.0,0
4292,2024-04-04 21:00,334522.0,0,0,0,0,0.0,0
4293,2024-04-04 22:00,391352.0,0,0,0,0,0.0,0
4294,2024-04-04 23:00,455278.0,0,0,0,0,0.0,0
4295,2024-04-05 00:00,451783.0,0,0,0,0,0.0,0
4296,2024-04-05 01:00,466715.0,0,0,0,0,0.0,0
4297,2024-04-05 02:00,520868.0,0,0,0,0,0.0,0
4298,2024-04-05 03:00,1016720.0,0,0,0,0,0.0,0
4299,2024-04-05 04:00,975578.0,0,0,0,0,0.0,0
4300,2024-04-05 05:00,1071273.0,0,0,0,0,0.0,0
4301,2024-04-05 06:00,922892.0,0,0,0,0,0.0,0
4302,2024-04-05 07:00,609561.0,0,0,0,0,0.0,0
4303,2024-04-05 08:00,713584.0,0,0,0,0,0.0,0
4304,2024-04-05 09:00,933985.0,0,0,0,0,0.0,0
4305,2024-04-05 10:00,655726.0,0,0,0,0,0.0,0
4306,2024-04-05 11:00,402932.0,0,0,0,0,0.0,0
4307,2024-04-05 12:00,224167.0,0,0,0,0,0.0,0
4308,2024-04-05 13:00,216315.0,0,0,0,0,0.0,0
4309,2024-04-05 14:00,223744.0,0,0,0,0,0.0,0
4310,2024-04-05 15:00,596759.0,0,0,0,0,0.0,0
4311,2024-04-05 16:00,220534.0,0,0,0,0,0.0,0
4312,2024-04-05 17:00,349161.0,0,0,0,0,0.0,0
4313,2024-04-05 18:00,350095.0,0,0,0,0,0.0,0
4314,2024-04-05 19:00,295056.0,0,0,0,0,0.0,0
4315,2024-04-05 20:00,284605.0,0,0,0,0,0.0,0
4316,2024-04-05 21:00,607222.0,0,0,0,0,0.0,0
4317,2024-04-05 22:00,403663.0,0,0,0,0,0.0,0
4318,2024-04-05 23:00,402169.0,0,0,0,0,0.0,0
4319,2024-04-06 00:00,306823.0,1,0,0,0,0.0,0
4320,2024-04-06 01:00,244292.0,1,0,0,0,0.0,0
4321,2024-04-06 02:00,435044.0,1,0,0,1,0.16666666666666666,0
4322,2024-04-06 03:00,382726.0,1,0,0,0,0.0,0
4323,2024-04-06 04:00,614854.0,1,0,0,0,0.0,0
4324,2024-04-06 05:00,471445.0,1,0,0,0,0.0,0
4325,2024-04-06 06:00,447336.0,1,0,0,0,0.0,0
4326,2024-04-06 07:00,361323.0,1,0,0,0,0.0,0
4327,2024-04-06 08:00,614468.0,1,0,0,0,0.0,0
4328,2024-04-06 09:00,740255.0,1,0,0,0,0.0,0
4329,2024-04-06 10:00,697265.0,1,0,0,0,0.0,0
4330,2024-04-06 11:00,837294.0,1,0,0,0,0.0,0
4331,2024-04-06 12:00,806891.0,1,0,0,0,0.0,0
4332,2024-04-06 13:00,901103.0,1,0,0,0,0.0,0
4333,2024-04-06 14:00,234521.0,1,0,0,0,0.0,0
4334,2024-04-06 15:00,548288.0,1,0,0,0,0.0,0
4335,2024-04-06 16:00,209143.0,1,0,0,0,0.0,0
4336,2024-04-06 17:00,418885.0,1,0,0,0,0.0,0
4337,2024-04-06 18:00,495454.0,1,0,0,0,0.0,0
4338,2024-04-06 19:00,78655.0,1,0,0,0,0.0,0
4339,2024-04-06 20:00,306173.0,1,0,0,0,0.0,0
4340,2024-04-06 21:00,461935.0,1,0,0,0,0.0,0
4341,2024-04-06 22:00,222035.0,1,0,0,0,0.0,0
4342,2024-04-06 23:00,249860.0,1,0,0,0,0.0,0
4343,2024-04-07 00:00,240259.0,1,0,0,0,0.0,0
4344,2024-04-07 01:00,288849.0,1,0,0,1,0.16666666666666666,0
4345,2024-04-07 02:00,179566.0,1,0,0,0,0.0,0
4346,2024-04-07 03:00,193794.0,1,0,0,0,0.0,0
4347,2024-04-07 04:00,245497.0,1,0,0,0,0.0,0
4348,2024-04-07 05:00,244408.0,1,0,0,0,0.0,0
4349,2024-04-07 06:00,361878.0,1,0,0,0,0.0,0
4350,2024-04-07 07:00,268677.0,1,0,0,0,0.0,0
4351,2024-04-07 08:00,213363.0,1,0,0,1,0.16666666666666666,0
4352,2024-04-07 09:00,218782.0,1,0,0,0,0.0,0
4353,2024-04-07 10:00,286614.0,1,0,0,0,0.0,0
4354,2024-04-07 11:00,307152.0,1,0,0,0,0.0,0
4355,2024-04-07 12:00,455931.0,1,0,0,0,0.0,0
4356,2024-04-07 13:00,279065.0,1,0,0,0,0.0,0
4357,2024-04-07 14:00,186274.0,1,0,0,0,0.0,0
4358,2024-04-07 15:00,222909.0,1,0,0,0,0.0,0
4359,2024-04-07 16:00,292383.0,1,0,0,0,0.0,0
4360,2024-04-07 17:00,312929.0,1,0,0,0,0.0,0
4361,2024-04-07 18:00,534735.0,1,0,1,0,0.3333333333333333,0
4362,2024-04-07 19:00,382010.0,1,0,0,0,0.0,0
4363,2024-04-07 20:00,159402.0,1,0,0,0,0.0,0
4364,2024-04-07 21:00,304737.0,1,0,0,1,0.16666666666666666,0
4365,2024-04-07 22:00,269741.0,1,0,0,0,0.0,0
4366,2024-04-07 23:00,289563.0,1,0,0,0,0.0,0
4367,2024-04-08 00:00,144591.0,0,0,0,0,0.0,0
4368,2024-04-08 01:00,320219.0,0,0,0,0,0.0,0
4369,2024-04-08 02:00,594623.0,0,0,0,0,0.0,0
4370,2024-04-08 03:00,655689.0,0,0,0,0,0.0,0
4371,2024-04-08 04:00,509576.0,0,0,1,0,0.3333333333333333,0
4372,2024-04-08 05:00,622456.0,0,0,0,0,0.0,0
4373,2024-04-08 06:00,664299.0,0,0,0,0,0.0,0
4374,2024-04-08 07:00,474340.0,0,0,1,0,0.3333333333333333,0
4375,2024-04-08 08:00,804117.0,0,0,0,0,0.0,0
4376,2024-04-08 09:00,632580.0,0,0,0,0,0.0,0
4377,2024-04-08 10:00,1950877.0,0,0,1,1,0.5,0
4378,2024-04-08 11:00,585027.0,0,0,0,0,0.0,0
4379,2024-04-08 12:00,133317.0,0,0,0,0,0.0,0
4380,2024-04-08 13:00,404729.0,0,0,0,0,0.0,0
4381,2024-04-08 14:00,163559.0,0,0,0,0,0.0,0
4382,2024-04-08 15:00,195167.0,0,0,0,0,0.0,0
4383,2024-04-08 16:00,479205.0,0,0,0,0,0.0,0
4384,2024-04-08 17:00,312692.0,0,0,0,0,0.0,0
4385,2024-04-08 18:00,675603.0,0,0,0,0,0.0,0
4386,2024-04-08 19:00,426757.0,0,0,0,0,0.0,0
4387,2024-04-08 20:00,325778.0,0,0,0,0,0.0,0
4388,2024-04-08 21:00,279624.0,0,0,0,0,0.0,0
4389,2024-04-08 22:00,185537.0,0,0,0,0,0.0,0
4390,2024-04-08 23:00,138386.0,0,0,0,0,0.0,0
4391,2024-04-09 00:00,177979.0,0,0,0,0,0.0,0
4392,2024-04-09 01:00,259240.0,0,0,0,0,0.0,0
4393,2024-04-09 02:00,438538.0,0,0,0,0,0.0,0
4394,2024-04-09 03:00,580569.0,0,0,0,0,0.0,0
4395,2024-04-09 04:00,635510.0,0,0,0,0,0.0,0
4396,2024-04-09 05:00,529695.0,0,0,1,0,0.3333333333333333,0
4397,2024-04-09 06:00,515430.0,0,0,1,0,0.3333333333333333,0
4398,2024-04-09 07:00,744518.0,0,0,0,0,0.0,0
4399,2024-04-09 08:00,888604.0,0,0,0,0,0.0,0
4400,2024-04-09 09:00,813730.0,0,0,0,0,0.0,0
4401,2024-04-09 10:00,421075.0,0,0,0,0,0.0,0
4402,2024-04-09 11:00,359714.0,0,0,0,0,0.0,0
4403,2024-04-09 12:00,310124.0,0,0,0,0,0.0,0
4404,2024-04-09 13:00,557019.0,0,0,0,0,0.0,0
4405,2024-04-09 14:00,280794.0,0,0,0,0,0.0,0
4406,2024-04-09 15:00,658905.0,0,0,0,0,0.0,0
4407,2024-04-09 16:00,275660.0,0,0,0,0,0.0,0
4408,2024-04-09 17:00,701233.0,0,0,0,0,0.0,0
4409,2024-04-09 18:00,294910.0,0,0,0,0,0.0,0
4410,2024-04-09 19:00,261071.0,0,0,0,0,0.0,0
4411,2024-04-09 20:00,286571.0,0,0,0,0,0.0,0
4412,2024-04-09 21:00,126822.0,0,0,0,0,0.0,0
4413,2024-04-09 22:00,101524.0,0,0,1,0,0.3333333333333333,0
4414,2024-04-09 23:00,223675.0,0,0,0,0,0.0,0
4415,2024-04-10 00:00,216095.0,0,0,0,0,0.0,0
4416,2024-04-10 01:00,217136.0,0,0,0,0,0.0,0
4417,2024-04-10 02:00,873487.0,0,0,0,0,0.0,0
4418,2024-04-10 03:00,950718.0,0,0,1,0,0.3333333333333333,0
4419,2024-04-10 04:00,599691.0,0,0,0,0,0.0,0
4420,2024-04-10 05:00,598182.0,0,0,0,0,0.0,0
4421,2024-04-10 06:00,473956.0,0,0,0,0,0.0,0
4422,2024-04-10 07:00,738825.0,0,0,0,0,0.0,0
4423,2024-04-10 08:00,447873.0,0,0,0,0,0.0,0
4424,2024-04-10 09:00,561862.0,0,0,0,0,0.0,0
4425,2024-04-10 10:00,427586.0,0,0,0,0,0.0,0
4426,2024-04-10 11:00,320785.0,0,0,0,0,0.0,0
4427,2024-04-10 12:00,377906.0,0,0,0,0,0.0,0
4428,2024-04-10 13:00,263438.0,0,0,0,0,0.0,0
4429,2024-04-10 14:00,243783.0,0,0,0,0,0.0,0
4430,2024-04-10 15:00,233937.0,0,0,0,0,0.0,0
4431,2024-04-10 16:00,338591.0,0,0,0,0,0.0,0
4432,2024-04-10 17:00,287074.0,0,0,0,0,0.0,0
4433,2024-04-10 18:00,518831.0,0,0,1,0,0.3333333333333333,0
4434,2024-04-10 19:00,768560.0,0,0,0,0,0.0,0
4435,2024-04-10 20:00,430901.0,0,0,0,0,0.0,0
4436,2024-04-10 21:00,480020.0,0,0,0,0,0.0,0
4437,2024-04-10 22:00,412804.0,0,0,0,0,0.0,0
4438,2024-04-10 23:00,416970.0,0,0,0,0,0.0,0
4439,2024-04-11 00:00,422496.0,0,0,0,0,0.0,0
4440,2024-04-11 01:00,193860.0,0,0,0,0,0.0,0
4441,2024-04-11 02:00,706443.0,0,0,0,0,0.0,0
4442,2024-04-11 03:00,825427.0,0,0,0,0,0.0,0
4443,2024-04-11 04:00,1666196.0,0,0,1,0,0.3333333333333333,0
4444,2024-04-11 05:00,488210.0,0,0,0,0,0.0,0
4445,2024-04-11 06:00,639969.0,0,0,0,0,0.0,0
4446,2024-04-11 07:00,408806.0,0,0,0,0,0.0,0
4447,2024-04-11 08:00,1051346.0,0,0,1,0,0.3333333333333333,0
4448,2024-04-11 09:00,711146.0,0,0,0,0,0.0,0
4449,2024-04-11 10:00,590598.0,0,0,0,0,0.0,0
4450,2024-04-11 11:00,452561.0,0,0,0,0,0.0,0
4451,2024-04-11 12:00,427626.0,0,0,0,0,0.0,0
4452,2024-04-11 13:00,387678.0,0,0,0,0,0.0,0
4453,2024-04-11 14:00,373475.0,0,0,0,0,0.0,0
4454,2024-04-11 15:00,242781.0,0,0,0,0,0.0,0
4455,2024-04-11 16:00,262733.0,0,0,0,0,0.0,0
4456,2024-04-11 17:00,299820.0,0,0,0,0,0.0,0
4457,2024-04-11 18:00,217157.0,0,0,0,0,0.0,0
4458,2024-04-11 19:00,354515.0,0,0,0,0,0.0,0
4459,2024-04-11 20:00,204088.0,0,0,0,0,0.0,0
4460,2024-04-11 21:00,173376.0,0,0,0,0,0.0,0
4461,2024-04-11 22:00,135754.0,0,0,0,0,0.0,0
4462,2024-04-11 23:00,197946.0,0,0,0,0,0.0,0
4463,2024-04-12 00:00,159422.0,0,0,0,0,0.0,0
4464,2024-04-12 01:00,192730.0,0,0,0,1,0.16666666666666666,0
4465,2024-04-12 02:00,483434.0,0,0,0,0,0.0,0
4466,2024-04-12 03:00,742471.0,0,0,0,0,0.0,0
4467,2024-04-12 04:00,583244.0,0,0,0,0,0.0,0
4468,2024-04-12 05:00,783058.0,0,0,0,0,0.0,0
4469,2024-04-12 06:00,635757.0,0,0,0,0,0.0,0
4470,2024-04-12 07:00,1806493.0,0,0,1,0,0.3333333333333333,0
4471,2024-04-12 08:00,469393.0,0,0,0,0,0.0,0
4472,2024-04-12 09:00,698280.0,0,0,0,0,0.0,0
4473,2024-04-12 10:00,613608.0,0,0,0,0,0.0,0
4474,2024-04-12 11:00,376102.0,0,0,0,0,0.0,0
4475,2024-04-12 12:00,461145.0,0,0,0,0,0.0,0
4476,2024-04-12 13:00,159642.0,0,0,0,0,0.0,0
4477,2024-04-12 14:00,379942.0,0,0,0,0,0.0,0
4478,2024-04-12 15:00,316036.0,0,0,0,0,0.0,0
4479,2024-04-12 16:00,352072.0,0,0,0,0,0.0,0
4480,2024-04-12 17:00,326471.0,0,0,0,0,0.0,0
4481,2024-04-12 18:00,390971.0,0,0,0,0,0.0,0
4482,2024-04-12 19:00,657001.0,0,0,0,0,0.0,0
4483,2024-04-12 20:00,589612.0,0,0,0,0,0.0,0
4484,2024-04-12 21:00,287968.0,0,0,0,0,0.0,0
4485,2024-04-12 22:00,151203.0,0,0,0,0,0.0,0
4486,2024-04-12 23:00,212382.0,0,0,0,0,0.0,0
4487,2024-04-13 00:00,343516.0,1,0,0,0,0.0,0
4488,2024-04-13 01:00,155502.0,1,0,0,0,0.0,0
4489,2024-04-13 02:00,235264.0,1,0,0,0,0.0,0
4490,2024-04-13 03:00,191501.0,1,0,0,0,0.0,0
4491,2024-04-13 04:00,326285.0,1,0,0,0,0.0,0
4492,2024-04-13 05:00,363998.0,1,0,0,0,0.0,0
4493,2024-04-13 06:00,347115.0,1,0,0,0,0.0,0
4494,2024-04-13 07:00,277197.0,1,0,0,0,0.0,0
4495,2024-04-13 08:00,413381.0,1,0,0,0,0.0,0
4496,2024-04-13 09:00,825078.0,1,0,0,0,0.0,0
4497,2024-04-13 10:00,298394.0,1,0,0,0,0.0,0
4498,2024-04-13 11:00,363301.0,1,0,0,0,0.0,0
4499,2024-04-13 12:00,472912.0,1,0,0,0,0.0,0
4500,2024-04-13 13:00,562192.0,1,0,0,0,0.0,0
4501,2024-04-13 14:00,265131.0,1,0,0,0,0.0,0
4502,2024-04-13 15:00,315566.0,1,0,0,0,0.0,0
4503,2024-04-13 16:00,409879.0,1,0,0,0,0.0,0
4504,2024-04-13 17:00,785975.0,1,0,0,0,0.0,0
4505,2024-04-13 18:00,485463.0,1,0,0,0,0.0,0
4506,2024-04-13 19:00,537296.0,1,0,0,0,0.0,0
4507,2024-04-13 20:00,484145.0,1,0,0,0,0.0,0
4508,2024-04-13 21:00,440781.0,1,0,0,0,0.0,0
4509,2024-04-13 22:00,350973.0,1,0,0,0,0.0,0
4510,2024-04-13 23:00,280893.0,1,0,0,0,0.0,0
4511,2024-04-14 00:00,242493.0,1,0,0,0,0.0,0
4512,2024-04-14 01:00,245436.0,1,0,0,0,0.0,0
4513,2024-04-14 02:00,261300.0,1,0,0,0,0.0,0
4514,2024-04-14 03:00,659414.0,1,0,0,0,0.0,0
4515,2024-04-14 04:00,918637.0,1,0,0,0,0.0,0
4516,2024-04-14 05:00,368117.0,1,0,0,0,0.0,0
4517,2024-04-14 06:00,383948.0,1,0,0,0,0.0,0
4518,2024-04-14 07:00,425192.0,1,0,0,0,0.0,0
4519,2024-04-14 08:00,424420.0,1,0,0,0,0.0,0
4520,2024-04-14 09:00,685544.0,1,0,0,0,0.0,0
4521,2024-04-14 10:00,1328980.0,1,0,1,0,0.3333333333333333,0
4522,2024-04-14 11:00,564149.0,1,0,0,0,0.0,0
4523,2024-04-14 12:00,805954.0,1,0,0,0,0.0,0
4524,2024-04-14 13:00,386163.0,1,0,0,0,0.0,0
4525,2024-04-14 14:00,430311.0,1,0,0,0,0.0,0
4526,2024-04-14 15:00,345516.0,1,0,0,0,0.0,0
4527,2024-04-14 16:00,262401.0,1,0,0,0,0.0,0
4528,2024-04-14 17:00,682781.0,1,0,0,0,0.0,0
4529,2024-04-14 18:00,482500.0,1,0,0,0,0.0,0
4530,2024-04-14 19:00,514894.0,1,0,0,0,0.0,0
4531,2024-04-14 20:00,336319.0,1,0,0,0,0.0,0
4532,2024-04-14 21:00,274493.0,1,0,0,0,0.0,0
4533,2024-04-14 22:00,301212.0,1,0,0,0,0.0,0
4534,2024-04-14 23:00,288302.0,1,0,0,0,0.0,0
4535,2024-04-15 00:00,236614.0,0,0,0,0,0.0,0
4536,2024-04-15 01:00,423739.0,0,0,0,0,0.0,0
4537,2024-04-15 02:00,518290.0,0,0,0,0,0.0,0
4538,2024-04-15 03:00,1119568.0,0,0,1,0,0.3333333333333333,0
4539,2024-04-15 04:00,1123560.0,0,0,1,0,0.3333333333333333,0
4540,2024-04-15 05:00,797142.0,0,0,0,0,0.0,0
4541,2024-04-15 06:00,841606.0,0,0,0,0,0.0,0
4542,2024-04-15 07:00,794667.0,0,0,0,0,0.0,0
4543,2024-04-15 08:00,953576.0,0,0,1,0,0.3333333333333333,0
4544,2024-04-15 09:00,596704.0,0,0,0,0,0.0,0
4545,2024-04-15 10:00,559687.0,0,0,0,0,0.0,0
4546,2024-04-15 11:00,281438.0,0,0,0,0,0.0,0
4547,2024-04-15 12:00,267882.0,0,0,0,0,0.0,0
4548,2024-04-15 13:00,205473.0,0,0,0,0,0.0,0
4549,2024-04-15 14:00,296150.0,0,0,0,0,0.0,0
4550,2024-04-15 15:00,238933.0,0,0,0,0,0.0,0
4551,2024-04-15 16:00,210469.0,0,0,0,0,0.0,0
4552,2024-04-15 17:00,642613.0,0,0,0,0,0.0,0
4553,2024-04-15 18:00,330183.0,0,0,0,0,0.0,0
4554,2024-04-15 19:00,319548.0,0,0,0,0,0.0,0
4555,2024-04-15 20:00,370484.0,0,0,0,0,0.0,0
4556,2024-04-15 21:00,239049.0,0,0,0,0,0.0,0
4557,2024-04-15 22:00,171225.0,0,0,0,0,0.0,0
4558,2024-04-15 23:00,196916.0,0,0,0,0,0.0,0
4559,2024-04-16 00:00,179251.0,0,0,0,0,0.0,0
4560,2024-04-16 01:00,224331.0,0,0,0,0,0.0,0
4561,2024-04-16 02:00,631699.0,0,0,0,0,0.0,0
4562,2024-04-16 03:00,857860.0,0,0,0,0,0.0,0
4563,2024-04-16 04:00,763121.0,0,0,0,0,0.0,0
4564,2024-04-16 05:00,920939.0,0,0,0,0,0.0,0
4565,2024-04-16 06:00,623883.0,0,0,0,0,0.0,0
4566,2024-04-16 07:00,744214.0,0,0,0,0,0.0,0
4567,2024-04-16 08:00,669490.0,0,0,0,0,0.0,0
4568,2024-04-16 09:00,800105.0,0,0,0,0,0.0,0
4569,2024-04-16 10:00,438325.0,0,0,0,0,0.0,0
4570,2024-04-16 11:00,826660.0,0,0,0,0,0.0,0
4571,2024-04-16 12:00,274269.0,0,0,0,0,0.0,0
4572,2024-04-16 13:00,351785.0,0,0,0,0,0.0,0
4573,2024-04-16 14:00,802761.0,0,0,0,0,0.0,0
4574,2024-04-16 15:00,231393.0,0,0,0,0,0.0,0
4575,2024-04-16 16:00,452299.0,0,0,1,0,0.3333333333333333,0
4576,2024-04-16 17:00,486748.0,0,0,1,0,0.3333333333333333,0
4577,2024-04-16 18:00,272217.0,0,0,0,0,0.0,0
4578,2024-04-16 19:00,468424.0,0,0,1,0,0.3333333333333333,0
4579,2024-04-16 20:00,286636.0,0,0,0,0,0.0,0
4580,2024-04-16 21:00,228147.0,0,0,0,0,0.0,0
4581,2024-04-16 22:00,186356.0,0,0,0,0,0.0,0
4582,2024-04-16 23:00,195826.0,0,0,0,0,0.0,0
4583,2024-04-17 00:00,380703.0,0,0,0,0,0.0,0
4584,2024-04-17 01:00,271413.0,0,0,0,0,0.0,0
4585,2024-04-17 02:00,515181.0,0,0,1,0,0.3333333333333333,0
4586,2024-04-17 03:00,773821.0,0,0,0,0,0.0,0
4587,2024-04-17 04:00,700230.0,0,0,0,0,0.0,0
4588,2024-04-17 05:00,489618.0,0,0,1,0,0.3333333333333333,0
4589,2024-04-17 06:00,478895.0,0,0,1,0,0.3333333333333333,0
4590,2024-04-17 07:00,692059.0,0,0,0,0,0.0,0
4591,2024-04-17 08:00,621617.0,0,0,0,0,0.0,0
4592,2024-04-17 09:00,675830.0,0,0,0,0,0.0,0
4593,2024-04-17 10:00,616956.0,0,0,0,0,0.0,0
4594,2024-04-17 11:00,391458.0,0,0,0,0,0.0,0
4595,2024-04-17 12:00,232022.0,0,0,0,0,0.0,0
4596,2024-04-17 13:00,248862.0,0,0,0,0,0.0,0
4597,2024-04-17 14:00,290090.0,0,0,0,0,0.0,0
4598,2024-04-17 15:00,292768.0,0,0,0,0,0.0,0
4599,2024-04-17 16:00,567328.0,0,0,0,0,0.0,0
4600,2024-04-17 17:00,535248.0,0,0,1,0,0.3333333333333333,0
4601,2024-04-17 18:00,642037.0,0,0,0,0,0.0,0
4602,2024-04-17 19:00,401154.0,0,0,0,0,0.0,0
4603,2024-04-17 20:00,176655.0,0,0,0,0,0.0,0
4604,2024-04-17 21:00,247866.0,0,0,0,0,0.0,0
4605,2024-04-17 22:00,313797.0,0,0,0,0,0.0,0
4606,2024-04-17 23:00,324982.0,0,0,0,0,0.0,0
4607,2024-04-18 00:00,285120.0,0,0,0,0,0.0,0
4608,2024-04-18 01:00,214976.0,0,0,0,0,0.0,0
4609,2024-04-18 02:00,689797.0,0,0,0,0,0.0,0
4610,2024-04-18 03:00,801197.0,0,0,0,0,0.0,0
4611,2024-04-18 04:00,1059269.0,0,0,1,0,0.3333333333333333,0
4612,2024-04-18 05:00,686014.0,0,0,0,0,0.0,0
4613,2024-04-18 06:00,613267.0,0,0,0,0,0.0,0
4614,2024-04-18 07:00,699693.0,0,0,0,0,0.0,0
4615,2024-04-18 08:00,1010887.0,0,0,1,0,0.3333333333333333,0
4616,2024-04-18 09:00,772844.0,0,0,0,0,0.0,0
4617,2024-04-18 10:00,559150.0,0,0,1,0,0.3333333333333333,0
4618,2024-04-18 11:00,370504.0,0,0,0,0,0.0,0
4619,2024-04-18 12:00,369581.0,0,0,0,0,0.0,0
4620,2024-04-18 13:00,232572.0,0,0,0,0,0.0,0
4621,2024-04-18 14:00,196262.0,0,0,0,0,0.0,0
4622,2024-04-18 15:00,290080.0,0,0,0,0,0.0,0
4623,2024-04-18 16:00,345961.0,0,0,0,0,0.0,0
4624,2024-04-18 17:00,422584.0,0,0,0,0,0.0,0
4625,2024-04-18 18:00,386451.0,0,0,0,0,0.0,0
4626,2024-04-18 19:00,667947.0,0,0,0,0,0.0,0
4627,2024-04-18 20:00,432810.0,0,0,0,0,0.0,0
4628,2024-04-18 21:00,259437.0,0,0,0,0,0.0,0
4629,2024-04-18 22:00,408179.0,0,0,0,0,0.0,0
4630,2024-04-18 23:00,453892.0,0,0,1,0,0.3333333333333333,0
4631,2024-04-19 00:00,442948.0,0,0,1,0,0.3333333333333333,0
4632,2024-04-19 01:00,378053.0,0,0,0,0,0.0,0
4633,2024-04-19 02:00,584552.0,0,0,0,0,0.0,0
4634,2024-04-19 03:00,822640.0,0,0,0,0,0.0,0
4635,2024-04-19 04:00,595334.0,0,0,0,0,0.0,0
4636,2024-04-19 05:00,874277.0,0,0,1,0,0.3333333333333333,0
4637,2024-04-19 06:00,794882.0,0,0,0,0,0.0,0
4638,2024-04-19 07:00,640322.0,0,0,0,0,0.0,0
4639,2024-04-19 08:00,617982.0,0,0,0,0,0.0,0
4640,2024-04-19 09:00,678787.0,0,0,0,0,0.0,0
4641,2024-04-19 10:00,804799.0,0,0,0,0,0.0,0
4642,2024-04-19 11:00,417766.0,0,0,0,0,0.0,0
4643,2024-04-19 12:00,348760.0,0,0,0,0,0.0,0
4644,2024-04-19 13:00,422463.0,0,0,0,0,0.0,0
4645,2024-04-19 14:00,440900.0,0,0,1,0,0.3333333333333333,0
4646,2024-04-19 15:00,502555.0,0,0,1,0,0.3333333333333333,0
4647,2024-04-19 16:00,403232.0,0,0,0,0,0.0,0
4648,2024-04-19 17:00,1385779.0,0,0,1,0,0.3333333333333333,0
4649,2024-04-19 18:00,283199.0,0,0,0,0,0.0,0
4650,2024-04-19 19:00,436658.0,0,0,0,0,0.0,0
4651,2024-04-19 20:00,431362.0,0,0,0,0,0.0,0
4652,2024-04-19 21:00,500935.0,0,0,1,0,0.3333333333333333,0
4653,2024-04-19 22:00,227067.0,0,0,0,0,0.0,0
4654,2024-04-19 23:00,262378.0,0,0,0,0,0.0,0
4655,2024-04-20 00:00,241392.0,1,0,0,0,0.0,0
4656,2024-04-20 01:00,270565.0,1,0,0,0,0.0,0
4657,2024-04-20 02:00,274685.0,1,0,0,0,0.0,0
4658,2024-04-20 03:00,332303.0,1,0,0,0,0.0,0
4659,2024-04-20 04:00,302531.0,1,0,0,0,0.0,0
4660,2024-04-20 05:00,235477.0,1,0,0,0,0.0,0
4661,2024-04-20 06:00,482093.0,1,0,1,0,0.3333333333333333,0
4662,2024-04-20 07:00,660750.0,1,0,0,0,0.0,0
4663,2024-04-20 08:00,319238.0,1,0,0,0,0.0,0
4664,2024-04-20 09:00,504195.0,1,0,1,0,0.3333333333333333,0
4665,2024-04-20 10:00,358422.0,1,0,0,0,0.0,0
4666,2024-04-20 11:00,280943.0,1,0,0,0,0.0,0
4667,2024-04-20 12:00,358288.0,1,0,0,0,0.0,0
4668,2024-04-20 13:00,371599.0,1,0,0,0,0.0,0
4669,2024-04-20 14:00,353559.0,1,0,0,0,0.0,0
4670,2024-04-20 15:00,365639.0,1,0,0,0,0.0,0
4671,2024-04-20 16:00,588683.0,1,0,0,0,0.0,0
4672,2024-04-20 17:00,392648.0,1,0,0,0,0.0,0
4673,2024-04-20 18:00,470143.0,1,0,0,0,0.0,0
4674,2024-04-20 19:00,476929.0,1,0,0,0,0.0,0
4675,2024-04-20 20:00,823291.0,1,0,0,0,0.0,0
4676,2024-04-20 21:00,338339.0,1,0,0,0,0.0,0
4677,2024-04-20 22:00,208205.0,1,0,0,0,0.0,0
4678,2024-04-20 23:00,342989.0,1,0,0,0,0.0,0
4679,2024-04-21 00:00,367204.0,1,0,0,0,0.0,0
4680,2024-04-21 01:00,309877.0,1,0,0,0,0.0,0
4681,2024-04-21 02:00,227643.0,1,0,0,0,0.0,0
4682,2024-04-21 03:00,405659.0,1,0,0,0,0.0,0
4683,2024-04-21 04:00,513823.0,1,0,1,0,0.3333333333333333,0
4684,2024-04-21 05:00,293310.0,1,0,0,0,0.0,0
4685,2024-04-21 06:00,362436.0,1,0,0,0,0.0,0
4686,2024-04-21 07:00,440466.0,1,0,0,0,0.0,0
4687,2024-04-21 08:00,609188.0,1,0,0,0,0.0,0
4688,2024-04-21 09:00,464670.0,1,0,0,0,0.0,0
4689,2024-04-21 10:00,723733.0,1,0,0,0,0.0,0
4690,2024-04-21 11:00,487369.0,1,0,1,0,0.3333333333333333,0
4691,2024-04-21 12:00,494485.0,1,0,1,0,0.3333333333333333,0
4692,2024-04-21 13:00,556708.0,1,0,0,0,0.0,0
4693,2024-04-21 14:00,399113.0,1,0,0,0,0.0,0
4694,2024-04-21 15:00,241607.0,1,0,0,0,0.0,0
4695,2024-04-21 16:00,221952.0,1,0,0,0,0.0,0
4696,2024-04-21 17:00,310004.0,1,0,0,0,0.0,0
4697,2024-04-21 18:00,736011.0,1,0,0,0,0.0,0
4698,2024-04-21 19:00,497036.0,1,0,1,0,0.3333333333333333,0
4699,2024-04-21 20:00,396136.0,1,0,0,0,0.0,0
4700,2024-04-21 21:00,497335.0,1,0,1,0,0.3333333333333333,0
4701,2024-04-21 22:00,145337.0,1,0,1,0,0.3333333333333333,0
4702,2024-04-21 23:00,175674.0,1,0,1,0,0.3333333333333333,0
4703,2024-04-22 00:00,692400.0,0,0,0,0,0.0,0
4704,2024-04-22 01:00,404991.0,0,0,0,0,0.0,0
4705,2024-04-22 02:00,844220.0,0,0,1,0,0.3333333333333333,0
4706,2024-04-22 03:00,1289313.0,0,0,1,0,0.3333333333333333,0
4707,2024-04-22 04:00,843061.0,0,0,0,0,0.0,0
4708,2024-04-22 05:00,562032.0,0,0,0,0,0.0,0
4709,2024-04-22 06:00,1229170.0,0,0,1,0,0.3333333333333333,0
4710,2024-04-22 07:00,681569.0,0,0,0,0,0.0,0
4711,2024-04-22 08:00,843094.0,0,0,0,0,0.0,0
4712,2024-04-22 09:00,637622.0,0,0,0,0,0.0,0
4713,2024-04-22 10:00,1050634.0,0,0,1,0,0.3333333333333333,0
4714,2024-04-22 11:00,419279.0,0,0,0,0,0.0,0
4715,2024-04-22 12:00,375540.0,0,0,0,0,0.0,0
4716,2024-04-22 13:00,291264.0,0,0,0,0,0.0,0
4717,2024-04-22 14:00,314186.0,0,0,0,0,0.0,0
4718,2024-04-22 15:00,273386.0,0,0,0,0,0.0,0
4719,2024-04-22 16:00,261307.0,0,0,0,0,0.0,0
4720,2024-04-22 17:00,244067.0,0,0,0,0,0.0,0
4721,2024-04-22 18:00,345875.0,0,0,0,0,0.0,0
4722,2024-04-22 19:00,768264.0,0,0,0,0,0.0,0
4723,2024-04-22 20:00,586190.0,0,0,0,0,0.0,0
4724,2024-04-22 21:00,372482.0,0,0,0,0,0.0,0
4725,2024-04-22 22:00,180891.0,0,0,0,0,0.0,0
4726,2024-04-22 23:00,191321.0,0,0,0,0,0.0,0
4727,2024-04-23 00:00,217956.0,0,0,0,0,0.0,0
4728,2024-04-23 01:00,388203.0,0,0,0,0,0.0,0
4729,2024-04-23 02:00,451137.0,0,0,0,0,0.0,0
4730,2024-04-23 03:00,814808.0,0,0,0,0,0.0,0
4731,2024-04-23 04:00,645145.0,0,0,0,0,0.0,0
4732,2024-04-23 05:00,900968.0,0,0,1,0,0.3333333333333333,0
4733,2024-04-23 06:00,1071362.0,0,0,1,0,0.3333333333333333,0
4734,2024-04-23 07:00,1706681.0,0,0,1,0,0.3333333333333333,0
4735,2024-04-23 08:00,1478413.0,0,0,1,1,0.5,0
4736,2024-04-23 09:00,775410.0,0,0,0,0,0.0,0
4737,2024-04-23 10:00,777421.0,0,0,0,0,0.0,0
4738,2024-04-23 11:00,590270.0,0,0,0,0,0.0,0
4739,2024-04-23 12:00,374443.0,0,0,0,0,0.0,0
4740,2024-04-23 13:00,352756.0,0,0,0,0,0.0,0
4741,2024-04-23 14:00,267452.0,0,0,0,0,0.0,0
4742,2024-04-23 15:00,359450.0,0,0,0,0,0.0,0
4743,2024-04-23 16:00,376743.0,0,0,0,0,0.0,0
4744,2024-04-23 17:00,269117.0,0,0,0,0,0.0,0
4745,2024-04-23 18:00,304052.0,0,0,0,0,0.0,0
4746,2024-04-23 19:00,487466.0,0,0,0,0,0.0,0
4747,2024-04-23 20:00,468250.0,0,0,0,0,0.0,0
4748,2024-04-23 21:00,245826.0,0,0,0,0,0.0,0
4749,2024-04-23 22:00,145680.0,0,0,0,0,0.0,0
4750,2024-04-23 23:00,99406.0,0,0,0,0,0.0,0
4751,2024-04-24 00:00,266953.0,0,0,0,0,0.0,0
4752,2024-04-24 01:00,439227.0,0,0,0,0,0.0,0
4753,2024-04-24 02:00,528706.0,0,0,0,0,0.0,0
4754,2024-04-24 03:00,936398.0,0,0,0,0,0.0,0
4755,2024-04-24 04:00,1000941.0,0,0,1,0,0.3333333333333333,0
4756,2024-04-24 05:00,727354.0,0,0,0,0,0.0,0
4757,2024-04-24 06:00,750641.0,0,0,0,0,0.0,0
4758,2024-04-24 07:00,662233.0,0,0,0,0,0.0,0
4759,2024-04-24 08:00,861422.0,0,0,0,0,0.0,0
4760,2024-04-24 09:00,1207409.0,0,0,1,0,0.3333333333333333,0
4761,2024-04-24 10:00,715061.0,0,0,0,0,0.0,0
4762,2024-04-24 11:00,673237.0,0,0,0,0,0.0,0
4763,2024-04-24 12:00,298199.0,0,0,0,0,0.0,0
4764,2024-04-24 13:00,372214.0,0,0,0,0,0.0,0
4765,2024-04-24 14:00,264806.0,0,0,0,0,0.0,0
4766,2024-04-24 15:00,200569.0,0,0,0,0,0.0,0
4767,2024-04-24 16:00,393715.0,0,0,0,0,0.0,0
4768,2024-04-24 17:00,394478.0,0,0,0,0,0.0,0
4769,2024-04-24 18:00,372440.0,0,0,0,0,0.0,0
4770,2024-04-24 19:00,463070.0,0,0,0,0,0.0,0
4771,2024-04-24 20:00,595432.0,0,0,0,0,0.0,0
4772,2024-04-24 21:00,512349.0,0,0,0,0,0.0,0
4773,2024-04-24 22:00,248877.0,0,0,0,0,0.0,0
4774,2024-04-24 23:00,268929.0,0,0,0,0,0.0,0
4775,2024-04-25 00:00,312003.0,0,0,0,0,0.0,0
4776,2024-04-25 01:00,404122.0,0,0,0,0,0.0,0
4777,2024-04-25 02:00,730029.0,0,0,0,0,0.0,0
4778,2024-04-25 03:00,1098566.0,0,0,1,0,0.3333333333333333,0
4779,2024-04-25 04:00,871061.0,0,0,0,0,0.0,0
4780,2024-04-25 05:00,934713.0,0,0,0,0,0.0,0
4781,2024-04-25 06:00,678854.0,0,0,0,0,0.0,0
4782,2024-04-25 07:00,807285.0,0,0,0,0,0.0,0
4783,2024-04-25 08:00,743986.0,0,0,0,0,0.0,0
4784,2024-04-25 09:00,861872.0,0,0,0,0,0.0,0
4785,2024-04-25 10:00,837779.0,0,0,0,0,0.0,0
4786,2024-04-25 11:00,494185.0,0,0,0,0,0.0,0
4787,2024-04-25 12:00,398738.0,0,0,0,0,0.0,0
4788,2024-04-25 13:00,657791.0,0,0,0,0,0.0,0
4789,2024-04-25 14:00,560091.0,0,0,0,0,0.0,0
4790,2024-04-25 15:00,194979.0,0,0,0,0,0.0,0
4791,2024-04-25 16:00,324149.0,0,0,0,0,0.0,0
4792,2024-04-25 17:00,642322.0,0,0,0,0,0.0,0
4793,2024-04-25 18:00,538021.0,0,0,0,0,0.0,0
4794,2024-04-25 19:00,587497.0,0,0,0,0,0.0,0
4795,2024-04-25 20:00,266318.0,0,0,0,0,0.0,0
4796,2024-04-25 21:00,241118.0,0,0,0,0,0.0,0
4797,2024-04-25 22:00,453617.0,0,0,0,0,0.0,0
4798,2024-04-25 23:00,233687.0,0,0,0,0,0.0,0
4799,2024-04-26 00:00,282916.0,0,0,0,0,0.0,0
4800,2024-04-26 01:00,225521.0,0,0,0,0,0.0,0
4801,2024-04-26 02:00,616466.0,0,0,0,0,0.0,0
4802,2024-04-26 03:00,997728.0,0,0,1,0,0.3333333333333333,0
4803,2024-04-26 04:00,754832.0,0,0,0,0,0.0,0
4804,2024-04-26 05:00,772018.0,0,0,0,0,0.0,0
4805,2024-04-26 06:00,531012.0,0,0,0,0,0.0,0
4806,2024-04-26 07:00,554956.0,0,0,0,0,0.0,0
4807,2024-04-26 08:00,537062.0,0,0,0,0,0.0,0
4808,2024-04-26 09:00,499086.0,0,0,1,0,0.3333333333333333,0
4809,2024-04-26 10:00,585047.0,0,0,0,0,0.0,0
4810,2024-04-26 11:00,413401.0,0,0,0,0,0.0,0
4811,2024-04-26 12:00,284876.0,0,0,0,0,0.0,0
4812,2024-04-26 13:00,317403.0,0,0,0,0,0.0,0
4813,2024-04-26 14:00,307659.0,0,0,0,0,0.0,0
4814,2024-04-26 15:00,385836.0,0,0,0,0,0.0,0
4815,2024-04-26 16:00,213700.0,0,0,0,0,0.0,0
4816,2024-04-26 17:00,754583.0,0,0,0,0,0.0,0
4817,2024-04-26 18:00,640555.0,0,0,0,0,0.0,0
4818,2024-04-26 19:00,267242.0,0,0,0,0,0.0,0
4819,2024-04-26 20:00,449349.0,0,0,0,0,0.0,0
4820,2024-04-26 21:00,378659.0,0,0,0,0,0.0,0
4821,2024-04-26 22:00,134403.0,0,0,0,0,0.0,0
4822,2024-04-26 23:00,162209.0,0,0,0,0,0.0,0
4823,2024-04-27 00:00,206844.0,1,0,0,0,0.0,0
4824,2024-04-27 01:00,210411.0,1,0,0,0,0.0,0
4825,2024-04-27 02:00,252255.0,1,0,0,0,0.0,0
4826,2024-04-27 03:00,239562.0,1,0,0,0,0.0,0
4827,2024-04-27 04:00,320717.0,1,0,0,0,0.0,0
4828,2024-04-27 05:00,328900.0,1,0,0,0,0.0,0
4829,2024-04-27 06:00,332129.0,1,0,0,0,0.0,0
4830,2024-04-27 07:00,315113.0,1,0,0,0,0.0,0
4831,2024-04-27 08:00,388670.0,1,0,0,0,0.0,0
4832,2024-04-27 09:00,334464.0,1,0,0,0,0.0,0
4833,2024-04-27 10:00,285570.0,1,0,0,0,0.0,0
4834,2024-04-27 11:00,238494.0,1,0,0,1,0.16666666666666666,0
4835,2024-04-27 12:00,413523.0,1,0,0,0,0.0,0
4836,2024-04-27 13:00,576022.0,1,0,0,0,0.0,0
4837,2024-04-27 14:00,338022.0,1,0,0,0,0.0,0
4838,2024-04-27 15:00,318856.0,1,0,0,1,0.16666666666666666,0
4839,2024-04-27 16:00,444645.0,1,0,0,0,0.0,0
4840,2024-04-27 17:00,510737.0,1,0,1,0,0.3333333333333333,0
4841,2024-04-27 18:00,389317.0,1,0,0,1,0.16666666666666666,0
4842,2024-04-27 19:00,474958.0,1,0,1,0,0.3333333333333333,0
4843,2024-04-27 20:00,292586.0,1,0,0,0,0.0,0
4844,2024-04-27 21:00,423339.0,1,0,0,0,0.0,0
4845,2024-04-27 22:00,304643.0,1,0,0,0,0.0,0
4846,2024-04-27 23:00,173220.0,1,0,0,0,0.0,0
4847,2024-04-28 00:00,235429.0,1,0,0,0,0.0,0
4848,2024-04-28 01:00,173692.0,1,0,0,0,0.0,0
4849,2024-04-28 02:00,439131.0,1,0,0,0,0.0,0
4850,2024-04-28 03:00,349453.0,1,0,0,0,0.0,0
4851,2024-04-28 04:00,398680.0,1,0,0,0,0.0,0
4852,2024-04-28 05:00,237966.0,1,0,0,0,0.0,0
4853,2024-04-28 06:00,336590.0,1,0,0,0,0.0,0
4854,2024-04-28 07:00,442938.0,1,0,0,0,0.0,0
4855,2024-04-28 08:00,303491.0,1,0,0,0,0.0,0
4856,2024-04-28 09:00,241984.0,1,0,0,0,0.0,0
4857,2024-04-28 10:00,282391.0,1,0,0,0,0.0,0
4858,2024-04-28 11:00,602765.0,1,0,0,0,0.0,0
4859,2024-04-28 12:00,372410.0,1,0,0,0,0.0,0
4860,2024-04-28 13:00,462364.0,1,0,1,0,0.3333333333333333,0
4861,2024-04-28 14:00,550093.0,1,0,1,0,0.3333333333333333,0
4862,2024-04-28 15:00,426806.0,1,0,0,0,0.0,0
4863,2024-04-28 16:00,427128.0,1,0,0,0,0.0,0
4864,2024-04-28 17:00,701883.0,1,0,0,0,0.0,0
4865,2024-04-28 18:00,368027.0,1,0,0,0,0.0,0
4866,2024-04-28 19:00,470954.0,1,0,1,0,0.3333333333333333,0
4867,2024-04-28 20:00,535292.0,1,0,1,0,0.3333333333333333,0
4868,2024-04-28 21:00,438625.0,1,0,0,0,0.0,0
4869,2024-04-28 22:00,302342.0,1,0,0,0,0.0,0
4870,2024-04-28 23:00,240210.0,1,0,0,0,0.0,0
4871,2024-04-29 00:00,217704.0,0,0,0,0,0.0,0
4872,2024-04-29 01:00,350675.0,0,0,0,0,0.0,0
4873,2024-04-29 02:00,794816.0,0,0,0,0,0.0,0
4874,2024-04-29 03:00,1244498.0,0,0,1,1,0.5,0
4875,2024-04-29 04:00,728570.0,0,0,0,0,0.0,0
4876,2024-04-29 05:00,959207.0,0,0,1,0,0.3333333333333333,0
4877,2024-04-29 06:00,657502.0,0,0,0,0,0.0,0
4878,2024-04-29 07:00,865887.0,0,0,1,0,0.3333333333333333,0
4879,2024-04-29 08:00,579272.0,0,0,0,0,0.0,0
4880,2024-04-29 09:00,898913.0,0,0,1,0,0.3333333333333333,0
4881,2024-04-29 10:00,1024059.0,0,0,1,0,0.3333333333333333,0
4882,2024-04-29 11:00,393955.0,0,0,0,0,0.0,0
4883,2024-04-29 12:00,478683.0,0,0,1,0,0.3333333333333333,0
4884,2024-04-29 13:00,547218.0,0,0,0,0,0.0,0
4885,2024-04-29 14:00,325414.0,0,0,0,0,0.0,0
4886,2024-04-29 15:00,415779.0,0,0,0,0,0.0,0
4887,2024-04-29 16:00,669979.0,0,0,0,0,0.0,0
4888,2024-04-29 17:00,393999.0,0,0,0,0,0.0,0
4889,2024-04-29 18:00,358443.0,0,0,0,0,0.0,0
4890,2024-04-29 19:00,397848.0,0,0,0,0,0.0,0
4891,2024-04-29 20:00,504730.0,0,0,1,0,0.3333333333333333,0
4892,2024-04-29 21:00,299965.0,0,0,0,0,0.0,0
4893,2024-04-29 22:00,347486.0,0,0,0,0,0.0,0
4894,2024-04-29 23:00,160900.0,0,0,1,0,0.3333333333333333,0
4895,2024-04-30 00:00,290951.0,0,0,0,0,0.0,0
4896,2024-04-30 01:00,313472.0,0,0,0,0,0.0,0
4897,2024-04-30 02:00,602718.0,0,0,0,0,0.0,0
4898,2024-04-30 03:00,772317.0,0,0,0,0,0.0,0
4899,2024-04-30 04:00,1120628.0,0,0,1,0,0.3333333333333333,0
4900,2024-04-30 05:00,618204.0,0,0,0,0,0.0,0
4901,2024-04-30 06:00,617504.0,0,0,0,0,0.0,0
4902,2024-04-30 07:00,1011634.0,0,0,1,0,0.3333333333333333,0
4903,2024-04-30 08:00,650218.0,0,0,0,0,0.0,0
4904,2024-04-30 09:00,887880.0,0,0,1,0,0.3333333333333333,0
4905,2024-04-30 10:00,692922.0,0,0,0,0,0.0,0
4906,2024-04-30 11:00,317927.0,0,0,0,0,0.0,0
4907,2024-04-30 12:00,288212.0,0,0,0,0,0.0,0
4908,2024-04-30 13:00,307968.0,0,0,0,0,0.0,0
4909,2024-04-30 14:00,290510.0,0,0,0,0,0.0,0
4910,2024-04-30 15:00,202921.0,0,0,0,0,0.0,0
4911,2024-04-30 16:00,271641.0,0,0,0,0,0.0,0
4912,2024-04-30 17:00,412406.0,0,0,0,0,0.0,0
4913,2024-04-30 18:00,592490.0,0,0,0,0,0.0,0
4914,2024-04-30 19:00,354433.0,0,0,0,0,0.0,0
4915,2024-04-30 20:00,357534.0,0,0,0,0,0.0,0
4916,2024-04-30 21:00,623396.0,0,0,0,0,0.0,0
4917,2024-04-30 22:00,217604.0,0,0,0,0,0.0,0
4918,2024-04-30 23:00,269969.0,0,0,0,0,0.0,0
4919,2024-05-01 00:00,310869.0,1,0,0,0,0.0,0
4920,2024-05-01 01:00,137627.0,1,0,1,0,0.3333333333333333,0
4921,2024-05-01 02:00,365548.0,1,0,0,0,0.0,0
4922,2024-05-01 03:00,348527.0,1,0,0,0,0.0,0
4923,2024-05-01 04:00,298204.0,1,0,0,0,0.0,0
4924,2024-05-01 05:00,167260.0,1,0,1,1,0.5,0
4925,2024-05-01 06:00,185082.0,1,0,0,0,0.0,0
4926,2024-05-01 07:00,502548.0,1,0,1,0,0.3333333333333333,0
4927,2024-05-01 08:00,403283.0,1,0,0,0,0.0,0
4928,2024-05-01 09:00,244310.0,1,0,0,0,0.0,0
4929,2024-05-01 10:00,243514.0,1,0,0,0,0.0,0
4930,2024-05-01 11:00,304274.0,1,0,0,0,0.0,0
4931,2024-05-01 12:00,433198.0,1,0,0,0,0.0,0
4932,2024-05-01 13:00,342342.0,1,0,0,0,0.0,0
4933,2024-05-01 14:00,181712.0,1,0,0,0,0.0,0
4934,2024-05-01 15:00,293205.0,1,0,0,0,0.0,0
4935,2024-05-01 16:00,282258.0,1,0,0,0,0.0,0
4936,2024-05-01 17:00,305072.0,1,0,0,0,0.0,0
4937,2024-05-01 18:00,415722.0,1,0,0,0,0.0,0
4938,2024-05-01 19:00,434293.0,1,0,0,0,0.0,0
4939,2024-05-01 20:00,326454.0,1,0,0,0,0.0,0
4940,2024-05-01 21:00,137668.0,1,0,1,0,0.3333333333333333,0
4941,2024-05-01 22:00,174759.0,1,0,0,0,0.0,0
4942,2024-05-01 23:00,119102.0,1,0,1,0,0.3333333333333333,0
4943,2024-05-02 00:00,208482.0,0,0,0,0,0.0,0
4944,2024-05-02 01:00,318051.0,0,0,0,0,0.0,0
4945,2024-05-02 02:00,671238.0,0,0,0,0,0.0,0
4946,2024-05-02 03:00,883603.0,0,0,1,0,0.3333333333333333,0
4947,2024-05-02 04:00,831187.0,0,0,0,1,0.16666666666666666,0
4948,2024-05-02 05:00,710121.0,0,0,0,0,0.0,0
4949,2024-05-02 06:00,426849.0,0,0,0,0,0.0,0
4950,2024-05-02 07:00,725436.0,0,0,0,0,0.0,0
4951,2024-05-02 08:00,829083.0,0,0,0,0,0.0,0
4952,2024-05-02 09:00,974016.0,0,0,1,0,0.3333333333333333,0
4953,2024-05-02 10:00,573109.0,0,0,0,0,0.0,0
4954,2024-05-02 11:00,486662.0,0,0,1,0,0.3333333333333333,0
4955,2024-05-02 12:00,421036.0,0,0,0,0,0.0,0
4956,2024-05-02 13:00,535808.0,0,0,1,0,0.3333333333333333,0
4957,2024-05-02 14:00,412712.0,0,0,0,0,0.0,0
4958,2024-05-02 15:00,331394.0,0,0,0,0,0.0,0
4959,2024-05-02 16:00,399570.0,0,0,0,0,0.0,0
4960,2024-05-02 17:00,482263.0,0,0,1,0,0.3333333333333333,0
4961,2024-05-02 18:00,596785.0,0,0,0,0,0.0,0
4962,2024-05-02 19:00,769746.0,0,0,0,0,0.0,0
4963,2024-05-02 20:00,653115.0,0,0,0,0,0.0,0
4964,2024-05-02 21:00,359815.0,0,0,0,0,0.0,0
4965,2024-05-02 22:00,366640.0,0,0,0,0,0.0,0
4966,2024-05-02 23:00,357574.0,0,0,0,0,0.0,0
4967,2024-05-03 00:00,490374.0,0,0,1,0,0.3333333333333333,0
4968,2024-05-03 01:00,359709.0,0,0,0,0,0.0,0
4969,2024-05-03 02:00,725551.0,0,0,0,0,0.0,0
4970,2024-05-03 03:00,1507032.0,0,0,1,0,0.3333333333333333,0
4971,2024-05-03 04:00,1147453.0,0,0,1,0,0.3333333333333333,0
4972,2024-05-03 05:00,1052711.0,0,0,1,0,0.3333333333333333,0
4973,2024-05-03 06:00,1049970.0,0,0,1,0,0.3333333333333333,0
4974,2024-05-03 07:00,1784399.0,0,0,1,0,0.3333333333333333,0
4975,2024-05-03 08:00,1794268.0,0,0,1,1,0.5,0
4976,2024-05-03 09:00,1014108.0,0,0,1,0,0.3333333333333333,0
4977,2024-05-03 10:00,846505.0,0,0,0,0,0.0,0
4978,2024-05-03 11:00,408696.0,0,0,0,0,0.0,0
4979,2024-05-03 12:00,658990.0,0,0,0,0,0.0,0
4980,2024-05-03 13:00,604571.0,0,0,0,0,0.0,0
4981,2024-05-03 14:00,536177.0,0,0,0,0,0.0,0
4982,2024-05-03 15:00,351396.0,0,0,0,0,0.0,0
4983,2024-05-03 16:00,706911.0,0,0,0,0,0.0,0
4984,2024-05-03 17:00,574363.0,0,0,0,0,0.0,0
4985,2024-05-03 18:00,447790.0,0,0,0,0,0.0,0
4986,2024-05-03 19:00,336660.0,0,0,0,0,0.0,0
4987,2024-05-03 20:00,323901.0,0,0,0,0,0.0,0
4988,2024-05-03 21:00,256497.0,0,0,0,0,0.0,0
4989,2024-05-03 22:00,291997.0,0,0,0,0,0.0,0
4990,2024-05-03 23:00,248136.0,0,0,0,0,0.0,0
4991,2024-05-04 00:00,469765.0,1,0,0,0,0.0,0
4992,2024-05-04 01:00,260222.0,1,0,0,0,0.0,0
4993,2024-05-04 02:00,253888.0,1,0,0,0,0.0,0
4994,2024-05-04 03:00,337409.0,1,0,0,1,0.16666666666666666,0
4995,2024-05-04 04:00,452629.0,1,0,0,0,0.0,0
4996,2024-05-04 05:00,626922.0,1,0,0,0,0.0,0
4997,2024-05-04 06:00,790686.0,1,0,0,0,0.0,0
4998,2024-05-04 07:00,815736.0,1,0,0,0,0.0,0
4999,2024-05-04 08:00,703556.0,1,0,0,0,0.0,0
5000,2024-05-04 09:00,773071.0,1,0,0,0,0.0,0
5001,2024-05-04 10:00,447855.0,1,0,0,0,0.0,0
5002,2024-05-04 11:00,383134.0,1,0,0,0,0.0,0
5003,2024-05-04 12:00,380363.0,1,0,0,0,0.0,0
5004,2024-05-04 13:00,586931.0,1,0,0,0,0.0,0
5005,2024-05-04 14:00,376484.0,1,0,0,1,0.16666666666666666,0
5006,2024-05-04 15:00,418616.0,1,0,0,0,0.0,0
5007,2024-05-04 16:00,500582.0,1,0,0,0,0.0,0
5008,2024-05-04 17:00,381409.0,1,0,0,0,0.0,0
5009,2024-05-04 18:00,817701.0,1,0,0,0,0.0,0
5010,2024-05-04 19:00,362078.0,1,0,0,0,0.0,0
5011,2024-05-04 20:00,824664.0,1,0,0,0,0.0,0
5012,2024-05-04 21:00,566932.0,1,0,0,0,0.0,0
5013,2024-05-04 22:00,267731.0,1,0,0,0,0.0,0
5014,2024-05-04 23:00,469670.0,1,0,0,0,0.0,0
5015,2024-05-05 00:00,277199.0,1,0,0,0,0.0,0
5016,2024-05-05 01:00,300916.0,1,0,0,0,0.0,0
5017,2024-05-05 02:00,405902.0,1,0,0,0,0.0,0
5018,2024-05-05 03:00,319426.0,1,0,0,0,0.0,0
5019,2024-05-05 04:00,421013.0,1,0,0,0,0.0,0
5020,2024-05-05 05:00,445814.0,1,0,0,0,0.0,0
5021,2024-05-05 06:00,356627.0,1,0,0,0,0.0,0
5022,2024-05-05 07:00,488250.0,1,0,0,0,0.0,0
5023,2024-05-05 08:00,557320.0,1,0,0,0,0.0,0
5024,2024-05-05 09:00,577072.0,1,0,0,0,0.0,0
5025,2024-05-05 10:00,545753.0,1,0,0,0,0.0,0
5026,2024-05-05 11:00,821421.0,1,0,0,0,0.0,0
5027,2024-05-05 12:00,1016869.0,1,0,1,0,0.3333333333333333,0
5028,2024-05-05 13:00,466748.0,1,0,0,0,0.0,0
5029,2024-05-05 14:00,349163.0,1,0,0,0,0.0,0
5030,2024-05-05 15:00,536205.0,1,0,0,0,0.0,0
5031,2024-05-05 16:00,592865.0,1,0,0,0,0.0,0
5032,2024-05-05 17:00,721424.0,1,0,0,0,0.0,0
5033,2024-05-05 18:00,411023.0,1,0,0,0,0.0,0
5034,2024-05-05 19:00,866632.0,1,0,0,0,0.0,0
5035,2024-05-05 20:00,876552.0,1,0,0,0,0.0,0
5036,2024-05-05 21:00,606116.0,1,0,0,0,0.0,0
5037,2024-05-05 22:00,304822.0,1,0,0,0,0.0,0
5038,2024-05-05 23:00,303755.0,1,0,0,0,0.0,0
5039,2024-05-06 00:00,410677.0,0,0,0,0,0.0,0
5040,2024-05-06 01:00,673135.0,0,0,0,0,0.0,0
5041,2024-05-06 02:00,1075492.0,0,0,1,0,0.3333333333333333,0
5042,2024-05-06 03:00,1326950.0,0,0,1,0,0.3333333333333333,0
5043,2024-05-06 04:00,902061.0,0,0,0,0,0.0,0
5044,2024-05-06 05:00,1020696.0,0,0,1,0,0.3333333333333333,0
5045,2024-05-06 06:00,979998.0,0,0,0,0,0.0,0
5046,2024-05-06 07:00,773225.0,0,0,0,0,0.0,0
5047,2024-05-06 08:00,816507.0,0,0,0,0,0.0,0
5048,2024-05-06 09:00,1002131.0,0,0,0,0,0.0,0
5049,2024-05-06 10:00,645915.0,0,0,0,0,0.0,0
5050,2024-05-06 11:00,369546.0,0,0,0,0,0.0,0
5051,2024-05-06 12:00,588476.0,0,0,0,0,0.0,0
5052,2024-05-06 13:00,421319.0,0,0,0,0,0.0,0
5053,2024-05-06 14:00,1196105.0,0,0,1,0,0.3333333333333333,0
5054,2024-05-06 15:00,267720.0,0,0,0,0,0.0,0
5055,2024-05-06 16:00,364186.0,0,0,0,0,0.0,0
5056,2024-05-06 17:00,380951.0,0,0,0,0,0.0,0
5057,2024-05-06 18:00,567991.0,0,0,0,0,0.0,0
5058,2024-05-06 19:00,759085.0,0,0,0,0,0.0,0
5059,2024-05-06 20:00,321696.0,0,0,0,0,0.0,0
5060,2024-05-06 21:00,438266.0,0,0,0,0,0.0,0
5061,2024-05-06 22:00,374090.0,0,0,0,0,0.0,0
5062,2024-05-06 23:00,313697.0,0,0,0,0,0.0,0
5063,2024-05-07 00:00,348154.0,0,0,0,0,0.0,0
5064,2024-05-07 01:00,415450.0,0,0,0,0,0.0,0
5065,2024-05-07 02:00,1315458.0,0,0,1,0,0.3333333333333333,0
5066,2024-05-07 03:00,1392516.0,0,0,1,0,0.3333333333333333,0
5067,2024-05-07 04:00,970937.0,0,0,0,0,0.0,0
5068,2024-05-07 05:00,1029266.0,0,0,0,0,0.0,0
5069,2024-05-07 06:00,827573.0,0,0,0,0,0.0,0
5070,2024-05-07 07:00,1462647.0,0,0,1,0,0.3333333333333333,0
5071,2024-05-07 08:00,1207334.0,0,0,1,0,0.3333333333333333,0
5072,2024-05-07 09:00,1273076.0,0,0,1,0,0.3333333333333333,0
5073,2024-05-07 10:00,742701.0,0,0,0,0,0.0,0
5074,2024-05-07 11:00,829382.0,0,0,0,0,0.0,0
5075,2024-05-07 12:00,575459.0,0,0,0,0,0.0,0
5076,2024-05-07 13:00,409594.0,0,0,0,0,0.0,0
5077,2024-05-07 14:00,506395.0,0,0,0,0,0.0,0
5078,2024-05-07 15:00,303167.0,0,0,0,0,0.0,0
5079,2024-05-07 16:00,421169.0,0,0,0,0,0.0,0
5080,2024-05-07 17:00,423098.0,0,0,0,0,0.0,0
5081,2024-05-07 18:00,517329.0,0,0,0,0,0.0,0
5082,2024-05-07 19:00,449476.0,0,0,0,0,0.0,0
5083,2024-05-07 20:00,749018.0,0,0,0,0,0.0,0
5084,2024-05-07 21:00,1000446.0,0,0,1,0,0.3333333333333333,0
5085,2024-05-07 22:00,278490.0,0,0,0,0,0.0,0
5086,2024-05-07 23:00,396178.0,0,0,0,0,0.0,0
5087,2024-05-08 00:00,342654.0,1,0,0,0,0.0,0
5088,2024-05-08 01:00,303961.0,1,0,0,0,0.0,0
5089,2024-05-08 02:00,295329.0,1,0,0,0,0.0,0
5090,2024-05-08 03:00,495209.0,1,0,0,0,0.0,0
5091,2024-05-08 04:00,381472.0,1,0,0,0,0.0,0
5092,2024-05-08 05:00,358528.0,1,0,0,0,0.0,0
5093,2024-05-08 06:00,409734.0,1,0,0,0,0.0,0
5094,2024-05-08 07:00,347411.0,1,0,0,0,0.0,0
5095,2024-05-08 08:00,486520.0,1,0,0,0,0.0,0
5096,2024-05-08 09:00,451375.0,1,0,0,0,0.0,0
5097,2024-05-08 10:00,644704.0,1,0,0,0,0.0,0
5098,2024-05-08 11:00,473849.0,1,0,0,0,0.0,0
5099,2024-05-08 12:00,282498.0,1,0,0,0,0.0,0
5100,2024-05-08 13:00,1201743.0,1,0,1,0,0.3333333333333333,0
5101,2024-05-08 14:00,380251.0,1,0,0,0,0.0,0
5102,2024-05-08 15:00,457206.0,1,0,0,0,0.0,0
5103,2024-05-08 16:00,703205.0,1,0,0,0,0.0,0
5104,2024-05-08 17:00,397990.0,1,0,0,0,0.0,0
5105,2024-05-08 18:00,629298.0,1,0,0,0,0.0,0
5106,2024-05-08 19:00,604006.0,1,0,0,0,0.0,0
5107,2024-05-08 20:00,431259.0,1,0,0,0,0.0,0
5108,2024-05-08 21:00,760053.0,1,0,0,0,0.0,0
5109,2024-05-08 22:00,404984.0,1,0,0,0,0.0,0
5110,2024-05-08 23:00,388094.0,1,0,0,0,0.0,0
5111,2024-05-09 00:00,360649.0,0,0,0,0,0.0,0
5112,2024-05-09 01:00,504312.0,0,0,0,0,0.0,0
5113,2024-05-09 02:00,912111.0,0,0,0,0,0.0,0
5114,2024-05-09 03:00,1285289.0,0,0,1,0,0.3333333333333333,0
5115,2024-05-09 04:00,881194.0,0,0,0,0,0.0,0
5116,2024-05-09 05:00,1123857.0,0,0,1,0,0.3333333333333333,0
5117,2024-05-09 06:00,869840.0,0,0,0,0,0.0,0
5118,2024-05-09 07:00,642996.0,0,0,0,0,0.0,0
5119,2024-05-09 08:00,601835.0,0,0,0,0,0.0,0
5120,2024-05-09 09:00,636374.0,0,0,0,0,0.0,0
5121,2024-05-09 10:00,517522.0,0,0,0,0,0.0,0
5122,2024-05-09 11:00,309078.0,0,0,0,0,0.0,0
5123,2024-05-09 12:00,472411.0,0,0,0,0,0.0,0
5124,2024-05-09 13:00,416399.0,0,0,0,0,0.0,0
5125,2024-05-09 14:00,287977.0,0,0,0,0,0.0,0
5126,2024-05-09 15:00,349275.0,0,0,0,0,0.0,0
5127,2024-05-09 16:00,396682.0,0,0,0,0,0.0,0
5128,2024-05-09 17:00,427433.0,0,0,0,0,0.0,0
5129,2024-05-09 18:00,1157144.0,0,0,1,0,0.3333333333333333,0
5130,2024-05-09 19:00,1457059.0,0,0,1,0,0.3333333333333333,0
5131,2024-05-09 20:00,718883.0,0,0,0,0,0.0,0
5132,2024-05-09 21:00,595907.0,0,0,0,0,0.0,0
5133,2024-05-09 22:00,249867.0,0,0,0,0,0.0,0
5134,2024-05-09 23:00,363880.0,0,0,0,0,0.0,0
5135,2024-05-10 00:00,361972.0,0,0,0,0,0.0,0
5136,2024-05-10 01:00,378687.0,0,0,0,0,0.0,0
5137,2024-05-10 02:00,809987.0,0,0,0,0,0.0,0
5138,2024-05-10 03:00,1167951.0,0,0,1,0,0.3333333333333333,0
5139,2024-05-10 04:00,811059.0,0,0,0,0,0.0,0
5140,2024-05-10 05:00,1395071.0,0,0,1,0,0.3333333333333333,0
5141,2024-05-10 06:00,1480778.0,0,0,1,0,0.3333333333333333,0
5142,2024-05-10 07:00,1635028.0,0,0,1,0,0.3333333333333333,0
5143,2024-05-10 08:00,1045585.0,0,0,0,0,0.0,0
5144,2024-05-10 09:00,932790.0,0,0,0,0,0.0,0
5145,2024-05-10 10:00,904459.0,0,0,0,0,0.0,0
5146,2024-05-10 11:00,552536.0,0,0,0,0,0.0,0
5147,2024-05-10 12:00,555689.0,0,0,0,0,0.0,0
5148,2024-05-10 13:00,723736.0,0,0,0,0,0.0,0
5149,2024-05-10 14:00,649690.0,0,0,0,0,0.0,0
5150,2024-05-10 15:00,687055.0,0,0,0,0,0.0,0
5151,2024-05-10 16:00,1231217.0,0,0,1,0,0.3333333333333333,0
5152,2024-05-10 17:00,1267828.0,0,0,1,0,0.3333333333333333,0
5153,2024-05-10 18:00,951737.0,0,0,0,0,0.0,0
5154,2024-05-10 19:00,1305318.0,0,0,1,0,0.3333333333333333,0
5155,2024-05-10 20:00,611072.0,0,0,0,0,0.0,0
5156,2024-05-10 21:00,443883.0,0,0,0,0,0.0,0
5157,2024-05-10 22:00,378091.0,0,0,0,0,0.0,0
5158,2024-05-10 23:00,399042.0,0,0,0,0,0.0,0
5159,2024-05-11 00:00,526103.0,1,0,0,0,0.0,0
5160,2024-05-11 01:00,343439.0,1,0,0,0,0.0,0
5161,2024-05-11 02:00,472355.0,1,0,0,0,0.0,0
5162,2024-05-11 03:00,433645.0,1,0,0,0,0.0,0
5163,2024-05-11 04:00,633597.0,1,0,0,0,0.0,0
5164,2024-05-11 05:00,470355.0,1,0,0,0,0.0,0
5165,2024-05-11 06:00,760755.0,1,0,0,0,0.0,0
5166,2024-05-11 07:00,476254.0,1,0,0,0,0.0,0
5167,2024-05-11 08:00,454635.0,1,0,0,0,0.0,0
5168,2024-05-11 09:00,379440.0,1,0,0,0,0.0,0
5169,2024-05-11 10:00,384420.0,1,0,0,0,0.0,0
5170,2024-05-11 11:00,440642.0,1,0,0,0,0.0,0
5171,2024-05-11 12:00,472297.0,1,0,0,0,0.0,0
5172,2024-05-11 13:00,452730.0,1,0,0,0,0.0,0
5173,2024-05-11 14:00,543569.0,1,0,0,0,0.0,0
5174,2024-05-11 15:00,556489.0,1,0,0,0,0.0,0
5175,2024-05-11 16:00,765205.0,1,0,0,0,0.0,0
5176,2024-05-11 17:00,1222619.0,1,0,1,0,0.3333333333333333,0
5177,2024-05-11 18:00,1228441.0,1,0,1,0,0.3333333333333333,0
5178,2024-05-11 19:00,686584.0,1,0,0,0,0.0,0
5179,2024-05-11 20:00,658467.0,1,0,0,0,0.0,0
5180,2024-05-11 21:00,748902.0,1,0,0,0,0.0,0
5181,2024-05-11 22:00,363610.0,1,0,0,0,0.0,0
5182,2024-05-11 23:00,344213.0,1,0,0,0,0.0,0
5183,2024-05-12 00:00,239341.0,1,0,0,0,0.0,0
5184,2024-05-12 01:00,297081.0,1,0,0,0,0.0,0
5185,2024-05-12 02:00,247723.0,1,0,0,0,0.0,0
5186,2024-05-12 03:00,320603.0,1,0,0,0,0.0,0
5187,2024-05-12 04:00,627871.0,1,0,0,0,0.0,0
5188,2024-05-12 05:00,351907.0,1,0,0,0,0.0,0
5189,2024-05-12 06:00,301834.0,1,0,0,0,0.0,0
5190,2024-05-12 07:00,392971.0,1,0,0,0,0.0,0
5191,2024-05-12 08:00,363244.0,1,0,0,0,0.0,0
5192,2024-05-12 09:00,868214.0,1,0,0,0,0.0,0
5193,2024-05-12 10:00,638107.0,1,0,0,0,0.0,0
5194,2024-05-12 11:00,615073.0,1,0,0,0,0.0,0
5195,2024-05-12 12:00,360678.0,1,0,0,0,0.0,0
5196,2024-05-12 13:00,363116.0,1,0,0,0,0.0,0
5197,2024-05-12 14:00,224280.0,1,0,0,0,0.0,0
5198,2024-05-12 15:00,240840.0,1,0,0,0,0.0,0
5199,2024-05-12 16:00,297537.0,1,0,0,0,0.0,0
5200,2024-05-12 17:00,305011.0,1,0,0,0,0.0,0
5201,2024-05-12 18:00,574593.0,1,0,0,0,0.0,0
5202,2024-05-12 19:00,435566.0,1,0,0,0,0.0,0
5203,2024-05-12 20:00,332890.0,1,0,0,0,0.0,0
5204,2024-05-12 21:00,246591.0,1,0,0,0,0.0,0
5205,2024-05-12 22:00,274394.0,1,0,0,1,0.16666666666666666,0
5206,2024-05-12 23:00,236576.0,1,0,0,0,0.0,0
5207,2024-05-13 00:00,164036.0,0,0,0,0,0.0,0
5208,2024-05-13 01:00,264311.0,0,0,0,0,0.0,0
5209,2024-05-13 02:00,889874.0,0,0,0,0,0.0,0
5210,2024-05-13 03:00,1316424.0,0,0,1,0,0.3333333333333333,0
5211,2024-05-13 04:00,1026454.0,0,0,0,0,0.0,0
5212,2024-05-13 05:00,717289.0,0,0,0,0,0.0,0
5213,2024-05-13 06:00,526930.0,0,0,0,0,0.0,0
5214,2024-05-13 07:00,814217.0,0,0,0,0,0.0,0
5215,2024-05-13 08:00,798394.0,0,0,0,0,0.0,0
5216,2024-05-13 09:00,1022750.0,0,0,0,0,0.0,0
5217,2024-05-13 10:00,1191078.0,0,0,1,0,0.3333333333333333,0
5218,2024-05-13 11:00,350642.0,0,0,0,0,0.0,0
5219,2024-05-13 12:00,598733.0,0,0,0,0,0.0,0
5220,2024-05-13 13:00,660012.0,0,0,0,0,0.0,0
5221,2024-05-13 14:00,523752.0,0,0,0,0,0.0,0
5222,2024-05-13 15:00,527847.0,0,0,0,0,0.0,0
5223,2024-05-13 16:00,530403.0,0,0,0,0,0.0,0
5224,2024-05-13 17:00,614846.0,0,0,0,0,0.0,0
5225,2024-05-13 18:00,718685.0,0,0,0,0,0.0,0
5226,2024-05-13 19:00,616089.0,0,0,0,0,0.0,0
5227,2024-05-13 20:00,328854.0,0,0,0,0,0.0,0
5228,2024-05-13 21:00,375448.0,0,0,0,0,0.0,0
5229,2024-05-13 22:00,530709.0,0,0,0,0,0.0,0
5230,2024-05-13 23:00,357363.0,0,0,0,0,0.0,0
5231,2024-05-14 00:00,469057.0,0,0,0,0,0.0,0
5232,2024-05-14 01:00,333869.0,0,0,0,0,0.0,0
5233,2024-05-14 02:00,546864.0,0,0,0,0,0.0,0
5234,2024-05-14 03:00,1597611.0,0,0,1,0,0.3333333333333333,0
5235,2024-05-14 04:00,690166.0,0,0,0,0,0.0,0
5236,2024-05-14 05:00,1225720.0,0,0,1,0,0.3333333333333333,0
5237,2024-05-14 06:00,795412.0,0,0,0,0,0.0,0
5238,2024-05-14 07:00,737030.0,0,0,0,0,0.0,0
5239,2024-05-14 08:00,896040.0,0,0,0,0,0.0,0
5240,2024-05-14 09:00,888232.0,0,0,0,0,0.0,0
5241,2024-05-14 10:00,884835.0,0,0,0,0,0.0,0
5242,2024-05-14 11:00,727697.0,0,0,0,0,0.0,0
5243,2024-05-14 12:00,378435.0,0,0,0,0,0.0,0
5244,2024-05-14 13:00,392151.0,0,0,0,0,0.0,0
5245,2024-05-14 14:00,394804.0,0,0,0,0,0.0,0
5246,2024-05-14 15:00,392650.0,0,0,0,0,0.0,0
5247,2024-05-14 16:00,571776.0,0,0,0,0,0.0,0
5248,2024-05-14 17:00,539774.0,0,0,0,0,0.0,0
5249,2024-05-14 18:00,414405.0,0,0,0,0,0.0,0
5250,2024-05-14 19:00,346843.0,0,0,0,0,0.0,0
5251,2024-05-14 20:00,533859.0,0,0,0,0,0.0,0
5252,2024-05-14 21:00,548280.0,0,0,0,0,0.0,0
5253,2024-05-14 22:00,475390.0,0,0,0,0,0.0,0
5254,2024-05-14 23:00,450732.0,0,0,0,0,0.0,0
5255,2024-05-15 00:00,272659.0,0,0,0,0,0.0,0
5256,2024-05-15 01:00,467641.0,0,0,0,0,0.0,0
5257,2024-05-15 02:00,1087640.0,0,0,1,0,0.3333333333333333,0
5258,2024-05-15 03:00,1368176.0,0,0,1,0,0.3333333333333333,0
5259,2024-05-15 04:00,682938.0,0,0,0,0,0.0,0
5260,2024-05-15 05:00,882781.0,0,0,0,0,0.0,0
5261,2024-05-15 06:00,716188.0,0,0,0,0,0.0,0
5262,2024-05-15 07:00,651377.0,0,0,0,0,0.0,0
5263,2024-05-15 08:00,1369225.0,0,0,1,0,0.3333333333333333,0
5264,2024-05-15 09:00,920948.0,0,0,0,0,0.0,0
5265,2024-05-15 10:00,682278.0,0,0,0,0,0.0,0
5266,2024-05-15 11:00,562295.0,0,0,0,0,0.0,0
5267,2024-05-15 12:00,909993.0,0,0,0,0,0.0,0
5268,2024-05-15 13:00,835903.0,0,0,0,0,0.0,0
5269,2024-05-15 14:00,1084718.0,0,0,1,0,0.3333333333333333,0
5270,2024-05-15 15:00,1021195.0,0,0,1,0,0.3333333333333333,0
5271,2024-05-15 16:00,1302498.0,0,0,1,0,0.3333333333333333,0
5272,2024-05-15 17:00,1357729.0,0,0,1,0,0.3333333333333333,0
5273,2024-05-15 18:00,1438098.0,0,0,1,0,0.3333333333333333,0
5274,2024-05-15 19:00,805424.0,0,0,0,0,0.0,0
5275,2024-05-15 20:00,632705.0,0,0,0,0,0.0,0
5276,2024-05-15 21:00,571447.0,0,0,0,0,0.0,0
5277,2024-05-15 22:00,513567.0,0,0,0,0,0.0,0
5278,2024-05-15 23:00,360244.0,0,0,0,0,0.0,0
5279,2024-05-16 00:00,721484.0,0,0,0,0,0.0,0
5280,2024-05-16 01:00,745797.0,0,0,0,0,0.0,0
5281,2024-05-16 02:00,965038.0,0,0,0,0,0.0,0
5282,2024-05-16 03:00,1362621.0,0,0,1,0,0.3333333333333333,0
5283,2024-05-16 04:00,1037772.0,0,0,0,0,0.0,0
5284,2024-05-16 05:00,1108260.0,0,0,1,0,0.3333333333333333,0
5285,2024-05-16 06:00,818664.0,0,0,0,0,0.0,0
5286,2024-05-16 07:00,1451494.0,0,0,1,0,0.3333333333333333,0
5287,2024-05-16 08:00,848354.0,0,0,0,0,0.0,0
5288,2024-05-16 09:00,1230368.0,0,0,1,0,0.3333333333333333,0
5289,2024-05-16 10:00,948657.0,0,0,0,0,0.0,0
5290,2024-05-16 11:00,503194.0,0,0,0,0,0.0,0
5291,2024-05-16 12:00,772462.0,0,0,0,0,0.0,0
5292,2024-05-16 13:00,629774.0,0,0,0,0,0.0,0
5293,2024-05-16 14:00,668222.0,0,0,0,0,0.0,0
5294,2024-05-16 15:00,1754951.0,0,0,1,0,0.3333333333333333,0
5295,2024-05-16 16:00,819992.0,0,0,0,0,0.0,0
5296,2024-05-16 17:00,1060932.0,0,0,0,1,0.16666666666666666,0
5297,2024-05-16 18:00,731178.0,0,0,0,0,0.0,0
5298,2024-05-16 19:00,552886.0,0,0,0,0,0.0,0
5299,2024-05-16 20:00,642176.0,0,0,0,0,0.0,0
5300,2024-05-16 21:00,507388.0,0,0,0,0,0.0,0
5301,2024-05-16 22:00,370056.0,0,0,0,0,0.0,0
5302,2024-05-16 23:00,325387.0,0,0,0,0,0.0,0
5303,2024-05-17 00:00,254551.0,0,0,0,0,0.0,0
5304,2024-05-17 01:00,367760.0,0,0,0,0,0.0,0
5305,2024-05-17 02:00,728005.0,0,0,0,0,0.0,0
5306,2024-05-17 03:00,903886.0,0,0,0,0,0.0,0
5307,2024-05-17 04:00,893311.0,0,0,0,0,0.0,0
5308,2024-05-17 05:00,814877.0,0,0,0,0,0.0,0
5309,2024-05-17 06:00,544714.0,0,0,0,0,0.0,0
5310,2024-05-17 07:00,1856635.0,0,0,1,0,0.3333333333333333,0
5311,2024-05-17 08:00,844180.0,0,0,0,0,0.0,0
5312,2024-05-17 09:00,969807.0,0,0,0,0,0.0,0
5313,2024-05-17 10:00,847696.0,0,0,0,0,0.0,0
5314,2024-05-17 11:00,568031.0,0,0,0,0,0.0,0
5315,2024-05-17 12:00,507512.0,0,0,0,0,0.0,0
5316,2024-05-17 13:00,594969.0,0,0,0,0,0.0,0
5317,2024-05-17 14:00,668819.0,0,0,0,0,0.0,0
5318,2024-05-17 15:00,597594.0,0,0,0,0,0.0,0
5319,2024-05-17 16:00,1089068.0,0,0,0,0,0.0,0
5320,2024-05-17 17:00,1651008.0,0,0,1,0,0.3333333333333333,0
5321,2024-05-17 18:00,1261682.0,0,0,1,1,0.5,0
5322,2024-05-17 19:00,664719.0,0,0,0,0,0.0,0
5323,2024-05-17 20:00,1077653.0,0,0,0,0,0.0,0
5324,2024-05-17 21:00,800660.0,0,0,0,0,0.0,0
5325,2024-05-17 22:00,601497.0,0,0,0,0,0.0,0
5326,2024-05-17 23:00,643533.0,0,0,0,0,0.0,0
5327,2024-05-18 00:00,243544.0,1,0,0,0,0.0,0
5328,2024-05-18 01:00,353277.0,1,0,0,0,0.0,0
5329,2024-05-18 02:00,610468.0,1,0,0,0,0.0,0
5330,2024-05-18 03:00,476806.0,1,0,0,0,0.0,0
5331,2024-05-18 04:00,393753.0,1,0,0,0,0.0,0
5332,2024-05-18 05:00,487249.0,1,0,0,0,0.0,0
5333,2024-05-18 06:00,737594.0,1,0,0,0,0.0,0
5334,2024-05-18 07:00,680119.0,1,0,0,0,0.0,0
5335,2024-05-18 08:00,517801.0,1,0,0,0,0.0,0
5336,2024-05-18 09:00,490540.0,1,0,0,0,0.0,0
5337,2024-05-18 10:00,399999.0,1,0,0,0,0.0,0
5338,2024-05-18 11:00,461745.0,1,0,0,0,0.0,0
5339,2024-05-18 12:00,858070.0,1,0,0,0,0.0,0
5340,2024-05-18 13:00,596560.0,1,0,0,0,0.0,0
5341,2024-05-18 14:00,778091.0,1,0,0,0,0.0,0
5342,2024-05-18 15:00,915176.0,1,0,0,0,0.0,0
5343,2024-05-18 16:00,1349175.0,1,0,1,0,0.3333333333333333,0
5344,2024-05-18 17:00,1811173.0,1,0,1,0,0.3333333333333333,0
5345,2024-05-18 18:00,1695324.0,1,0,1,1,0.5,0
5346,2024-05-18 19:00,1103134.0,1,0,0,0,0.0,0
5347,2024-05-18 20:00,1192737.0,1,0,0,0,0.0,0
5348,2024-05-18 21:00,678450.0,1,0,0,0,0.0,0
5349,2024-05-18 22:00,575475.0,1,0,0,0,0.0,0
5350,2024-05-18 23:00,634799.0,1,0,0,0,0.0,0
5351,2024-05-19 00:00,373694.0,1,0,0,0,0.0,0
5352,2024-05-19 01:00,256843.0,1,0,0,0,0.0,0
5353,2024-05-19 02:00,422770.0,1,0,0,0,0.0,0
5354,2024-05-19 03:00,486112.0,1,0,0,0,0.0,0
5355,2024-05-19 04:00,474149.0,1,0,0,0,0.0,0
5356,2024-05-19 05:00,302957.0,1,0,0,0,0.0,0
5357,2024-05-19 06:00,330396.0,1,0,0,0,0.0,0
5358,2024-05-19 07:00,651509.0,1,0,0,0,0.0,0
5359,2024-05-19 08:00,1008196.0,1,0,0,0,0.0,0
5360,2024-05-19 09:00,1512980.0,1,0,1,0,0.3333333333333333,0
5361,2024-05-19 10:00,1737402.0,1,0,1,1,0.5,0
5362,2024-05-19 11:00,1012466.0,1,0,0,0,0.0,0
5363,2024-05-19 12:00,940135.0,1,0,0,0,0.0,0
5364,2024-05-19 13:00,275501.0,1,0,0,0,0.0,0
5365,2024-05-19 14:00,682299.0,1,0,0,0,0.0,0
5366,2024-05-19 15:00,457656.0,1,0,0,0,0.0,0
5367,2024-05-19 16:00,675392.0,1,0,0,0,0.0,0
5368,2024-05-19 17:00,435718.0,1,0,0,0,0.0,0
5369,2024-05-19 18:00,442132.0,1,0,0,0,0.0,0
5370,2024-05-19 19:00,605963.0,1,0,0,0,0.0,0
5371,2024-05-19 20:00,582211.0,1,0,0,0,0.0,0
5372,2024-05-19 21:00,305538.0,1,0,0,0,0.0,0
5373,2024-05-19 22:00,399178.0,1,0,0,0,0.0,0
5374,2024-05-19 23:00,359608.0,1,0,0,0,0.0,0
5375,2024-05-20 00:00,319962.0,0,0,0,0,0.0,0
5376,2024-05-20 01:00,545383.0,0,0,0,0,0.0,0
5377,2024-05-20 02:00,601259.0,0,0,0,0,0.0,0
5378,2024-05-20 03:00,1315034.0,0,0,1,0,0.3333333333333333,0
5379,2024-05-20 04:00,847801.0,0,0,0,0,0.0,0
5380,2024-05-20 05:00,1169807.0,0,0,0,0,0.0,0
5381,2024-05-20 06:00,705410.0,0,0,0,0,0.0,0
5382,2024-05-20 07:00,1151302.0,0,0,0,0,0.0,0
5383,2024-05-20 08:00,981592.0,0,0,0,0,0.0,0
5384,2024-05-20 09:00,888912.0,0,0,0,0,0.0,0
5385,2024-05-20 10:00,768043.0,0,0,0,0,0.0,0
5386,2024-05-20 11:00,618414.0,0,0,0,0,0.0,0
5387,2024-05-20 12:00,496085.0,0,0,0,0,0.0,0
5388,2024-05-20 13:00,439967.0,0,0,0,0,0.0,0
5389,2024-05-20 14:00,223841.0,0,0,0,0,0.0,0
5390,2024-05-20 15:00,219543.0,0,0,0,0,0.0,0
5391,2024-05-20 16:00,555728.0,0,0,0,0,0.0,0
5392,2024-05-20 17:00,580985.0,0,0,0,0,0.0,0
5393,2024-05-20 18:00,543380.0,0,0,0,0,0.0,0
5394,2024-05-20 19:00,492126.0,0,0,0,0,0.0,0
5395,2024-05-20 20:00,996787.0,0,0,0,0,0.0,0
5396,2024-05-20 21:00,457905.0,0,0,0,0,0.0,0
5397,2024-05-20 22:00,335075.0,0,0,0,0,0.0,0
5398,2024-05-20 23:00,376566.0,0,0,0,0,0.0,0
5399,2024-05-21 00:00,404341.0,0,0,0,0,0.0,0
5400,2024-05-21 01:00,396367.0,0,0,0,0,0.0,0
5401,2024-05-21 02:00,721268.0,0,0,0,0,0.0,0
5402,2024-05-21 03:00,1232097.0,0,0,1,0,0.3333333333333333,0
5403,2024-05-21 04:00,864939.0,0,0,0,0,0.0,0
5404,2024-05-21 05:00,864362.0,0,0,0,0,0.0,0
5405,2024-05-21 06:00,864941.0,0,0,0,0,0.0,0
5406,2024-05-21 07:00,784640.0,0,0,0,0,0.0,0
5407,2024-05-21 08:00,883917.0,0,0,0,0,0.0,0
5408,2024-05-21 09:00,1148130.0,0,0,0,0,0.0,0
5409,2024-05-21 10:00,1003053.0,0,0,0,0,0.0,0
5410,2024-05-21 11:00,617911.0,0,0,0,0,0.0,0
5411,2024-05-21 12:00,6288631.0,0,1,1,1,0.9999999999999999,1
5412,2024-05-21 13:00,21121851.0,0,0,1,0,0.3333333333333333,0
5413,2024-05-21 14:00,21268796.0,0,0,1,0,0.3333333333333333,0
5414,2024-05-21 15:00,21996651.0,0,0,1,0,0.3333333333333333,0
5415,2024-05-21 16:00,21618847.0,0,0,1,0,0.3333333333333333,0
5416,2024-05-21 17:00,22783801.0,0,0,1,0,0.3333333333333333,0
5417,2024-05-21 18:00,24249425.0,0,0,1,0,0.3333333333333333,0
5418,2024-05-21 19:00,24969515.0,0,0,1,0,0.3333333333333333,0
5419,2024-05-21 20:00,25596429.0,0,0,1,0,0.3333333333333333,0
5420,2024-05-21 21:00,25714461.0,0,0,1,0,0.3333333333333333,0
5421,2024-05-21 22:00,25575700.0,0,0,1,0,0.3333333333333333,0
5422,2024-05-21 23:00,26003568.0,0,0,1,0,0.3333333333333333,0
5423,2024-05-22 00:00,26017971.0,0,0,1,0,0.3333333333333333,0
5424,2024-05-22 01:00,25617600.0,0,0,1,0,0.3333333333333333,0
5425,2024-05-22 02:00,24034784.0,0,0,1,0,0.3333333333333333,0
5426,2024-05-22 03:00,22837213.0,0,0,1,0,0.3333333333333333,0
5427,2024-05-22 04:00,21036407.0,0,0,1,0,0.3333333333333333,0
5428,2024-05-22 05:00,20383881.0,0,0,1,0,0.3333333333333333,0
5429,2024-05-22 06:00,19897131.0,0,0,1,0,0.3333333333333333,0
5430,2024-05-22 07:00,19998658.0,0,0,1,0,0.3333333333333333,0
5431,2024-05-22 08:00,19137092.0,0,0,1,0,0.3333333333333333,0
5432,2024-05-22 09:00,18682775.0,0,0,1,0,0.3333333333333333,0
5433,2024-05-22 10:00,14246709.0,0,0,0,0,0.0,0
5434,2024-05-22 11:00,4821593.0,0,0,0,0,0.0,0
5435,2024-05-22 12:00,12842562.0,0,0,0,0,0.0,0
5436,2024-05-22 13:00,16581781.0,0,0,0,0,0.0,0
5437,2024-05-22 14:00,20084110.0,0,0,1,0,0.3333333333333333,0
5438,2024-05-22 15:00,15272574.0,0,0,0,0,0.0,0
5439,2024-05-22 16:00,20764298.0,0,0,1,0,0.3333333333333333,0
5440,2024-05-22 17:00,20268542.0,0,0,1,0,0.3333333333333333,0
5441,2024-05-22 18:00,23000268.0,0,0,1,0,0.3333333333333333,0
5442,2024-05-22 19:00,23185722.0,0,0,1,0,0.3333333333333333,0
5443,2024-05-22 20:00,23606270.0,0,0,1,0,0.3333333333333333,0
5444,2024-05-22 21:00,23845158.0,0,0,1,0,0.3333333333333333,0
5445,2024-05-22 22:00,23885710.0,0,0,1,0,0.3333333333333333,0
5446,2024-05-22 23:00,23673327.0,0,0,1,0,0.3333333333333333,0
5447,2024-05-23 00:00,23855283.0,0,0,1,0,0.3333333333333333,0
5448,2024-05-23 01:00,22464160.0,0,0,1,0,0.3333333333333333,0
5449,2024-05-23 02:00,22317039.0,0,0,1,0,0.3333333333333333,0
5450,2024-05-23 03:00,20629818.0,0,0,0,0,0.0,0
5451,2024-05-23 04:00,4166537.0,0,0,0,0,0.0,0
5452,2024-05-23 05:00,3688533.0,0,0,0,0,0.0,0
5453,2024-05-23 06:00,3256852.0,0,0,0,1,0.16666666666666666,0
5454,2024-05-23 07:00,4877592.0,0,0,0,0,0.0,0
5455,2024-05-23 08:00,8437560.0,0,0,0,0,0.0,0
5456,2024-05-23 09:00,19446617.0,0,0,0,0,0.0,0
5457,2024-05-23 10:00,19306164.0,0,0,0,0,0.0,0
5458,2024-05-23 11:00,19188521.0,0,0,0,0,0.0,0
5459,2024-05-23 12:00,20861527.0,0,0,0,0,0.0,0
5460,2024-05-23 13:00,7667240.0,0,0,0,0,0.0,0
5461,2024-05-23 14:00,16880669.0,0,0,0,0,0.0,0
5462,2024-05-23 15:00,21852905.0,0,0,0,0,0.0,0
5463,2024-05-23 16:00,22587827.0,0,0,0,0,0.0,0
5464,2024-05-23 17:00,22340415.0,0,0,0,0,0.0,0
5465,2024-05-23 18:00,23363006.0,0,0,1,0,0.3333333333333333,0
5466,2024-05-23 19:00,23656402.0,0,0,1,0,0.3333333333333333,0
5467,2024-05-23 20:00,23845659.0,0,0,1,0,0.3333333333333333,0
5468,2024-05-23 21:00,24510157.0,0,0,1,0,0.3333333333333333,0
5469,2024-05-23 22:00,24682803.0,0,0,1,0,0.3333333333333333,0
5470,2024-05-23 23:00,25209258.0,0,0,1,0,0.3333333333333333,0
5471,2024-05-24 00:00,23864202.0,0,0,0,0,0.0,0
5472,2024-05-24 01:00,24644523.0,0,0,0,0,0.0,0
5473,2024-05-24 02:00,23452810.0,0,0,0,0,0.0,0
5474,2024-05-24 03:00,23606476.0,0,0,0,0,0.0,0
5475,2024-05-24 04:00,21661922.0,0,0,0,0,0.0,0
5476,2024-05-24 05:00,19919414.0,0,0,0,0,0.0,0
5477,2024-05-24 06:00,18906635.0,0,0,0,0,0.0,0
5478,2024-05-24 07:00,18726874.0,0,0,0,0,0.0,0
5479,2024-05-24 08:00,17465963.0,0,0,0,0,0.0,0
5480,2024-05-24 09:00,18594792.0,0,0,0,0,0.0,0
5481,2024-05-24 10:00,18601571.0,0,0,0,0,0.0,0
5482,2024-05-24 11:00,19104335.0,0,0,0,0,0.0,0
5483,2024-05-24 12:00,18889055.0,0,0,0,0,0.0,0
5484,2024-05-24 13:00,11494621.0,0,0,0,0,0.0,0
5485,2024-05-24 14:00,17513700.0,0,0,0,0,0.0,0
5486,2024-05-24 15:00,21806092.0,0,0,0,0,0.0,0
5487,2024-05-24 16:00,19084523.0,0,0,0,0,0.0,0
5488,2024-05-24 17:00,18966998.0,0,0,0,0,0.0,0
5489,2024-05-24 18:00,19076699.0,0,0,0,0,0.0,0
5490,2024-05-24 19:00,19712320.0,0,0,0,0,0.0,0
5491,2024-05-24 20:00,19247799.0,0,0,0,0,0.0,0
5492,2024-05-24 21:00,18714372.0,0,0,0,0,0.0,0
5493,2024-05-24 22:00,19163843.0,0,0,0,0,0.0,0
5494,2024-05-24 23:00,19151201.0,0,0,0,0,0.0,0
5495,2024-05-25 00:00,18878004.0,1,0,0,0,0.0,0
5496,2024-05-25 01:00,19484295.0,1,0,0,0,0.0,0
5497,2024-05-25 02:00,19092358.0,1,0,0,0,0.0,0
5498,2024-05-25 03:00,18815711.0,1,0,0,0,0.0,0
5499,2024-05-25 04:00,5507591.0,1,0,1,0,0.3333333333333333,0
5500,2024-05-25 05:00,4967735.0,1,0,1,0,0.3333333333333333,0
5501,2024-05-25 06:00,16458361.0,1,0,0,0,0.0,0
5502,2024-05-25 07:00,17833345.0,1,0,0,0,0.0,0
5503,2024-05-25 08:00,16988358.0,1,0,0,0,0.0,0
5504,2024-05-25 09:00,18313991.0,1,0,0,0,0.0,0
5505,2024-05-25 10:00,18523092.0,1,0,0,0,0.0,0
5506,2024-05-25 11:00,17829900.0,1,0,0,0,0.0,0
5507,2024-05-25 12:00,16085319.0,1,0,0,0,0.0,0
5508,2024-05-25 13:00,16310075.0,1,0,0,0,0.0,0
5509,2024-05-25 14:00,15929815.0,1,0,0,0,0.0,0
5510,2024-05-25 15:00,14356761.0,1,0,0,0,0.0,0
5511,2024-05-25 16:00,17935303.0,1,0,0,0,0.0,0
5512,2024-05-25 17:00,18499041.0,1,0,0,0,0.0,0
5513,2024-05-25 18:00,18511433.0,1,0,0,0,0.0,0
5514,2024-05-25 19:00,20241629.0,1,0,0,0,0.0,0
5515,2024-05-25 20:00,20603794.0,1,0,0,0,0.0,0
5516,2024-05-25 21:00,20970785.0,1,0,0,0,0.0,0
5517,2024-05-25 22:00,21003843.0,1,0,0,0,0.0,0
5518,2024-05-25 23:00,21016572.0,1,0,0,0,0.0,0
5519,2024-05-26 00:00,21285836.0,1,0,0,0,0.0,0
5520,2024-05-26 01:00,21623076.0,1,0,0,0,0.0,0
5521,2024-05-26 02:00,21185320.0,1,0,0,0,0.0,0
5522,2024-05-26 03:00,19478409.0,1,0,0,0,0.0,0
5523,2024-05-26 04:00,18295995.0,1,0,0,0,0.0,0
5524,2024-05-26 05:00,17821132.0,1,0,0,0,0.0,0
5525,2024-05-26 06:00,16552274.0,1,0,0,0,0.0,0
5526,2024-05-26 07:00,16197877.0,1,0,0,0,0.0,0
5527,2024-05-26 08:00,19294671.0,1,0,0,0,0.0,0
5528,2024-05-26 09:00,19725988.0,1,0,0,0,0.0,0
5529,2024-05-26 10:00,20471896.0,1,0,0,0,0.0,0
5530,2024-05-26 11:00,21766066.0,1,0,0,0,0.0,0
5531,2024-05-26 12:00,21054000.0,1,0,0,0,0.0,0
5532,2024-05-26 13:00,21885009.0,1,0,0,0,0.0,0
5533,2024-05-26 14:00,20055393.0,1,0,0,0,0.0,0
5534,2024-05-26 15:00,23090864.0,1,0,0,0,0.0,0
5535,2024-05-26 16:00,24089521.0,1,0,0,0,0.0,0
5536,2024-05-26 17:00,24903003.0,1,0,0,0,0.0,0
5537,2024-05-26 18:00,24642333.0,1,0,0,0,0.0,0
5538,2024-05-26 19:00,25371788.0,1,0,1,0,0.3333333333333333,0
5539,2024-05-26 20:00,24887465.0,1,0,0,0,0.0,0
5540,2024-05-26 21:00,25795434.0,1,0,1,0,0.3333333333333333,0
5541,2024-05-26 22:00,25639853.0,1,0,1,0,0.3333333333333333,0
5542,2024-05-26 23:00,24952139.0,1,0,0,0,0.0,0
5543,2024-05-27 00:00,25783399.0,0,0,1,0,0.3333333333333333,0
5544,2024-05-27 01:00,26214916.0,0,0,1,0,0.3333333333333333,0
5545,2024-05-27 02:00,23983701.0,0,0,0,0,0.0,0
5546,2024-05-27 03:00,21475243.0,0,0,0,0,0.0,0
5547,2024-05-27 04:00,20787999.0,0,0,0,0,0.0,0
5548,2024-05-27 05:00,19391401.0,0,0,0,0,0.0,0
5549,2024-05-27 06:00,19650899.0,0,0,0,0,0.0,0
5550,2024-05-27 07:00,18794232.0,0,0,0,0,0.0,0
5551,2024-05-27 08:00,18565872.0,0,0,0,0,0.0,0
5552,2024-05-27 09:00,19009347.0,0,0,0,0,0.0,0
5553,2024-05-27 10:00,18047996.0,0,0,0,0,0.0,0
5554,2024-05-27 11:00,18171911.0,0,0,0,0,0.0,0
5555,2024-05-27 12:00,14614263.0,0,1,1,0,0.8333333333333333,1
5556,2024-05-27 13:00,16895460.0,0,0,0,0,0.0,0
5557,2024-05-27 14:00,15282843.0,0,0,1,0,0.3333333333333333,0
5558,2024-05-27 15:00,19968991.0,0,0,0,0,0.0,0
5559,2024-05-27 16:00,19388753.0,0,0,0,0,0.0,0
5560,2024-05-27 17:00,21718861.0,0,0,0,0,0.0,0
5561,2024-05-27 18:00,21579895.0,0,0,0,0,0.0,0
5562,2024-05-27 19:00,22160785.0,0,0,0,0,0.0,0
5563,2024-05-27 20:00,22432111.0,0,0,0,0,0.0,0
5564,2024-05-27 21:00,22670996.0,0,0,0,0,0.0,0
5565,2024-05-27 22:00,22369049.0,0,0,0,0,0.0,0
5566,2024-05-27 23:00,22049138.0,0,0,0,0,0.0,0
5567,2024-05-28 00:00,22276270.0,0,0,0,0,0.0,0
5568,2024-05-28 01:00,22036921.0,0,0,0,0,0.0,0
5569,2024-05-28 02:00,21201994.0,0,0,0,0,0.0,0
5570,2024-05-28 03:00,19288393.0,0,0,0,0,0.0,0
5571,2024-05-28 04:00,17137667.0,0,0,0,0,0.0,0
5572,2024-05-28 05:00,15922220.0,0,0,1,0,0.3333333333333333,0
5573,2024-05-28 06:00,15860549.0,0,0,1,0,0.3333333333333333,0
5574,2024-05-28 07:00,15493189.0,0,0,1,0,0.3333333333333333,0
5575,2024-05-28 08:00,15756869.0,0,0,1,0,0.3333333333333333,0
5576,2024-05-28 09:00,16263290.0,0,0,0,0,0.0,0
5577,2024-05-28 10:00,16781501.0,0,0,0,0,0.0,0
5578,2024-05-28 11:00,16470726.0,0,0,0,0,0.0,0
5579,2024-05-28 12:00,17353604.0,0,0,0,0,0.0,0
5580,2024-05-28 13:00,18274391.0,0,0,0,0,0.0,0
5581,2024-05-28 14:00,18925798.0,0,0,0,0,0.0,0
5582,2024-05-28 15:00,21407771.0,0,0,0,0,0.0,0
5583,2024-05-28 16:00,22098794.0,0,0,0,0,0.0,0
5584,2024-05-28 17:00,20975227.0,0,0,0,0,0.0,0
5585,2024-05-28 18:00,21566566.0,0,0,0,0,0.0,0
5586,2024-05-28 19:00,22995380.0,0,0,0,0,0.0,0
5587,2024-05-28 20:00,22898862.0,0,0,0,0,0.0,0
5588,2024-05-28 21:00,23070738.0,0,0,0,0,0.0,0
5589,2024-05-28 22:00,21841668.0,0,0,0,0,0.0,0
5590,2024-05-28 23:00,22682680.0,0,0,0,0,0.0,0
5591,2024-05-29 00:00,23002311.0,0,0,0,0,0.0,0
5592,2024-05-29 01:00,21284900.0,0,0,0,0,0.0,0
5593,2024-05-29 02:00,19666112.0,0,0,0,0,0.0,0
5594,2024-05-29 03:00,19791637.0,0,0,0,0,0.0,0
5595,2024-05-29 04:00,17880556.0,0,0,0,0,0.0,0
5596,2024-05-29 05:00,18793868.0,0,0,0,0,0.0,0
5597,2024-05-29 06:00,16736029.0,0,0,0,0,0.0,0
5598,2024-05-29 07:00,17043043.0,0,0,0,0,0.0,0
5599,2024-05-29 08:00,19469138.0,0,0,0,0,0.0,0
5600,2024-05-29 09:00,19727786.0,0,0,0,0,0.0,0
5601,2024-05-29 10:00,19549564.0,0,0,0,0,0.0,0
5602,2024-05-29 11:00,20541951.0,0,0,0,0,0.0,0
5603,2024-05-29 12:00,19120425.0,0,0,0,0,0.0,0
5604,2024-05-29 13:00,18435195.0,0,0,0,1,0.16666666666666666,0
5605,2024-05-29 14:00,18082311.0,0,0,0,0,0.0,0
5606,2024-05-29 15:00,18569196.0,0,0,0,0,0.0,0
5607,2024-05-29 16:00,19225712.0,0,0,0,0,0.0,0
5608,2024-05-29 17:00,19826174.0,0,0,0,0,0.0,0
5609,2024-05-29 18:00,18896926.0,0,0,0,0,0.0,0
5610,2024-05-29 19:00,18797526.0,0,0,0,0,0.0,0
5611,2024-05-29 20:00,19752986.0,0,0,0,0,0.0,0
5612,2024-05-29 21:00,20641720.0,0,0,0,0,0.0,0
5613,2024-05-29 22:00,21091878.0,0,0,0,0,0.0,0
5614,2024-05-29 23:00,20855079.0,0,0,0,0,0.0,0
5615,2024-05-30 00:00,18865258.0,0,0,0,0,0.0,0
5616,2024-05-30 01:00,21898725.0,0,0,0,0,0.0,0
5617,2024-05-30 02:00,21279269.0,0,0,0,0,0.0,0
5618,2024-05-30 03:00,20121111.0,0,0,0,0,0.0,0
5619,2024-05-30 04:00,19212990.0,0,0,0,0,0.0,0
5620,2024-05-30 05:00,18106696.0,0,0,0,0,0.0,0
5621,2024-05-30 06:00,18027439.0,0,0,0,0,0.0,0
5622,2024-05-30 07:00,18868880.0,0,0,0,0,0.0,0
5623,2024-05-30 08:00,18606995.0,0,0,0,0,0.0,0
5624,2024-05-30 09:00,17860870.0,0,0,0,0,0.0,0
5625,2024-05-30 10:00,17625436.0,0,0,0,0,0.0,0
5626,2024-05-30 11:00,18518732.0,0,0,0,0,0.0,0
5627,2024-05-30 12:00,18563800.0,0,0,0,0,0.0,0
5628,2024-05-30 13:00,18230590.0,0,0,0,0,0.0,0
5629,2024-05-30 14:00,18972376.0,0,0,0,0,0.0,0
5630,2024-05-30 15:00,18131298.0,0,0,0,0,0.0,0
5631,2024-05-30 16:00,17811945.0,0,0,0,0,0.0,0
5632,2024-05-30 17:00,18049332.0,0,0,0,0,0.0,0
5633,2024-05-30 18:00,20112671.0,0,0,0,0,0.0,0
5634,2024-05-30 19:00,20023672.0,0,0,0,0,0.0,0
5635,2024-05-30 20:00,19141371.0,0,0,0,0,0.0,0
5636,2024-05-30 21:00,19795613.0,0,0,0,0,0.0,0
5637,2024-05-30 22:00,19680149.0,0,0,0,0,0.0,0
5638,2024-05-30 23:00,19068052.0,0,0,0,0,0.0,0
5639,2024-05-31 00:00,19038000.0,0,0,0,0,0.0,0
5640,2024-05-31 01:00,18698253.0,0,0,0,0,0.0,0
5641,2024-05-31 02:00,20188426.0,0,0,0,0,0.0,0
5642,2024-05-31 03:00,19824049.0,0,0,0,0,0.0,0
5643,2024-05-31 04:00,18299238.0,0,0,0,0,0.0,0
5644,2024-05-31 05:00,18082242.0,0,0,0,0,0.0,0
5645,2024-05-31 06:00,17231217.0,0,0,1,0,0.3333333333333333,0
5646,2024-05-31 07:00,17664698.0,0,0,0,0,0.0,0
5647,2024-05-31 08:00,17274420.0,0,0,1,0,0.3333333333333333,0
5648,2024-05-31 09:00,18580970.0,0,0,0,0,0.0,0
5649,2024-05-31 10:00,18681417.0,0,0,0,0,0.0,0
5650,2024-05-31 11:00,18994215.0,0,0,0,0,0.0,0
5651,2024-05-31 12:00,17430695.0,0,0,0,0,0.0,0
5652,2024-05-31 13:00,19050100.0,0,0,0,0,0.0,0
5653,2024-05-31 14:00,19812943.0,0,0,0,0,0.0,0
5654,2024-05-31 15:00,19355741.0,0,0,0,0,0.0,0
5655,2024-05-31 16:00,19679743.0,0,0,0,0,0.0,0
5656,2024-05-31 17:00,22931541.0,0,0,1,0,0.3333333333333333,0
5657,2024-05-31 18:00,22857797.0,0,0,1,0,0.3333333333333333,0
5658,2024-05-31 19:00,22201697.0,0,0,1,0,0.3333333333333333,0
5659,2024-05-31 20:00,22798918.0,0,0,1,0,0.3333333333333333,0
5660,2024-05-31 21:00,24554928.0,0,0,1,0,0.3333333333333333,0
5661,2024-05-31 22:00,24346577.0,0,0,1,0,0.3333333333333333,0
5662,2024-05-31 23:00,24398063.0,0,0,1,0,0.3333333333333333,0
5663,2024-06-01 00:00,24240340.0,1,0,1,0,0.3333333333333333,0
5664,2024-06-01 01:00,24236171.0,1,0,1,0,0.3333333333333333,0
5665,2024-06-01 02:00,23228612.0,1,0,1,0,0.3333333333333333,0
5666,2024-06-01 03:00,21642852.0,1,0,0,0,0.0,0
5667,2024-06-01 04:00,22342566.0,1,0,0,0,0.0,0
5668,2024-06-01 05:00,21884412.0,1,0,0,0,0.0,0
5669,2024-06-01 06:00,21484204.0,1,0,0,0,0.0,0
5670,2024-06-01 07:00,20398717.0,1,0,0,0,0.0,0
5671,2024-06-01 08:00,18785497.0,1,0,0,0,0.0,0
5672,2024-06-01 09:00,18920260.0,1,0,0,0,0.0,0
5673,2024-06-01 10:00,18104895.0,1,0,0,0,0.0,0
5674,2024-06-01 11:00,18245874.0,1,0,0,0,0.0,0
5675,2024-06-01 12:00,18098708.0,1,0,0,0,0.0,0
5676,2024-06-01 13:00,18257574.0,1,0,0,0,0.0,0
5677,2024-06-01 14:00,19444211.0,1,0,0,0,0.0,0
5678,2024-06-01 15:00,19789782.0,1,0,0,0,0.0,0
5679,2024-06-01 16:00,19724380.0,1,0,0,0,0.0,0
5680,2024-06-01 17:00,19790385.0,1,0,0,0,0.0,0
5681,2024-06-01 18:00,21833193.0,1,0,0,0,0.0,0
5682,2024-06-01 19:00,21764812.0,1,0,0,0,0.0,0
5683,2024-06-01 20:00,22125705.0,1,0,0,0,0.0,0
5684,2024-06-01 21:00,21190114.0,1,0,0,0,0.0,0
5685,2024-06-01 22:00,20353615.0,1,0,0,0,0.0,0
5686,2024-06-01 23:00,20123848.0,1,0,0,0,0.0,0
5687,2024-06-02 00:00,20047001.0,1,0,0,0,0.0,0
5688,2024-06-02 01:00,20029252.0,1,0,0,0,0.0,0
5689,2024-06-02 02:00,19277225.0,1,0,0,1,0.16666666666666666,0
5690,2024-06-02 03:00,18500060.0,1,0,0,0,0.0,0
5691,2024-06-02 04:00,17098634.0,1,0,1,0,0.3333333333333333,0
5692,2024-06-02 05:00,17459317.0,1,0,1,0,0.3333333333333333,0
5693,2024-06-02 06:00,17345527.0,1,0,1,0,0.3333333333333333,0
5694,2024-06-02 07:00,17923658.0,1,0,0,0,0.0,0
5695,2024-06-02 08:00,17837630.0,1,0,1,0,0.3333333333333333,0
5696,2024-06-02 09:00,18836005.0,1,0,0,0,0.0,0
5697,2024-06-02 10:00,17453868.0,1,0,1,0,0.3333333333333333,0
5698,2024-06-02 11:00,17596058.0,1,0,1,0,0.3333333333333333,0
5699,2024-06-02 12:00,18478925.0,1,1,0,0,0.5,0
5700,2024-06-02 13:00,17829558.0,1,0,1,0,0.3333333333333333,0
5701,2024-06-02 14:00,17954717.0,1,0,0,0,0.0,0
5702,2024-06-02 15:00,19996136.0,1,0,0,0,0.0,0
5703,2024-06-02 16:00,13930348.0,1,0,1,0,0.3333333333333333,0
5704,2024-06-02 17:00,15335228.0,1,0,1,0,0.3333333333333333,0
5705,2024-06-02 18:00,21184422.0,1,0,0,0,0.0,0
5706,2024-06-02 19:00,20670992.0,1,0,0,0,0.0,0
5707,2024-06-02 20:00,19700132.0,1,0,0,0,0.0,0
5708,2024-06-02 21:00,22462729.0,1,0,1,0,0.3333333333333333,0
5709,2024-06-02 22:00,22072346.0,1,0,0,0,0.0,0
5710,2024-06-02 23:00,22059882.0,1,0,0,0,0.0,0
5711,2024-06-03 00:00,23047691.0,0,0,1,0,0.3333333333333333,0
5712,2024-06-03 01:00,22468380.0,0,0,1,0,0.3333333333333333,0
5713,2024-06-03 02:00,21063221.0,0,0,0,0,0.0,0
5714,2024-06-03 03:00,19702295.0,0,0,0,0,0.0,0
5715,2024-06-03 04:00,17770787.0,0,0,0,0,0.0,0
5716,2024-06-03 05:00,18037350.0,0,0,0,0,0.0,0
5717,2024-06-03 06:00,16840185.0,0,0,1,0,0.3333333333333333,0
5718,2024-06-03 07:00,17262620.0,0,0,1,0,0.3333333333333333,0
5719,2024-06-03 08:00,16661967.0,0,0,1,0,0.3333333333333333,0
5720,2024-06-03 09:00,16837158.0,0,0,1,0,0.3333333333333333,0
5721,2024-06-03 10:00,17181843.0,0,0,1,0,0.3333333333333333,0
5722,2024-06-03 11:00,17127256.0,0,0,1,0,0.3333333333333333,0
5723,2024-06-03 12:00,19092226.0,0,0,0,0,0.0,0
5724,2024-06-03 13:00,19439295.0,0,0,0,0,0.0,0
5725,2024-06-03 14:00,19266439.0,0,0,0,0,0.0,0
5726,2024-06-03 15:00,18902079.0,0,0,0,0,0.0,0
5727,2024-06-03 16:00,18780087.0,0,0,0,0,0.0,0
5728,2024-06-03 17:00,19224736.0,0,0,0,0,0.0,0
5729,2024-06-03 18:00,20848074.0,0,0,0,0,0.0,0
5730,2024-06-03 19:00,20749708.0,0,0,0,0,0.0,0
5731,2024-06-03 20:00,20002408.0,0,0,0,0,0.0,0
5732,2024-06-03 21:00,20945145.0,0,0,0,0,0.0,0
5733,2024-06-03 22:00,20133961.0,0,0,0,0,0.0,0
5734,2024-06-03 23:00,21466974.0,0,0,0,0,0.0,0
5735,2024-06-04 00:00,21207943.0,0,0,0,0,0.0,0
5736,2024-06-04 01:00,21081076.0,0,0,0,0,0.0,0
5737,2024-06-04 02:00,19955989.0,0,0,0,0,0.0,0
5738,2024-06-04 03:00,18523149.0,0,0,0,0,0.0,0
5739,2024-06-04 04:00,17398371.0,0,0,1,0,0.3333333333333333,0
5740,2024-06-04 05:00,16642560.0,0,0,1,0,0.3333333333333333,0
5741,2024-06-04 06:00,16683338.0,0,0,1,0,0.3333333333333333,0
5742,2024-06-04 07:00,17138124.0,0,0,1,0,0.3333333333333333,0
5743,2024-06-04 08:00,5705662.0,0,0,1,1,0.5,0
5744,2024-06-04 09:00,790515.0,0,0,1,0,0.3333333333333333,0
5745,2024-06-04 10:00,779116.0,0,0,1,0,0.3333333333333333,0
5746,2024-06-04 11:00,240913.0,0,0,1,0,0.3333333333333333,0
5747,2024-06-04 12:00,200035.0,0,0,1,0,0.3333333333333333,0
5748,2024-06-04 13:00,223483.0,0,0,1,0,0.3333333333333333,0
5749,2024-06-04 14:00,153696.0,0,0,1,1,0.5,0
5750,2024-06-04 15:00,74489.0,0,0,1,0,0.3333333333333333,0
5751,2024-06-04 16:00,115435.0,0,0,1,0,0.3333333333333333,0
5752,2024-06-04 17:00,390467.0,0,0,1,0,0.3333333333333333,0
5753,2024-06-04 18:00,149717.0,0,0,1,0,0.3333333333333333,0
5754,2024-06-04 19:00,297359.0,0,0,1,0,0.3333333333333333,0
5755,2024-06-04 20:00,263618.0,0,0,1,0,0.3333333333333333,0
5756,2024-06-04 21:00,210967.0,0,0,1,0,0.3333333333333333,0
5757,2024-06-04 22:00,95673.0,0,0,1,0,0.3333333333333333,0
5758,2024-06-04 23:00,104819.0,0,0,1,0,0.3333333333333333,0
5759,2024-06-05 00:00,131747.0,0,0,1,0,0.3333333333333333,0
5760,2024-06-05 01:00,174105.0,0,0,1,0,0.3333333333333333,0
5761,2024-06-05 02:00,394697.0,0,0,1,0,0.3333333333333333,0
5762,2024-06-05 03:00,638243.0,0,0,1,0,0.3333333333333333,0
5763,2024-06-05 04:00,470724.0,0,0,1,0,0.3333333333333333,0
5764,2024-06-05 05:00,347391.0,0,0,1,0,0.3333333333333333,0
5765,2024-06-05 06:00,4603762.0,0,0,1,1,0.5,0
5766,2024-06-05 07:00,648980.0,0,0,1,0,0.3333333333333333,0
5767,2024-06-05 08:00,669790.0,0,0,1,0,0.3333333333333333,0
5768,2024-06-05 09:00,655299.0,0,0,1,0,0.3333333333333333,0
5769,2024-06-05 10:00,1085467.0,0,0,1,0,0.3333333333333333,0
5770,2024-06-05 11:00,266124.0,0,0,1,0,0.3333333333333333,0
5771,2024-06-05 12:00,438878.0,0,0,1,0,0.3333333333333333,0
5772,2024-06-05 13:00,231086.0,0,0,1,0,0.3333333333333333,0
5773,2024-06-05 14:00,314545.0,0,0,1,1,0.5,0
5774,2024-06-05 15:00,248222.0,0,0,1,0,0.3333333333333333,0
5775,2024-06-05 16:00,264256.0,0,0,1,0,0.3333333333333333,0
5776,2024-06-05 17:00,189451.0,0,0,1,0,0.3333333333333333,0
5777,2024-06-05 18:00,623906.0,0,0,1,0,0.3333333333333333,0
5778,2024-06-05 19:00,332494.0,0,0,1,0,0.3333333333333333,0
5779,2024-06-05 20:00,292000.0,0,0,1,0,0.3333333333333333,0
5780,2024-06-05 21:00,164587.0,0,0,1,0,0.3333333333333333,0
5781,2024-06-05 22:00,266248.0,0,0,1,1,0.5,0
5782,2024-06-05 23:00,120873.0,0,0,1,0,0.3333333333333333,0
5783,2024-06-06 00:00,90344.0,0,0,0,0,0.0,0
5784,2024-06-06 01:00,117575.0,0,0,0,0,0.0,0
5785,2024-06-06 02:00,325835.0,0,0,0,0,0.0,0
5786,2024-06-06 03:00,704442.0,0,0,0,0,0.0,0
5787,2024-06-06 04:00,426306.0,0,0,0,0,0.0,0
5788,2024-06-06 05:00,485568.0,0,0,0,0,0.0,0
5789,2024-06-06 06:00,414542.0,0,0,0,0,0.0,0
5790,2024-06-06 07:00,437260.0,0,0,0,0,0.0,0
5791,2024-06-06 08:00,448322.0,0,0,0,0,0.0,0
5792,2024-06-06 09:00,332945.0,0,0,0,1,0.16666666666666666,0
5793,2024-06-06 10:00,440349.0,0,0,0,0,0.0,0
5794,2024-06-06 11:00,246348.0,0,0,0,0,0.0,0
5795,2024-06-06 12:00,580267.0,0,0,0,0,0.0,0
5796,2024-06-06 13:00,383984.0,0,0,0,0,0.0,0
5797,2024-06-06 14:00,432707.0,0,0,0,0,0.0,0
5798,2024-06-06 15:00,409111.0,0,0,0,0,0.0,0
5799,2024-06-06 16:00,283114.0,0,0,0,0,0.0,0
5800,2024-06-06 17:00,206570.0,0,0,0,0,0.0,0
5801,2024-06-06 18:00,220223.0,0,0,0,0,0.0,0
5802,2024-06-06 19:00,270807.0,0,0,0,0,0.0,0
5803,2024-06-06 20:00,173673.0,0,0,0,0,0.0,0
5804,2024-06-06 21:00,115129.0,0,0,0,0,0.0,0
5805,2024-06-06 22:00,57140.0,0,0,0,0,0.0,0
5806,2024-06-06 23:00,73213.0,0,0,0,0,0.0,0
5807,2024-06-07 00:00,82191.0,0,0,0,0,0.0,0
5808,2024-06-07 01:00,135661.0,0,0,0,0,0.0,0
5809,2024-06-07 02:00,299707.0,0,0,0,0,0.0,0
5810,2024-06-07 03:00,523426.0,0,0,0,0,0.0,0
5811,2024-06-07 04:00,456754.0,0,0,0,0,0.0,0
5812,2024-06-07 05:00,388551.0,0,0,0,0,0.0,0
5813,2024-06-07 06:00,347808.0,0,0,0,0,0.0,0
5814,2024-06-07 07:00,476171.0,0,0,0,0,0.0,0
5815,2024-06-07 08:00,552839.0,0,0,0,0,0.0,0
5816,2024-06-07 09:00,592985.0,0,0,0,0,0.0,0
5817,2024-06-07 10:00,569736.0,0,0,0,0,0.0,0
5818,2024-06-07 11:00,414706.0,0,0,0,0,0.0,0
5819,2024-06-07 12:00,193996.0,0,0,0,0,0.0,0
5820,2024-06-07 13:00,221818.0,0,0,0,0,0.0,0
5821,2024-06-07 14:00,654510.0,0,0,0,0,0.0,0
5822,2024-06-07 15:00,142330.0,0,0,0,0,0.0,0
5823,2024-06-07 16:00,825381.0,0,0,0,0,0.0,0
5824,2024-06-07 17:00,399528.0,0,0,0,0,0.0,0
5825,2024-06-07 18:00,567256.0,0,0,0,0,0.0,0
5826,2024-06-07 19:00,262139.0,0,0,0,0,0.0,0
5827,2024-06-07 20:00,336872.0,0,0,0,0,0.0,0
5828,2024-06-07 21:00,272522.0,0,0,0,0,0.0,0
5829,2024-06-07 22:00,185736.0,0,0,0,0,0.0,0
5830,2024-06-07 23:00,142695.0,0,0,0,0,0.0,0
5831,2024-06-08 00:00,238604.0,1,0,0,0,0.0,0
5832,2024-06-08 01:00,164239.0,1,0,0,0,0.0,0
5833,2024-06-08 02:00,184474.0,1,0,0,0,0.0,0
5834,2024-06-08 03:00,257380.0,1,0,0,0,0.0,0
5835,2024-06-08 04:00,381481.0,1,0,0,0,0.0,0
5836,2024-06-08 05:00,486845.0,1,0,0,0,0.0,0
5837,2024-06-08 06:00,560433.0,1,0,0,0,0.0,0
5838,2024-06-08 07:00,300070.0,1,0,0,0,0.0,0
5839,2024-06-08 08:00,415557.0,1,0,0,0,0.0,0
5840,2024-06-08 09:00,674560.0,1,0,0,0,0.0,0
5841,2024-06-08 10:00,500264.0,1,0,0,0,0.0,0
5842,2024-06-08 11:00,1040946.0,1,0,1,0,0.3333333333333333,0
5843,2024-06-08 12:00,606912.0,1,0,1,0,0.3333333333333333,0
5844,2024-06-08 13:00,288823.0,1,0,0,0,0.0,0
5845,2024-06-08 14:00,165344.0,1,0,0,0,0.0,0
5846,2024-06-08 15:00,145456.0,1,0,0,0,0.0,0
5847,2024-06-08 16:00,234192.0,1,0,0,0,0.0,0
5848,2024-06-08 17:00,453506.0,1,0,0,0,0.0,0
5849,2024-06-08 18:00,465167.0,1,0,0,0,0.0,0
5850,2024-06-08 19:00,546034.0,1,0,0,0,0.0,0
5851,2024-06-08 20:00,415660.0,1,0,0,0,0.0,0
5852,2024-06-08 21:00,132937.0,1,0,0,0,0.0,0
5853,2024-06-08 22:00,163508.0,1,0,0,1,0.16666666666666666,0
5854,2024-06-08 23:00,129073.0,1,0,0,0,0.0,0
5855,2024-06-09 00:00,122110.0,1,0,0,0,0.0,0
5856,2024-06-09 01:00,129839.0,1,0,0,0,0.0,0
5857,2024-06-09 02:00,190202.0,1,0,0,0,0.0,0
5858,2024-06-09 03:00,198972.0,1,0,0,0,0.0,0
5859,2024-06-09 04:00,253322.0,1,0,0,0,0.0,0
5860,2024-06-09 05:00,200017.0,1,0,0,0,0.0,0
5861,2024-06-09 06:00,461603.0,1,0,0,0,0.0,0
5862,2024-06-09 07:00,341178.0,1,0,0,0,0.0,0
5863,2024-06-09 08:00,419090.0,1,0,0,0,0.0,0
5864,2024-06-09 09:00,720223.0,1,0,1,0,0.3333333333333333,0
5865,2024-06-09 10:00,353582.0,1,0,0,0,0.0,0
5866,2024-06-09 11:00,514432.0,1,0,0,0,0.0,0
5867,2024-06-09 12:00,664606.0,1,0,1,0,0.3333333333333333,0
5868,2024-06-09 13:00,575338.0,1,0,1,0,0.3333333333333333,0
5869,2024-06-09 14:00,246607.0,1,0,0,0,0.0,0
5870,2024-06-09 15:00,137150.0,1,0,0,0,0.0,0
5871,2024-06-09 16:00,169761.0,1,0,0,0,0.0,0
5872,2024-06-09 17:00,365938.0,1,0,0,0,0.0,0
5873,2024-06-09 18:00,501414.0,1,0,0,0,0.0,0
5874,2024-06-09 19:00,973030.0,1,0,1,0,0.3333333333333333,0
5875,2024-06-09 20:00,777039.0,1,0,1,0,0.3333333333333333,0
5876,2024-06-09 21:00,490678.0,1,0,0,0,0.0,0
5877,2024-06-09 22:00,97878.0,1,0,0,0,0.0,0
5878,2024-06-09 23:00,138931.0,1,0,0,0,0.0,0
5879,2024-06-10 00:00,125994.0,0,0,0,0,0.0,0
5880,2024-06-10 01:00,256530.0,0,0,0,0,0.0,0
5881,2024-06-10 02:00,525119.0,0,0,0,0,0.0,0
5882,2024-06-10 03:00,1260733.0,0,0,1,0,0.3333333333333333,0
5883,2024-06-10 04:00,715967.0,0,0,1,0,0.3333333333333333,0
5884,2024-06-10 05:00,967073.0,0,0,1,0,0.3333333333333333,0
5885,2024-06-10 06:00,939791.0,0,0,1,0,0.3333333333333333,0
5886,2024-06-10 07:00,965822.0,0,0,1,1,0.5,0
5887,2024-06-10 08:00,849357.0,0,0,1,0,0.3333333333333333,0
5888,2024-06-10 09:00,1042345.0,0,0,1,0,0.3333333333333333,0
5889,2024-06-10 10:00,690223.0,0,0,1,0,0.3333333333333333,0
5890,2024-06-10 11:00,563873.0,0,0,0,0,0.0,0
5891,2024-06-10 12:00,278206.0,0,0,0,0,0.0,0
5892,2024-06-10 13:00,367301.0,0,0,0,0,0.0,0
5893,2024-06-10 14:00,362714.0,0,0,0,0,0.0,0
5894,2024-06-10 15:00,251904.0,0,0,0,0,0.0,0
5895,2024-06-10 16:00,494867.0,0,0,0,0,0.0,0
5896,2024-06-10 17:00,348879.0,0,0,0,0,0.0,0
5897,2024-06-10 18:00,508603.0,0,0,0,0,0.0,0
5898,2024-06-10 19:00,655119.0,0,0,0,0,0.0,0
5899,2024-06-10 20:00,364713.0,0,0,0,0,0.0,0
5900,2024-06-10 21:00,276728.0,0,0,0,0,0.0,0
5901,2024-06-10 22:00,161204.0,0,0,0,0,0.0,0
5902,2024-06-10 23:00,485280.0,0,0,0,0,0.0,0
5903,2024-06-11 00:00,199794.0,0,0,0,0,0.0,0
5904,2024-06-11 01:00,239278.0,0,0,0,0,0.0,0
5905,2024-06-11 02:00,412486.0,0,0,0,0,0.0,0
5906,2024-06-11 03:00,1008810.0,0,0,1,0,0.3333333333333333,0
5907,2024-06-11 04:00,641079.0,0,0,0,0,0.0,0
5908,2024-06-11 05:00,728074.0,0,0,1,0,0.3333333333333333,0
5909,2024-06-11 06:00,863605.0,0,0,1,1,0.5,0
5910,2024-06-11 07:00,819519.0,0,0,1,0,0.3333333333333333,0
5911,2024-06-11 08:00,934072.0,0,0,1,0,0.3333333333333333,0
5912,2024-06-11 09:00,914792.0,0,0,1,0,0.3333333333333333,0
5913,2024-06-11 10:00,941342.0,0,0,1,0,0.3333333333333333,0
5914,2024-06-11 11:00,1376394.0,0,0,1,0,0.3333333333333333,0
5915,2024-06-11 12:00,437467.0,0,0,0,0,0.0,0
5916,2024-06-11 13:00,316672.0,0,0,0,0,0.0,0
5917,2024-06-11 14:00,340809.0,0,0,0,0,0.0,0
5918,2024-06-11 15:00,511741.0,0,0,0,0,0.0,0
5919,2024-06-11 16:00,354267.0,0,0,0,0,0.0,0
5920,2024-06-11 17:00,416938.0,0,0,0,0,0.0,0
5921,2024-06-11 18:00,322674.0,0,0,0,0,0.0,0
5922,2024-06-11 19:00,172339.0,0,0,0,0,0.0,0
5923,2024-06-11 20:00,130231.0,0,0,0,0,0.0,0
5924,2024-06-11 21:00,118156.0,0,0,0,0,0.0,0
5925,2024-06-11 22:00,101739.0,0,0,0,0,0.0,0
5926,2024-06-11 23:00,133273.0,0,0,0,1,0.16666666666666666,0
5927,2024-06-12 00:00,121863.0,0,0,0,0,0.0,0
5928,2024-06-12 01:00,236980.0,0,0,0,0,0.0,0
5929,2024-06-12 02:00,585022.0,0,0,0,0,0.0,0
5930,2024-06-12 03:00,1025140.0,0,0,1,0,0.3333333333333333,0
5931,2024-06-12 04:00,606813.0,0,0,0,0,0.0,0
5932,2024-06-12 05:00,551583.0,0,0,0,0,0.0,0
5933,2024-06-12 06:00,484357.0,0,0,0,0,0.0,0
5934,2024-06-12 07:00,324653.0,0,0,0,0,0.0,0
5935,2024-06-12 08:00,584663.0,0,0,0,0,0.0,0
5936,2024-06-12 09:00,797458.0,0,0,1,0,0.3333333333333333,0
5937,2024-06-12 10:00,485846.0,0,0,0,0,0.0,0
5938,2024-06-12 11:00,425215.0,0,0,0,0,0.0,0
5939,2024-06-12 12:00,512163.0,0,0,0,0,0.0,0
5940,2024-06-12 13:00,487162.0,0,0,0,0,0.0,0
5941,2024-06-12 14:00,401181.0,0,0,0,0,0.0,0
5942,2024-06-12 15:00,311381.0,0,0,0,0,0.0,0
5943,2024-06-12 16:00,292775.0,0,0,0,0,0.0,0
5944,2024-06-12 17:00,522902.0,0,0,0,0,0.0,0
5945,2024-06-12 18:00,255966.0,0,0,0,0,0.0,0
5946,2024-06-12 19:00,277190.0,0,0,0,0,0.0,0
5947,2024-06-12 20:00,275834.0,0,0,0,0,0.0,0
5948,2024-06-12 21:00,135062.0,0,0,0,0,0.0,0
5949,2024-06-12 22:00,131678.0,0,0,0,0,0.0,0
5950,2024-06-12 23:00,165953.0,0,0,0,0,0.0,0
5951,2024-06-13 00:00,197124.0,0,0,0,0,0.0,0
5952,2024-06-13 01:00,158557.0,0,0,0,0,0.0,0
5953,2024-06-13 02:00,472811.0,0,0,0,0,0.0,0
5954,2024-06-13 03:00,1830879.0,0,0,1,1,0.5,0
5955,2024-06-13 04:00,517861.0,0,0,0,0,0.0,0
5956,2024-06-13 05:00,1460442.0,0,0,1,0,0.3333333333333333,0
5957,2024-06-13 06:00,778813.0,0,0,0,0,0.0,0
5958,2024-06-13 07:00,560176.0,0,0,0,0,0.0,0
5959,2024-06-13 08:00,491556.0,0,0,0,0,0.0,0
5960,2024-06-13 09:00,547836.0,0,0,0,0,0.0,0
5961,2024-06-13 10:00,489750.0,0,0,0,0,0.0,0
5962,2024-06-13 11:00,389567.0,0,0,0,0,0.0,0
5963,2024-06-13 12:00,443518.0,0,0,0,0,0.0,0
5964,2024-06-13 13:00,244293.0,0,0,0,0,0.0,0
5965,2024-06-13 14:00,597873.0,0,0,0,0,0.0,0
5966,2024-06-13 15:00,198959.0,0,0,0,0,0.0,0
5967,2024-06-13 16:00,428777.0,0,0,0,0,0.0,0
5968,2024-06-13 17:00,2077321.0,0,0,1,0,0.3333333333333333,0
5969,2024-06-13 18:00,690909.0,0,0,0,0,0.0,0
5970,2024-06-13 19:00,471341.0,0,0,0,0,0.0,0
5971,2024-06-13 20:00,503215.0,0,0,0,0,0.0,0
5972,2024-06-13 21:00,290017.0,0,0,0,0,0.0,0
5973,2024-06-13 22:00,386208.0,0,0,0,0,0.0,0
5974,2024-06-13 23:00,290248.0,0,0,0,0,0.0,0
5975,2024-06-14 00:00,126571.0,0,0,0,0,0.0,0
5976,2024-06-14 01:00,209695.0,0,0,0,0,0.0,0
5977,2024-06-14 02:00,458844.0,0,0,0,0,0.0,0
5978,2024-06-14 03:00,641774.0,0,0,0,0,0.0,0
5979,2024-06-14 04:00,536155.0,0,0,0,0,0.0,0
5980,2024-06-14 05:00,702749.0,0,0,0,0,0.0,0
5981,2024-06-14 06:00,527746.0,0,0,0,0,0.0,0
5982,2024-06-14 07:00,717412.0,0,0,0,0,0.0,0
5983,2024-06-14 08:00,656872.0,0,0,0,0,0.0,0
5984,2024-06-14 09:00,782101.0,0,0,0,0,0.0,0
5985,2024-06-14 10:00,451686.0,0,0,0,0,0.0,0
5986,2024-06-14 11:00,387977.0,0,0,0,0,0.0,0
5987,2024-06-14 12:00,583292.0,0,0,0,0,0.0,0
5988,2024-06-14 13:00,206625.0,0,0,0,0,0.0,0
5989,2024-06-14 14:00,287493.0,0,0,0,0,0.0,0
5990,2024-06-14 15:00,366249.0,0,0,0,0,0.0,0
5991,2024-06-14 16:00,340533.0,0,0,0,0,0.0,0
5992,2024-06-14 17:00,332904.0,0,0,0,0,0.0,0
5993,2024-06-14 18:00,535566.0,0,0,0,0,0.0,0
5994,2024-06-14 19:00,425124.0,0,0,0,0,0.0,0
5995,2024-06-14 20:00,238005.0,0,0,0,0,0.0,0
5996,2024-06-14 21:00,111887.0,0,0,0,0,0.0,0
5997,2024-06-14 22:00,117397.0,0,0,0,0,0.0,0
5998,2024-06-14 23:00,126285.0,0,0,0,0,0.0,0
5999,2024-06-15 00:00,159246.0,1,0,0,0,0.0,0
6000,2024-06-15 01:00,175516.0,1,0,0,0,0.0,0
6001,2024-06-15 02:00,446801.0,1,0,0,0,0.0,0
6002,2024-06-15 03:00,730925.0,1,0,0,0,0.0,0
6003,2024-06-15 04:00,245732.0,1,0,0,0,0.0,0
6004,2024-06-15 05:00,405986.0,1,0,0,0,0.0,0
6005,2024-06-15 06:00,777394.0,1,0,0,0,0.0,0
6006,2024-06-15 07:00,517031.0,1,0,0,0,0.0,0
6007,2024-06-15 08:00,297904.0,1,0,0,0,0.0,0
6008,2024-06-15 09:00,402686.0,1,0,0,0,0.0,0
6009,2024-06-15 10:00,633299.0,1,0,0,0,0.0,0
6010,2024-06-15 11:00,371222.0,1,0,0,0,0.0,0
6011,2024-06-15 12:00,749265.0,1,0,0,0,0.0,0
6012,2024-06-15 13:00,635266.0,1,0,0,0,0.0,0
6013,2024-06-15 14:00,361633.0,1,0,0,0,0.0,0
6014,2024-06-15 15:00,1042306.0,1,0,1,0,0.3333333333333333,0
6015,2024-06-15 16:00,537515.0,1,0,0,0,0.0,0
6016,2024-06-15 17:00,647909.0,1,0,0,0,0.0,0
6017,2024-06-15 18:00,322211.0,1,0,0,0,0.0,0
6018,2024-06-15 19:00,941926.0,1,0,1,0,0.3333333333333333,0
6019,2024-06-15 20:00,309106.0,1,0,0,0,0.0,0
6020,2024-06-15 21:00,287737.0,1,0,0,0,0.0,0
6021,2024-06-15 22:00,227188.0,1,0,0,0,0.0,0
6022,2024-06-15 23:00,89732.0,1,0,0,0,0.0,0
6023,2024-06-16 00:00,312385.0,1,0,0,0,0.0,0
6024,2024-06-16 01:00,379811.0,1,0,0,0,0.0,0
6025,2024-06-16 02:00,205615.0,1,0,0,0,0.0,0
6026,2024-06-16 03:00,284803.0,1,0,0,0,0.0,0
6027,2024-06-16 04:00,798444.0,1,0,0,0,0.0,0
6028,2024-06-16 05:00,421151.0,1,0,0,0,0.0,0
6029,2024-06-16 06:00,329467.0,1,0,0,0,0.0,0
6030,2024-06-16 07:00,834456.0,1,0,1,0,0.3333333333333333,0
6031,2024-06-16 08:00,566383.0,1,0,0,0,0.0,0
6032,2024-06-16 09:00,751630.0,1,0,0,0,0.0,0
6033,2024-06-16 10:00,851225.0,1,0,1,0,0.3333333333333333,0
6034,2024-06-16 11:00,1667810.0,1,0,1,0,0.3333333333333333,0
6035,2024-06-16 12:00,834083.0,1,0,0,0,0.0,0
6036,2024-06-16 13:00,778464.0,1,0,0,0,0.0,0
6037,2024-06-16 14:00,517596.0,1,0,0,0,0.0,0
6038,2024-06-16 15:00,520161.0,1,0,0,0,0.0,0
6039,2024-06-16 16:00,428567.0,1,0,0,0,0.0,0
6040,2024-06-16 17:00,476362.0,1,0,0,0,0.0,0
6041,2024-06-16 18:00,352461.0,1,0,0,0,0.0,0
6042,2024-06-16 19:00,595309.0,1,0,0,0,0.0,0
6043,2024-06-16 20:00,240741.0,1,0,0,0,0.0,0
6044,2024-06-16 21:00,100340.0,1,0,0,0,0.0,0
6045,2024-06-16 22:00,67859.0,1,0,0,0,0.0,0
6046,2024-06-16 23:00,98655.0,1,0,0,0,0.0,0
6047,2024-06-17 00:00,207712.0,0,0,0,0,0.0,0
6048,2024-06-17 01:00,142039.0,0,0,0,0,0.0,0
6049,2024-06-17 02:00,1108655.0,0,0,1,0,0.3333333333333333,0
6050,2024-06-17 03:00,833137.0,0,0,0,0,0.0,0
6051,2024-06-17 04:00,688480.0,0,0,0,0,0.0,0
6052,2024-06-17 05:00,679319.0,0,0,0,0,0.0,0
6053,2024-06-17 06:00,855119.0,0,0,0,0,0.0,0
6054,2024-06-17 07:00,533998.0,0,0,0,0,0.0,0
6055,2024-06-17 08:00,694709.0,0,0,0,0,0.0,0
6056,2024-06-17 09:00,1298439.0,0,0,1,0,0.3333333333333333,0
6057,2024-06-17 10:00,927844.0,0,0,1,0,0.3333333333333333,0
6058,2024-06-17 11:00,358729.0,0,0,0,0,0.0,0
6059,2024-06-17 12:00,452024.0,0,0,0,0,0.0,0
6060,2024-06-17 13:00,481807.0,0,0,0,0,0.0,0
6061,2024-06-17 14:00,344345.0,0,0,0,0,0.0,0
6062,2024-06-17 15:00,339056.0,0,0,0,0,0.0,0
6063,2024-06-17 16:00,471918.0,0,0,0,0,0.0,0
6064,2024-06-17 17:00,563656.0,0,0,0,0,0.0,0
6065,2024-06-17 18:00,600870.0,0,0,0,0,0.0,0
6066,2024-06-17 19:00,752278.0,0,0,0,0,0.0,0
6067,2024-06-17 20:00,510221.0,0,0,0,0,0.0,0
6068,2024-06-17 21:00,435033.0,0,0,0,0,0.0,0
6069,2024-06-17 22:00,436909.0,0,0,0,0,0.0,0
6070,2024-06-17 23:00,202763.0,0,0,0,0,0.0,0
6071,2024-06-18 00:00,414900.0,0,0,0,0,0.0,0
6072,2024-06-18 01:00,217113.0,0,0,0,0,0.0,0
6073,2024-06-18 02:00,782220.0,0,0,0,0,0.0,0
6074,2024-06-18 03:00,755143.0,0,0,0,0,0.0,0
6075,2024-06-18 04:00,509089.0,0,0,0,0,0.0,0
6076,2024-06-18 05:00,488301.0,0,0,0,0,0.0,0
6077,2024-06-18 06:00,529729.0,0,0,0,0,0.0,0
6078,2024-06-18 07:00,587354.0,0,0,0,0,0.0,0
6079,2024-06-18 08:00,511348.0,0,0,0,0,0.0,0
6080,2024-06-18 09:00,463934.0,0,0,0,0,0.0,0
6081,2024-06-18 10:00,296512.0,0,0,0,0,0.0,0
6082,2024-06-18 11:00,264121.0,0,0,0,0,0.0,0
6083,2024-06-18 12:00,112747.0,0,0,1,0,0.3333333333333333,0
6084,2024-06-18 13:00,358149.0,0,0,0,0,0.0,0
6085,2024-06-18 14:00,158336.0,0,0,0,0,0.0,0
6086,2024-06-18 15:00,316473.0,0,0,0,0,0.0,0
6087,2024-06-18 16:00,421672.0,0,0,0,0,0.0,0
6088,2024-06-18 17:00,323144.0,0,0,0,0,0.0,0
6089,2024-06-18 18:00,249179.0,0,0,0,0,0.0,0
6090,2024-06-18 19:00,116109.0,0,0,1,0,0.3333333333333333,0
6091,2024-06-18 20:00,115328.0,0,0,1,0,0.3333333333333333,0
6092,2024-06-18 21:00,72640.0,0,0,1,0,0.3333333333333333,0
6093,2024-06-18 22:00,54258.0,0,0,1,1,0.5,0
6094,2024-06-18 23:00,93395.0,0,0,1,1,0.5,0
6095,2024-06-19 00:00,86897.0,0,0,1,0,0.3333333333333333,0
6096,2024-06-19 01:00,95898.0,0,0,1,0,0.3333333333333333,0
6097,2024-06-19 02:00,187334.0,0,0,0,0,0.0,0
6098,2024-06-19 03:00,441903.0,0,0,0,0,0.0,0
6099,2024-06-19 04:00,355350.0,0,0,0,0,0.0,0
6100,2024-06-19 05:00,232973.0,0,0,0,0,0.0,0
6101,2024-06-19 06:00,266668.0,0,0,0,0,0.0,0
6102,2024-06-19 07:00,285853.0,0,0,0,0,0.0,0
6103,2024-06-19 08:00,350998.0,0,0,0,0,0.0,0
6104,2024-06-19 09:00,375928.0,0,0,0,0,0.0,0
6105,2024-06-19 10:00,372026.0,0,0,0,0,0.0,0
6106,2024-06-19 11:00,187435.0,0,0,0,0,0.0,0
6107,2024-06-19 12:00,202748.0,0,0,0,0,0.0,0
6108,2024-06-19 13:00,198109.0,0,0,0,0,0.0,0
6109,2024-06-19 14:00,245410.0,0,0,0,0,0.0,0
6110,2024-06-19 15:00,95702.0,0,0,0,0,0.0,0
6111,2024-06-19 16:00,188857.0,0,0,0,0,0.0,0
6112,2024-06-19 17:00,807146.0,0,0,1,0,0.3333333333333333,0
6113,2024-06-19 18:00,966744.0,0,0,1,1,0.5,0
6114,2024-06-19 19:00,423510.0,0,0,0,0,0.0,0
6115,2024-06-19 20:00,375471.0,0,0,0,0,0.0,0
6116,2024-06-19 21:00,199707.0,0,0,0,0,0.0,0
6117,2024-06-19 22:00,443770.0,0,0,0,0,0.0,0
6118,2024-06-19 23:00,242405.0,0,0,0,0,0.0,0
6119,2024-06-20 00:00,165194.0,0,0,0,0,0.0,0
6120,2024-06-20 01:00,541395.0,0,0,0,0,0.0,0
6121,2024-06-20 02:00,899514.0,0,0,1,1,0.5,0
6122,2024-06-20 03:00,841732.0,0,0,1,0,0.3333333333333333,0
6123,2024-06-20 04:00,745756.0,0,0,0,0,0.0,0
6124,2024-06-20 05:00,493173.0,0,0,0,0,0.0,0
6125,2024-06-20 06:00,434658.0,0,0,0,0,0.0,0
6126,2024-06-20 07:00,1536295.0,0,0,1,0,0.3333333333333333,0
6127,2024-06-20 08:00,795297.0,0,0,1,0,0.3333333333333333,0
6128,2024-06-20 09:00,755649.0,0,0,0,0,0.0,0
6129,2024-06-20 10:00,615050.0,0,0,0,0,0.0,0
6130,2024-06-20 11:00,326622.0,0,0,0,0,0.0,0
6131,2024-06-20 12:00,539567.0,0,0,0,0,0.0,0
6132,2024-06-20 13:00,386046.0,0,0,0,0,0.0,0
6133,2024-06-20 14:00,785097.0,0,0,1,0,0.3333333333333333,0
6134,2024-06-20 15:00,329831.0,0,0,0,0,0.0,0
6135,2024-06-20 16:00,338287.0,0,0,0,0,0.0,0
6136,2024-06-20 17:00,255115.0,0,0,0,0,0.0,0
6137,2024-06-20 18:00,481468.0,0,0,0,0,0.0,0
6138,2024-06-20 19:00,397412.0,0,0,0,0,0.0,0
6139,2024-06-20 20:00,286423.0,0,0,0,0,0.0,0
6140,2024-06-20 21:00,389208.0,0,0,0,0,0.0,0
6141,2024-06-20 22:00,147384.0,0,0,0,0,0.0,0
6142,2024-06-20 23:00,181067.0,0,0,0,0,0.0,0
6143,2024-06-21 00:00,413591.0,0,0,0,0,0.0,0
6144,2024-06-21 01:00,310668.0,0,0,0,0,0.0,0
6145,2024-06-21 02:00,342209.0,0,0,0,0,0.0,0
6146,2024-06-21 03:00,718484.0,0,0,0,0,0.0,0
6147,2024-06-21 04:00,1070506.0,0,0,1,0,0.3333333333333333,0
6148,2024-06-21 05:00,542088.0,0,0,0,0,0.0,0
6149,2024-06-21 06:00,475365.0,0,0,0,0,0.0,0
6150,2024-06-21 07:00,924289.0,0,0,1,0,0.3333333333333333,0
6151,2024-06-21 08:00,1117765.0,0,0,1,0,0.3333333333333333,0
6152,2024-06-21 09:00,817267.0,0,0,1,0,0.3333333333333333,0
6153,2024-06-21 10:00,427119.0,0,0,0,0,0.0,0
6154,2024-06-21 11:00,615374.0,0,0,0,0,0.0,0
6155,2024-06-21 12:00,343382.0,0,0,0,0,0.0,0
6156,2024-06-21 13:00,542597.0,0,0,0,0,0.0,0
6157,2024-06-21 14:00,610078.0,0,0,0,0,0.0,0
6158,2024-06-21 15:00,340248.0,0,0,0,0,0.0,0
6159,2024-06-21 16:00,340807.0,0,0,0,0,0.0,0
6160,2024-06-21 17:00,293046.0,0,0,0,0,0.0,0
6161,2024-06-21 18:00,433336.0,0,0,0,0,0.0,0
6162,2024-06-21 19:00,223387.0,0,0,0,0,0.0,0
6163,2024-06-21 20:00,494997.0,0,0,0,0,0.0,0
6164,2024-06-21 21:00,309806.0,0,0,0,0,0.0,0
6165,2024-06-21 22:00,137935.0,0,0,0,0,0.0,0
6166,2024-06-21 23:00,242761.0,0,0,0,0,0.0,0
6167,2024-06-22 00:00,195832.0,1,0,0,0,0.0,0
6168,2024-06-22 01:00,271422.0,1,0,0,0,0.0,0
6169,2024-06-22 02:00,246213.0,1,0,0,0,0.0,0
6170,2024-06-22 03:00,329853.0,1,0,0,0,0.0,0
6171,2024-06-22 04:00,175102.0,1,0,0,0,0.0,0
6172,2024-06-22 05:00,344843.0,1,0,0,0,0.0,0
6173,2024-06-22 06:00,471731.0,1,0,0,0,0.0,0
6174,2024-06-22 07:00,411596.0,1,0,0,0,0.0,0
6175,2024-06-22 08:00,216171.0,1,0,0,1,0.16666666666666666,0
6176,2024-06-22 09:00,405426.0,1,0,0,0,0.0,0
6177,2024-06-22 10:00,404863.0,1,0,0,0,0.0,0
6178,2024-06-22 11:00,906161.0,1,0,1,0,0.3333333333333333,0
6179,2024-06-22 12:00,383887.0,1,0,0,0,0.0,0
6180,2024-06-22 13:00,419652.0,1,0,0,0,0.0,0
6181,2024-06-22 14:00,168676.0,1,0,0,0,0.0,0
6182,2024-06-22 15:00,328601.0,1,0,0,0,0.0,0
6183,2024-06-22 16:00,204815.0,1,0,0,0,0.0,0
6184,2024-06-22 17:00,478478.0,1,0,0,0,0.0,0
6185,2024-06-22 18:00,446160.0,1,0,0,0,0.0,0
6186,2024-06-22 19:00,670662.0,1,0,0,0,0.0,0
6187,2024-06-22 20:00,191016.0,1,0,0,0,0.0,0
6188,2024-06-22 21:00,225945.0,1,0,0,0,0.0,0
6189,2024-06-22 22:00,274635.0,1,0,0,0,0.0,0
6190,2024-06-22 23:00,368938.0,1,0,0,0,0.0,0
6191,2024-06-23 00:00,141760.0,1,0,0,0,0.0,0
6192,2024-06-23 01:00,206222.0,1,0,0,0,0.0,0
6193,2024-06-23 02:00,243690.0,1,0,0,1,0.16666666666666666,0
6194,2024-06-23 03:00,312795.0,1,0,0,0,0.0,0
6195,2024-06-23 04:00,307454.0,1,0,0,0,0.0,0
6196,2024-06-23 05:00,235185.0,1,0,0,0,0.0,0
6197,2024-06-23 06:00,296853.0,1,0,0,0,0.0,0
6198,2024-06-23 07:00,286732.0,1,0,0,0,0.0,0
6199,2024-06-23 08:00,369960.0,1,0,0,0,0.0,0
6200,2024-06-23 09:00,257289.0,1,0,0,0,0.0,0
6201,2024-06-23 10:00,236988.0,1,0,0,0,0.0,0
6202,2024-06-23 11:00,271008.0,1,0,0,0,0.0,0
6203,2024-06-23 12:00,412464.0,1,0,0,0,0.0,0
6204,2024-06-23 13:00,514753.0,1,0,0,0,0.0,0
6205,2024-06-23 14:00,212197.0,1,0,0,0,0.0,0
6206,2024-06-23 15:00,930579.0,1,0,1,0,0.3333333333333333,0
6207,2024-06-23 16:00,266322.0,1,0,0,0,0.0,0
6208,2024-06-23 17:00,503396.0,1,0,0,0,0.0,0
6209,2024-06-23 18:00,1083198.0,1,0,1,0,0.3333333333333333,0
6210,2024-06-23 19:00,1006665.0,1,0,1,0,0.3333333333333333,0
6211,2024-06-23 20:00,543936.0,1,0,0,0,0.0,0
6212,2024-06-23 21:00,394548.0,1,0,0,0,0.0,0
6213,2024-06-23 22:00,336223.0,1,0,0,0,0.0,0
6214,2024-06-23 23:00,184414.0,1,0,0,0,0.0,0
6215,2024-06-24 00:00,223431.0,0,0,0,0,0.0,0
6216,2024-06-24 01:00,285552.0,0,0,0,0,0.0,0
6217,2024-06-24 02:00,409024.0,0,0,0,0,0.0,0
6218,2024-06-24 03:00,856221.0,0,0,1,0,0.3333333333333333,0
6219,2024-06-24 04:00,538512.0,0,0,0,0,0.0,0
6220,2024-06-24 05:00,546433.0,0,0,0,0,0.0,0
6221,2024-06-24 06:00,766644.0,0,0,1,0,0.3333333333333333,0
6222,2024-06-24 07:00,716636.0,0,0,1,0,0.3333333333333333,0
6223,2024-06-24 08:00,776533.0,0,0,1,0,0.3333333333333333,0
6224,2024-06-24 09:00,693706.0,0,0,0,0,0.0,0
6225,2024-06-24 10:00,657800.0,0,0,0,0,0.0,0
6226,2024-06-24 11:00,923257.0,0,0,1,0,0.3333333333333333,0
6227,2024-06-24 12:00,509642.0,0,0,0,0,0.0,0
6228,2024-06-24 13:00,437191.0,0,0,0,0,0.0,0
6229,2024-06-24 14:00,309711.0,0,0,0,0,0.0,0
6230,2024-06-24 15:00,370249.0,0,0,0,0,0.0,0
6231,2024-06-24 16:00,232707.0,0,0,0,0,0.0,0
6232,2024-06-24 17:00,1199325.0,0,0,1,0,0.3333333333333333,0
6233,2024-06-24 18:00,554520.0,0,0,0,0,0.0,0
6234,2024-06-24 19:00,464520.0,0,0,0,0,0.0,0
6235,2024-06-24 20:00,1022024.0,0,0,1,0,0.3333333333333333,0
6236,2024-06-24 21:00,395932.0,0,0,0,0,0.0,0
6237,2024-06-24 22:00,240414.0,0,0,0,0,0.0,0
6238,2024-06-24 23:00,168532.0,0,0,0,0,0.0,0
6239,2024-06-25 00:00,190209.0,0,0,0,0,0.0,0
6240,2024-06-25 01:00,235820.0,0,0,0,0,0.0,0
6241,2024-06-25 02:00,472385.0,0,0,0,0,0.0,0
6242,2024-06-25 03:00,1248398.0,0,0,1,0,0.3333333333333333,0
6243,2024-06-25 04:00,815307.0,0,0,1,0,0.3333333333333333,0
6244,2024-06-25 05:00,1047088.0,0,0,1,0,0.3333333333333333,0
6245,2024-06-25 06:00,1103317.0,0,0,1,0,0.3333333333333333,0
6246,2024-06-25 07:00,1290457.0,0,0,1,1,0.5,0
6247,2024-06-25 08:00,748401.0,0,0,0,0,0.0,0
6248,2024-06-25 09:00,1079737.0,0,0,1,0,0.3333333333333333,0
6249,2024-06-25 10:00,880349.0,0,0,1,0,0.3333333333333333,0
6250,2024-06-25 11:00,656813.0,0,0,0,0,0.0,0
6251,2024-06-25 12:00,498786.0,0,0,0,0,0.0,0
6252,2024-06-25 13:00,437360.0,0,0,0,0,0.0,0
6253,2024-06-25 14:00,435108.0,0,0,0,0,0.0,0
6254,2024-06-25 15:00,647343.0,0,0,0,0,0.0,0
6255,2024-06-25 16:00,522994.0,0,0,0,0,0.0,0
6256,2024-06-25 17:00,517447.0,0,0,0,0,0.0,0
6257,2024-06-25 18:00,538032.0,0,0,0,0,0.0,0
6258,2024-06-25 19:00,581721.0,0,0,0,0,0.0,0
6259,2024-06-25 20:00,268689.0,0,0,0,0,0.0,0
6260,2024-06-25 21:00,173979.0,0,0,0,0,0.0,0
6261,2024-06-25 22:00,252739.0,0,0,0,0,0.0,0
6262,2024-06-25 23:00,189490.0,0,0,0,0,0.0,0
6263,2024-06-26 00:00,379586.0,0,0,0,0,0.0,0
6264,2024-06-26 01:00,435234.0,0,0,0,0,0.0,0
6265,2024-06-26 02:00,794975.0,0,0,1,0,0.3333333333333333,0
6266,2024-06-26 03:00,1384036.0,0,0,1,1,0.5,0
6267,2024-06-26 04:00,805161.0,0,0,0,0,0.0,0
6268,2024-06-26 05:00,1090969.0,0,0,1,0,0.3333333333333333,0
6269,2024-06-26 06:00,2421553.0,0,0,1,1,0.5,0
6270,2024-06-26 07:00,1338953.0,0,0,1,0,0.3333333333333333,0
6271,2024-06-26 08:00,643004.0,0,0,0,0,0.0,0
6272,2024-06-26 09:00,1023309.0,0,0,1,0,0.3333333333333333,0
6273,2024-06-26 10:00,1474460.0,0,0,1,0,0.3333333333333333,0
6274,2024-06-26 11:00,652590.0,0,0,0,0,0.0,0
6275,2024-06-26 12:00,564638.0,0,0,0,0,0.0,0
6276,2024-06-26 13:00,580320.0,0,0,0,0,0.0,0
6277,2024-06-26 14:00,945038.0,0,0,0,0,0.0,0
6278,2024-06-26 15:00,591783.0,0,0,0,0,0.0,0
6279,2024-06-26 16:00,419068.0,0,0,0,0,0.0,0
6280,2024-06-26 17:00,686581.0,0,0,0,0,0.0,0
6281,2024-06-26 18:00,699873.0,0,0,0,0,0.0,0
6282,2024-06-26 19:00,322378.0,0,0,0,0,0.0,0
6283,2024-06-26 20:00,263409.0,0,0,0,0,0.0,0
6284,2024-06-26 21:00,223771.0,0,0,0,0,0.0,0
6285,2024-06-26 22:00,109528.0,0,0,1,0,0.3333333333333333,0
6286,2024-06-26 23:00,90450.0,0,0,1,0,0.3333333333333333,0
6287,2024-06-27 00:00,102369.0,0,0,1,0,0.3333333333333333,0
6288,2024-06-27 01:00,173183.0,0,0,0,0,0.0,0
6289,2024-06-27 02:00,619231.0,0,0,0,0,0.0,0
6290,2024-06-27 03:00,951030.0,0,0,0,0,0.0,0
6291,2024-06-27 04:00,679845.0,0,0,0,0,0.0,0
6292,2024-06-27 05:00,899287.0,0,0,0,0,0.0,0
6293,2024-06-27 06:00,1427115.0,0,0,1,0,0.3333333333333333,0
6294,2024-06-27 07:00,1150768.0,0,0,1,0,0.3333333333333333,0
6295,2024-06-27 08:00,1354760.0,0,0,1,0,0.3333333333333333,0
6296,2024-06-27 09:00,942379.0,0,0,0,0,0.0,0
6297,2024-06-27 10:00,878879.0,0,0,0,0,0.0,0
6298,2024-06-27 11:00,474827.0,0,0,0,0,0.0,0
6299,2024-06-27 12:00,628493.0,0,0,0,0,0.0,0
6300,2024-06-27 13:00,509380.0,0,0,0,0,0.0,0
6301,2024-06-27 14:00,440347.0,0,0,0,0,0.0,0
6302,2024-06-27 15:00,310078.0,0,0,0,0,0.0,0
6303,2024-06-27 16:00,405753.0,0,0,0,0,0.0,0
6304,2024-06-27 17:00,221571.0,0,0,0,0,0.0,0
6305,2024-06-27 18:00,280350.0,0,0,0,0,0.0,0
6306,2024-06-27 19:00,475486.0,0,0,0,0,0.0,0
6307,2024-06-27 20:00,163011.0,0,0,1,0,0.3333333333333333,0
6308,2024-06-27 21:00,289216.0,0,0,0,0,0.0,0
6309,2024-06-27 22:00,160694.0,0,0,0,0,0.0,0
6310,2024-06-27 23:00,190735.0,0,0,0,0,0.0,0
6311,2024-06-28 00:00,94328.0,0,0,1,0,0.3333333333333333,0
6312,2024-06-28 01:00,206266.0,0,0,0,1,0.16666666666666666,0
6313,2024-06-28 02:00,409550.0,0,0,0,0,0.0,0
6314,2024-06-28 03:00,929631.0,0,0,0,0,0.0,0
6315,2024-06-28 04:00,874830.0,0,0,0,0,0.0,0
6316,2024-06-28 05:00,793838.0,0,0,0,0,0.0,0
6317,2024-06-28 06:00,753673.0,0,0,0,0,0.0,0
6318,2024-06-28 07:00,601802.0,0,0,0,0,0.0,0
6319,2024-06-28 08:00,912795.0,0,0,0,0,0.0,0
6320,2024-06-28 09:00,630391.0,0,0,0,0,0.0,0
6321,2024-06-28 10:00,674371.0,0,0,0,0,0.0,0
6322,2024-06-28 11:00,372979.0,0,0,0,0,0.0,0
6323,2024-06-28 12:00,264618.0,0,0,0,0,0.0,0
6324,2024-06-28 13:00,356277.0,0,0,0,0,0.0,0
6325,2024-06-28 14:00,268721.0,0,0,0,0,0.0,0
6326,2024-06-28 15:00,304180.0,0,0,0,0,0.0,0
6327,2024-06-28 16:00,606159.0,0,0,0,0,0.0,0
6328,2024-06-28 17:00,430930.0,0,0,0,0,0.0,0
6329,2024-06-28 18:00,695119.0,0,0,0,0,0.0,0
6330,2024-06-28 19:00,292716.0,0,0,0,0,0.0,0
6331,2024-06-28 20:00,250955.0,0,0,0,0,0.0,0
6332,2024-06-28 21:00,244087.0,0,0,0,0,0.0,0
6333,2024-06-28 22:00,192728.0,0,0,0,0,0.0,0
6334,2024-06-28 23:00,192654.0,0,0,0,0,0.0,0
6335,2024-06-29 00:00,100297.0,1,0,1,0,0.3333333333333333,0
6336,2024-06-29 01:00,178365.0,1,0,0,0,0.0,0
6337,2024-06-29 02:00,152841.0,1,0,0,1,0.16666666666666666,0
6338,2024-06-29 03:00,380508.0,1,0,0,0,0.0,0
6339,2024-06-29 04:00,226957.0,1,0,0,0,0.0,0
6340,2024-06-29 05:00,173358.0,1,0,0,0,0.0,0
6341,2024-06-29 06:00,300324.0,1,0,0,0,0.0,0
6342,2024-06-29 07:00,210569.0,1,0,0,0,0.0,0
6343,2024-06-29 08:00,251838.0,1,0,0,0,0.0,0
6344,2024-06-29 09:00,478080.0,1,0,0,0,0.0,0
6345,2024-06-29 10:00,273294.0,1,0,0,0,0.0,0
6346,2024-06-29 11:00,623501.0,1,0,0,0,0.0,0
6347,2024-06-29 12:00,501769.0,1,0,0,0,0.0,0
6348,2024-06-29 13:00,308901.0,1,0,0,0,0.0,0
6349,2024-06-29 14:00,340082.0,1,0,0,0,0.0,0
6350,2024-06-29 15:00,405142.0,1,0,0,0,0.0,0
6351,2024-06-29 16:00,230586.0,1,0,0,0,0.0,0
6352,2024-06-29 17:00,1636337.0,1,0,1,1,0.5,0
6353,2024-06-29 18:00,289712.0,1,0,0,0,0.0,0
6354,2024-06-29 19:00,457798.0,1,0,0,0,0.0,0
6355,2024-06-29 20:00,201117.0,1,0,0,0,0.0,0
6356,2024-06-29 21:00,129954.0,1,0,0,1,0.16666666666666666,0
6357,2024-06-29 22:00,82689.0,1,0,0,0,0.0,0
6358,2024-06-29 23:00,140514.0,1,0,0,0,0.0,0
6359,2024-06-30 00:00,154100.0,1,0,0,0,0.0,0
6360,2024-06-30 01:00,134955.0,1,0,0,0,0.0,0
6361,2024-06-30 02:00,402765.0,1,0,0,0,0.0,0
6362,2024-06-30 03:00,290354.0,1,0,0,0,0.0,0
6363,2024-06-30 04:00,297325.0,1,0,0,0,0.0,0
6364,2024-06-30 05:00,329648.0,1,0,0,0,0.0,0
6365,2024-06-30 06:00,285418.0,1,0,0,0,0.0,0
6366,2024-06-30 07:00,346316.0,1,0,0,0,0.0,0
6367,2024-06-30 08:00,336411.0,1,0,0,0,0.0,0
6368,2024-06-30 09:00,367049.0,1,0,0,0,0.0,0
6369,2024-06-30 10:00,518647.0,1,0,0,0,0.0,0
6370,2024-06-30 11:00,411888.0,1,0,0,0,0.0,0
6371,2024-06-30 12:00,276033.0,1,0,0,0,0.0,0
6372,2024-06-30 13:00,280489.0,1,0,0,0,0.0,0
6373,2024-06-30 14:00,636959.0,1,0,0,0,0.0,0
6374,2024-06-30 15:00,519327.0,1,0,0,0,0.0,0
6375,2024-06-30 16:00,669529.0,1,0,0,0,0.0,0
6376,2024-06-30 17:00,750148.0,1,0,0,0,0.0,0
6377,2024-06-30 18:00,453132.0,1,0,0,0,0.0,0
6378,2024-06-30 19:00,477614.0,1,0,0,0,0.0,0
6379,2024-06-30 20:00,219359.0,1,0,0,0,0.0,0
6380,2024-06-30 21:00,123917.0,1,0,0,0,0.0,0
6381,2024-06-30 22:00,100188.0,1,0,0,0,0.0,0
6382,2024-06-30 23:00,92636.0,1,0,0,0,0.0,0
6383,2024-07-01 00:00,91252.0,0,0,0,0,0.0,0
6384,2024-07-01 01:00,285622.0,0,0,0,0,0.0,0
6385,2024-07-01 02:00,896625.0,0,0,1,0,0.3333333333333333,0
6386,2024-07-01 03:00,1312527.0,0,0,1,0,0.3333333333333333,0
6387,2024-07-01 04:00,868470.0,0,0,1,0,0.3333333333333333,0
6388,2024-07-01 05:00,992628.0,0,0,1,0,0.3333333333333333,0
6389,2024-07-01 06:00,768624.0,0,0,0,0,0.0,0
6390,2024-07-01 07:00,755188.0,0,0,0,0,0.0,0
6391,2024-07-01 08:00,788411.0,0,0,0,0,0.0,0
6392,2024-07-01 09:00,829819.0,0,0,1,0,0.3333333333333333,0
6393,2024-07-01 10:00,1101105.0,0,0,1,1,0.5,0
6394,2024-07-01 11:00,485556.0,0,0,0,0,0.0,0
6395,2024-07-01 12:00,208999.0,0,0,0,0,0.0,0
6396,2024-07-01 13:00,156892.0,0,0,0,0,0.0,0
6397,2024-07-01 14:00,135133.0,0,0,0,0,0.0,0
6398,2024-07-01 15:00,486107.0,0,0,0,0,0.0,0
6399,2024-07-01 16:00,458167.0,0,0,0,0,0.0,0
6400,2024-07-01 17:00,724458.0,0,0,0,0,0.0,0
6401,2024-07-01 18:00,265636.0,0,0,0,0,0.0,0
6402,2024-07-01 19:00,437851.0,0,0,0,0,0.0,0
6403,2024-07-01 20:00,151652.0,0,0,0,0,0.0,0
6404,2024-07-01 21:00,142525.0,0,0,0,0,0.0,0
6405,2024-07-01 22:00,215431.0,0,0,0,0,0.0,0
6406,2024-07-01 23:00,206156.0,0,0,0,0,0.0,0
6407,2024-07-02 00:00,119658.0,0,0,0,0,0.0,0
6408,2024-07-02 01:00,156480.0,0,0,0,0,0.0,0
6409,2024-07-02 02:00,611473.0,0,0,0,0,0.0,0
6410,2024-07-02 03:00,1471183.0,0,0,1,0,0.3333333333333333,0
6411,2024-07-02 04:00,734015.0,0,0,0,0,0.0,0
6412,2024-07-02 05:00,1081200.0,0,0,1,0,0.3333333333333333,0
6413,2024-07-02 06:00,912561.0,0,0,1,0,0.3333333333333333,0
6414,2024-07-02 07:00,1341334.0,0,0,1,0,0.3333333333333333,0
6415,2024-07-02 08:00,805488.0,0,0,0,0,0.0,0
6416,2024-07-02 09:00,1069875.0,0,0,1,0,0.3333333333333333,0
6417,2024-07-02 10:00,619249.0,0,0,0,0,0.0,0
6418,2024-07-02 11:00,406956.0,0,0,0,0,0.0,0
6419,2024-07-02 12:00,549177.0,0,0,0,0,0.0,0
6420,2024-07-02 13:00,750546.0,0,0,0,0,0.0,0
6421,2024-07-02 14:00,320713.0,0,0,0,0,0.0,0
6422,2024-07-02 15:00,224793.0,0,0,0,0,0.0,0
6423,2024-07-02 16:00,374017.0,0,0,0,0,0.0,0
6424,2024-07-02 17:00,655901.0,0,0,0,0,0.0,0
6425,2024-07-02 18:00,403832.0,0,0,0,0,0.0,0
6426,2024-07-02 19:00,414723.0,0,0,0,0,0.0,0
6427,2024-07-02 20:00,579037.0,0,0,0,0,0.0,0
6428,2024-07-02 21:00,545590.0,0,0,0,0,0.0,0
6429,2024-07-02 22:00,397620.0,0,0,0,0,0.0,0
6430,2024-07-02 23:00,292380.0,0,0,0,0,0.0,0
6431,2024-07-03 00:00,263478.0,0,0,0,0,0.0,0
6432,2024-07-03 01:00,396193.0,0,0,0,0,0.0,0
6433,2024-07-03 02:00,576839.0,0,0,0,0,0.0,0
6434,2024-07-03 03:00,951113.0,0,0,1,0,0.3333333333333333,0
6435,2024-07-03 04:00,601875.0,0,0,0,0,0.0,0
6436,2024-07-03 05:00,806999.0,0,0,0,0,0.0,0
6437,2024-07-03 06:00,749041.0,0,0,0,0,0.0,0
6438,2024-07-03 07:00,828827.0,0,0,0,0,0.0,0
6439,2024-07-03 08:00,688905.0,0,0,0,0,0.0,0
6440,2024-07-03 09:00,1064414.0,0,0,1,0,0.3333333333333333,0
6441,2024-07-03 10:00,885293.0,0,0,1,0,0.3333333333333333,0
6442,2024-07-03 11:00,415663.0,0,0,0,0,0.0,0
6443,2024-07-03 12:00,337489.0,0,0,0,0,0.0,0
6444,2024-07-03 13:00,306933.0,0,0,0,0,0.0,0
6445,2024-07-03 14:00,201232.0,0,0,0,0,0.0,0
6446,2024-07-03 15:00,655409.0,0,0,0,0,0.0,0
6447,2024-07-03 16:00,461232.0,0,0,0,0,0.0,0
6448,2024-07-03 17:00,402321.0,0,0,0,0,0.0,0
6449,2024-07-03 18:00,485145.0,0,0,0,0,0.0,0
6450,2024-07-03 19:00,806474.0,0,0,0,0,0.0,0
6451,2024-07-03 20:00,205912.0,0,0,0,0,0.0,0
6452,2024-07-03 21:00,219676.0,0,0,0,0,0.0,0
6453,2024-07-03 22:00,167209.0,0,0,0,0,0.0,0
6454,2024-07-03 23:00,181834.0,0,0,0,0,0.0,0
6455,2024-07-04 00:00,208960.0,0,0,0,0,0.0,0
6456,2024-07-04 01:00,235175.0,0,0,0,0,0.0,0
6457,2024-07-04 02:00,398049.0,0,0,0,1,0.16666666666666666,0
6458,2024-07-04 03:00,998692.0,0,0,1,0,0.3333333333333333,0
6459,2024-07-04 04:00,1452324.0,0,0,1,0,0.3333333333333333,0
6460,2024-07-04 05:00,974757.0,0,0,1,0,0.3333333333333333,0
6461,2024-07-04 06:00,805704.0,0,0,0,0,0.0,0
6462,2024-07-04 07:00,863625.0,0,0,0,0,0.0,0
6463,2024-07-04 08:00,791159.0,0,0,0,0,0.0,0
6464,2024-07-04 09:00,728557.0,0,0,0,0,0.0,0
6465,2024-07-04 10:00,759265.0,0,0,0,0,0.0,0
6466,2024-07-04 11:00,268970.0,0,0,0,0,0.0,0
6467,2024-07-04 12:00,471841.0,0,0,0,0,0.0,0
6468,2024-07-04 13:00,328859.0,0,0,0,0,0.0,0
6469,2024-07-04 14:00,166507.0,0,0,0,0,0.0,0
6470,2024-07-04 15:00,354348.0,0,0,0,0,0.0,0
6471,2024-07-04 16:00,407500.0,0,0,0,0,0.0,0
6472,2024-07-04 17:00,320784.0,0,0,0,0,0.0,0
6473,2024-07-04 18:00,222755.0,0,0,0,0,0.0,0
6474,2024-07-04 19:00,244594.0,0,0,0,0,0.0,0
6475,2024-07-04 20:00,377986.0,0,0,0,0,0.0,0
6476,2024-07-04 21:00,320300.0,0,0,0,0,0.0,0
6477,2024-07-04 22:00,83509.0,0,0,1,0,0.3333333333333333,0
6478,2024-07-04 23:00,124941.0,0,0,0,0,0.0,0
6479,2024-07-05 00:00,88554.0,1,0,1,0,0.3333333333333333,0
6480,2024-07-05 01:00,89678.0,1,0,1,1,0.5,0
6481,2024-07-05 02:00,219890.0,1,0,0,0,0.0,0
6482,2024-07-05 03:00,161412.0,1,0,0,0,0.0,0
6483,2024-07-05 04:00,377644.0,1,0,0,0,0.0,0
6484,2024-07-05 05:00,579710.0,1,0,0,0,0.0,0
6485,2024-07-05 06:00,222426.0,1,0,0,0,0.0,0
6486,2024-07-05 07:00,345978.0,1,0,0,0,0.0,0
6487,2024-07-05 08:00,328417.0,1,0,0,0,0.0,0
6488,2024-07-05 09:00,457474.0,1,0,0,0,0.0,0
6489,2024-07-05 10:00,471482.0,1,0,0,0,0.0,0
6490,2024-07-05 11:00,475106.0,1,0,0,0,0.0,0
6491,2024-07-05 12:00,406067.0,1,0,0,0,0.0,0
6492,2024-07-05 13:00,298302.0,1,0,0,0,0.0,0
6493,2024-07-05 14:00,328205.0,1,0,0,0,0.0,0
6494,2024-07-05 15:00,493449.0,1,0,0,0,0.0,0
6495,2024-07-05 16:00,373567.0,1,0,0,0,0.0,0
6496,2024-07-05 17:00,494929.0,1,0,0,0,0.0,0
6497,2024-07-05 18:00,368030.0,1,0,0,0,0.0,0
6498,2024-07-05 19:00,278236.0,1,0,0,0,0.0,0
6499,2024-07-05 20:00,184473.0,1,0,0,0,0.0,0
6500,2024-07-05 21:00,125835.0,1,0,0,0,0.0,0
6501,2024-07-05 22:00,87253.0,1,0,1,0,0.3333333333333333,0
6502,2024-07-05 23:00,81830.0,1,0,1,0,0.3333333333333333,0
6503,2024-07-06 00:00,115365.0,1,0,0,0,0.0,0
6504,2024-07-06 01:00,296702.0,1,0,0,0,0.0,0
6505,2024-07-06 02:00,242199.0,1,0,0,0,0.0,0
6506,2024-07-06 03:00,412701.0,1,0,0,0,0.0,0
6507,2024-07-06 04:00,216798.0,1,0,0,0,0.0,0
6508,2024-07-06 05:00,186167.0,1,0,0,0,0.0,0
6509,2024-07-06 06:00,458027.0,1,0,0,0,0.0,0
6510,2024-07-06 07:00,250336.0,1,0,0,0,0.0,0
6511,2024-07-06 08:00,819464.0,1,0,1,0,0.3333333333333333,0
6512,2024-07-06 09:00,333793.0,1,0,0,0,0.0,0
6513,2024-07-06 10:00,549720.0,1,0,0,0,0.0,0
6514,2024-07-06 11:00,943427.0,1,0,1,0,0.3333333333333333,0
6515,2024-07-06 12:00,402613.0,1,0,0,0,0.0,0
6516,2024-07-06 13:00,331894.0,1,0,0,0,0.0,0
6517,2024-07-06 14:00,256140.0,1,0,0,0,0.0,0
6518,2024-07-06 15:00,442816.0,1,0,0,0,0.0,0
6519,2024-07-06 16:00,346919.0,1,0,0,0,0.0,0
6520,2024-07-06 17:00,602231.0,1,0,0,0,0.0,0
6521,2024-07-06 18:00,884810.0,1,0,1,0,0.3333333333333333,0
6522,2024-07-06 19:00,281096.0,1,0,0,0,0.0,0
6523,2024-07-06 20:00,204342.0,1,0,0,0,0.0,0
6524,2024-07-06 21:00,259829.0,1,0,0,0,0.0,0
6525,2024-07-06 22:00,105308.0,1,0,0,0,0.0,0
6526,2024-07-06 23:00,188187.0,1,0,0,0,0.0,0
6527,2024-07-07 00:00,76366.0,1,0,1,0,0.3333333333333333,0
6528,2024-07-07 01:00,157021.0,1,0,0,0,0.0,0
6529,2024-07-07 02:00,156786.0,1,0,0,0,0.0,0
6530,2024-07-07 03:00,169093.0,1,0,0,0,0.0,0
6531,2024-07-07 04:00,128526.0,1,0,0,0,0.0,0
6532,2024-07-07 05:00,177518.0,1,0,0,0,0.0,0
6533,2024-07-07 06:00,533080.0,1,0,0,0,0.0,0
6534,2024-07-07 07:00,163704.0,1,0,0,0,0.0,0
6535,2024-07-07 08:00,238072.0,1,0,0,0,0.0,0
6536,2024-07-07 09:00,353321.0,1,0,0,0,0.0,0
6537,2024-07-07 10:00,603007.0,1,0,0,0,0.0,0
6538,2024-07-07 11:00,389764.0,1,0,0,0,0.0,0
6539,2024-07-07 12:00,295307.0,1,0,0,0,0.0,0
6540,2024-07-07 13:00,217689.0,1,0,0,0,0.0,0
6541,2024-07-07 14:00,368436.0,1,0,0,0,0.0,0
6542,2024-07-07 15:00,412645.0,1,0,0,0,0.0,0
6543,2024-07-07 16:00,278039.0,1,0,0,0,0.0,0
6544,2024-07-07 17:00,545767.0,1,0,0,0,0.0,0
6545,2024-07-07 18:00,396167.0,1,0,0,0,0.0,0
6546,2024-07-07 19:00,362340.0,1,0,0,0,0.0,0
6547,2024-07-07 20:00,305878.0,1,0,0,0,0.0,0
6548,2024-07-07 21:00,277907.0,1,0,0,0,0.0,0
6549,2024-07-07 22:00,131321.0,1,0,0,0,0.0,0
6550,2024-07-07 23:00,119852.0,1,0,0,0,0.0,0
6551,2024-07-08 00:00,169999.0,0,0,0,0,0.0,0
6552,2024-07-08 01:00,486827.0,0,0,0,0,0.0,0
6553,2024-07-08 02:00,492538.0,0,0,0,0,0.0,0
6554,2024-07-08 03:00,951025.0,0,0,1,0,0.3333333333333333,0
6555,2024-07-08 04:00,652058.0,0,0,1,0,0.3333333333333333,0
6556,2024-07-08 05:00,798959.0,0,0,1,0,0.3333333333333333,0
6557,2024-07-08 06:00,787670.0,0,0,1,0,0.3333333333333333,0
6558,2024-07-08 07:00,1093154.0,0,0,1,1,0.5,0
6559,2024-07-08 08:00,775366.0,0,0,1,0,0.3333333333333333,0
6560,2024-07-08 09:00,799392.0,0,0,1,0,0.3333333333333333,0
6561,2024-07-08 10:00,578322.0,0,0,0,0,0.0,0
6562,2024-07-08 11:00,281299.0,0,0,0,0,0.0,0
6563,2024-07-08 12:00,357169.0,0,0,0,0,0.0,0
6564,2024-07-08 13:00,248711.0,0,0,0,0,0.0,0
6565,2024-07-08 14:00,146354.0,0,0,0,0,0.0,0
6566,2024-07-08 15:00,379637.0,0,0,0,0,0.0,0
6567,2024-07-08 16:00,129876.0,0,0,0,0,0.0,0
6568,2024-07-08 17:00,194566.0,0,0,0,0,0.0,0
6569,2024-07-08 18:00,184361.0,0,0,0,0,0.0,0
6570,2024-07-08 19:00,273902.0,0,0,0,0,0.0,0
6571,2024-07-08 20:00,242318.0,0,0,0,0,0.0,0
6572,2024-07-08 21:00,179937.0,0,0,0,0,0.0,0
6573,2024-07-08 22:00,333253.0,0,0,0,1,0.16666666666666666,0
6574,2024-07-08 23:00,190498.0,0,0,0,0,0.0,0
6575,2024-07-09 00:00,106749.0,0,0,0,0,0.0,0
6576,2024-07-09 01:00,274237.0,0,0,0,0,0.0,0
6577,2024-07-09 02:00,676103.0,0,0,1,0,0.3333333333333333,0
6578,2024-07-09 03:00,917211.0,0,0,1,0,0.3333333333333333,0
6579,2024-07-09 04:00,632308.0,0,0,1,0,0.3333333333333333,0
6580,2024-07-09 05:00,1108218.0,0,0,1,1,0.5,0
6581,2024-07-09 06:00,1030293.0,0,0,1,0,0.3333333333333333,0
6582,2024-07-09 07:00,711595.0,0,0,1,0,0.3333333333333333,0
6583,2024-07-09 08:00,602035.0,0,0,0,0,0.0,0
6584,2024-07-09 09:00,703053.0,0,0,1,0,0.3333333333333333,0
6585,2024-07-09 10:00,860897.0,0,0,1,0,0.3333333333333333,0
6586,2024-07-09 11:00,564414.0,0,0,0,0,0.0,0
6587,2024-07-09 12:00,426690.0,0,0,0,0,0.0,0
6588,2024-07-09 13:00,403246.0,0,0,0,0,0.0,0
6589,2024-07-09 14:00,252732.0,0,0,0,0,0.0,0
6590,2024-07-09 15:00,385299.0,0,0,0,0,0.0,0
6591,2024-07-09 16:00,241857.0,0,0,0,0,0.0,0
6592,2024-07-09 17:00,356259.0,0,0,0,0,0.0,0
6593,2024-07-09 18:00,1234431.0,0,0,1,0,0.3333333333333333,0
6594,2024-07-09 19:00,864873.0,0,0,1,0,0.3333333333333333,0
6595,2024-07-09 20:00,393241.0,0,0,0,0,0.0,0
6596,2024-07-09 21:00,854911.0,0,0,1,0,0.3333333333333333,0
6597,2024-07-09 22:00,373384.0,0,0,0,0,0.0,0
6598,2024-07-09 23:00,243518.0,0,0,0,0,0.0,0
6599,2024-07-10 00:00,338172.0,0,0,0,0,0.0,0
6600,2024-07-10 01:00,390018.0,0,0,0,0,0.0,0
6601,2024-07-10 02:00,582395.0,0,0,0,0,0.0,0
6602,2024-07-10 03:00,902751.0,0,0,1,0,0.3333333333333333,0
6603,2024-07-10 04:00,615490.0,0,0,0,0,0.0,0
6604,2024-07-10 05:00,841050.0,0,0,1,0,0.3333333333333333,0
6605,2024-07-10 06:00,613719.0,0,0,0,0,0.0,0
6606,2024-07-10 07:00,545565.0,0,0,0,0,0.0,0
6607,2024-07-10 08:00,689379.0,0,0,0,0,0.0,0
6608,2024-07-10 09:00,815600.0,0,0,1,0,0.3333333333333333,0
6609,2024-07-10 10:00,1227338.0,0,0,1,0,0.3333333333333333,0
6610,2024-07-10 11:00,510897.0,0,0,0,0,0.0,0
6611,2024-07-10 12:00,358456.0,0,0,0,0,0.0,0
6612,2024-07-10 13:00,797894.0,0,0,1,0,0.3333333333333333,0
6613,2024-07-10 14:00,476715.0,0,0,0,0,0.0,0
6614,2024-07-10 15:00,440033.0,0,0,0,0,0.0,0
6615,2024-07-10 16:00,394018.0,0,0,0,0,0.0,0
6616,2024-07-10 17:00,562908.0,0,0,0,0,0.0,0
6617,2024-07-10 18:00,947566.0,0,0,1,0,0.3333333333333333,0
6618,2024-07-10 19:00,579633.0,0,0,0,0,0.0,0
6619,2024-07-10 20:00,335345.0,0,0,0,0,0.0,0
6620,2024-07-10 21:00,501593.0,0,0,0,0,0.0,0
6621,2024-07-10 22:00,353127.0,0,0,0,0,0.0,0
6622,2024-07-10 23:00,322990.0,0,0,0,0,0.0,0
6623,2024-07-11 00:00,441554.0,0,0,0,0,0.0,0
6624,2024-07-11 01:00,350855.0,0,0,0,0,0.0,0
6625,2024-07-11 02:00,576700.0,0,0,0,0,0.0,0
6626,2024-07-11 03:00,1133765.0,0,0,1,0,0.3333333333333333,0
6627,2024-07-11 04:00,1015147.0,0,0,1,0,0.3333333333333333,0
6628,2024-07-11 05:00,837192.0,0,0,1,0,0.3333333333333333,0
6629,2024-07-11 06:00,705828.0,0,0,0,0,0.0,0
6630,2024-07-11 07:00,803171.0,0,0,0,0,0.0,0
6631,2024-07-11 08:00,880064.0,0,0,1,0,0.3333333333333333,0
6632,2024-07-11 09:00,958904.0,0,0,1,0,0.3333333333333333,0
6633,2024-07-11 10:00,652497.0,0,0,0,0,0.0,0
6634,2024-07-11 11:00,561290.0,0,0,0,0,0.0,0
6635,2024-07-11 12:00,494093.0,0,0,0,0,0.0,0
6636,2024-07-11 13:00,597216.0,0,0,0,0,0.0,0
6637,2024-07-11 14:00,640127.0,0,0,0,0,0.0,0
6638,2024-07-11 15:00,347789.0,0,0,0,0,0.0,0
6639,2024-07-11 16:00,581934.0,0,0,0,0,0.0,0
6640,2024-07-11 17:00,692837.0,0,0,0,0,0.0,0
6641,2024-07-11 18:00,309384.0,0,0,0,0,0.0,0
6642,2024-07-11 19:00,342840.0,0,0,0,0,0.0,0
6643,2024-07-11 20:00,222418.0,0,0,0,0,0.0,0
6644,2024-07-11 21:00,258459.0,0,0,0,0,0.0,0
6645,2024-07-11 22:00,121397.0,0,0,1,0,0.3333333333333333,0
6646,2024-07-11 23:00,239562.0,0,0,0,0,0.0,0
6647,2024-07-12 00:00,138533.0,0,0,1,0,0.3333333333333333,0
6648,2024-07-12 01:00,125834.0,0,0,1,0,0.3333333333333333,0
6649,2024-07-12 02:00,572987.0,0,0,0,0,0.0,0
6650,2024-07-12 03:00,1414829.0,0,0,1,0,0.3333333333333333,0
6651,2024-07-12 04:00,2302864.0,0,0,1,1,0.5,0
6652,2024-07-12 05:00,792300.0,0,0,0,0,0.0,0
6653,2024-07-12 06:00,883713.0,0,0,0,0,0.0,0
6654,2024-07-12 07:00,756611.0,0,0,0,0,0.0,0
6655,2024-07-12 08:00,1938145.0,0,0,1,0,0.3333333333333333,0
6656,2024-07-12 09:00,902411.0,0,0,0,0,0.0,0
6657,2024-07-12 10:00,648124.0,0,0,0,0,0.0,0
6658,2024-07-12 11:00,351449.0,0,0,0,0,0.0,0
6659,2024-07-12 12:00,215224.0,0,0,0,0,0.0,0
6660,2024-07-12 13:00,387326.0,0,0,0,0,0.0,0
6661,2024-07-12 14:00,155069.0,0,0,0,0,0.0,0
6662,2024-07-12 15:00,344834.0,0,0,0,0,0.0,0
6663,2024-07-12 16:00,384941.0,0,0,0,0,0.0,0
6664,2024-07-12 17:00,267445.0,0,0,0,0,0.0,0
6665,2024-07-12 18:00,386717.0,0,0,0,1,0.16666666666666666,0
6666,2024-07-12 19:00,474810.0,0,0,0,0,0.0,0
6667,2024-07-12 20:00,244348.0,0,0,0,0,0.0,0
6668,2024-07-12 21:00,435995.0,0,0,0,0,0.0,0
6669,2024-07-12 22:00,156241.0,0,0,0,0,0.0,0
6670,2024-07-12 23:00,117322.0,0,0,1,0,0.3333333333333333,0
6671,2024-07-13 00:00,132150.0,1,0,1,0,0.3333333333333333,0
6672,2024-07-13 01:00,148625.0,1,0,0,0,0.0,0
6673,2024-07-13 02:00,220290.0,1,0,0,0,0.0,0
6674,2024-07-13 03:00,311356.0,1,0,0,0,0.0,0
6675,2024-07-13 04:00,304596.0,1,0,0,0,0.0,0
6676,2024-07-13 05:00,282503.0,1,0,0,0,0.0,0
6677,2024-07-13 06:00,415937.0,1,0,0,0,0.0,0
6678,2024-07-13 07:00,310671.0,1,0,0,0,0.0,0
6679,2024-07-13 08:00,547069.0,1,0,0,0,0.0,0
6680,2024-07-13 09:00,366722.0,1,0,0,0,0.0,0
6681,2024-07-13 10:00,640319.0,1,0,0,0,0.0,0
6682,2024-07-13 11:00,643470.0,1,0,0,0,0.0,0
6683,2024-07-13 12:00,602595.0,1,0,0,0,0.0,0
6684,2024-07-13 13:00,499254.0,1,0,0,0,0.0,0
6685,2024-07-13 14:00,408021.0,1,0,0,0,0.0,0
6686,2024-07-13 15:00,426519.0,1,0,0,0,0.0,0
6687,2024-07-13 16:00,313941.0,1,0,0,0,0.0,0
6688,2024-07-13 17:00,310155.0,1,0,0,0,0.0,0
6689,2024-07-13 18:00,408718.0,1,0,0,0,0.0,0
6690,2024-07-13 19:00,302246.0,1,0,0,0,0.0,0
6691,2024-07-13 20:00,685136.0,1,0,0,0,0.0,0
6692,2024-07-13 21:00,121838.0,1,0,1,0,0.3333333333333333,0
6693,2024-07-13 22:00,236936.0,1,0,0,0,0.0,0
6694,2024-07-13 23:00,118761.0,1,0,1,0,0.3333333333333333,0
6695,2024-07-14 00:00,202728.0,1,0,0,0,0.0,0
6696,2024-07-14 01:00,91434.0,1,0,1,0,0.3333333333333333,0
6697,2024-07-14 02:00,126691.0,1,0,0,0,0.0,0
6698,2024-07-14 03:00,281891.0,1,0,0,0,0.0,0
6699,2024-07-14 04:00,241190.0,1,0,0,0,0.0,0
6700,2024-07-14 05:00,483494.0,1,0,0,0,0.0,0
6701,2024-07-14 06:00,656621.0,1,0,0,0,0.0,0
6702,2024-07-14 07:00,940196.0,1,0,1,0,0.3333333333333333,0
6703,2024-07-14 08:00,737204.0,1,0,0,0,0.0,0
6704,2024-07-14 09:00,583558.0,1,0,0,0,0.0,0
6705,2024-07-14 10:00,740685.0,1,0,0,0,0.0,0
6706,2024-07-14 11:00,397386.0,1,0,0,0,0.0,0
6707,2024-07-14 12:00,783770.0,1,0,0,0,0.0,0
6708,2024-07-14 13:00,816691.0,1,0,0,0,0.0,0
6709,2024-07-14 14:00,377585.0,1,0,0,0,0.0,0
6710,2024-07-14 15:00,563231.0,1,0,0,0,0.0,0
6711,2024-07-14 16:00,277518.0,1,0,0,0,0.0,0
6712,2024-07-14 17:00,400661.0,1,0,0,0,0.0,0
6713,2024-07-14 18:00,417016.0,1,0,0,0,0.0,0
6714,2024-07-14 19:00,779074.0,1,0,0,0,0.0,0
6715,2024-07-14 20:00,269809.0,1,0,0,0,0.0,0
6716,2024-07-14 21:00,324465.0,1,0,0,0,0.0,0
