index,timestamp,value,is_weekend_or_holiday,signal_echoStateNetwork,signal_earthgeckoSkyline,signal_bayesChangePt,cwde_score,cwde_alert
0,2023-10-09 00:00,70636890.0,0,0,0,0,0.0,0
1,2023-10-09 01:00,141965063.0,0,0,0,0,0.0,0
2,2023-10-09 02:00,625205225.0,0,0,0,0,0.0,0
3,2023-10-09 03:00,942313274.0,0,0,0,0,0.0,0
4,2023-10-09 04:00,704080595.0,0,0,0,0,0.0,0
5,2023-10-09 05:00,419203326.0,0,0,0,0,0.0,0
6,2023-10-09 06:00,739907606.0,0,0,0,0,0.0,0
7,2023-10-09 07:00,680226831.0,0,0,0,0,0.0,0
8,2023-10-09 08:00,1793126513.0,0,0,0,0,0.0,0
9,2023-10-09 09:00,517075463.0,0,0,0,0,0.0,0
10,2023-10-09 10:00,370113824.0,0,0,0,0,0.0,0
11,2023-10-09 11:00,259629516.0,0,0,0,0,0.0,0
12,2023-10-09 12:00,233275367.0,0,0,0,0,0.0,0
13,2023-10-09 13:00,188148615.0,0,0,0,0,0.0,0
14,2023-10-09 14:00,253094238.0,0,0,0,0,0.0,0
15,2023-10-09 15:00,275838635.0,0,0,0,0,0.0,0
16,2023-10-09 16:00,154992081.0,0,0,0,0,0.0,0
17,2023-10-09 17:00,221032315.0,0,0,0,0,0.0,0
18,2023-10-09 18:00,194576437.0,0,0,0,0,0.0,0
19,2023-10-09 19:00,67680454.0,0,0,0,0,0.0,0
20,2023-10-09 20:00,363425387.0,0,0,0,0,0.0,0
21,2023-10-09 21:00,380972239.0,0,0,0,0,0.0,0
22,2023-10-09 22:00,351529803.0,0,0,0,1,0.1875,0
23,2023-10-09 23:00,240272260.0,0,0,0,0,0.0,0
24,2023-10-10 00:00,194285523.0,0,0,0,0,0.0,0
25,2023-10-10 01:00,148341839.0,0,0,0,0,0.0,0
26,2023-10-10 02:00,332949375.0,0,0,0,0,0.0,0
27,2023-10-10 03:00,790547323.0,0,0,0,0,0.0,0
28,2023-10-10 04:00,791870273.0,0,0,0,0,0.0,0
29,2023-10-10 05:00,649757986.0,0,0,0,0,0.0,0
30,2023-10-10 06:00,643774201.0,0,0,0,0,0.0,0
31,2023-10-10 07:00,553850566.0,0,0,0,0,0.0,0
32,2023-10-10 08:00,491329328.0,0,0,0,0,0.0,0
33,2023-10-10 09:00,709302480.0,0,0,0,0,0.0,0
34,2023-10-10 10:00,1216224586.0,0,0,0,0,0.0,0
35,2023-10-10 11:00,286807477.0,0,0,0,0,0.0,0
36,2023-10-10 12:00,198271482.0,0,0,0,0,0.0,0
37,2023-10-10 13:00,180677599.0,0,0,0,0,0.0,0
38,2023-10-10 14:00,82045277.0,0,0,0,0,0.0,0
39,2023-10-10 15:00,456894672.0,0,0,0,0,0.0,0
40,2023-10-10 16:00,361595003.0,0,0,0,0,0.0,0
41,2023-10-10 17:00,567106909.0,0,0,0,0,0.0,0
42,2023-10-10 18:00,172220203.0,0,0,0,0,0.0,0
43,2023-10-10 19:00,228441785.0,0,0,0,0,0.0,0
44,2023-10-10 20:00,392201957.0,0,0,0,0,0.0,0
45,2023-10-10 21:00,202523082.0,0,0,0,0,0.0,0
46,2023-10-10 22:00,181330554.0,0,0,0,0,0.0,0
47,2023-10-10 23:00,134228501.0,0,0,0,0,0.0,0
48,2023-10-11 00:00,387339422.0,0,0,0,0,0.0,0
49,2023-10-11 01:00,94974323.0,0,0,0,0,0.0,0
50,2023-10-11 02:00,494674722.0,0,0,0,0,0.0,0
51,2023-10-11 03:00,951518486.0,0,0,0,0,0.0,0
52,2023-10-11 04:00,618509559.0,0,0,0,0,0.0,0
53,2023-10-11 05:00,489419593.0,0,0,0,0,0.0,0
54,2023-10-11 06:00,365797726.0,0,0,0,0,0.0,0
55,2023-10-11 07:00,915741357.0,0,0,0,0,0.0,0
56,2023-10-11 08:00,545069409.0,0,0,0,0,0.0,0
57,2023-10-11 09:00,764877342.0,0,0,0,0,0.0,0
58,2023-10-11 10:00,610451146.0,0,0,0,0,0.0,0
59,2023-10-11 11:00,254060419.0,0,0,0,0,0.0,0
60,2023-10-11 12:00,441562759.0,0,0,0,0,0.0,0
61,2023-10-11 13:00,444760285.0,0,0,0,0,0.0,0
62,2023-10-11 14:00,110223397.0,0,0,0,0,0.0,0
63,2023-10-11 15:00,287364136.0,0,0,0,0,0.0,0
64,2023-10-11 16:00,723237935.0,0,0,0,0,0.0,0
65,2023-10-11 17:00,483823612.0,0,0,0,0,0.0,0
66,2023-10-11 18:00,637975124.0,0,0,0,0,0.0,0
67,2023-10-11 19:00,654315451.0,0,0,0,0,0.0,0
68,2023-10-11 20:00,319664399.0,0,0,0,0,0.0,0
69,2023-10-11 21:00,343273646.0,0,0,0,0,0.0,0
70,2023-10-11 22:00,439386664.0,0,0,0,0,0.0,0
71,2023-10-11 23:00,242310743.0,0,0,0,0,0.0,0
72,2023-10-12 00:00,78520657.0,0,0,0,0,0.0,0
73,2023-10-12 01:00,321829150.0,0,0,0,0,0.0,0
74,2023-10-12 02:00,648725090.0,0,0,0,0,0.0,0
75,2023-10-12 03:00,732313601.0,0,0,0,0,0.0,0
76,2023-10-12 04:00,586458360.0,0,0,0,0,0.0,0
77,2023-10-12 05:00,491931075.0,0,0,0,0,0.0,0
78,2023-10-12 06:00,751614373.0,0,0,0,0,0.0,0
79,2023-10-12 07:00,1103278230.0,0,0,0,0,0.0,0
80,2023-10-12 08:00,916136927.0,0,0,0,0,0.0,0
81,2023-10-12 09:00,668335978.0,0,0,0,0,0.0,0
82,2023-10-12 10:00,706067831.0,0,0,0,0,0.0,0
83,2023-10-12 11:00,365606380.0,0,0,0,0,0.0,0
84,2023-10-12 12:00,586283077.0,0,0,0,0,0.0,0
85,2023-10-12 13:00,201426678.0,0,0,0,0,0.0,0
86,2023-10-12 14:00,382993595.0,0,0,0,0,0.0,0
87,2023-10-12 15:00,4095100213.0,0,1,0,1,0.6041666666666667,0
88,2023-10-12 16:00,570101172.0,0,0,0,0,0.0,0
89,2023-10-12 17:00,561694423.0,0,0,0,0,0.0,0
90,2023-10-12 18:00,222311668.0,0,0,0,0,0.0,0
91,2023-10-12 19:00,99562591.0,0,0,0,0,0.0,0
92,2023-10-12 20:00,90930904.0,0,0,0,0,0.0,0
93,2023-10-12 21:00,58731385.0,0,0,0,0,0.0,0
94,2023-10-12 22:00,170547791.0,0,0,0,1,0.1875,0
95,2023-10-12 23:00,71511187.0,0,0,0,0,0.0,0
96,2023-10-13 00:00,192234853.0,0,0,0,0,0.0,0
97,2023-10-13 01:00,107006496.0,0,0,0,0,0.0,0
98,2023-10-13 02:00,427796572.0,0,0,0,0,0.0,0
99,2023-10-13 03:00,595477850.0,0,0,0,0,0.0,0
100,2023-10-13 04:00,662649248.0,0,0,0,0,0.0,0
101,2023-10-13 05:00,480549639.0,0,0,0,0,0.0,0
102,2023-10-13 06:00,631261025.0,0,0,0,0,0.0,0
103,2023-10-13 07:00,696931324.0,0,0,0,0,0.0,0
104,2023-10-13 08:00,1381905267.0,0,0,0,0,0.0,0
105,2023-10-13 09:00,957331852.0,0,0,0,0,0.0,0
106,2023-10-13 10:00,605685868.0,0,0,0,0,0.0,0
107,2023-10-13 11:00,445136934.0,0,0,0,0,0.0,0
108,2023-10-13 12:00,424038926.0,0,0,0,0,0.0,0
109,2023-10-13 13:00,139769459.0,0,0,0,0,0.0,0
110,2023-10-13 14:00,472360199.0,0,0,0,0,0.0,0
111,2023-10-13 15:00,236042549.0,0,0,0,0,0.0,0
112,2023-10-13 16:00,188706440.0,0,0,0,0,0.0,0
113,2023-10-13 17:00,254135712.0,0,0,0,0,0.0,0
114,2023-10-13 18:00,1079406190.0,0,0,0,0,0.0,0
115,2023-10-13 19:00,92763106.0,0,0,0,0,0.0,0
116,2023-10-13 20:00,496472660.0,0,0,0,0,0.0,0
117,2023-10-13 21:00,95336719.0,0,0,0,0,0.0,0
118,2023-10-13 22:00,212414860.0,0,0,0,0,0.0,0
119,2023-10-13 23:00,47408697.0,0,0,0,0,0.0,0
120,2023-10-14 00:00,63903656.0,1,0,0,0,0.0,0
121,2023-10-14 01:00,65362957.0,1,0,0,0,0.0,0
122,2023-10-14 02:00,143368815.0,1,0,0,0,0.0,0
123,2023-10-14 03:00,134599603.0,1,0,0,0,0.0,0
124,2023-10-14 04:00,118854772.0,1,0,0,0,0.0,0
125,2023-10-14 05:00,99576476.0,1,0,0,1,0.1875,0
126,2023-10-14 06:00,258928394.0,1,0,0,0,0.0,0
127,2023-10-14 07:00,247032807.0,1,0,0,0,0.0,0
128,2023-10-14 08:00,517112970.0,1,0,0,0,0.0,0
129,2023-10-14 09:00,256977175.0,1,0,0,0,0.0,0
130,2023-10-14 10:00,331527453.0,1,0,0,0,0.0,0
131,2023-10-14 11:00,240577031.0,1,0,0,0,0.0,0
132,2023-10-14 12:00,117578358.0,1,0,0,0,0.0,0
133,2023-10-14 13:00,197969388.0,1,0,0,0,0.0,0
134,2023-10-14 14:00,93962267.0,1,0,0,0,0.0,0
135,2023-10-14 15:00,424504996.0,1,0,0,0,0.0,0
136,2023-10-14 16:00,315016358.0,1,0,0,0,0.0,0
137,2023-10-14 17:00,339359339.0,1,0,0,0,0.0,0
138,2023-10-14 18:00,534983156.0,1,0,0,0,0.0,0
139,2023-10-14 19:00,294746354.0,1,0,0,0,0.0,0
140,2023-10-14 20:00,568934164.0,1,0,0,0,0.0,0
141,2023-10-14 21:00,417271053.0,1,0,0,0,0.0,0
142,2023-10-14 22:00,96819411.0,1,0,0,0,0.0,0
143,2023-10-14 23:00,70535952.0,1,0,0,0,0.0,0
144,2023-10-15 00:00,79641845.0,1,0,0,0,0.0,0
145,2023-10-15 01:00,109927795.0,1,0,0,0,0.0,0
146,2023-10-15 02:00,256677571.0,1,0,0,0,0.0,0
147,2023-10-15 03:00,825373865.0,1,0,0,0,0.0,0
148,2023-10-15 04:00,644639860.0,1,0,0,0,0.0,0
149,2023-10-15 05:00,471367097.0,1,0,0,0,0.0,0
150,2023-10-15 06:00,363406554.0,1,0,0,0,0.0,0
151,2023-10-15 07:00,1118189109.0,1,1,0,0,0.4166666666666667,0
152,2023-10-15 08:00,346138482.0,1,0,0,0,0.0,0
153,2023-10-15 09:00,923663445.0,1,0,0,0,0.0,0
154,2023-10-15 10:00,1116366168.0,1,0,0,0,0.0,0
155,2023-10-15 11:00,522168021.0,1,0,0,0,0.0,0
156,2023-10-15 12:00,1018503475.0,1,0,0,0,0.0,0
157,2023-10-15 13:00,264763777.0,1,0,0,0,0.0,0
158,2023-10-15 14:00,265327691.0,1,0,0,0,0.0,0
159,2023-10-15 15:00,416150075.0,1,0,0,0,0.0,0
160,2023-10-15 16:00,244561150.0,1,0,0,0,0.0,0
161,2023-10-15 17:00,262721419.0,1,0,0,0,0.0,0
162,2023-10-15 18:00,199253932.0,1,0,0,0,0.0,0
163,2023-10-15 19:00,74750156.0,1,0,0,0,0.0,0
164,2023-10-15 20:00,86898564.0,1,0,0,0,0.0,0
165,2023-10-15 21:00,129974963.0,1,0,0,0,0.0,0
166,2023-10-15 22:00,141656414.0,1,0,0,0,0.0,0
167,2023-10-15 23:00,53141153.0,1,0,0,0,0.0,0
168,2023-10-16 00:00,92291099.0,0,0,0,0,0.0,0
169,2023-10-16 01:00,143226891.0,0,0,0,0,0.0,0
170,2023-10-16 02:00,540232757.0,0,0,0,0,0.0,0
171,2023-10-16 03:00,1825376407.0,0,1,0,0,0.4166666666666667,0
172,2023-10-16 04:00,891007907.0,0,0,0,0,0.0,0
173,2023-10-16 05:00,421289944.0,0,0,0,0,0.0,0
174,2023-10-16 06:00,477392401.0,0,0,0,0,0.0,0
175,2023-10-16 07:00,660924508.0,0,0,0,0,0.0,0
176,2023-10-16 08:00,684763691.0,0,0,0,0,0.0,0
177,2023-10-16 09:00,527423425.0,0,0,0,0,0.0,0
178,2023-10-16 10:00,795277324.0,0,0,0,0,0.0,0
179,2023-10-16 11:00,396547670.0,0,0,0,0,0.0,0
180,2023-10-16 12:00,252439031.0,0,0,0,0,0.0,0
181,2023-10-16 13:00,266302138.0,0,0,0,0,0.0,0
182,2023-10-16 14:00,412759793.0,0,0,0,0,0.0,0
183,2023-10-16 15:00,210746967.0,0,0,0,0,0.0,0
184,2023-10-16 16:00,725837541.0,0,0,0,0,0.0,0
185,2023-10-16 17:00,793721670.0,0,0,0,0,0.0,0
186,2023-10-16 18:00,667853915.0,0,0,0,0,0.0,0
187,2023-10-16 19:00,872021428.0,0,0,0,0,0.0,0
188,2023-10-16 20:00,254803346.0,0,0,0,0,0.0,0
189,2023-10-16 21:00,797913636.0,0,0,0,0,0.0,0
190,2023-10-16 22:00,39313008.0,0,0,0,0,0.0,0
191,2023-10-16 23:00,134450814.0,0,0,0,0,0.0,0
192,2023-10-17 00:00,72520548.0,0,0,0,0,0.0,0
193,2023-10-17 01:00,337645581.0,0,0,0,0,0.0,0
194,2023-10-17 02:00,720957091.0,0,0,0,0,0.0,0
195,2023-10-17 03:00,1039516185.0,0,1,0,0,0.4166666666666667,0
196,2023-10-17 04:00,844771860.0,0,0,0,0,0.0,0
197,2023-10-17 05:00,2355507856.0,0,1,0,1,0.6041666666666667,0
198,2023-10-17 06:00,1980351205.0,0,1,0,0,0.4166666666666667,0
199,2023-10-17 07:00,1085283366.0,0,0,0,0,0.0,0
200,2023-10-17 08:00,830531942.0,0,0,0,0,0.0,0
201,2023-10-17 09:00,557357666.0,0,0,0,0,0.0,0
202,2023-10-17 10:00,539356541.0,0,0,0,0,0.0,0
203,2023-10-17 11:00,327982663.0,0,0,0,0,0.0,0
204,2023-10-17 12:00,126200511.0,0,0,0,0,0.0,0
205,2023-10-17 13:00,339257592.0,0,0,0,0,0.0,0
206,2023-10-17 14:00,165083449.0,0,0,0,0,0.0,0
207,2023-10-17 15:00,59148742.0,0,0,0,0,0.0,0
208,2023-10-17 16:00,43188856.0,0,0,0,0,0.0,0
209,2023-10-17 17:00,141927794.0,0,0,0,0,0.0,0
210,2023-10-17 18:00,46694118.0,0,0,0,1,0.1875,0
211,2023-10-17 19:00,72083518.0,0,0,0,0,0.0,0
212,2023-10-17 20:00,297303780.0,0,0,0,0,0.0,0
213,2023-10-17 21:00,48536565.0,0,0,0,0,0.0,0
214,2023-10-17 22:00,52517018.0,0,0,0,0,0.0,0
215,2023-10-17 23:00,32347223.0,0,0,0,0,0.0,0
216,2023-10-18 00:00,29062315.0,0,0,0,0,0.0,0
217,2023-10-18 01:00,54495232.0,0,0,0,0,0.0,0
218,2023-10-18 02:00,339695283.0,0,0,0,0,0.0,0
219,2023-10-18 03:00,517070964.0,0,0,0,0,0.0,0
220,2023-10-18 04:00,345108460.0,0,0,0,0,0.0,0
221,2023-10-18 05:00,610143718.0,0,0,0,0,0.0,0
222,2023-10-18 06:00,679416465.0,0,0,0,0,0.0,0
223,2023-10-18 07:00,331343305.0,0,0,0,0,0.0,0
224,2023-10-18 08:00,288158373.0,0,0,0,0,0.0,0
225,2023-10-18 09:00,203978264.0,0,0,0,0,0.0,0
226,2023-10-18 10:00,181430328.0,0,0,0,0,0.0,0
227,2023-10-18 11:00,278871869.0,0,0,0,0,0.0,0
228,2023-10-18 12:00,222493173.0,0,0,0,0,0.0,0
229,2023-10-18 13:00,233851950.0,0,0,0,0,0.0,0
230,2023-10-18 14:00,163188838.0,0,0,0,0,0.0,0
231,2023-10-18 15:00,110566286.0,0,0,0,0,0.0,0
232,2023-10-18 16:00,89216055.0,0,0,0,0,0.0,0
233,2023-10-18 17:00,130331693.0,0,0,0,0,0.0,0
234,2023-10-18 18:00,115890580.0,0,0,0,1,0.1875,0
235,2023-10-18 19:00,208841146.0,0,0,0,0,0.0,0
236,2023-10-18 20:00,62483894.0,0,0,0,0,0.0,0
237,2023-10-18 21:00,190678204.0,0,0,0,0,0.0,0
238,2023-10-18 22:00,193075253.0,0,0,0,0,0.0,0
239,2023-10-18 23:00,241356766.0,0,0,0,0,0.0,0
240,2023-10-19 00:00,165774308.0,0,0,0,0,0.0,0
241,2023-10-19 01:00,130936817.0,0,0,0,0,0.0,0
242,2023-10-19 02:00,319792682.0,0,0,0,0,0.0,0
243,2023-10-19 03:00,762722935.0,0,0,0,0,0.0,0
244,2023-10-19 04:00,571307023.0,0,0,0,0,0.0,0
245,2023-10-19 05:00,427390251.0,0,0,0,0,0.0,0
246,2023-10-19 06:00,244734185.0,0,0,0,0,0.0,0
247,2023-10-19 07:00,923088210.0,0,0,0,0,0.0,0
248,2023-10-19 08:00,836241242.0,0,0,0,0,0.0,0
249,2023-10-19 09:00,472391968.0,0,0,0,0,0.0,0
250,2023-10-19 10:00,757869151.0,0,0,0,1,0.1875,0
251,2023-10-19 11:00,735206074.0,0,0,0,0,0.0,0
252,2023-10-19 12:00,464100251.0,0,0,0,0,0.0,0
253,2023-10-19 13:00,460046432.0,0,0,0,0,0.0,0
254,2023-10-19 14:00,443189902.0,0,0,0,0,0.0,0
255,2023-10-19 15:00,1259726341.0,0,1,0,0,0.4166666666666667,0
256,2023-10-19 16:00,224615934.0,0,0,0,0,0.0,0
257,2023-10-19 17:00,116140941.0,0,0,0,0,0.0,0
258,2023-10-19 18:00,589265817.0,0,0,0,0,0.0,0
259,2023-10-19 19:00,158472422.0,0,0,0,0,0.0,0
260,2023-10-19 20:00,169577267.0,0,0,0,0,0.0,0
261,2023-10-19 21:00,304592377.0,0,0,0,0,0.0,0
262,2023-10-19 22:00,65104175.0,0,0,0,0,0.0,0
263,2023-10-19 23:00,68166056.0,0,0,0,0,0.0,0
264,2023-10-20 00:00,239487369.0,0,0,0,0,0.0,0
265,2023-10-20 01:00,99618258.0,0,0,0,0,0.0,0
266,2023-10-20 02:00,449307243.0,0,0,0,0,0.0,0
267,2023-10-20 03:00,419336282.0,0,0,0,0,0.0,0
268,2023-10-20 04:00,315714114.0,0,0,0,0,0.0,0
269,2023-10-20 05:00,887829861.0,0,0,0,1,0.1875,0
270,2023-10-20 06:00,268667664.0,0,0,0,0,0.0,0
271,2023-10-20 07:00,713546336.0,0,0,0,0,0.0,0
272,2023-10-20 08:00,807981194.0,0,0,0,0,0.0,0
273,2023-10-20 09:00,732482671.0,0,0,0,0,0.0,0
274,2023-10-20 10:00,370204084.0,0,0,0,0,0.0,0
275,2023-10-20 11:00,204499759.0,0,0,0,0,0.0,0
276,2023-10-20 12:00,100902875.0,0,0,0,0,0.0,0
277,2023-10-20 13:00,138677833.0,0,0,0,0,0.0,0
278,2023-10-20 14:00,242873284.0,0,0,0,0,0.0,0
279,2023-10-20 15:00,222193173.0,0,0,0,0,0.0,0
280,2023-10-20 16:00,216860546.0,0,0,0,0,0.0,0
281,2023-10-20 17:00,116620153.0,0,0,0,0,0.0,0
282,2023-10-20 18:00,304096958.0,0,0,0,0,0.0,0
283,2023-10-20 19:00,307510318.0,0,0,0,0,0.0,0
284,2023-10-20 20:00,37694275.0,0,0,0,0,0.0,0
285,2023-10-20 21:00,77891106.0,0,0,0,0,0.0,0
286,2023-10-20 22:00,23022233.0,0,0,0,0,0.0,0
287,2023-10-20 23:00,382980854.0,0,0,0,0,0.0,0
288,2023-10-21 00:00,33148873.0,1,0,0,0,0.0,0
289,2023-10-21 01:00,34756185.0,1,0,0,0,0.0,0
290,2023-10-21 02:00,78102024.0,1,0,0,0,0.0,0
291,2023-10-21 03:00,109854744.0,1,0,0,0,0.0,0
292,2023-10-21 04:00,59329978.0,1,0,0,1,0.1875,0
293,2023-10-21 05:00,394273464.0,1,0,0,0,0.0,0
294,2023-10-21 06:00,351139386.0,1,0,0,0,0.0,0
295,2023-10-21 07:00,362207836.0,1,0,0,0,0.0,0
296,2023-10-21 08:00,757861939.0,1,0,0,0,0.0,0
297,2023-10-21 09:00,176526514.0,1,0,0,0,0.0,0
298,2023-10-21 10:00,236374366.0,1,0,0,0,0.0,0
299,2023-10-21 11:00,414519815.0,1,1,0,0,0.4166666666666667,0
300,2023-10-21 12:00,645046846.0,1,0,0,0,0.0,0
301,2023-10-21 13:00,302605393.0,1,0,0,0,0.0,0
302,2023-10-21 14:00,422903870.0,1,1,0,0,0.4166666666666667,0
303,2023-10-21 15:00,1014579341.0,1,1,0,0,0.4166666666666667,0
304,2023-10-21 16:00,2065878545.0,1,1,0,1,0.6041666666666667,0
305,2023-10-21 17:00,544926896.0,1,0,0,0,0.0,0
306,2023-10-21 18:00,432905498.0,1,0,0,0,0.0,0
307,2023-10-21 19:00,167989548.0,1,0,0,0,0.0,0
308,2023-10-21 20:00,132593673.0,1,0,0,0,0.0,0
309,2023-10-21 21:00,638861778.0,1,0,0,0,0.0,0
310,2023-10-21 22:00,112758467.0,1,0,0,0,0.0,0
311,2023-10-21 23:00,48892282.0,1,0,0,0,0.0,0
312,2023-10-22 00:00,76797215.0,1,0,0,0,0.0,0
313,2023-10-22 01:00,74880993.0,1,0,0,0,0.0,0
314,2023-10-22 02:00,130133532.0,1,0,0,0,0.0,0
315,2023-10-22 03:00,177175645.0,1,0,0,0,0.0,0
316,2023-10-22 04:00,242371918.0,1,0,0,0,0.0,0
317,2023-10-22 05:00,486058145.0,1,0,0,0,0.0,0
318,2023-10-22 06:00,230010461.0,1,0,0,0,0.0,0
319,2023-10-22 07:00,265683760.0,1,0,0,0,0.0,0
320,2023-10-22 08:00,368336174.0,1,0,0,0,0.0,0
321,2023-10-22 09:00,675194810.0,1,0,0,0,0.0,0
322,2023-10-22 10:00,637279254.0,1,0,0,0,0.0,0
323,2023-10-22 11:00,708932794.0,1,0,0,0,0.0,0
324,2023-10-22 12:00,364993849.0,1,0,0,0,0.0,0
325,2023-10-22 13:00,124729775.0,1,0,0,0,0.0,0
326,2023-10-22 14:00,1825694744.0,1,1,0,0,0.4166666666666667,0
327,2023-10-22 15:00,129061826.0,1,0,0,0,0.0,0
328,2023-10-22 16:00,214023185.0,1,0,0,0,0.0,0
329,2023-10-22 17:00,314768685.0,1,0,0,0,0.0,0
330,2023-10-22 18:00,373101831.0,1,0,0,0,0.0,0
331,2023-10-22 19:00,281767957.0,1,0,0,0,0.0,0
332,2023-10-22 20:00,366603283.0,1,0,0,0,0.0,0
333,2023-10-22 21:00,108110909.0,1,0,0,0,0.0,0
334,2023-10-22 22:00,74146293.0,1,0,0,0,0.0,0
335,2023-10-22 23:00,88548744.0,1,0,0,0,0.0,0
336,2023-10-23 00:00,122019810.0,0,0,0,0,0.0,0
337,2023-10-23 01:00,275558030.0,0,0,0,0,0.0,0
338,2023-10-23 02:00,678840693.0,0,0,0,0,0.0,0
339,2023-10-23 03:00,682059594.0,0,0,0,0,0.0,0
340,2023-10-23 04:00,734001589.0,0,0,0,0,0.0,0
341,2023-10-23 05:00,400674843.0,0,0,0,0,0.0,0
342,2023-10-23 06:00,680233737.0,0,0,0,0,0.0,0
343,2023-10-23 07:00,987935794.0,0,1,0,0,0.4166666666666667,0
344,2023-10-23 08:00,674148153.0,0,0,0,0,0.0,0
345,2023-10-23 09:00,613563656.0,0,0,0,0,0.0,0
346,2023-10-23 10:00,532494712.0,0,0,0,0,0.0,0
347,2023-10-23 11:00,342140832.0,0,0,0,0,0.0,0
348,2023-10-23 12:00,251062641.0,0,0,0,0,0.0,0
349,2023-10-23 13:00,282988649.0,0,0,0,0,0.0,0
350,2023-10-23 14:00,58603939.0,0,0,0,0,0.0,0
351,2023-10-23 15:00,415815755.0,0,0,0,0,0.0,0
352,2023-10-23 16:00,439573745.0,0,0,0,0,0.0,0
353,2023-10-23 17:00,666020890.0,0,0,0,0,0.0,0
354,2023-10-23 18:00,343675247.0,0,0,0,0,0.0,0
355,2023-10-23 19:00,78797463.0,0,0,0,0,0.0,0
356,2023-10-23 20:00,82174996.0,0,0,0,0,0.0,0
357,2023-10-23 21:00,121905815.0,0,0,0,0,0.0,0
358,2023-10-23 22:00,200736253.0,0,0,0,0,0.0,0
359,2023-10-23 23:00,206383005.0,0,0,0,0,0.0,0
360,2023-10-24 00:00,33136772.0,0,0,0,0,0.0,0
361,2023-10-24 01:00,86733902.0,0,0,0,0,0.0,0
362,2023-10-24 02:00,295250036.0,0,0,0,0,0.0,0
363,2023-10-24 03:00,592072376.0,0,0,0,0,0.0,0
364,2023-10-24 04:00,563909186.0,0,0,0,0,0.0,0
365,2023-10-24 05:00,477482559.0,0,0,0,0,0.0,0
366,2023-10-24 06:00,369790757.0,0,0,0,0,0.0,0
367,2023-10-24 07:00,362117866.0,0,0,0,0,0.0,0
368,2023-10-24 08:00,662230866.0,0,0,0,0,0.0,0
369,2023-10-24 09:00,642747545.0,0,0,0,0,0.0,0
370,2023-10-24 10:00,414651250.0,0,0,0,0,0.0,0
371,2023-10-24 11:00,570970903.0,0,0,0,0,0.0,0
372,2023-10-24 12:00,143802155.0,0,0,0,0,0.0,0
373,2023-10-24 13:00,211794390.0,0,0,0,0,0.0,0
374,2023-10-24 14:00,161810216.0,0,0,0,0,0.0,0
375,2023-10-24 15:00,320600878.0,0,0,0,0,0.0,0
376,2023-10-24 16:00,207767805.0,0,0,0,0,0.0,0
377,2023-10-24 17:00,288228368.0,0,0,0,0,0.0,0
378,2023-10-24 18:00,341203023.0,0,0,0,0,0.0,0
379,2023-10-24 19:00,140612481.0,0,0,0,0,0.0,0
380,2023-10-24 20:00,67269861.0,0,0,0,0,0.0,0
381,2023-10-24 21:00,150359493.0,0,0,0,0,0.0,0
382,2023-10-24 22:00,243051281.0,0,0,0,0,0.0,0
383,2023-10-24 23:00,25128600.0,0,0,0,0,0.0,0
384,2023-10-25 00:00,45369922.0,0,0,0,0,0.0,0
385,2023-10-25 01:00,164215872.0,0,0,0,0,0.0,0
386,2023-10-25 02:00,349544305.0,0,0,0,0,0.0,0
387,2023-10-25 03:00,703913250.0,0,0,0,0,0.0,0
388,2023-10-25 04:00,659930481.0,0,0,0,0,0.0,0
389,2023-10-25 05:00,1345921592.0,0,1,0,0,0.4166666666666667,0
390,2023-10-25 06:00,1001940292.0,0,1,0,0,0.4166666666666667,0
391,2023-10-25 07:00,815310504.0,0,0,0,0,0.0,0
392,2023-10-25 08:00,854432789.0,0,0,0,0,0.0,0
393,2023-10-25 09:00,800194472.0,0,0,0,0,0.0,0
394,2023-10-25 10:00,464175310.0,0,0,0,0,0.0,0
395,2023-10-25 11:00,237103161.0,0,0,0,0,0.0,0
396,2023-10-25 12:00,517615648.0,0,0,0,0,0.0,0
397,2023-10-25 13:00,270087551.0,0,0,0,0,0.0,0
398,2023-10-25 14:00,132373454.0,0,0,0,0,0.0,0
399,2023-10-25 15:00,140840107.0,0,0,0,0,0.0,0
400,2023-10-25 16:00,346991887.0,0,0,0,0,0.0,0
401,2023-10-25 17:00,307634165.0,0,0,0,0,0.0,0
402,2023-10-25 18:00,342273723.0,0,0,0,0,0.0,0
403,2023-10-25 19:00,392003268.0,0,0,0,0,0.0,0
404,2023-10-25 20:00,106273118.0,0,0,0,0,0.0,0
405,2023-10-25 21:00,198702060.0,0,0,0,0,0.0,0
406,2023-10-25 22:00,171624344.0,0,0,0,0,0.0,0
407,2023-10-25 23:00,49100339.0,0,0,0,0,0.0,0
408,2023-10-26 00:00,166946195.0,0,0,0,0,0.0,0
409,2023-10-26 01:00,223620009.0,0,0,0,0,0.0,0
410,2023-10-26 02:00,546640433.0,0,0,0,0,0.0,0
411,2023-10-26 03:00,1123378041.0,0,1,0,0,0.4166666666666667,0
412,2023-10-26 04:00,676835386.0,0,0,0,0,0.0,0
413,2023-10-26 05:00,499686264.0,0,0,0,0,0.0,0
414,2023-10-26 06:00,542125129.0,0,0,0,0,0.0,0
415,2023-10-26 07:00,422283755.0,0,0,0,0,0.0,0
416,2023-10-26 08:00,666495515.0,0,0,0,0,0.0,0
417,2023-10-26 09:00,577507441.0,0,0,0,0,0.0,0
418,2023-10-26 10:00,706775118.0,0,0,0,0,0.0,0
419,2023-10-26 11:00,322725619.0,0,0,0,0,0.0,0
420,2023-10-26 12:00,672873640.0,0,0,0,0,0.0,0
421,2023-10-26 13:00,298084678.0,0,0,0,0,0.0,0
422,2023-10-26 14:00,126452988.0,0,0,0,0,0.0,0
423,2023-10-26 15:00,500712872.0,0,0,0,0,0.0,0
424,2023-10-26 16:00,388600896.0,0,0,0,0,0.0,0
425,2023-10-26 17:00,851780904.0,0,0,0,0,0.0,0
426,2023-10-26 18:00,218809836.0,0,0,0,0,0.0,0
427,2023-10-26 19:00,1119025027.0,0,1,0,0,0.4166666666666667,0
428,2023-10-26 20:00,134585782.0,0,0,0,0,0.0,0
429,2023-10-26 21:00,136392155.0,0,0,0,0,0.0,0
430,2023-10-26 22:00,88250808.0,0,0,0,0,0.0,0
431,2023-10-26 23:00,118135475.0,0,0,0,0,0.0,0
432,2023-10-27 00:00,208920953.0,0,0,0,0,0.0,0
433,2023-10-27 01:00,150313074.0,0,0,0,0,0.0,0
434,2023-10-27 02:00,562424137.0,0,0,0,0,0.0,0
435,2023-10-27 03:00,827394165.0,0,1,0,0,0.4166666666666667,0
436,2023-10-27 04:00,2086573467.0,0,1,0,1,0.6041666666666667,0
437,2023-10-27 05:00,775621391.0,0,0,0,0,0.0,0
438,2023-10-27 06:00,603427437.0,0,0,0,0,0.0,0
439,2023-10-27 07:00,1289920026.0,0,1,0,1,0.6041666666666667,0
440,2023-10-27 08:00,662464915.0,0,0,0,0,0.0,0
441,2023-10-27 09:00,1335361779.0,0,1,0,1,0.6041666666666667,0
442,2023-10-27 10:00,996941809.0,0,1,0,0,0.4166666666666667,0
443,2023-10-27 11:00,451107763.0,0,0,0,0,0.0,0
444,2023-10-27 12:00,534696605.0,0,0,0,0,0.0,0
445,2023-10-27 13:00,394161837.0,0,0,0,0,0.0,0
446,2023-10-27 14:00,149265761.0,0,0,0,0,0.0,0
447,2023-10-27 15:00,376119254.0,0,0,0,0,0.0,0
448,2023-10-27 16:00,253968944.0,0,0,0,0,0.0,0
449,2023-10-27 17:00,512073386.0,0,0,0,0,0.0,0
450,2023-10-27 18:00,170239605.0,0,0,0,0,0.0,0
451,2023-10-27 19:00,556646190.0,0,0,0,0,0.0,0
452,2023-10-27 20:00,187116159.0,0,0,0,0,0.0,0
453,2023-10-27 21:00,181013850.0,0,0,0,0,0.0,0
454,2023-10-27 22:00,82832424.0,0,0,0,0,0.0,0
455,2023-10-27 23:00,64523064.0,0,0,0,0,0.0,0
456,2023-10-28 00:00,232221338.0,1,0,0,0,0.0,0
457,2023-10-28 01:00,403809917.0,1,0,0,0,0.0,0
458,2023-10-28 02:00,127230506.0,1,0,0,0,0.0,0
459,2023-10-28 03:00,97930937.0,1,0,0,0,0.0,0
460,2023-10-28 04:00,138814036.0,1,0,0,0,0.0,0
461,2023-10-28 05:00,164670687.0,1,0,0,0,0.0,0
462,2023-10-28 06:00,471292683.0,1,0,0,0,0.0,0
463,2023-10-28 07:00,185390692.0,1,0,0,0,0.0,0
464,2023-10-28 08:00,116789069.0,1,0,0,0,0.0,0
465,2023-10-28 09:00,183966653.0,1,0,0,0,0.0,0
466,2023-10-28 10:00,421418217.0,1,0,0,0,0.0,0
467,2023-10-28 11:00,205939260.0,1,0,0,1,0.1875,0
468,2023-10-28 12:00,149977232.0,1,0,0,0,0.0,0
469,2023-10-28 13:00,177887011.0,1,0,0,0,0.0,0
470,2023-10-28 14:00,748196902.0,1,0,0,0,0.0,0
471,2023-10-28 15:00,201271652.0,1,0,0,1,0.1875,0
472,2023-10-28 16:00,491533873.0,1,0,0,0,0.0,0
473,2023-10-28 17:00,451898037.0,1,0,0,0,0.0,0
474,2023-10-28 18:00,196213423.0,1,0,0,1,0.1875,0
475,2023-10-28 19:00,629239958.0,1,0,0,0,0.0,0
476,2023-10-28 20:00,232286826.0,1,0,0,1,0.1875,0
477,2023-10-28 21:00,582500333.0,1,0,0,0,0.0,0
478,2023-10-28 22:00,89761666.0,1,0,0,1,0.1875,0
479,2023-10-28 23:00,97916422.0,1,0,0,0,0.0,0
480,2023-10-29 01:00,84980721.0,1,0,0,0,0.0,0
481,2023-10-29 02:00,67700743.0,1,0,0,0,0.0,0
482,2023-10-29 03:00,155684600.0,1,0,0,0,0.0,0
483,2023-10-29 04:00,115084840.0,1,0,0,0,0.0,0
484,2023-10-29 05:00,461386665.0,1,0,0,0,0.0,0
485,2023-10-29 06:00,461371537.0,1,0,0,0,0.0,0
486,2023-10-29 07:00,285675836.0,1,0,0,0,0.0,0
487,2023-10-29 08:00,245299443.0,1,0,0,0,0.0,0
488,2023-10-29 09:00,196565862.0,1,0,0,0,0.0,0
489,2023-10-29 10:00,444265281.0,1,0,0,0,0.0,0
490,2023-10-29 11:00,310752687.0,1,0,0,0,0.0,0
491,2023-10-29 12:00,568892629.0,1,0,0,0,0.0,0
492,2023-10-29 13:00,248790767.0,1,0,0,0,0.0,0
493,2023-10-29 14:00,452106835.0,1,0,0,0,0.0,0
494,2023-10-29 15:00,127573875.0,1,0,0,0,0.0,0
495,2023-10-29 16:00,269482708.0,1,0,0,0,0.0,0
496,2023-10-29 17:00,858579545.0,1,0,0,0,0.0,0
497,2023-10-29 18:00,297431050.0,1,0,0,0,0.0,0
498,2023-10-29 19:00,835247887.0,1,0,0,0,0.0,0
499,2023-10-29 20:00,419407296.0,1,0,0,0,0.0,0
500,2023-10-29 21:00,479824159.0,1,0,0,0,0.0,0
501,2023-10-29 22:00,367016293.0,1,0,0,0,0.0,0
502,2023-10-29 23:00,315779977.0,1,0,0,0,0.0,0
503,2023-10-30 00:00,91692066.0,0,0,0,0,0.0,0
504,2023-10-30 01:00,315315030.0,0,0,0,0,0.0,0
505,2023-10-30 02:00,365647089.0,0,0,0,0,0.0,0
506,2023-10-30 03:00,407280195.0,0,0,0,0,0.0,0
507,2023-10-30 04:00,776813328.0,0,0,0,0,0.0,0
508,2023-10-30 05:00,2219232346.0,0,1,0,1,0.6041666666666667,0
509,2023-10-30 06:00,778592935.0,0,0,0,0,0.0,0
510,2023-10-30 07:00,1188437717.0,0,1,0,0,0.4166666666666667,0
511,2023-10-30 08:00,714663462.0,0,0,0,0,0.0,0
512,2023-10-30 09:00,532658825.0,0,0,0,0,0.0,0
513,2023-10-30 10:00,812645445.0,0,0,0,0,0.0,0
514,2023-10-30 11:00,1080763455.0,0,1,0,0,0.4166666666666667,0
515,2023-10-30 12:00,768864520.0,0,0,0,0,0.0,0
516,2023-10-30 13:00,219778302.0,0,0,0,0,0.0,0
517,2023-10-30 14:00,507292169.0,0,0,0,0,0.0,0
518,2023-10-30 15:00,240000965.0,0,0,0,0,0.0,0
519,2023-10-30 16:00,93151434.0,0,0,0,0,0.0,0
520,2023-10-30 17:00,396307258.0,0,0,0,0,0.0,0
521,2023-10-30 18:00,137276420.0,0,0,0,0,0.0,0
522,2023-10-30 19:00,453812206.0,0,0,0,0,0.0,0
523,2023-10-30 20:00,614092868.0,0,0,0,0,0.0,0
524,2023-10-30 21:00,179666587.0,0,0,0,0,0.0,0
525,2023-10-30 22:00,204583349.0,0,0,0,0,0.0,0
526,2023-10-30 23:00,126274515.0,0,0,0,0,0.0,0
527,2023-10-31 00:00,101568886.0,0,0,0,0,0.0,0
528,2023-10-31 01:00,107695145.0,0,0,0,0,0.0,0
529,2023-10-31 02:00,63141680.0,0,0,0,0,0.0,0
530,2023-10-31 03:00,247630650.0,0,0,0,0,0.0,0
531,2023-10-31 04:00,356580638.0,0,0,0,0,0.0,0
532,2023-10-31 05:00,1434678443.0,0,1,0,0,0.4166666666666667,0
533,2023-10-31 06:00,899245364.0,0,0,0,0,0.0,0
534,2023-10-31 07:00,439533943.0,0,0,0,0,0.0,0
535,2023-10-31 08:00,903223143.0,0,0,0,0,0.0,0
536,2023-10-31 09:00,1475809831.0,0,1,0,1,0.6041666666666667,0
537,2023-10-31 10:00,1191008630.0,0,1,0,0,0.4166666666666667,0
538,2023-10-31 11:00,1057326183.0,0,1,0,0,0.4166666666666667,0
539,2023-10-31 12:00,842759406.0,0,0,0,0,0.0,0
540,2023-10-31 13:00,292130442.0,0,0,0,0,0.0,0
541,2023-10-31 14:00,378136344.0,0,0,0,0,0.0,0
542,2023-10-31 15:00,170561397.0,0,0,0,0,0.0,0
543,2023-10-31 16:00,157287448.0,0,0,0,0,0.0,0
544,2023-10-31 17:00,106077705.0,0,0,0,0,0.0,0
545,2023-10-31 18:00,315077084.0,0,0,0,0,0.0,0
546,2023-10-31 19:00,212911729.0,0,0,0,0,0.0,0
547,2023-10-31 20:00,145024394.0,0,0,0,0,0.0,0
548,2023-10-31 21:00,108937632.0,0,0,0,0,0.0,0
549,2023-10-31 22:00,87953219.0,0,0,0,1,0.1875,0
550,2023-10-31 23:00,55713175.0,0,0,0,1,0.1875,0
551,2023-11-01 00:00,38625400.0,0,0,0,0,0.0,0
552,2023-11-01 01:00,91663092.0,0,0,0,0,0.0,0
553,2023-11-01 02:00,68955879.0,0,0,0,0,0.0,0
554,2023-11-01 03:00,115617729.0,0,0,0,0,0.0,0
555,2023-11-01 04:00,437007175.0,0,0,0,0,0.0,0
556,2023-11-01 05:00,535292517.0,0,0,0,0,0.0,0
557,2023-11-01 06:00,593127784.0,0,0,0,0,0.0,0
558,2023-11-01 07:00,428930249.0,0,0,0,0,0.0,0
559,2023-11-01 08:00,492476890.0,0,0,0,0,0.0,0
560,2023-11-01 09:00,421525460.0,0,0,0,0,0.0,0
561,2023-11-01 10:00,772606174.0,0,0,0,0,0.0,0
562,2023-11-01 11:00,1154510813.0,0,1,0,0,0.4166666666666667,0
563,2023-11-01 12:00,896735316.0,0,0,0,0,0.0,0
564,2023-11-01 13:00,558074585.0,0,0,0,0,0.0,0
565,2023-11-01 14:00,492451904.0,0,0,0,0,0.0,0
566,2023-11-01 15:00,682992761.0,0,0,0,0,0.0,0
567,2023-11-01 16:00,102103702.0,0,0,0,0,0.0,0
568,2023-11-01 17:00,2013727008.0,0,1,0,1,0.6041666666666667,0
569,2023-11-01 18:00,508067170.0,0,0,0,0,0.0,0
570,2023-11-01 19:00,811253653.0,0,0,0,0,0.0,0
571,2023-11-01 20:00,161093778.0,0,0,0,0,0.0,0
572,2023-11-01 21:00,266962539.0,0,0,0,0,0.0,0
573,2023-11-01 22:00,273723697.0,0,0,0,0,0.0,0
574,2023-11-01 23:00,223487531.0,0,0,0,0,0.0,0
575,2023-11-02 00:00,91391509.0,0,0,0,0,0.0,0
576,2023-11-02 01:00,85227621.0,0,0,0,0,0.0,0
577,2023-11-02 02:00,64453028.0,0,0,0,0,0.0,0
578,2023-11-02 03:00,95616101.0,0,0,0,0,0.0,0
579,2023-11-02 04:00,725817266.0,0,0,0,0,0.0,0
580,2023-11-02 05:00,1295331517.0,0,1,0,1,0.6041666666666667,0
581,2023-11-02 06:00,1161868812.0,0,1,0,0,0.4166666666666667,0
582,2023-11-02 07:00,475452633.0,0,0,0,0,0.0,0
583,2023-11-02 08:00,812601190.0,0,0,0,0,0.0,0
584,2023-11-02 09:00,1398334515.0,0,1,0,0,0.4166666666666667,0
585,2023-11-02 10:00,907049170.0,0,0,0,0,0.0,0
586,2023-11-02 11:00,751901837.0,0,0,0,0,0.0,0
587,2023-11-02 12:00,502531800.0,0,0,0,0,0.0,0
588,2023-11-02 13:00,400857727.0,0,0,0,0,0.0,0
589,2023-11-02 14:00,196255635.0,0,0,0,0,0.0,0
590,2023-11-02 15:00,196177260.0,0,0,0,0,0.0,0
591,2023-11-02 16:00,127885207.0,0,0,0,0,0.0,0
592,2023-11-02 17:00,324006167.0,0,0,0,0,0.0,0
593,2023-11-02 18:00,499793436.0,0,0,0,0,0.0,0
594,2023-11-02 19:00,309855649.0,0,0,0,0,0.0,0
595,2023-11-02 20:00,217773647.0,0,0,0,0,0.0,0
596,2023-11-02 21:00,237701564.0,0,0,0,0,0.0,0
597,2023-11-02 22:00,585104518.0,0,0,0,0,0.0,0
598,2023-11-02 23:00,561158917.0,0,0,0,0,0.0,0
599,2023-11-03 00:00,427614700.0,0,0,0,0,0.0,0
600,2023-11-03 01:00,61819024.0,0,0,0,0,0.0,0
601,2023-11-03 02:00,292480299.0,0,0,0,0,0.0,0
602,2023-11-03 03:00,195860918.0,0,0,0,0,0.0,0
603,2023-11-03 04:00,284904912.0,0,0,0,0,0.0,0
604,2023-11-03 05:00,989747115.0,0,0,0,0,0.0,0
605,2023-11-03 06:00,581726702.0,0,0,0,0,0.0,0
606,2023-11-03 07:00,923719504.0,0,0,0,0,0.0,0
607,2023-11-03 08:00,936253997.0,0,0,0,1,0.1875,0
608,2023-11-03 09:00,647464773.0,0,0,0,0,0.0,0
609,2023-11-03 10:00,1118847327.0,0,1,0,0,0.4166666666666667,0
610,2023-11-03 11:00,990016408.0,0,0,0,1,0.1875,0
611,2023-11-03 12:00,531309919.0,0,0,0,0,0.0,0
612,2023-11-03 13:00,394345488.0,0,0,0,0,0.0,0
613,2023-11-03 14:00,227842424.0,0,0,0,0,0.0,0
614,2023-11-03 15:00,260404538.0,0,0,0,0,0.0,0
615,2023-11-03 16:00,195802657.0,0,0,0,0,0.0,0
616,2023-11-03 17:00,306829403.0,0,0,0,0,0.0,0
617,2023-11-03 18:00,539178975.0,0,0,0,0,0.0,0
618,2023-11-03 19:00,1021251890.0,0,0,0,0,0.0,0
619,2023-11-03 20:00,1046911133.0,0,1,0,0,0.4166666666666667,0
620,2023-11-03 21:00,480285593.0,0,0,0,0,0.0,0
621,2023-11-03 22:00,308616923.0,0,0,0,0,0.0,0
622,2023-11-03 23:00,468659312.0,0,0,0,0,0.0,0
623,2023-11-04 00:00,143973650.0,1,0,0,0,0.0,0
624,2023-11-04 01:00,118173372.0,1,0,0,0,0.0,0
625,2023-11-04 02:00,141709567.0,1,0,0,0,0.0,0
626,2023-11-04 03:00,196721753.0,1,0,0,0,0.0,0
627,2023-11-04 04:00,96425395.0,1,0,0,0,0.0,0
628,2023-11-04 05:00,139325137.0,1,0,0,0,0.0,0
629,2023-11-04 06:00,49783775.0,1,0,0,1,0.1875,0
630,2023-11-04 07:00,364072888.0,1,0,0,0,0.0,0
631,2023-11-04 08:00,102286053.0,1,0,0,0,0.0,0
632,2023-11-04 09:00,343772770.0,1,0,0,0,0.0,0
633,2023-11-04 10:00,188636784.0,1,0,0,0,0.0,0
634,2023-11-04 11:00,635787197.0,1,0,0,0,0.0,0
635,2023-11-04 12:00,305178556.0,1,0,0,0,0.0,0
636,2023-11-04 13:00,457935516.0,1,0,0,0,0.0,0
637,2023-11-04 14:00,179978563.0,1,0,0,0,0.0,0
638,2023-11-04 15:00,101159884.0,1,0,0,0,0.0,0
639,2023-11-04 16:00,1092264496.0,1,1,0,0,0.4166666666666667,0
640,2023-11-04 17:00,326091140.0,1,0,0,0,0.0,0
641,2023-11-04 18:00,336587407.0,1,0,0,0,0.0,0
642,2023-11-04 19:00,1296486154.0,1,1,0,0,0.4166666666666667,0
643,2023-11-04 20:00,868899439.0,1,0,0,0,0.0,0
644,2023-11-04 21:00,1181453319.0,1,1,0,0,0.4166666666666667,0
645,2023-11-04 22:00,183074720.0,1,0,0,0,0.0,0
646,2023-11-04 23:00,45986046.0,1,0,0,0,0.0,0
647,2023-11-05 00:00,35440302.0,1,0,0,0,0.0,0
648,2023-11-05 01:00,70970015.0,1,0,0,0,0.0,0
649,2023-11-05 02:00,36877847.0,1,0,0,1,0.1875,0
650,2023-11-05 03:00,39404289.0,1,0,0,0,0.0,0
651,2023-11-05 04:00,87367688.0,1,0,0,0,0.0,0
652,2023-11-05 05:00,251667240.0,1,0,0,0,0.0,0
653,2023-11-05 06:00,350153376.0,1,0,0,0,0.0,0
654,2023-11-05 07:00,192309412.0,1,0,0,0,0.0,0
655,2023-11-05 08:00,175541941.0,1,0,0,0,0.0,0
656,2023-11-05 09:00,179060401.0,1,0,0,1,0.1875,0
657,2023-11-05 10:00,292431690.0,1,0,0,0,0.0,0
658,2023-11-05 11:00,659138869.0,1,0,0,0,0.0,0
659,2023-11-05 12:00,1690131818.0,1,1,0,0,0.4166666666666667,0
660,2023-11-05 13:00,474314411.0,1,0,0,0,0.0,0
661,2023-11-05 14:00,478632988.0,1,0,0,0,0.0,0
662,2023-11-05 15:00,952483077.0,1,0,0,0,0.0,0
663,2023-11-05 16:00,329920924.0,1,0,0,0,0.0,0
664,2023-11-05 17:00,634418408.0,1,0,0,0,0.0,0
665,2023-11-05 18:00,644327317.0,1,0,0,0,0.0,0
666,2023-11-05 19:00,624921862.0,1,0,0,0,0.0,0
667,2023-11-05 20:00,597239351.0,1,0,0,0,0.0,0
668,2023-11-05 21:00,322330188.0,1,0,0,0,0.0,0
669,2023-11-05 22:00,400800134.0,1,0,0,0,0.0,0
670,2023-11-05 23:00,84737287.0,1,0,0,0,0.0,0
671,2023-11-06 00:00,104521538.0,0,0,0,0,0.0,0
672,2023-11-06 01:00,545705784.0,0,0,0,0,0.0,0
673,2023-11-06 02:00,338281749.0,0,0,0,0,0.0,0
674,2023-11-06 03:00,425971677.0,0,1,0,0,0.4166666666666667,0
675,2023-11-06 04:00,824881835.0,0,0,0,0,0.0,0
676,2023-11-06 05:00,2123183528.0,0,1,0,1,0.6041666666666667,0
677,2023-11-06 06:00,522988968.0,0,0,0,0,0.0,0
678,2023-11-06 07:00,1260220147.0,0,1,0,0,0.4166666666666667,0
679,2023-11-06 08:00,498422725.0,0,0,0,0,0.0,0
680,2023-11-06 09:00,403966699.0,0,0,0,0,0.0,0
681,2023-11-06 10:00,748957067.0,0,0,0,0,0.0,0
682,2023-11-06 11:00,1086515511.0,0,1,0,0,0.4166666666666667,0
683,2023-11-06 12:00,532828426.0,0,0,0,0,0.0,0
684,2023-11-06 13:00,326832735.0,0,0,0,0,0.0,0
685,2023-11-06 14:00,490687723.0,0,0,0,0,0.0,0
686,2023-11-06 15:00,175574705.0,0,0,0,0,0.0,0
687,2023-11-06 16:00,116957211.0,0,0,0,0,0.0,0
688,2023-11-06 17:00,277024535.0,0,0,0,0,0.0,0
689,2023-11-06 18:00,122329862.0,0,0,0,0,0.0,0
690,2023-11-06 19:00,118846871.0,0,0,0,0,0.0,0
691,2023-11-06 20:00,438799785.0,0,0,0,0,0.0,0
692,2023-11-06 21:00,242105232.0,0,0,0,0,0.0,0
693,2023-11-06 22:00,575726979.0,0,0,0,0,0.0,0
694,2023-11-06 23:00,577537906.0,0,0,0,0,0.0,0
695,2023-11-07 00:00,241315250.0,0,0,0,0,0.0,0
696,2023-11-07 01:00,202061691.0,0,0,0,0,0.0,0
697,2023-11-07 02:00,58952704.0,0,0,0,0,0.0,0
698,2023-11-07 03:00,99340394.0,0,0,0,0,0.0,0
699,2023-11-07 04:00,485145504.0,0,0,0,0,0.0,0
700,2023-11-07 05:00,1261127696.0,0,1,0,1,0.6041666666666667,0
701,2023-11-07 06:00,863858292.0,0,0,0,0,0.0,0
702,2023-11-07 07:00,1624978185.0,0,1,0,0,0.4166666666666667,0
703,2023-11-07 08:00,636712244.0,0,0,0,0,0.0,0
704,2023-11-07 09:00,918336096.0,0,0,0,0,0.0,0
705,2023-11-07 10:00,891012780.0,0,0,0,0,0.0,0
706,2023-11-07 11:00,989002084.0,0,0,0,0,0.0,0
707,2023-11-07 12:00,840655185.0,0,0,0,0,0.0,0
708,2023-11-07 13:00,266713265.0,0,0,0,0,0.0,0
709,2023-11-07 14:00,262247199.0,0,0,0,0,0.0,0
710,2023-11-07 15:00,136227792.0,0,0,0,0,0.0,0
711,2023-11-07 16:00,144299534.0,0,0,0,0,0.0,0
712,2023-11-07 17:00,233169380.0,0,0,0,0,0.0,0
713,2023-11-07 18:00,461916374.0,0,0,0,0,0.0,0
714,2023-11-07 19:00,871754532.0,0,0,0,0,0.0,0
715,2023-11-07 20:00,503862522.0,0,0,0,0,0.0,0
716,2023-11-07 21:00,559668835.0,0,0,0,0,0.0,0
717,2023-11-07 22:00,414457950.0,0,0,0,0,0.0,0
718,2023-11-07 23:00,87162958.0,0,0,0,0,0.0,0
719,2023-11-08 00:00,39232628.0,0,0,0,0,0.0,0
720,2023-11-08 01:00,116238461.0,0,0,0,0,0.0,0
721,2023-11-08 02:00,121129330.0,0,0,0,0,0.0,0
722,2023-11-08 03:00,113696689.0,0,0,0,0,0.0,0
723,2023-11-08 04:00,914956460.0,0,0,0,0,0.0,0
724,2023-11-08 05:00,1013685979.0,0,0,0,0,0.0,0
725,2023-11-08 06:00,2306778124.0,0,1,0,0,0.4166666666666667,0
726,2023-11-08 07:00,454641834.0,0,0,0,0,0.0,0
727,2023-11-08 08:00,459991126.0,0,0,0,0,0.0,0
728,2023-11-08 09:00,628347452.0,0,0,0,0,0.0,0
729,2023-11-08 10:00,921771766.0,0,0,0,0,0.0,0
730,2023-11-08 11:00,669617052.0,0,0,0,0,0.0,0
731,2023-11-08 12:00,655495111.0,0,0,0,0,0.0,0
732,2023-11-08 13:00,305849825.0,0,0,0,0,0.0,0
733,2023-11-08 14:00,369748794.0,0,0,0,0,0.0,0
734,2023-11-08 15:00,379305682.0,0,0,0,0,0.0,0
735,2023-11-08 16:00,138167499.0,0,0,0,0,0.0,0
736,2023-11-08 17:00,110585781.0,0,0,0,0,0.0,0
737,2023-11-08 18:00,316426647.0,0,0,0,0,0.0,0
738,2023-11-08 19:00,619699455.0,0,0,0,0,0.0,0
739,2023-11-08 20:00,496565212.0,0,0,0,0,0.0,0
740,2023-11-08 21:00,283206500.0,0,0,0,0,0.0,0
741,2023-11-08 22:00,170634881.0,0,0,0,0,0.0,0
742,2023-11-08 23:00,191423040.0,0,0,0,0,0.0,0
743,2023-11-09 00:00,136828511.0,0,0,0,0,0.0,0
744,2023-11-09 01:00,58630425.0,0,0,0,0,0.0,0
745,2023-11-09 02:00,63959941.0,0,0,0,0,0.0,0
746,2023-11-09 03:00,209482017.0,0,0,0,0,0.0,0
747,2023-11-09 04:00,506526056.0,0,0,0,0,0.0,0
748,2023-11-09 05:00,1946087122.0,0,1,0,0,0.4166666666666667,0
749,2023-11-09 06:00,754032356.0,0,0,0,0,0.0,0
750,2023-11-09 07:00,667488929.0,0,0,0,0,0.0,0
751,2023-11-09 08:00,685977039.0,0,0,0,0,0.0,0
752,2023-11-09 09:00,428300511.0,0,0,0,0,0.0,0
753,2023-11-09 10:00,537236117.0,0,0,0,0,0.0,0
754,2023-11-09 11:00,1156472573.0,0,1,0,0,0.4166666666666667,0
755,2023-11-09 12:00,497383763.0,0,0,0,0,0.0,0
756,2023-11-09 13:00,222873030.0,0,0,0,0,0.0,0
757,2023-11-09 14:00,244032412.0,0,0,0,0,0.0,0
758,2023-11-09 15:00,144301106.0,0,0,0,0,0.0,0
759,2023-11-09 16:00,243741863.0,0,0,0,0,0.0,0
760,2023-11-09 17:00,341141819.0,0,0,0,0,0.0,0
761,2023-11-09 18:00,322481054.0,0,0,0,0,0.0,0
762,2023-11-09 19:00,308909999.0,0,0,0,0,0.0,0
763,2023-11-09 20:00,841559198.0,0,0,0,0,0.0,0
764,2023-11-09 21:00,400825313.0,0,0,0,0,0.0,0
765,2023-11-09 22:00,409303705.0,0,0,0,0,0.0,0
766,2023-11-09 23:00,145063260.0,0,0,0,0,0.0,0
767,2023-11-10 00:00,286432186.0,0,0,0,0,0.0,0
768,2023-11-10 01:00,278476603.0,0,0,0,0,0.0,0
769,2023-11-10 02:00,89551857.0,0,0,0,0,0.0,0
770,2023-11-10 03:00,112130422.0,0,0,0,0,0.0,0
771,2023-11-10 04:00,475603987.0,0,0,0,0,0.0,0
772,2023-11-10 05:00,911107352.0,0,0,0,0,0.0,0
773,2023-11-10 06:00,1177728627.0,0,1,0,0,0.4166666666666667,0
774,2023-11-10 07:00,1073585702.0,0,0,0,0,0.0,0
775,2023-11-10 08:00,633116517.0,0,0,0,0,0.0,0
776,2023-11-10 09:00,726060871.0,0,0,0,0,0.0,0
777,2023-11-10 10:00,986249431.0,0,0,0,0,0.0,0
778,2023-11-10 11:00,540520405.0,0,0,0,0,0.0,0
779,2023-11-10 12:00,607211521.0,0,0,0,0,0.0,0
780,2023-11-10 13:00,555830374.0,0,0,0,0,0.0,0
781,2023-11-10 14:00,836789188.0,0,0,0,0,0.0,0
782,2023-11-10 15:00,698550393.0,0,0,0,0,0.0,0
783,2023-11-10 16:00,200878773.0,0,0,0,0,0.0,0
784,2023-11-10 17:00,367405739.0,0,0,0,0,0.0,0
785,2023-11-10 18:00,378228229.0,0,0,0,0,0.0,0
786,2023-11-10 19:00,855808331.0,0,0,0,0,0.0,0
787,2023-11-10 20:00,465618848.0,0,0,0,0,0.0,0
788,2023-11-10 21:00,830190142.0,0,0,0,0,0.0,0
789,2023-11-10 22:00,414636265.0,0,0,0,0,0.0,0
790,2023-11-10 23:00,234226393.0,0,0,0,0,0.0,0
791,2023-11-11 00:00,135593980.0,1,0,0,0,0.0,0
792,2023-11-11 01:00,158685370.0,1,0,0,0,0.0,0
793,2023-11-11 02:00,127262755.0,1,0,0,0,0.0,0
794,2023-11-11 03:00,284284402.0,1,0,0,0,0.0,0
795,2023-11-11 04:00,214388900.0,1,0,0,0,0.0,0
796,2023-11-11 05:00,202191885.0,1,0,0,0,0.0,0
797,2023-11-11 06:00,311715637.0,1,0,0,0,0.0,0
798,2023-11-11 07:00,204298176.0,1,0,0,0,0.0,0
799,2023-11-11 08:00,280435587.0,1,0,0,1,0.1875,0
800,2023-11-11 09:00,412941153.0,1,0,0,0,0.0,0
801,2023-11-11 10:00,730788983.0,1,0,0,0,0.0,0
802,2023-11-11 11:00,1001997764.0,1,0,0,0,0.0,0
803,2023-11-11 12:00,753802943.0,1,0,0,0,0.0,0
804,2023-11-11 13:00,1139063031.0,1,1,0,0,0.4166666666666667,0
805,2023-11-11 14:00,629337703.0,1,0,0,0,0.0,0
806,2023-11-11 15:00,335228247.0,1,0,0,0,0.0,0
807,2023-11-11 16:00,190807505.0,1,0,0,0,0.0,0
808,2023-11-11 17:00,474441978.0,1,0,0,0,0.0,0
809,2023-11-11 18:00,548565153.0,1,0,0,0,0.0,0
810,2023-11-11 19:00,1139758908.0,1,1,0,0,0.4166666666666667,0
811,2023-11-11 20:00,487009540.0,1,0,0,0,0.0,0
812,2023-11-11 21:00,633237245.0,1,0,0,0,0.0,0
813,2023-11-11 22:00,296146407.0,1,0,0,0,0.0,0
814,2023-11-11 23:00,96393045.0,1,0,0,0,0.0,0
815,2023-11-12 00:00,39445765.0,1,0,0,0,0.0,0
816,2023-11-12 01:00,64429681.0,1,0,0,0,0.0,0
817,2023-11-12 02:00,32908704.0,1,0,0,0,0.0,0
818,2023-11-12 03:00,55995843.0,1,0,0,1,0.1875,0
819,2023-11-12 04:00,267247881.0,1,0,0,0,0.0,0
820,2023-11-12 05:00,273190583.0,1,0,0,0,0.0,0
821,2023-11-12 06:00,263318424.0,1,0,0,0,0.0,0
822,2023-11-12 07:00,146143320.0,1,0,0,0,0.0,0
823,2023-11-12 08:00,561668448.0,1,0,0,0,0.0,0
824,2023-11-12 09:00,384560549.0,1,0,0,0,0.0,0
825,2023-11-12 10:00,320928453.0,1,0,0,0,0.0,0
826,2023-11-12 11:00,486950994.0,1,0,0,0,0.0,0
827,2023-11-12 12:00,257072307.0,1,0,0,0,0.0,0
828,2023-11-12 13:00,2401281930.0,1,1,0,0,0.4166666666666667,0
829,2023-11-12 14:00,322887822.0,1,0,0,0,0.0,0
830,2023-11-12 15:00,1035148418.0,1,1,0,0,0.4166666666666667,0
831,2023-11-12 16:00,117800190.0,1,0,0,0,0.0,0
832,2023-11-12 17:00,263342189.0,1,0,0,0,0.0,0
833,2023-11-12 18:00,417427610.0,1,0,0,0,0.0,0
834,2023-11-12 19:00,191782627.0,1,0,0,0,0.0,0
835,2023-11-12 20:00,888966034.0,1,0,0,0,0.0,0
836,2023-11-12 21:00,938012524.0,1,0,0,0,0.0,0
837,2023-11-12 22:00,318817484.0,1,0,0,0,0.0,0
838,2023-11-12 23:00,233496252.0,1,0,0,0,0.0,0
839,2023-11-13 00:00,211907610.0,0,0,0,0,0.0,0
840,2023-11-13 01:00,184849115.0,0,0,0,0,0.0,0
841,2023-11-13 02:00,104065480.0,0,0,0,0,0.0,0
842,2023-11-13 03:00,552911301.0,0,0,0,0,0.0,0
843,2023-11-13 04:00,857131193.0,0,0,0,0,0.0,0
844,2023-11-13 05:00,752857297.0,0,0,0,0,0.0,0
845,2023-11-13 06:00,720931062.0,0,0,0,0,0.0,0
846,2023-11-13 07:00,674926676.0,0,0,0,0,0.0,0
847,2023-11-13 08:00,1378439637.0,0,1,0,0,0.4166666666666667,0
848,2023-11-13 09:00,649237265.0,0,0,0,0,0.0,0
849,2023-11-13 10:00,642884397.0,0,0,0,0,0.0,0
850,2023-11-13 11:00,510484337.0,0,0,0,0,0.0,0
851,2023-11-13 12:00,644205967.0,0,0,0,0,0.0,0
852,2023-11-13 13:00,304321302.0,0,0,0,0,0.0,0
853,2023-11-13 14:00,339216525.0,0,0,0,0,0.0,0
854,2023-11-13 15:00,180183229.0,0,0,0,0,0.0,0
855,2023-11-13 16:00,302032234.0,0,0,0,0,0.0,0
856,2023-11-13 17:00,281143219.0,0,0,0,0,0.0,0
857,2023-11-13 18:00,543329158.0,0,0,0,0,0.0,0
858,2023-11-13 19:00,203340245.0,0,0,0,0,0.0,0
859,2023-11-13 20:00,180431242.0,0,0,0,0,0.0,0
860,2023-11-13 21:00,119817240.0,0,0,0,0,0.0,0
861,2023-11-13 22:00,264447893.0,0,0,0,0,0.0,0
862,2023-11-13 23:00,133245350.0,0,0,0,0,0.0,0
863,2023-11-14 00:00,82012462.0,0,0,0,0,0.0,0
864,2023-11-14 01:00,70096459.0,0,0,0,0,0.0,0
865,2023-11-14 02:00,144946727.0,0,0,0,1,0.1875,0
866,2023-11-14 03:00,153814503.0,0,0,0,0,0.0,0
867,2023-11-14 04:00,502359015.0,0,0,0,0,0.0,0
868,2023-11-14 05:00,778125026.0,0,0,0,0,0.0,0
869,2023-11-14 06:00,874408168.0,0,0,0,0,0.0,0
870,2023-11-14 07:00,572202358.0,0,0,0,0,0.0,0
871,2023-11-14 08:00,452392538.0,0,0,0,0,0.0,0
872,2023-11-14 09:00,653892597.0,0,0,0,0,0.0,0
873,2023-11-14 10:00,1114926126.0,0,1,0,0,0.4166666666666667,0
874,2023-11-14 11:00,641607788.0,0,0,0,0,0.0,0
875,2023-11-14 12:00,998166354.0,0,0,0,0,0.0,0
876,2023-11-14 13:00,872077345.0,0,0,0,0,0.0,0
877,2023-11-14 14:00,556527402.0,0,0,0,0,0.0,0
878,2023-11-14 15:00,307043211.0,0,0,0,0,0.0,0
879,2023-11-14 16:00,366345274.0,0,0,0,0,0.0,0
880,2023-11-14 17:00,374505059.0,0,0,0,0,0.0,0
881,2023-11-14 18:00,656143767.0,0,0,0,0,0.0,0
882,2023-11-14 19:00,808607227.0,0,0,0,0,0.0,0
883,2023-11-14 20:00,841739519.0,0,0,0,0,0.0,0
884,2023-11-14 21:00,298570211.0,0,0,0,0,0.0,0
885,2023-11-14 22:00,517391180.0,0,0,0,0,0.0,0
886,2023-11-14 23:00,271633342.0,0,0,0,0,0.0,0
887,2023-11-15 00:00,218636251.0,0,0,0,0,0.0,0
888,2023-11-15 01:00,122458170.0,0,0,0,0,0.0,0
889,2023-11-15 02:00,90663120.0,0,0,0,0,0.0,0
890,2023-11-15 03:00,173084020.0,0,0,0,0,0.0,0
891,2023-11-15 04:00,537357406.0,0,0,0,0,0.0,0
892,2023-11-15 05:00,1322681516.0,0,1,0,0,0.4166666666666667,0
893,2023-11-15 06:00,1041430405.0,0,1,0,0,0.4166666666666667,0
894,2023-11-15 07:00,510673512.0,0,0,0,0,0.0,0
895,2023-11-15 08:00,486591819.0,0,0,0,0,0.0,0
896,2023-11-15 09:00,399916158.0,0,0,0,0,0.0,0
897,2023-11-15 10:00,616533676.0,0,0,0,0,0.0,0
898,2023-11-15 11:00,302246014.0,0,0,0,0,0.0,0
899,2023-11-15 12:00,442896209.0,0,0,0,0,0.0,0
900,2023-11-15 13:00,334378511.0,0,0,0,0,0.0,0
901,2023-11-15 14:00,396154152.0,0,0,0,0,0.0,0
902,2023-11-15 15:00,281014346.0,0,0,0,0,0.0,0
903,2023-11-15 16:00,337477055.0,0,0,0,0,0.0,0
904,2023-11-15 17:00,428857155.0,0,0,0,0,0.0,0
905,2023-11-15 18:00,429007224.0,0,0,0,0,0.0,0
906,2023-11-15 19:00,493485804.0,0,0,0,0,0.0,0
907,2023-11-15 20:00,398974993.0,0,0,0,0,0.0,0
908,2023-11-15 21:00,297676889.0,0,0,0,0,0.0,0
909,2023-11-15 22:00,363614942.0,0,0,0,0,0.0,0
910,2023-11-15 23:00,79536465.0,0,0,0,0,0.0,0
911,2023-11-16 00:00,127830273.0,0,0,0,0,0.0,0
912,2023-11-16 01:00,178186394.0,0,0,0,0,0.0,0
913,2023-11-16 02:00,133096707.0,0,0,0,0,0.0,0
914,2023-11-16 03:00,651230087.0,0,0,0,0,0.0,0
915,2023-11-16 04:00,590343078.0,0,0,0,0,0.0,0
916,2023-11-16 05:00,1022960212.0,0,1,0,0,0.4166666666666667,0
917,2023-11-16 06:00,894433136.0,0,0,0,0,0.0,0
918,2023-11-16 07:00,697134004.0,0,0,0,0,0.0,0
919,2023-11-16 08:00,1538325027.0,0,1,0,0,0.4166666666666667,0
920,2023-11-16 09:00,1334254351.0,0,1,0,0,0.4166666666666667,0
921,2023-11-16 10:00,1002560413.0,0,0,0,0,0.0,0
922,2023-11-16 11:00,943792264.0,0,0,0,0,0.0,0
923,2023-11-16 12:00,607633837.0,0,0,0,0,0.0,0
924,2023-11-16 13:00,558140953.0,0,0,0,0,0.0,0
925,2023-11-16 14:00,429459401.0,0,0,0,0,0.0,0
926,2023-11-16 15:00,431329170.0,0,0,0,0,0.0,0
927,2023-11-16 16:00,1290219335.0,0,1,0,0,0.4166666666666667,0
928,2023-11-16 17:00,267508674.0,0,0,0,0,0.0,0
929,2023-11-16 18:00,484332056.0,0,0,0,0,0.0,0
930,2023-11-16 19:00,573577814.0,0,0,0,0,0.0,0
931,2023-11-16 20:00,221213651.0,0,0,0,0,0.0,0
932,2023-11-16 21:00,136094508.0,0,0,0,0,0.0,0
933,2023-11-16 22:00,178864952.0,0,0,0,0,0.0,0
934,2023-11-16 23:00,271949602.0,0,0,0,0,0.0,0
935,2023-11-17 00:00,124588939.0,1,0,0,0,0.0,0
936,2023-11-17 01:00,52592303.0,1,0,0,0,0.0,0
937,2023-11-17 02:00,106740884.0,1,0,0,0,0.0,0
938,2023-11-17 03:00,86453991.0,1,0,0,0,0.0,0
939,2023-11-17 04:00,279119817.0,1,0,0,0,0.0,0
940,2023-11-17 05:00,428512448.0,1,0,0,0,0.0,0
941,2023-11-17 06:00,277594353.0,1,0,0,0,0.0,0
942,2023-11-17 07:00,215895605.0,1,0,0,1,0.1875,0
943,2023-11-17 08:00,276777562.0,1,0,0,0,0.0,0
944,2023-11-17 09:00,206434462.0,1,0,0,0,0.0,0
945,2023-11-17 10:00,233836977.0,1,0,0,0,0.0,0
946,2023-11-17 11:00,444932566.0,1,0,0,0,0.0,0
947,2023-11-17 12:00,425833814.0,1,0,0,0,0.0,0
948,2023-11-17 13:00,288354366.0,1,0,0,0,0.0,0
949,2023-11-17 14:00,222968049.0,1,0,0,0,0.0,0
950,2023-11-17 15:00,377927145.0,1,0,0,0,0.0,0
951,2023-11-17 16:00,268556497.0,1,0,0,0,0.0,0
952,2023-11-17 17:00,335178873.0,1,0,0,0,0.0,0
953,2023-11-17 18:00,224322501.0,1,0,0,0,0.0,0
954,2023-11-17 19:00,677292909.0,1,0,0,0,0.0,0
955,2023-11-17 20:00,391372583.0,1,0,0,0,0.0,0
956,2023-11-17 21:00,528625399.0,1,0,0,0,0.0,0
957,2023-11-17 22:00,506894105.0,1,0,0,0,0.0,0
958,2023-11-17 23:00,338374111.0,1,0,0,0,0.0,0
959,2023-11-18 00:00,305650447.0,1,0,0,0,0.0,0
960,2023-11-18 01:00,87304183.0,1,0,0,0,0.0,0
961,2023-11-18 02:00,130532050.0,1,0,0,0,0.0,0
962,2023-11-18 03:00,180509014.0,1,0,0,0,0.0,0
963,2023-11-18 04:00,123344956.0,1,0,0,1,0.1875,0
964,2023-11-18 05:00,242979022.0,1,0,0,0,0.0,0
965,2023-11-18 06:00,1257279489.0,1,1,0,1,0.6041666666666667,0
966,2023-11-18 07:00,874067641.0,1,0,0,0,0.0,0
967,2023-11-18 08:00,885545423.0,1,0,0,0,0.0,0
968,2023-11-18 09:00,448626855.0,1,0,0,0,0.0,0
969,2023-11-18 10:00,425984811.0,1,0,0,0,0.0,0
970,2023-11-18 11:00,656934882.0,1,0,0,0,0.0,0
971,2023-11-18 12:00,548009777.0,1,0,0,0,0.0,0
972,2023-11-18 13:00,542824128.0,1,0,0,0,0.0,0
973,2023-11-18 14:00,231290290.0,1,0,0,0,0.0,0
974,2023-11-18 15:00,457892924.0,1,0,0,0,0.0,0
975,2023-11-18 16:00,670442693.0,1,0,0,0,0.0,0
976,2023-11-18 17:00,181989384.0,1,0,0,0,0.0,0
977,2023-11-18 18:00,818221728.0,1,0,0,0,0.0,0
978,2023-11-18 19:00,404523936.0,1,0,0,0,0.0,0
979,2023-11-18 20:00,449635153.0,1,0,0,0,0.0,0
980,2023-11-18 21:00,698948410.0,1,0,0,0,0.0,0
981,2023-11-18 22:00,286326064.0,1,0,0,0,0.0,0
982,2023-11-18 23:00,97928575.0,1,0,0,0,0.0,0
983,2023-11-19 00:00,705534510.0,1,0,0,0,0.0,0
984,2023-11-19 01:00,577884800.0,1,0,0,0,0.0,0
985,2023-11-19 02:00,42688032.0,1,0,0,0,0.0,0
986,2023-11-19 03:00,38753888.0,1,0,0,0,0.0,0
987,2023-11-19 04:00,333270858.0,1,0,0,0,0.0,0
988,2023-11-19 05:00,410992577.0,1,0,0,0,0.0,0
989,2023-11-19 06:00,746196760.0,1,0,0,0,0.0,0
990,2023-11-19 07:00,468969399.0,1,0,0,0,0.0,0
991,2023-11-19 08:00,451217704.0,1,0,0,0,0.0,0
992,2023-11-19 09:00,406444669.0,1,0,0,0,0.0,0
993,2023-11-19 10:00,240314020.0,1,0,0,0,0.0,0
994,2023-11-19 11:00,491213305.0,1,0,0,0,0.0,0
995,2023-11-19 12:00,452383759.0,1,0,0,0,0.0,0
996,2023-11-19 13:00,1161517576.0,1,1,0,0,0.4166666666666667,0
997,2023-11-19 14:00,611201859.0,1,0,0,1,0.1875,0
998,2023-11-19 15:00,341624956.0,1,0,0,0,0.0,0
999,2023-11-19 16:00,181988852.0,1,0,0,0,0.0,0
1000,2023-11-19 17:00,121899159.0,1,0,0,0,0.0,0
1001,2023-11-19 18:00,477993141.0,1,0,0,0,0.0,0
1002,2023-11-19 19:00,382908597.0,1,0,0,0,0.0,0
1003,2023-11-19 20:00,878388629.0,1,0,0,0,0.0,0
1004,2023-11-19 21:00,819177874.0,1,0,0,0,0.0,0
1005,2023-11-19 22:00,255251825.0,1,0,0,0,0.0,0
1006,2023-11-19 23:00,99948602.0,1,0,0,0,0.0,0
1007,2023-11-20 00:00,198996056.0,0,0,0,0,0.0,0
1008,2023-11-20 01:00,65230747.0,0,0,0,1,0.1875,0
1009,2023-11-20 02:00,101993535.0,0,0,0,0,0.0,0
1010,2023-11-20 03:00,154075433.0,0,0,0,0,0.0,0
1011,2023-11-20 04:00,1138566410.0,0,1,0,1,0.6041666666666667,0
1012,2023-11-20 05:00,1062054931.0,0,1,0,0,0.4166666666666667,0
1013,2023-11-20 06:00,535332959.0,0,0,0,0,0.0,0
1014,2023-11-20 07:00,494017333.0,0,0,0,0,0.0,0
1015,2023-11-20 08:00,653233842.0,0,0,0,0,0.0,0
1016,2023-11-20 09:00,629717977.0,0,0,0,0,0.0,0
1017,2023-11-20 10:00,493039435.0,0,0,0,0,0.0,0
1018,2023-11-20 11:00,547625672.0,0,0,0,0,0.0,0
1019,2023-11-20 12:00,281636517.0,0,0,0,0,0.0,0
1020,2023-11-20 13:00,161918256.0,0,0,0,0,0.0,0
1021,2023-11-20 14:00,121151734.0,0,0,0,0,0.0,0
1022,2023-11-20 15:00,422464240.0,0,0,0,0,0.0,0
1023,2023-11-20 16:00,189926498.0,0,0,0,0,0.0,0
1024,2023-11-20 17:00,138275280.0,0,0,0,0,0.0,0
1025,2023-11-20 18:00,980083330.0,0,1,0,0,0.4166666666666667,0
1026,2023-11-20 19:00,293483450.0,0,0,0,0,0.0,0
1027,2023-11-20 20:00,318101774.0,0,0,0,0,0.0,0
1028,2023-11-20 21:00,290652316.0,0,0,0,0,0.0,0
1029,2023-11-20 22:00,274002253.0,0,0,0,0,0.0,0
1030,2023-11-20 23:00,90752025.0,0,0,0,0,0.0,0
1031,2023-11-21 00:00,398385438.0,0,0,0,0,0.0,0
1032,2023-11-21 01:00,278668852.0,0,0,0,0,0.0,0
1033,2023-11-21 02:00,207422727.0,0,0,0,0,0.0,0
1034,2023-11-21 03:00,125824986.0,0,0,0,0,0.0,0
1035,2023-11-21 04:00,492924719.0,0,0,0,0,0.0,0
1036,2023-11-21 05:00,1043646049.0,0,1,0,1,0.6041666666666667,0
1037,2023-11-21 06:00,987742312.0,0,1,0,0,0.4166666666666667,0
1038,2023-11-21 07:00,716035449.0,0,0,0,0,0.0,0
1039,2023-11-21 08:00,696963713.0,0,0,0,0,0.0,0
1040,2023-11-21 09:00,596989896.0,0,0,0,0,0.0,0
1041,2023-11-21 10:00,681600042.0,0,0,0,0,0.0,0
1042,2023-11-21 11:00,649252088.0,0,0,0,0,0.0,0
1043,2023-11-21 12:00,717535889.0,0,0,0,0,0.0,0
1044,2023-11-21 13:00,744056000.0,0,0,0,0,0.0,0
1045,2023-11-21 14:00,422249908.0,0,0,0,0,0.0,0
1046,2023-11-21 15:00,294296253.0,0,0,0,0,0.0,0
1047,2023-11-21 16:00,107740970.0,0,0,0,0,0.0,0
1048,2023-11-21 17:00,196240400.0,0,0,0,0,0.0,0
1049,2023-11-21 18:00,187261607.0,0,0,0,0,0.0,0
1050,2023-11-21 19:00,152852630.0,0,0,0,0,0.0,0
1051,2023-11-21 20:00,443336585.0,0,1,0,0,0.4166666666666667,0
1052,2023-11-21 21:00,125177444.0,0,0,0,0,0.0,0
1053,2023-11-21 22:00,143108140.0,0,0,0,0,0.0,0
1054,2023-11-21 23:00,110598803.0,0,0,0,0,0.0,0
1055,2023-11-22 00:00,51401403.0,0,0,0,0,0.0,0
1056,2023-11-22 01:00,156751712.0,0,0,0,0,0.0,0
1057,2023-11-22 02:00,98529060.0,0,0,0,1,0.1875,0
1058,2023-11-22 03:00,231061389.0,0,0,0,0,0.0,0
1059,2023-11-22 04:00,473730276.0,0,1,0,0,0.4166666666666667,0
1060,2023-11-22 05:00,1093595743.0,0,1,0,1,0.6041666666666667,0
1061,2023-11-22 06:00,651795728.0,0,0,0,0,0.0,0
1062,2023-11-22 07:00,853204248.0,0,0,0,0,0.0,0
1063,2023-11-22 08:00,874336012.0,0,0,0,0,0.0,0
1064,2023-11-22 09:00,536544873.0,0,0,0,0,0.0,0
1065,2023-11-22 10:00,776991728.0,0,0,0,0,0.0,0
1066,2023-11-22 11:00,831857285.0,0,0,0,0,0.0,0
1067,2023-11-22 12:00,726469591.0,0,0,0,0,0.0,0
1068,2023-11-22 13:00,710577204.0,0,0,0,0,0.0,0
1069,2023-11-22 14:00,433138204.0,0,1,0,0,0.4166666666666667,0
1070,2023-11-22 15:00,447593709.0,0,1,0,0,0.4166666666666667,0
1071,2023-11-22 16:00,232264076.0,0,0,0,0,0.0,0
1072,2023-11-22 17:00,351867936.0,0,0,0,0,0.0,0
1073,2023-11-22 18:00,347311628.0,0,0,0,0,0.0,0
1074,2023-11-22 19:00,876423166.0,0,0,0,0,0.0,0
1075,2023-11-22 20:00,1188619413.0,0,1,0,0,0.4166666666666667,0
1076,2023-11-22 21:00,716881857.0,0,0,0,0,0.0,0
1077,2023-11-22 22:00,181309907.0,0,0,0,0,0.0,0
1078,2023-11-22 23:00,48958118.0,0,0,0,0,0.0,0
1079,2023-11-23 00:00,77697536.0,0,0,0,0,0.0,0
1080,2023-11-23 01:00,80315712.0,0,0,0,0,0.0,0
1081,2023-11-23 02:00,134162382.0,0,0,0,0,0.0,0
1082,2023-11-23 03:00,69785008.0,0,0,0,1,0.1875,0
1083,2023-11-23 04:00,472272959.0,0,1,0,0,0.4166666666666667,0
1084,2023-11-23 05:00,812526690.0,0,0,0,0,0.0,0
1085,2023-11-23 06:00,499247093.0,0,1,0,0,0.4166666666666667,0
1086,2023-11-23 07:00,712445114.0,0,0,0,0,0.0,0
1087,2023-11-23 08:00,490602058.0,0,1,0,0,0.4166666666666667,0
1088,2023-11-23 09:00,516453168.0,0,0,0,0,0.0,0
1089,2023-11-23 10:00,592132667.0,0,0,0,0,0.0,0
1090,2023-11-23 11:00,473197191.0,0,1,0,0,0.4166666666666667,0
1091,2023-11-23 12:00,349886081.0,0,0,0,0,0.0,0
1092,2023-11-23 13:00,449431283.0,0,1,0,0,0.4166666666666667,0
1093,2023-11-23 14:00,532958203.0,0,0,0,0,0.0,0
1094,2023-11-23 15:00,185463977.0,0,0,0,0,0.0,0
1095,2023-11-23 16:00,126021379.0,0,0,0,0,0.0,0
1096,2023-11-23 17:00,221245494.0,0,0,0,0,0.0,0
1097,2023-11-23 18:00,331940810.0,0,0,0,0,0.0,0
1098,2023-11-23 19:00,356590914.0,0,0,0,0,0.0,0
1099,2023-11-23 20:00,264673233.0,0,0,0,0,0.0,0
1100,2023-11-23 21:00,269096383.0,0,0,0,0,0.0,0
1101,2023-11-23 22:00,109866496.0,0,0,0,0,0.0,0
1102,2023-11-23 23:00,318037608.0,0,0,0,0,0.0,0
1103,2023-11-24 00:00,160593837.0,0,0,0,0,0.0,0
1104,2023-11-24 01:00,25874010.0,0,0,0,0,0.0,0
1105,2023-11-24 02:00,78019925.0,0,0,0,0,0.0,0
1106,2023-11-24 03:00,107514520.0,0,0,0,0,0.0,0
1107,2023-11-24 04:00,430299458.0,0,1,0,0,0.4166666666666667,0
1108,2023-11-24 05:00,651849809.0,0,0,0,1,0.1875,0
1109,2023-11-24 06:00,787759432.0,0,0,0,0,0.0,0
1110,2023-11-24 07:00,588643820.0,0,0,0,0,0.0,0
1111,2023-11-24 08:00,677513864.0,0,0,0,0,0.0,0
1112,2023-11-24 09:00,1084808501.0,0,1,0,0,0.4166666666666667,0
1113,2023-11-24 10:00,873008285.0,0,1,0,0,0.4166666666666667,0
1114,2023-11-24 11:00,1424996677.0,0,1,0,0,0.4166666666666667,0
1115,2023-11-24 12:00,911453985.0,0,1,0,0,0.4166666666666667,0
1116,2023-11-24 13:00,502903455.0,0,1,0,0,0.4166666666666667,0
1117,2023-11-24 14:00,1420581576.0,0,1,0,0,0.4166666666666667,0
1118,2023-11-24 15:00,1110495708.0,0,1,0,0,0.4166666666666667,0
1119,2023-11-24 16:00,681039262.0,0,0,0,0,0.0,0
1120,2023-11-24 17:00,503695796.0,0,1,0,0,0.4166666666666667,0
1121,2023-11-24 18:00,321628414.0,0,0,0,0,0.0,0
1122,2023-11-24 19:00,359873626.0,0,0,0,0,0.0,0
1123,2023-11-24 20:00,195930656.0,0,0,0,0,0.0,0
1124,2023-11-24 21:00,662338708.0,0,0,0,0,0.0,0
1125,2023-11-24 22:00,513557835.0,0,0,0,0,0.0,0
1126,2023-11-24 23:00,501026654.0,0,0,0,0,0.0,0
1127,2023-11-25 00:00,245825573.0,1,0,0,0,0.0,0
1128,2023-11-25 01:00,120793098.0,1,0,0,0,0.0,0
1129,2023-11-25 02:00,73900645.0,1,0,0,0,0.0,0
1130,2023-11-25 03:00,58424954.0,1,0,0,0,0.0,0
1131,2023-11-25 04:00,194545504.0,1,0,0,0,0.0,0
1132,2023-11-25 05:00,125062149.0,1,0,0,0,0.0,0
1133,2023-11-25 06:00,136019910.0,1,0,0,0,0.0,0
1134,2023-11-25 07:00,95836412.0,1,0,0,1,0.1875,0
1135,2023-11-25 08:00,116289255.0,1,0,0,0,0.0,0
1136,2023-11-25 09:00,261539476.0,1,0,0,0,0.0,0
1137,2023-11-25 10:00,645022092.0,1,0,0,0,0.0,0
1138,2023-11-25 11:00,1105808565.0,1,1,0,0,0.4166666666666667,0
1139,2023-11-25 12:00,423843046.0,1,1,0,0,0.4166666666666667,0
1140,2023-11-25 13:00,115764191.0,1,0,0,0,0.0,0
1141,2023-11-25 14:00,756134037.0,1,0,0,0,0.0,0
1142,2023-11-25 15:00,420299462.0,1,1,0,0,0.4166666666666667,0
1143,2023-11-25 16:00,364798617.0,1,0,0,0,0.0,0
1144,2023-11-25 17:00,550540256.0,1,0,0,0,0.0,0
1145,2023-11-25 18:00,221687223.0,1,0,0,0,0.0,0
1146,2023-11-25 19:00,365595046.0,1,0,0,0,0.0,0
1147,2023-11-25 20:00,503756595.0,1,0,0,0,0.0,0
1148,2023-11-25 21:00,258450720.0,1,0,0,0,0.0,0
1149,2023-11-25 22:00,353214358.0,1,0,0,0,0.0,0
1150,2023-11-25 23:00,105683925.0,1,0,0,0,0.0,0
1151,2023-11-26 00:00,103143831.0,1,0,0,0,0.0,0
1152,2023-11-26 01:00,58908577.0,1,0,0,0,0.0,0
1153,2023-11-26 02:00,45907608.0,1,0,0,0,0.0,0
1154,2023-11-26 03:00,103128937.0,1,0,0,1,0.1875,0
1155,2023-11-26 04:00,154000267.0,1,0,0,0,0.0,0
1156,2023-11-26 05:00,69965281.0,1,0,0,0,0.0,0
1157,2023-11-26 06:00,187601130.0,1,0,0,0,0.0,0
1158,2023-11-26 07:00,154613211.0,1,0,0,0,0.0,0
1159,2023-11-26 08:00,85963813.0,1,0,0,0,0.0,0
1160,2023-11-26 09:00,210845912.0,1,0,0,0,0.0,0
1161,2023-11-26 10:00,117741778.0,1,0,0,0,0.0,0
1162,2023-11-26 11:00,98637867.0,1,0,0,0,0.0,0
1163,2023-11-26 12:00,92003205.0,1,0,0,0,0.0,0
1164,2023-11-26 13:00,95569417.0,1,0,0,0,0.0,0
1165,2023-11-26 14:00,745057987.0,1,0,0,1,0.1875,0
1166,2023-11-26 15:00,286905100.0,1,0,0,0,0.0,0
1167,2023-11-26 16:00,183872269.0,1,0,0,0,0.0,0
1168,2023-11-26 17:00,251980706.0,1,0,0,0,0.0,0
1169,2023-11-26 18:00,81195538.0,1,0,0,0,0.0,0
1170,2023-11-26 19:00,182496146.0,1,0,0,0,0.0,0
1171,2023-11-26 20:00,170070610.0,1,0,0,0,0.0,0
1172,2023-11-26 21:00,405771302.0,1,1,0,0,0.4166666666666667,0
1173,2023-11-26 22:00,49334134.0,1,0,0,0,0.0,0
1174,2023-11-26 23:00,107482795.0,1,0,0,0,0.0,0
1175,2023-11-27 00:00,42382619.0,0,0,0,0,0.0,0
1176,2023-11-27 01:00,26790394.0,0,0,0,0,0.0,0
1177,2023-11-27 02:00,29755904.0,0,0,0,0,0.0,0
1178,2023-11-27 03:00,65974225.0,0,0,0,0,0.0,0
1179,2023-11-27 04:00,345224669.0,0,0,0,0,0.0,0
1180,2023-11-27 05:00,804295611.0,0,0,0,1,0.1875,0
1181,2023-11-27 06:00,277935003.0,0,0,0,0,0.0,0
1182,2023-11-27 07:00,634533399.0,0,0,0,0,0.0,0
1183,2023-11-27 08:00,2183725413.0,0,1,0,1,0.6041666666666667,0
1184,2023-11-27 09:00,783659393.0,0,0,0,0,0.0,0
1185,2023-11-27 10:00,1020262737.0,0,1,0,0,0.4166666666666667,0
1186,2023-11-27 11:00,1567087704.0,0,1,0,0,0.4166666666666667,0
1187,2023-11-27 12:00,1482898877.0,0,1,0,0,0.4166666666666667,0
1188,2023-11-27 13:00,417064363.0,0,0,0,0,0.0,0
1189,2023-11-27 14:00,529973920.0,0,0,0,0,0.0,0
1190,2023-11-27 15:00,414649270.0,0,0,0,0,0.0,0
1191,2023-11-27 16:00,121675681.0,0,0,0,0,0.0,0
1192,2023-11-27 17:00,350232400.0,0,0,0,0,0.0,0
1193,2023-11-27 18:00,422314841.0,0,0,0,0,0.0,0
1194,2023-11-27 19:00,164929340.0,0,0,0,0,0.0,0
1195,2023-11-27 20:00,376153027.0,0,0,0,0,0.0,0
1196,2023-11-27 21:00,617717681.0,0,0,0,0,0.0,0
1197,2023-11-27 22:00,153206466.0,0,0,0,0,0.0,0
1198,2023-11-27 23:00,323205296.0,0,0,0,0,0.0,0
1199,2023-11-28 00:00,301868044.0,0,0,0,0,0.0,0
1200,2023-11-28 01:00,188491230.0,0,0,0,1,0.1875,0
1201,2023-11-28 02:00,261784722.0,0,0,0,0,0.0,0
1202,2023-11-28 03:00,77203365.0,0,0,0,0,0.0,0
1203,2023-11-28 04:00,273350801.0,0,0,0,0,0.0,0
1204,2023-11-28 05:00,746625594.0,0,0,0,0,0.0,0
1205,2023-11-28 06:00,832215754.0,0,0,0,0,0.0,0
1206,2023-11-28 07:00,1985138471.0,0,1,0,0,0.4166666666666667,0
1207,2023-11-28 08:00,1032271780.0,0,0,0,0,0.0,0
1208,2023-11-28 09:00,431121565.0,0,0,0,0,0.0,0
1209,2023-11-28 10:00,395239444.0,0,0,0,0,0.0,0
1210,2023-11-28 11:00,690846314.0,0,0,0,0,0.0,0
1211,2023-11-28 12:00,677607436.0,0,0,0,0,0.0,0
1212,2023-11-28 13:00,198582298.0,0,0,0,0,0.0,0
1213,2023-11-28 14:00,157332834.0,0,0,0,0,0.0,0
1214,2023-11-28 15:00,270390883.0,0,0,0,0,0.0,0
1215,2023-11-28 16:00,950716736.0,0,0,0,0,0.0,0
1216,2023-11-28 17:00,330767935.0,0,0,0,0,0.0,0
1217,2023-11-28 18:00,264320802.0,0,0,0,0,0.0,0
1218,2023-11-28 19:00,706284947.0,0,0,0,0,0.0,0
1219,2023-11-28 20:00,552967160.0,0,0,0,0,0.0,0
1220,2023-11-28 21:00,356549219.0,0,0,0,0,0.0,0
1221,2023-11-28 22:00,349770199.0,0,0,0,0,0.0,0
1222,2023-11-28 23:00,396290807.0,0,0,0,0,0.0,0
1223,2023-11-29 00:00,77459240.0,0,0,0,0,0.0,0
1224,2023-11-29 01:00,97028085.0,0,0,0,0,0.0,0
1225,2023-11-29 02:00,90076835.0,0,0,0,0,0.0,0
1226,2023-11-29 03:00,126923264.0,0,0,0,0,0.0,0
1227,2023-11-29 04:00,678725978.0,0,0,0,0,0.0,0
1228,2023-11-29 05:00,1086680892.0,0,1,0,1,0.6041666666666667,0
1229,2023-11-29 06:00,994364775.0,0,0,0,0,0.0,0
1230,2023-11-29 07:00,3953658564.0,0,1,1,1,1.0,1
1231,2023-11-29 08:00,3173906950.0,0,1,0,0,0.4166666666666667,0
1232,2023-11-29 09:00,493291251.0,0,0,0,0,0.0,0
1233,2023-11-29 10:00,807510873.0,0,0,0,0,0.0,0
1234,2023-11-29 11:00,507362912.0,0,0,0,0,0.0,0
1235,2023-11-29 12:00,1046361788.0,0,0,0,0,0.0,0
1236,2023-11-29 13:00,374481609.0,0,0,0,0,0.0,0
1237,2023-11-29 14:00,360275521.0,0,0,0,0,0.0,0
1238,2023-11-29 15:00,102360860.0,0,0,0,0,0.0,0
1239,2023-11-29 16:00,163772734.0,0,0,0,0,0.0,0
1240,2023-11-29 17:00,825542187.0,0,0,0,0,0.0,0
1241,2023-11-29 18:00,235514916.0,0,0,0,1,0.1875,0
1242,2023-11-29 19:00,477179783.0,0,0,0,0,0.0,0
1243,2023-11-29 20:00,382121322.0,0,0,0,0,0.0,0
1244,2023-11-29 21:00,392974930.0,0,0,0,0,0.0,0
1245,2023-11-29 22:00,178882425.0,0,0,0,0,0.0,0
1246,2023-11-29 23:00,489083213.0,0,0,0,0,0.0,0
1247,2023-11-30 00:00,127358034.0,0,0,0,0,0.0,0
1248,2023-11-30 01:00,134240883.0,0,0,0,0,0.0,0
1249,2023-11-30 02:00,63744489.0,0,0,0,0,0.0,0
1250,2023-11-30 03:00,365686339.0,0,0,0,0,0.0,0
1251,2023-11-30 04:00,419835974.0,0,0,0,0,0.0,0
1252,2023-11-30 05:00,971600308.0,0,0,0,0,0.0,0
1253,2023-11-30 06:00,702896146.0,0,0,0,0,0.0,0
1254,2023-11-30 07:00,674309881.0,0,0,0,0,0.0,0
1255,2023-11-30 08:00,550197005.0,0,0,0,0,0.0,0
1256,2023-11-30 09:00,1921538830.0,0,1,0,0,0.4166666666666667,0
1257,2023-11-30 10:00,1001239964.0,0,0,0,0,0.0,0
1258,2023-11-30 11:00,799287194.0,0,0,0,0,0.0,0
1259,2023-11-30 12:00,990701737.0,0,0,0,0,0.0,0
1260,2023-11-30 13:00,461532890.0,0,0,0,0,0.0,0
1261,2023-11-30 14:00,273794838.0,0,0,0,0,0.0,0
1262,2023-11-30 15:00,191909139.0,0,0,0,0,0.0,0
1263,2023-11-30 16:00,98781940.0,0,0,0,0,0.0,0
1264,2023-11-30 17:00,1946335442.0,0,1,0,0,0.4166666666666667,0
1265,2023-11-30 18:00,337847159.0,0,0,0,1,0.1875,0
1266,2023-11-30 19:00,194531589.0,0,0,0,0,0.0,0
1267,2023-11-30 20:00,62793521.0,0,0,0,0,0.0,0
1268,2023-11-30 21:00,433041837.0,0,0,0,0,0.0,0
1269,2023-11-30 22:00,102411912.0,0,0,0,0,0.0,0
1270,2023-11-30 23:00,438117383.0,0,0,0,0,0.0,0
1271,2023-12-01 00:00,80243434.0,0,0,0,0,0.0,0
1272,2023-12-01 01:00,84331674.0,0,0,0,0,0.0,0
1273,2023-12-01 02:00,58477558.0,0,0,0,0,0.0,0
1274,2023-12-01 03:00,82811635.0,0,0,0,0,0.0,0
1275,2023-12-01 04:00,410938733.0,0,0,0,0,0.0,0
1276,2023-12-01 05:00,844552250.0,0,0,0,0,0.0,0
1277,2023-12-01 06:00,1000973511.0,0,0,0,0,0.0,0
1278,2023-12-01 07:00,689979472.0,0,0,0,0,0.0,0
1279,2023-12-01 08:00,576153222.0,0,0,0,0,0.0,0
1280,2023-12-01 09:00,1306660866.0,0,0,0,0,0.0,0
1281,2023-12-01 10:00,678952565.0,0,0,0,0,0.0,0
1282,2023-12-01 11:00,569753705.0,0,0,0,0,0.0,0
1283,2023-12-01 12:00,548123867.0,0,0,0,0,0.0,0
1284,2023-12-01 13:00,447434836.0,0,0,0,0,0.0,0
1285,2023-12-01 14:00,2128843474.0,0,1,0,0,0.4166666666666667,0
1286,2023-12-01 15:00,2029034323.0,0,1,0,0,0.4166666666666667,0
1287,2023-12-01 16:00,529186058.0,0,0,0,0,0.0,0
1288,2023-12-01 17:00,429257473.0,0,0,0,0,0.0,0
1289,2023-12-01 18:00,624163459.0,0,0,0,0,0.0,0
1290,2023-12-01 19:00,711085234.0,0,0,0,1,0.1875,0
1291,2023-12-01 20:00,396694659.0,0,0,0,0,0.0,0
1292,2023-12-01 21:00,618083105.0,0,0,0,0,0.0,0
1293,2023-12-01 22:00,927062460.0,0,0,0,0,0.0,0
1294,2023-12-01 23:00,481188099.0,0,0,0,0,0.0,0
1295,2023-12-02 00:00,438330225.0,1,0,0,0,0.0,0
1296,2023-12-02 01:00,191520375.0,1,0,0,0,0.0,0
1297,2023-12-02 02:00,306348385.0,1,0,0,0,0.0,0
1298,2023-12-02 03:00,353921665.0,1,0,0,0,0.0,0
1299,2023-12-02 04:00,317044298.0,1,0,0,0,0.0,0
1300,2023-12-02 05:00,1375222458.0,1,0,0,0,0.0,0
1301,2023-12-02 06:00,297125207.0,1,0,0,0,0.0,0
1302,2023-12-02 07:00,456265030.0,1,0,0,0,0.0,0
1303,2023-12-02 08:00,158217039.0,1,0,0,0,0.0,0
1304,2023-12-02 09:00,481090810.0,1,0,0,0,0.0,0
1305,2023-12-02 10:00,846309105.0,1,0,0,0,0.0,0
1306,2023-12-02 11:00,1071321215.0,1,0,0,0,0.0,0
1307,2023-12-02 12:00,732707430.0,1,0,0,0,0.0,0
1308,2023-12-02 13:00,597436638.0,1,0,0,0,0.0,0
1309,2023-12-02 14:00,365817418.0,1,0,0,0,0.0,0
1310,2023-12-02 15:00,1248716829.0,1,0,0,0,0.0,0
1311,2023-12-02 16:00,40583319.0,1,0,0,0,0.0,0
1312,2023-12-02 17:00,339722338.0,1,0,0,0,0.0,0
1313,2023-12-02 18:00,579609570.0,1,0,0,0,0.0,0
1314,2023-12-02 19:00,1139530662.0,1,0,0,0,0.0,0
1315,2023-12-02 20:00,779081309.0,1,0,0,0,0.0,0
1316,2023-12-02 21:00,346211941.0,1,0,0,0,0.0,0
1317,2023-12-02 22:00,185413833.0,1,0,0,0,0.0,0
1318,2023-12-02 23:00,57284485.0,1,0,0,0,0.0,0
1319,2023-12-03 00:00,120420784.0,1,0,0,0,0.0,0
1320,2023-12-03 01:00,294892492.0,1,0,0,0,0.0,0
1321,2023-12-03 02:00,34908933.0,1,0,0,0,0.0,0
1322,2023-12-03 03:00,77043481.0,1,0,0,0,0.0,0
1323,2023-12-03 04:00,104150755.0,1,0,0,0,0.0,0
1324,2023-12-03 05:00,144821640.0,1,0,0,0,0.0,0
1325,2023-12-03 06:00,169942612.0,1,0,0,1,0.1875,0
1326,2023-12-03 07:00,213915724.0,1,0,0,0,0.0,0
1327,2023-12-03 08:00,379264984.0,1,0,0,0,0.0,0
1328,2023-12-03 09:00,988708604.0,1,0,0,0,0.0,0
1329,2023-12-03 10:00,674565822.0,1,0,0,0,0.0,0
1330,2023-12-03 11:00,175418406.0,1,0,0,0,0.0,0
1331,2023-12-03 12:00,438093938.0,1,0,0,0,0.0,0
1332,2023-12-03 13:00,268751124.0,1,0,0,0,0.0,0
1333,2023-12-03 14:00,725443094.0,1,0,0,0,0.0,0
1334,2023-12-03 15:00,1039069484.0,1,0,0,0,0.0,0
1335,2023-12-03 16:00,1216124272.0,1,1,0,0,0.4166666666666667,0
1336,2023-12-03 17:00,359232188.0,1,0,0,0,0.0,0
1337,2023-12-03 18:00,329538441.0,1,0,0,0,0.0,0
1338,2023-12-03 19:00,303311708.0,1,0,0,0,0.0,0
1339,2023-12-03 20:00,258174633.0,1,0,0,0,0.0,0
1340,2023-12-03 21:00,315634444.0,1,0,0,0,0.0,0
1341,2023-12-03 22:00,506271265.0,1,0,0,0,0.0,0
1342,2023-12-03 23:00,364864194.0,1,0,0,0,0.0,0
1343,2023-12-04 00:00,338125429.0,0,0,0,0,0.0,0
1344,2023-12-04 01:00,166920887.0,0,0,0,0,0.0,0
1345,2023-12-04 02:00,107352835.0,0,0,0,0,0.0,0
1346,2023-12-04 03:00,312305551.0,0,0,0,0,0.0,0
1347,2023-12-04 04:00,759072792.0,0,0,0,0,0.0,0
1348,2023-12-04 05:00,952858415.0,0,0,0,0,0.0,0
1349,2023-12-04 06:00,1598441536.0,0,1,0,0,0.4166666666666667,0
1350,2023-12-04 07:00,560304728.0,0,0,0,0,0.0,0
1351,2023-12-04 08:00,744559278.0,0,0,0,0,0.0,0
1352,2023-12-04 09:00,849131323.0,0,0,0,0,0.0,0
1353,2023-12-04 10:00,671542028.0,0,0,0,0,0.0,0
1354,2023-12-04 11:00,537594107.0,0,0,0,0,0.0,0
1355,2023-12-04 12:00,207451218.0,0,0,0,0,0.0,0
1356,2023-12-04 13:00,321315175.0,0,0,0,0,0.0,0
1357,2023-12-04 14:00,260032878.0,0,0,0,0,0.0,0
1358,2023-12-04 15:00,312127096.0,0,0,0,0,0.0,0
1359,2023-12-04 16:00,111885995.0,0,0,0,0,0.0,0
1360,2023-12-04 17:00,59018723.0,0,0,0,0,0.0,0
1361,2023-12-04 18:00,208560894.0,0,0,0,0,0.0,0
1362,2023-12-04 19:00,371571374.0,0,0,0,0,0.0,0
1363,2023-12-04 20:00,188122366.0,0,0,0,0,0.0,0
1364,2023-12-04 21:00,388787705.0,0,0,0,0,0.0,0
1365,2023-12-04 22:00,101027143.0,0,0,0,0,0.0,0
1366,2023-12-04 23:00,89294534.0,0,0,0,0,0.0,0
1367,2023-12-05 00:00,110211966.0,0,0,0,1,0.1875,0
1368,2023-12-05 01:00,188681823.0,0,0,0,0,0.0,0
1369,2023-12-05 02:00,698323070.0,0,0,0,0,0.0,0
1370,2023-12-05 03:00,162583266.0,0,0,0,0,0.0,0
1371,2023-12-05 04:00,483903007.0,0,0,0,0,0.0,0
1372,2023-12-05 05:00,910261575.0,0,0,0,0,0.0,0
1373,2023-12-05 06:00,443527180.0,0,0,0,0,0.0,0
1374,2023-12-05 07:00,340328890.0,0,0,0,0,0.0,0
1375,2023-12-05 08:00,611040292.0,0,0,0,0,0.0,0
1376,2023-12-05 09:00,489429898.0,0,0,0,0,0.0,0
1377,2023-12-05 10:00,493499238.0,0,0,0,0,0.0,0
1378,2023-12-05 11:00,529227752.0,0,0,0,0,0.0,0
1379,2023-12-05 12:00,370628558.0,0,0,0,0,0.0,0
1380,2023-12-05 13:00,196921911.0,0,0,0,0,0.0,0
1381,2023-12-05 14:00,229207521.0,0,0,0,0,0.0,0
1382,2023-12-05 15:00,145687530.0,0,0,0,0,0.0,0
1383,2023-12-05 16:00,144730789.0,0,0,0,0,0.0,0
1384,2023-12-05 17:00,244339212.0,0,0,0,0,0.0,0
1385,2023-12-05 18:00,291366955.0,0,0,0,0,0.0,0
1386,2023-12-05 19:00,454906986.0,0,1,0,1,0.6041666666666667,0
1387,2023-12-05 20:00,864997542.0,0,0,0,0,0.0,0
1388,2023-12-05 21:00,656880289.0,0,0,0,0,0.0,0
1389,2023-12-05 22:00,239321264.0,0,0,0,0,0.0,0
1390,2023-12-05 23:00,33255533.0,0,0,0,0,0.0,0
1391,2023-12-06 00:00,45787666.0,0,0,0,0,0.0,0
1392,2023-12-06 01:00,51136617.0,0,0,0,0,0.0,0
1393,2023-12-06 02:00,48653164.0,0,0,0,1,0.1875,0
1394,2023-12-06 03:00,113164119.0,0,0,0,0,0.0,0
1395,2023-12-06 04:00,313002467.0,0,0,0,0,0.0,0
1396,2023-12-06 05:00,953912386.0,0,0,0,0,0.0,0
1397,2023-12-06 06:00,242812769.0,0,0,0,0,0.0,0
1398,2023-12-06 07:00,602395690.0,0,0,0,0,0.0,0
1399,2023-12-06 08:00,406267409.0,0,0,0,0,0.0,0
1400,2023-12-06 09:00,385995530.0,0,0,0,0,0.0,0
1401,2023-12-06 10:00,441152854.0,0,1,0,0,0.4166666666666667,0
1402,2023-12-06 11:00,1319207980.0,0,1,0,0,0.4166666666666667,0
1403,2023-12-06 12:00,593747492.0,0,0,0,0,0.0,0
1404,2023-12-06 13:00,381098545.0,0,0,0,0,0.0,0
1405,2023-12-06 14:00,1542616378.0,0,1,0,0,0.4166666666666667,0
1406,2023-12-06 15:00,1330540315.0,0,1,0,0,0.4166666666666667,0
1407,2023-12-06 16:00,139690604.0,0,0,0,0,0.0,0
1408,2023-12-06 17:00,312727636.0,0,0,0,0,0.0,0
1409,2023-12-06 18:00,125969780.0,0,0,0,0,0.0,0
1410,2023-12-06 19:00,176405060.0,0,0,0,0,0.0,0
1411,2023-12-06 20:00,342604202.0,0,0,0,0,0.0,0
1412,2023-12-06 21:00,192379211.0,0,0,0,0,0.0,0
1413,2023-12-06 22:00,761685399.0,0,0,0,0,0.0,0
1414,2023-12-06 23:00,334022182.0,0,0,0,0,0.0,0
1415,2023-12-07 00:00,182943843.0,0,0,0,0,0.0,0
1416,2023-12-07 01:00,154753690.0,0,0,0,0,0.0,0
1417,2023-12-07 02:00,45830853.0,0,0,0,0,0.0,0
1418,2023-12-07 03:00,87459334.0,0,0,0,0,0.0,0
1419,2023-12-07 04:00,484126050.0,0,1,0,0,0.4166666666666667,0
1420,2023-12-07 05:00,624914290.0,0,0,0,0,0.0,0
1421,2023-12-07 06:00,388420413.0,0,0,0,0,0.0,0
1422,2023-12-07 07:00,660963382.0,0,0,0,0,0.0,0
1423,2023-12-07 08:00,680921917.0,0,0,0,0,0.0,0
1424,2023-12-07 09:00,924016571.0,0,0,0,0,0.0,0
1425,2023-12-07 10:00,610523196.0,0,0,0,0,0.0,0
1426,2023-12-07 11:00,557316502.0,0,0,0,0,0.0,0
1427,2023-12-07 12:00,364519706.0,0,0,0,0,0.0,0
1428,2023-12-07 13:00,708483294.0,0,0,0,0,0.0,0
1429,2023-12-07 14:00,741186120.0,0,0,0,0,0.0,0
1430,2023-12-07 15:00,281786241.0,0,0,0,0,0.0,0
1431,2023-12-07 16:00,276046556.0,0,0,0,0,0.0,0
1432,2023-12-07 17:00,141343048.0,0,0,0,0,0.0,0
1433,2023-12-07 18:00,208905683.0,0,0,0,0,0.0,0
1434,2023-12-07 19:00,145921241.0,0,0,0,0,0.0,0
1435,2023-12-07 20:00,137369821.0,0,0,0,0,0.0,0
1436,2023-12-07 21:00,340133283.0,0,0,0,0,0.0,0
1437,2023-12-07 22:00,111937686.0,0,0,0,0,0.0,0
1438,2023-12-07 23:00,229614601.0,0,0,0,0,0.0,0
1439,2023-12-08 00:00,403315691.0,0,0,0,0,0.0,0
1440,2023-12-08 01:00,61002700.0,0,0,0,0,0.0,0
1441,2023-12-08 02:00,67978295.0,0,0,0,0,0.0,0
1442,2023-12-08 03:00,116254362.0,0,0,0,0,0.0,0
1443,2023-12-08 04:00,681271192.0,0,0,0,0,0.0,0
1444,2023-12-08 05:00,1008719514.0,0,1,0,0,0.4166666666666667,0
1445,2023-12-08 06:00,653547041.0,0,0,0,0,0.0,0
1446,2023-12-08 07:00,561006805.0,0,0,0,0,0.0,0
1447,2023-12-08 08:00,369202199.0,0,0,0,0,0.0,0
1448,2023-12-08 09:00,744006884.0,0,0,0,0,0.0,0
1449,2023-12-08 10:00,671880109.0,0,0,0,0,0.0,0
1450,2023-12-08 11:00,1291422323.0,0,1,0,0,0.4166666666666667,0
1451,2023-12-08 12:00,916929177.0,0,0,0,0,0.0,0
1452,2023-12-08 13:00,240960923.0,0,0,0,0,0.0,0
1453,2023-12-08 14:00,576672485.0,0,0,0,0,0.0,0
1454,2023-12-08 15:00,577346243.0,0,0,0,0,0.0,0
1455,2023-12-08 16:00,263227990.0,0,0,0,0,0.0,0
1456,2023-12-08 17:00,464153077.0,0,1,0,0,0.4166666666666667,0
1457,2023-12-08 18:00,262672462.0,0,0,0,0,0.0,0
1458,2023-12-08 19:00,793691536.0,0,0,0,0,0.0,0
1459,2023-12-08 20:00,467886763.0,0,1,0,0,0.4166666666666667,0
1460,2023-12-08 21:00,947623015.0,0,1,0,0,0.4166666666666667,0
1461,2023-12-08 22:00,142322463.0,0,0,0,0,0.0,0
1462,2023-12-08 23:00,130677285.0,0,0,0,0,0.0,0
1463,2023-12-09 00:00,770363329.0,1,0,0,0,0.0,0
1464,2023-12-09 01:00,457083214.0,1,1,0,0,0.4166666666666667,0
1465,2023-12-09 02:00,196140703.0,1,0,0,0,0.0,0
1466,2023-12-09 03:00,196201155.0,1,0,0,0,0.0,0
1467,2023-12-09 04:00,253554930.0,1,0,0,0,0.0,0
1468,2023-12-09 05:00,333263595.0,1,0,0,0,0.0,0
1469,2023-12-09 06:00,286754170.0,1,0,0,0,0.0,0
1470,2023-12-09 07:00,287264443.0,1,0,0,0,0.0,0
1471,2023-12-09 08:00,390452485.0,1,0,0,0,0.0,0
1472,2023-12-09 09:00,637451470.0,1,0,0,0,0.0,0
1473,2023-12-09 10:00,1179306965.0,1,1,0,0,0.4166666666666667,0
1474,2023-12-09 11:00,938614476.0,1,0,0,0,0.0,0
1475,2023-12-09 12:00,1026791958.0,1,1,0,0,0.4166666666666667,0
1476,2023-12-09 13:00,961645102.0,1,1,0,0,0.4166666666666667,0
1477,2023-12-09 14:00,955906655.0,1,0,0,0,0.0,0
1478,2023-12-09 15:00,397089840.0,1,0,0,0,0.0,0
1479,2023-12-09 16:00,2020557983.0,1,1,0,0,0.4166666666666667,0
1480,2023-12-09 17:00,1630973734.0,1,1,0,0,0.4166666666666667,0
1481,2023-12-09 18:00,385653562.0,1,0,0,0,0.0,0
1482,2023-12-09 19:00,738105773.0,1,0,0,0,0.0,0
1483,2023-12-09 20:00,541791774.0,1,0,0,0,0.0,0
1484,2023-12-09 21:00,574617893.0,1,0,0,0,0.0,0
1485,2023-12-09 22:00,367229572.0,1,0,0,0,0.0,0
1486,2023-12-09 23:00,241052450.0,1,0,0,0,0.0,0
1487,2023-12-10 00:00,464743337.0,1,0,0,0,0.0,0
1488,2023-12-10 01:00,210815218.0,1,0,0,0,0.0,0
1489,2023-12-10 02:00,370638200.0,1,0,0,0,0.0,0
1490,2023-12-10 03:00,142815399.0,1,0,0,0,0.0,0
1491,2023-12-10 04:00,116694352.0,1,0,0,0,0.0,0
1492,2023-12-10 05:00,272058780.0,1,0,0,0,0.0,0
1493,2023-12-10 06:00,351843720.0,1,0,0,0,0.0,0
1494,2023-12-10 07:00,184704581.0,1,0,0,0,0.0,0
1495,2023-12-10 08:00,108461556.0,1,0,0,0,0.0,0
1496,2023-12-10 09:00,179834545.0,1,0,0,0,0.0,0
1497,2023-12-10 10:00,747548569.0,1,0,0,0,0.0,0
1498,2023-12-10 11:00,1332521144.0,1,1,0,0,0.4166666666666667,0
1499,2023-12-10 12:00,503180957.0,1,0,0,0,0.0,0
1500,2023-12-10 13:00,107974701.0,1,0,0,0,0.0,0
1501,2023-12-10 14:00,96648354.0,1,0,0,0,0.0,0
1502,2023-12-10 15:00,118220149.0,1,0,0,0,0.0,0
1503,2023-12-10 16:00,424252180.0,1,0,0,0,0.0,0
1504,2023-12-10 17:00,352943268.0,1,0,0,0,0.0,0
1505,2023-12-10 18:00,506671361.0,1,0,0,0,0.0,0
1506,2023-12-10 19:00,530044781.0,1,0,0,0,0.0,0
1507,2023-12-10 20:00,484939147.0,1,0,0,0,0.0,0
1508,2023-12-10 21:00,600257704.0,1,0,0,0,0.0,0
1509,2023-12-10 22:00,886414942.0,1,0,0,0,0.0,0
1510,2023-12-10 23:00,802653603.0,1,0,0,0,0.0,0
1511,2023-12-11 00:00,339821090.0,0,0,0,0,0.0,0
1512,2023-12-11 01:00,153402677.0,0,0,0,0,0.0,0
1513,2023-12-11 02:00,307619232.0,0,0,0,0,0.0,0
1514,2023-12-11 03:00,279792240.0,0,0,0,0,0.0,0
1515,2023-12-11 04:00,971963564.0,0,0,0,0,0.0,0
1516,2023-12-11 05:00,885385923.0,0,0,0,0,0.0,0
1517,2023-12-11 06:00,452993164.0,0,0,0,0,0.0,0
1518,2023-12-11 07:00,740482733.0,0,0,0,0,0.0,0
1519,2023-12-11 08:00,624149321.0,0,0,0,0,0.0,0
1520,2023-12-11 09:00,980935757.0,0,0,0,0,0.0,0
1521,2023-12-11 10:00,536493776.0,0,0,0,0,0.0,0
1522,2023-12-11 11:00,680449712.0,0,0,0,0,0.0,0
1523,2023-12-11 12:00,420716587.0,0,0,0,0,0.0,0
1524,2023-12-11 13:00,320796428.0,0,0,0,0,0.0,0
1525,2023-12-11 14:00,602777058.0,0,0,0,0,0.0,0
1526,2023-12-11 15:00,147537453.0,0,0,0,0,0.0,0
1527,2023-12-11 16:00,120943860.0,0,0,0,0,0.0,0
1528,2023-12-11 17:00,298123739.0,0,0,0,0,0.0,0
1529,2023-12-11 18:00,302592465.0,0,0,0,0,0.0,0
1530,2023-12-11 19:00,459507409.0,0,0,0,0,0.0,0
1531,2023-12-11 20:00,202759958.0,0,0,0,0,0.0,0
1532,2023-12-11 21:00,261105384.0,0,0,0,0,0.0,0
1533,2023-12-11 22:00,122639434.0,0,0,0,0,0.0,0
1534,2023-12-11 23:00,107405382.0,0,0,0,0,0.0,0
1535,2023-12-12 00:00,264927360.0,0,0,0,0,0.0,0
1536,2023-12-12 01:00,207402118.0,0,0,0,0,0.0,0
1537,2023-12-12 02:00,324539132.0,0,0,0,0,0.0,0
1538,2023-12-12 03:00,156148292.0,0,0,0,0,0.0,0
1539,2023-12-12 04:00,773498788.0,0,0,0,0,0.0,0
1540,2023-12-12 05:00,1038707327.0,0,1,0,0,0.4166666666666667,0
1541,2023-12-12 06:00,1625341023.0,0,1,0,0,0.4166666666666667,0
1542,2023-12-12 07:00,888855066.0,0,0,0,0,0.0,0
1543,2023-12-12 08:00,819408393.0,0,0,0,0,0.0,0
1544,2023-12-12 09:00,567680955.0,0,0,0,0,0.0,0
1545,2023-12-12 10:00,602790051.0,0,0,0,0,0.0,0
1546,2023-12-12 11:00,652333458.0,0,0,0,0,0.0,0
1547,2023-12-12 12:00,878404333.0,0,0,0,0,0.0,0
1548,2023-12-12 13:00,636151334.0,0,0,0,0,0.0,0
1549,2023-12-12 14:00,392239567.0,0,0,0,0,0.0,0
1550,2023-12-12 15:00,655925253.0,0,0,0,0,0.0,0
1551,2023-12-12 16:00,476719588.0,0,0,0,0,0.0,0
1552,2023-12-12 17:00,645622179.0,0,0,0,0,0.0,0
1553,2023-12-12 18:00,543981713.0,0,0,0,0,0.0,0
1554,2023-12-12 19:00,415300340.0,0,0,0,0,0.0,0
1555,2023-12-12 20:00,734034419.0,0,0,0,0,0.0,0
1556,2023-12-12 21:00,546313429.0,0,0,0,0,0.0,0
1557,2023-12-12 22:00,589598719.0,0,0,0,0,0.0,0
1558,2023-12-12 23:00,435937373.0,0,0,0,0,0.0,0
1559,2023-12-13 00:00,660228393.0,0,0,0,0,0.0,0
1560,2023-12-13 01:00,332625811.0,0,0,0,0,0.0,0
1561,2023-12-13 02:00,512473735.0,0,0,0,0,0.0,0
1562,2023-12-13 03:00,558853774.0,0,0,0,0,0.0,0
1563,2023-12-13 04:00,1402313132.0,0,1,0,0,0.4166666666666667,0
1564,2023-12-13 05:00,2873163488.0,0,1,0,1,0.6041666666666667,0
1565,2023-12-13 06:00,765029325.0,0,0,0,0,0.0,0
1566,2023-12-13 07:00,1761839814.0,0,1,1,0,0.8125,1
1567,2023-12-13 08:00,613301636.0,0,0,0,0,0.0,0
1568,2023-12-13 09:00,557189730.0,0,0,0,0,0.0,0
1569,2023-12-13 10:00,748941350.0,0,0,0,0,0.0,0
1570,2023-12-13 11:00,1124837446.0,0,0,0,0,0.0,0
1571,2023-12-13 12:00,1265360567.0,0,1,0,0,0.4166666666666667,0
1572,2023-12-13 13:00,2391572139.0,0,1,0,0,0.4166666666666667,0
1573,2023-12-13 14:00,377413270.0,0,0,0,0,0.0,0
1574,2023-12-13 15:00,688819655.0,0,0,0,0,0.0,0
1575,2023-12-13 16:00,596497986.0,0,0,0,0,0.0,0
1576,2023-12-13 17:00,547918950.0,0,0,0,0,0.0,0
1577,2023-12-13 18:00,462333306.0,0,0,0,0,0.0,0
1578,2023-12-13 19:00,634511685.0,0,0,0,0,0.0,0
1579,2023-12-13 20:00,467298898.0,0,0,0,0,0.0,0
1580,2023-12-13 21:00,263047099.0,0,0,0,0,0.0,0
1581,2023-12-13 22:00,930307787.0,0,0,0,0,0.0,0
1582,2023-12-13 23:00,460848679.0,0,0,0,0,0.0,0
1583,2023-12-14 00:00,185519198.0,0,0,0,0,0.0,0
1584,2023-12-14 01:00,214562820.0,0,0,0,0,0.0,0
1585,2023-12-14 02:00,370882116.0,0,0,0,0,0.0,0
1586,2023-12-14 03:00,659945805.0,0,0,0,1,0.1875,0
1587,2023-12-14 04:00,673578638.0,0,0,0,0,0.0,0
1588,2023-12-14 05:00,1227335319.0,0,1,0,0,0.4166666666666667,0
1589,2023-12-14 06:00,530383148.0,0,0,0,0,0.0,0
1590,2023-12-14 07:00,539754194.0,0,0,0,0,0.0,0
1591,2023-12-14 08:00,953015221.0,0,0,0,0,0.0,0
1592,2023-12-14 09:00,636792707.0,0,0,0,1,0.1875,0
1593,2023-12-14 10:00,753307396.0,0,0,0,0,0.0,0
1594,2023-12-14 11:00,826720819.0,0,0,0,0,0.0,0
1595,2023-12-14 12:00,525535673.0,0,0,0,0,0.0,0
1596,2023-12-14 13:00,304913661.0,0,0,0,0,0.0,0
1597,2023-12-14 14:00,172347513.0,0,0,0,0,0.0,0
1598,2023-12-14 15:00,1686287340.0,0,1,0,0,0.4166666666666667,0
1599,2023-12-14 16:00,442825706.0,0,0,0,0,0.0,0
1600,2023-12-14 17:00,266442014.0,0,0,0,0,0.0,0
1601,2023-12-14 18:00,455333708.0,0,0,0,0,0.0,0
1602,2023-12-14 19:00,272424594.0,0,0,0,1,0.1875,0
1603,2023-12-14 20:00,320910903.0,0,0,0,0,0.0,0
1604,2023-12-14 21:00,1534755636.0,0,1,0,0,0.4166666666666667,0
1605,2023-12-14 22:00,300301350.0,0,0,0,0,0.0,0
1606,2023-12-14 23:00,372413793.0,0,0,0,0,0.0,0
1607,2023-12-15 00:00,177443509.0,0,0,0,0,0.0,0
1608,2023-12-15 01:00,130302542.0,0,0,0,1,0.1875,0
1609,2023-12-15 02:00,147943442.0,0,0,0,0,0.0,0
1610,2023-12-15 03:00,130992232.0,0,0,0,0,0.0,0
1611,2023-12-15 04:00,501948826.0,0,0,0,0,0.0,0
1612,2023-12-15 05:00,533286171.0,0,0,0,0,0.0,0
1613,2023-12-15 06:00,431994916.0,0,0,0,0,0.0,0
1614,2023-12-15 07:00,1014124997.0,0,0,0,0,0.0,0
1615,2023-12-15 08:00,621139175.0,0,0,0,0,0.0,0
1616,2023-12-15 09:00,521327987.0,0,0,0,0,0.0,0
1617,2023-12-15 10:00,1308979717.0,0,1,0,0,0.4166666666666667,0
1618,2023-12-15 11:00,1186172011.0,0,0,0,0,0.0,0
1619,2023-12-15 12:00,428974504.0,0,0,0,0,0.0,0
1620,2023-12-15 13:00,247597863.0,0,0,0,0,0.0,0
1621,2023-12-15 14:00,183127175.0,0,0,0,0,0.0,0
1622,2023-12-15 15:00,161375046.0,0,0,0,0,0.0,0
1623,2023-12-15 16:00,208757289.0,0,0,0,0,0.0,0
1624,2023-12-15 17:00,189721040.0,0,0,0,0,0.0,0
1625,2023-12-15 18:00,721386843.0,0,0,0,0,0.0,0
1626,2023-12-15 19:00,474477578.0,0,0,0,0,0.0,0
1627,2023-12-15 20:00,704050656.0,0,0,0,0,0.0,0
1628,2023-12-15 21:00,1128155175.0,0,0,0,0,0.0,0
1629,2023-12-15 22:00,252983913.0,0,0,0,0,0.0,0
1630,2023-12-15 23:00,59841845.0,0,0,0,0,0.0,0
1631,2023-12-16 00:00,70436353.0,1,0,0,0,0.0,0
1632,2023-12-16 01:00,75676044.0,1,0,0,0,0.0,0
1633,2023-12-16 02:00,149286608.0,1,0,0,0,0.0,0
1634,2023-12-16 03:00,97614648.0,1,0,0,0,0.0,0
1635,2023-12-16 04:00,206079457.0,1,0,0,0,0.0,0
1636,2023-12-16 05:00,236388233.0,1,0,0,0,0.0,0
1637,2023-12-16 06:00,491179653.0,1,0,0,0,0.0,0
1638,2023-12-16 07:00,523872544.0,1,0,0,0,0.0,0
1639,2023-12-16 08:00,335916730.0,1,0,0,0,0.0,0
1640,2023-12-16 09:00,435405719.0,1,0,0,0,0.0,0
1641,2023-12-16 10:00,559331962.0,1,0,0,0,0.0,0
1642,2023-12-16 11:00,563373436.0,1,0,0,0,0.0,0
1643,2023-12-16 12:00,1001541401.0,1,0,0,0,0.0,0
1644,2023-12-16 13:00,1518351292.0,1,1,0,0,0.4166666666666667,0
1645,2023-12-16 14:00,599557992.0,1,0,0,1,0.1875,0
1646,2023-12-16 15:00,255279032.0,1,0,0,0,0.0,0
1647,2023-12-16 16:00,176244416.0,1,0,0,0,0.0,0
1648,2023-12-16 17:00,232626835.0,1,0,0,0,0.0,0
1649,2023-12-16 18:00,978654510.0,1,0,0,0,0.0,0
1650,2023-12-16 19:00,688252633.0,1,0,0,0,0.0,0
1651,2023-12-16 20:00,894946590.0,1,0,0,0,0.0,0
1652,2023-12-16 21:00,151027366.0,1,0,0,0,0.0,0
1653,2023-12-16 22:00,497879537.0,1,0,0,0,0.0,0
1654,2023-12-16 23:00,215998371.0,1,0,0,0,0.0,0
1655,2023-12-17 00:00,128992371.0,1,0,0,0,0.0,0
1656,2023-12-17 01:00,350892700.0,1,0,0,0,0.0,0
1657,2023-12-17 02:00,273504657.0,1,0,0,0,0.0,0
1658,2023-12-17 03:00,195692660.0,1,0,0,0,0.0,0
1659,2023-12-17 04:00,198554457.0,1,0,0,0,0.0,0
1660,2023-12-17 05:00,192672826.0,1,0,0,0,0.0,0
1661,2023-12-17 06:00,221444076.0,1,0,0,0,0.0,0
1662,2023-12-17 07:00,162414800.0,1,0,0,0,0.0,0
1663,2023-12-17 08:00,109153514.0,1,0,0,0,0.0,0
1664,2023-12-17 09:00,247024652.0,1,0,0,1,0.1875,0
1665,2023-12-17 10:00,196844206.0,1,0,0,0,0.0,0
1666,2023-12-17 11:00,428673721.0,1,0,0,0,0.0,0
1667,2023-12-17 12:00,855077006.0,1,0,0,0,0.0,0
1668,2023-12-17 13:00,744175324.0,1,0,0,0,0.0,0
1669,2023-12-17 14:00,483859114.0,1,0,0,0,0.0,0
1670,2023-12-17 15:00,258040254.0,1,0,0,0,0.0,0
1671,2023-12-17 16:00,165933449.0,1,0,0,0,0.0,0
1672,2023-12-17 17:00,208097438.0,1,0,0,0,0.0,0
1673,2023-12-17 18:00,904929506.0,1,0,0,0,0.0,0
1674,2023-12-17 19:00,375270403.0,1,0,0,0,0.0,0
1675,2023-12-17 20:00,164113907.0,1,0,0,0,0.0,0
1676,2023-12-17 21:00,298440281.0,1,0,0,0,0.0,0
1677,2023-12-17 22:00,288202520.0,1,0,0,0,0.0,0
1678,2023-12-17 23:00,449881212.0,1,0,0,0,0.0,0
1679,2023-12-18 00:00,43229780.0,0,0,0,0,0.0,0
1680,2023-12-18 01:00,34851571.0,0,0,0,0,0.0,0
1681,2023-12-18 02:00,99301114.0,0,0,0,0,0.0,0
1682,2023-12-18 03:00,181692515.0,0,0,0,0,0.0,0
1683,2023-12-18 04:00,630163030.0,0,0,0,0,0.0,0
1684,2023-12-18 05:00,1236281530.0,0,1,0,0,0.4166666666666667,0
1685,2023-12-18 06:00,1209503553.0,0,1,0,0,0.4166666666666667,0
1686,2023-12-18 07:00,2327584133.0,0,1,0,0,0.4166666666666667,0
1687,2023-12-18 08:00,645766351.0,0,0,0,0,0.0,0
1688,2023-12-18 09:00,326508859.0,0,0,0,0,0.0,0
1689,2023-12-18 10:00,820278005.0,0,0,0,0,0.0,0
1690,2023-12-18 11:00,684590599.0,0,0,0,0,0.0,0
1691,2023-12-18 12:00,912438834.0,0,0,0,0,0.0,0
1692,2023-12-18 13:00,581583976.0,0,0,0,0,0.0,0
1693,2023-12-18 14:00,672956814.0,0,0,0,0,0.0,0
1694,2023-12-18 15:00,234853044.0,0,0,0,0,0.0,0
1695,2023-12-18 16:00,227477351.0,0,0,0,0,0.0,0
1696,2023-12-18 17:00,481957065.0,0,0,0,0,0.0,0
1697,2023-12-18 18:00,417235016.0,0,0,0,0,0.0,0
1698,2023-12-18 19:00,294494741.0,0,0,0,0,0.0,0
1699,2023-12-18 20:00,138369913.0,0,0,0,0,0.0,0
1700,2023-12-18 21:00,246160149.0,0,0,0,0,0.0,0
1701,2023-12-18 22:00,339826406.0,0,0,0,0,0.0,0
1702,2023-12-18 23:00,115135424.0,0,0,0,0,0.0,0
1703,2023-12-19 00:00,288338233.0,0,0,0,1,0.1875,0
1704,2023-12-19 01:00,901542447.0,0,0,0,0,0.0,0
1705,2023-12-19 02:00,107625193.0,0,0,0,1,0.1875,0
1706,2023-12-19 03:00,122342173.0,0,0,0,0,0.0,0
1707,2023-12-19 04:00,242497535.0,0,0,0,0,0.0,0
1708,2023-12-19 05:00,488058363.0,0,1,0,0,0.4166666666666667,0
1709,2023-12-19 06:00,569235327.0,0,0,0,0,0.0,0
1710,2023-12-19 07:00,1040211520.0,0,0,0,0,0.0,0
1711,2023-12-19 08:00,859551024.0,0,0,0,0,0.0,0
1712,2023-12-19 09:00,719634547.0,0,0,0,0,0.0,0
1713,2023-12-19 10:00,505018782.0,0,0,0,0,0.0,0
1714,2023-12-19 11:00,870326701.0,0,0,0,0,0.0,0
1715,2023-12-19 12:00,714257988.0,0,0,0,0,0.0,0
1716,2023-12-19 13:00,534860284.0,0,0,0,0,0.0,0
1717,2023-12-19 14:00,365187127.0,0,0,0,0,0.0,0
1718,2023-12-19 15:00,89812628.0,0,0,0,0,0.0,0
1719,2023-12-19 16:00,115906112.0,0,0,0,0,0.0,0
1720,2023-12-19 17:00,160627513.0,0,0,0,0,0.0,0
1721,2023-12-19 18:00,437049167.0,0,0,0,0,0.0,0
1722,2023-12-19 19:00,1920548551.0,0,1,0,0,0.4166666666666667,0
1723,2023-12-19 20:00,1506439799.0,0,1,0,0,0.4166666666666667,0
1724,2023-12-19 21:00,679986104.0,0,0,0,0,0.0,0
1725,2023-12-19 22:00,436671188.0,0,0,0,0,0.0,0
1726,2023-12-19 23:00,464770124.0,0,0,0,0,0.0,0
1727,2023-12-20 00:00,225454439.0,0,0,0,0,0.0,0
1728,2023-12-20 01:00,52569147.0,0,0,0,0,0.0,0
1729,2023-12-20 02:00,75735224.0,0,0,0,0,0.0,0
1730,2023-12-20 03:00,104610368.0,0,0,0,0,0.0,0
1731,2023-12-20 04:00,400158521.0,0,0,0,0,0.0,0
1732,2023-12-20 05:00,869707848.0,0,0,0,0,0.0,0
1733,2023-12-20 06:00,744905222.0,0,0,0,1,0.1875,0
1734,2023-12-20 07:00,1252591780.0,0,1,0,0,0.4166666666666667,0
1735,2023-12-20 08:00,539632453.0,0,0,0,0,0.0,0
1736,2023-12-20 09:00,2133385068.0,0,1,0,0,0.4166666666666667,0
1737,2023-12-20 10:00,1469488055.0,0,1,0,0,0.4166666666666667,0
1738,2023-12-20 11:00,380054255.0,0,0,0,0,0.0,0
1739,2023-12-20 12:00,1226801633.0,0,1,0,0,0.4166666666666667,0
1740,2023-12-20 13:00,443484442.0,0,0,0,0,0.0,0
1741,2023-12-20 14:00,330305610.0,0,0,0,0,0.0,0
1742,2023-12-20 15:00,1653687260.0,0,1,0,0,0.4166666666666667,0
1743,2023-12-20 16:00,1270938641.0,0,1,0,0,0.4166666666666667,0
1744,2023-12-20 17:00,1504095888.0,0,1,0,1,0.6041666666666667,0
1745,2023-12-20 18:00,166234442.0,0,0,0,0,0.0,0
1746,2023-12-20 19:00,240084209.0,0,0,0,0,0.0,0
1747,2023-12-20 20:00,1887145259.0,0,1,0,1,0.6041666666666667,0
1748,2023-12-20 21:00,928246651.0,0,0,0,0,0.0,0
1749,2023-12-20 22:00,320709735.0,0,0,0,0,0.0,0
1750,2023-12-20 23:00,114252010.0,0,0,0,0,0.0,0
1751,2023-12-21 00:00,73871623.0,0,0,0,0,0.0,0
1752,2023-12-21 01:00,97520235.0,0,0,0,0,0.0,0
1753,2023-12-21 02:00,65008431.0,0,0,0,0,0.0,0
1754,2023-12-21 03:00,115223391.0,0,0,0,1,0.1875,0
1755,2023-12-21 04:00,402075466.0,0,0,0,0,0.0,0
1756,2023-12-21 05:00,636413870.0,0,0,0,0,0.0,0
1757,2023-12-21 06:00,760318453.0,0,0,0,0,0.0,0
1758,2023-12-21 07:00,488902141.0,0,0,0,0,0.0,0
1759,2023-12-21 08:00,342222613.0,0,0,0,0,0.0,0
1760,2023-12-21 09:00,642186356.0,0,0,0,0,0.0,0
1761,2023-12-21 10:00,598493772.0,0,0,0,0,0.0,0
1762,2023-12-21 11:00,974207471.0,0,0,0,0,0.0,0
1763,2023-12-21 12:00,525244829.0,0,0,0,0,0.0,0
1764,2023-12-21 13:00,214048815.0,0,0,0,0,0.0,0
1765,2023-12-21 14:00,548918295.0,0,0,0,0,0.0,0
1766,2023-12-21 15:00,774092108.0,0,0,0,0,0.0,0
1767,2023-12-21 16:00,420594356.0,0,0,0,0,0.0,0
1768,2023-12-21 17:00,389082338.0,0,0,0,0,0.0,0
1769,2023-12-21 18:00,697123297.0,0,0,0,0,0.0,0
1770,2023-12-21 19:00,1016402671.0,0,0,0,0,0.0,0
1771,2023-12-21 20:00,642372736.0,0,0,0,0,0.0,0
1772,2023-12-21 21:00,281169492.0,0,0,0,0,0.0,0
1773,2023-12-21 22:00,59760556.0,0,0,0,0,0.0,0
1774,2023-12-21 23:00,119480468.0,0,0,0,0,0.0,0
1775,2023-12-22 00:00,96011617.0,0,0,0,0,0.0,0
1776,2023-12-22 01:00,50352761.0,0,0,0,0,0.0,0
1777,2023-12-22 02:00,71385372.0,0,0,0,1,0.1875,0
1778,2023-12-22 03:00,156726760.0,0,0,0,0,0.0,0
1779,2023-12-22 04:00,426376478.0,0,0,0,0,0.0,0
1780,2023-12-22 05:00,411266663.0,0,0,0,0,0.0,0
1781,2023-12-22 06:00,652176044.0,0,0,0,0,0.0,0
1782,2023-12-22 07:00,654970890.0,0,0,0,0,0.0,0
1783,2023-12-22 08:00,469549732.0,0,0,0,0,0.0,0
1784,2023-12-22 09:00,773366686.0,0,0,0,0,0.0,0
1785,2023-12-22 10:00,233538407.0,0,0,0,0,0.0,0
1786,2023-12-22 11:00,636308219.0,0,0,0,0,0.0,0
1787,2023-12-22 12:00,622939425.0,0,0,0,0,0.0,0
1788,2023-12-22 13:00,268350316.0,0,0,0,0,0.0,0
1789,2023-12-22 14:00,835671468.0,0,0,0,0,0.0,0
1790,2023-12-22 15:00,444463420.0,0,0,0,0,0.0,0
1791,2023-12-22 16:00,215412135.0,0,0,0,0,0.0,0
1792,2023-12-22 17:00,300567551.0,0,0,0,0,0.0,0
1793,2023-12-22 18:00,858135804.0,0,0,0,0,0.0,0
1794,2023-12-22 19:00,1106557205.0,0,0,0,0,0.0,0
1795,2023-12-22 20:00,819462300.0,0,0,0,0,0.0,0
1796,2023-12-22 21:00,461405994.0,0,0,0,0,0.0,0
1797,2023-12-22 22:00,728398746.0,0,0,0,0,0.0,0
1798,2023-12-22 23:00,170407787.0,0,0,0,0,0.0,0
1799,2023-12-23 00:00,124886933.0,1,0,0,0,0.0,0
1800,2023-12-23 01:00,26658447.0,1,0,0,0,0.0,0
1801,2023-12-23 02:00,60223718.0,1,0,0,0,0.0,0
1802,2023-12-23 03:00,69951821.0,1,0,0,0,0.0,0
1803,2023-12-23 04:00,49519175.0,1,0,0,0,0.0,0
1804,2023-12-23 05:00,265735567.0,1,0,0,0,0.0,0
1805,2023-12-23 06:00,269376453.0,1,0,0,0,0.0,0
1806,2023-12-23 07:00,305010524.0,1,0,0,0,0.0,0
1807,2023-12-23 08:00,359590480.0,1,0,0,0,0.0,0
1808,2023-12-23 09:00,319978394.0,1,0,0,0,0.0,0
1809,2023-12-23 10:00,420284456.0,1,0,0,0,0.0,0
1810,2023-12-23 11:00,718833734.0,1,0,0,0,0.0,0
1811,2023-12-23 12:00,649687788.0,1,0,0,0,0.0,0
1812,2023-12-23 13:00,1707338271.0,1,1,0,0,0.4166666666666667,0
1813,2023-12-23 14:00,2306944559.0,1,1,0,0,0.4166666666666667,0
1814,2023-12-23 15:00,2616679488.0,1,1,1,1,1.0,1
1815,2023-12-23 16:00,1506453975.0,1,1,0,0,0.4166666666666667,0
1816,2023-12-23 17:00,711447445.0,1,0,0,0,0.0,0
1817,2023-12-23 18:00,378314493.0,1,0,0,0,0.0,0
1818,2023-12-23 19:00,377327529.0,1,0,0,0,0.0,0
1819,2023-12-23 20:00,413198215.0,1,0,0,0,0.0,0
1820,2023-12-23 21:00,886962729.0,1,0,0,0,0.0,0
1821,2023-12-23 22:00,446734726.0,1,0,0,0,0.0,0
1822,2023-12-23 23:00,202181943.0,1,0,0,0,0.0,0
1823,2023-12-24 00:00,365451130.0,1,0,0,0,0.0,0
1824,2023-12-24 01:00,145502127.0,1,0,0,0,0.0,0
1825,2023-12-24 02:00,146496362.0,1,0,0,0,0.0,0
1826,2023-12-24 03:00,46980683.0,1,0,0,0,0.0,0
1827,2023-12-24 04:00,299754983.0,1,0,0,0,0.0,0
1828,2023-12-24 05:00,346064114.0,1,0,0,1,0.1875,0
1829,2023-12-24 06:00,435936986.0,1,0,0,0,0.0,0
1830,2023-12-24 07:00,662632444.0,1,0,0,0,0.0,0
1831,2023-12-24 08:00,855684995.0,1,0,0,0,0.0,0
1832,2023-12-24 09:00,358389969.0,1,0,0,1,0.1875,0
1833,2023-12-24 10:00,941639212.0,1,0,0,0,0.0,0
1834,2023-12-24 11:00,844103847.0,1,0,0,0,0.0,0
1835,2023-12-24 12:00,1870987376.0,1,1,0,0,0.4166666666666667,0
1836,2023-12-24 13:00,955015958.0,1,0,0,0,0.0,0
1837,2023-12-24 14:00,599006959.0,1,0,0,0,0.0,0
1838,2023-12-24 15:00,439889652.0,1,0,0,0,0.0,0
1839,2023-12-24 16:00,548269325.0,1,0,0,0,0.0,0
1840,2023-12-24 17:00,345222960.0,1,0,0,0,0.0,0
1841,2023-12-24 18:00,416135725.0,1,0,0,0,0.0,0
1842,2023-12-24 19:00,746740057.0,1,0,0,0,0.0,0
1843,2023-12-24 20:00,1154909050.0,1,0,0,0,0.0,0
1844,2023-12-24 21:00,573672325.0,1,0,0,0,0.0,0
1845,2023-12-24 22:00,872545053.0,1,0,0,0,0.0,0
1846,2023-12-24 23:00,602393210.0,1,0,0,0,0.0,0
1847,2023-12-25 00:00,593938534.0,1,0,0,0,0.0,0
1848,2023-12-25 01:00,358916701.0,1,0,0,0,0.0,0
1849,2023-12-25 02:00,751972921.0,1,0,0,0,0.0,0
1850,2023-12-25 03:00,367894222.0,1,0,0,0,0.0,0
1851,2023-12-25 04:00,738640914.0,1,0,0,0,0.0,0
1852,2023-12-25 05:00,218927163.0,1,0,0,0,0.0,0
1853,2023-12-25 06:00,587986221.0,1,0,0,0,0.0,0
1854,2023-12-25 07:00,475035895.0,1,0,0,0,0.0,0
1855,2023-12-25 08:00,684291639.0,1,0,0,0,0.0,0
1856,2023-12-25 09:00,1458709190.0,1,1,0,0,0.4166666666666667,0
1857,2023-12-25 10:00,1111337383.0,1,0,0,0,0.0,0
1858,2023-12-25 11:00,1635116055.0,1,1,0,0,0.4166666666666667,0
1859,2023-12-25 12:00,746479360.0,1,0,0,0,0.0,0
1860,2023-12-25 13:00,877678548.0,1,0,0,0,0.0,0
1861,2023-12-25 14:00,830651016.0,1,0,0,0,0.0,0
1862,2023-12-25 15:00,374983257.0,1,0,0,0,0.0,0
1863,2023-12-25 16:00,846452162.0,1,0,0,0,0.0,0
1864,2023-12-25 17:00,1068749614.0,1,0,0,0,0.0,0
1865,2023-12-25 18:00,769142022.0,1,0,0,0,0.0,0
1866,2023-12-25 19:00,1075361926.0,1,0,0,0,0.0,0
1867,2023-12-25 20:00,711856441.0,1,0,0,0,0.0,0
1868,2023-12-25 21:00,1477897609.0,1,1,0,0,0.4166666666666667,0
1869,2023-12-25 22:00,739134809.0,1,0,0,0,0.0,0
1870,2023-12-25 23:00,495255576.0,1,0,0,0,0.0,0
1871,2023-12-26 00:00,217012967.0,1,0,0,0,0.0,0
1872,2023-12-26 01:00,323480099.0,1,0,0,0,0.0,0
1873,2023-12-26 02:00,107179424.0,1,0,0,0,0.0,0
1874,2023-12-26 03:00,176458910.0,1,0,0,0,0.0,0
1875,2023-12-26 04:00,352137028.0,1,0,0,0,0.0,0
1876,2023-12-26 05:00,409150185.0,1,0,0,0,0.0,0
1877,2023-12-26 06:00,517094281.0,1,0,0,0,0.0,0
1878,2023-12-26 07:00,308370438.0,1,0,0,0,0.0,0
1879,2023-12-26 08:00,561732262.0,1,0,0,0,0.0,0
1880,2023-12-26 09:00,710437487.0,1,0,0,0,0.0,0
1881,2023-12-26 10:00,601602243.0,1,0,0,0,0.0,0
1882,2023-12-26 11:00,646313104.0,1,0,0,0,0.0,0
1883,2023-12-26 12:00,1588055592.0,1,1,0,0,0.4166666666666667,0
1884,2023-12-26 13:00,651308657.0,1,0,0,0,0.0,0
1885,2023-12-26 14:00,358571948.0,1,0,0,0,0.0,0
1886,2023-12-26 15:00,349990770.0,1,0,0,0,0.0,0
1887,2023-12-26 16:00,408578808.0,1,0,0,0,0.0,0
1888,2023-12-26 17:00,416074352.0,1,0,0,0,0.0,0
1889,2023-12-26 18:00,731804158.0,1,0,0,0,0.0,0
1890,2023-12-26 19:00,933096021.0,1,0,0,0,0.0,0
1891,2023-12-26 20:00,1085439652.0,1,0,0,0,0.0,0
1892,2023-12-26 21:00,675199208.0,1,0,0,0,0.0,0
1893,2023-12-26 22:00,980495996.0,1,0,0,0,0.0,0
1894,2023-12-26 23:00,73247729.0,1,0,0,0,0.0,0
1895,2023-12-27 00:00,40731654.0,0,0,0,0,0.0,0
1896,2023-12-27 01:00,34672131.0,0,0,0,0,0.0,0
1897,2023-12-27 02:00,131377818.0,0,0,0,0,0.0,0
1898,2023-12-27 03:00,216670465.0,0,0,0,0,0.0,0
1899,2023-12-27 04:00,263655294.0,0,0,0,0,0.0,0
1900,2023-12-27 05:00,641763767.0,0,0,0,0,0.0,0
1901,2023-12-27 06:00,427928944.0,0,0,0,0,0.0,0
1902,2023-12-27 07:00,859749966.0,0,0,0,0,0.0,0
1903,2023-12-27 08:00,687343279.0,0,0,0,0,0.0,0
1904,2023-12-27 09:00,644252128.0,0,0,0,0,0.0,0
1905,2023-12-27 10:00,1020539157.0,0,0,0,0,0.0,0
1906,2023-12-27 11:00,519409051.0,0,0,0,0,0.0,0
1907,2023-12-27 12:00,990178070.0,0,0,0,0,0.0,0
1908,2023-12-27 13:00,985762510.0,0,0,0,0,0.0,0
1909,2023-12-27 14:00,298103543.0,0,0,0,0,0.0,0
1910,2023-12-27 15:00,1369310193.0,0,1,0,0,0.4166666666666667,0
1911,2023-12-27 16:00,36048834.0,0,0,0,0,0.0,0
1912,2023-12-27 17:00,47454216.0,0,0,0,0,0.0,0
1913,2023-12-27 18:00,214906801.0,0,0,0,0,0.0,0
1914,2023-12-27 19:00,431787361.0,0,0,0,0,0.0,0
1915,2023-12-27 20:00,134329349.0,0,0,0,0,0.0,0
1916,2023-12-27 21:00,213993882.0,0,0,0,0,0.0,0
1917,2023-12-27 22:00,222474144.0,0,0,0,0,0.0,0
1918,2023-12-27 23:00,404187721.0,0,0,0,0,0.0,0
1919,2023-12-28 00:00,51297868.0,0,0,0,0,0.0,0
1920,2023-12-28 01:00,30323890.0,0,0,0,0,0.0,0
1921,2023-12-28 02:00,15170155.0,0,0,0,0,0.0,0
1922,2023-12-28 03:00,81743741.0,0,0,0,0,0.0,0
1923,2023-12-28 04:00,198571508.0,0,0,0,1,0.1875,0
1924,2023-12-28 05:00,461691215.0,0,0,0,0,0.0,0
1925,2023-12-28 06:00,411924566.0,0,0,0,0,0.0,0
1926,2023-12-28 07:00,1483038105.0,0,1,0,0,0.4166666666666667,0
1927,2023-12-28 08:00,1471652635.0,0,1,0,0,0.4166666666666667,0
1928,2023-12-28 09:00,280205508.0,0,0,0,0,0.0,0
1929,2023-12-28 10:00,487095864.0,0,0,0,0,0.0,0
1930,2023-12-28 11:00,701239997.0,0,0,0,0,0.0,0
1931,2023-12-28 12:00,454870558.0,0,0,0,0,0.0,0
1932,2023-12-28 13:00,561136996.0,0,0,0,0,0.0,0
1933,2023-12-28 14:00,715498193.0,0,0,0,0,0.0,0
1934,2023-12-28 15:00,177073331.0,0,0,0,0,0.0,0
1935,2023-12-28 16:00,354015655.0,0,0,0,0,0.0,0
1936,2023-12-28 17:00,389898276.0,0,0,0,0,0.0,0
1937,2023-12-28 18:00,719412163.0,0,0,0,0,0.0,0
1938,2023-12-28 19:00,1226055381.0,0,1,0,0,0.4166666666666667,0
1939,2023-12-28 20:00,746314081.0,0,0,0,0,0.0,0
1940,2023-12-28 21:00,506840508.0,0,1,0,0,0.4166666666666667,0
1941,2023-12-28 22:00,355613215.0,0,0,0,0,0.0,0
1942,2023-12-28 23:00,218413742.0,0,0,0,0,0.0,0
1943,2023-12-29 00:00,52781929.0,0,0,0,0,0.0,0
1944,2023-12-29 01:00,62545924.0,0,0,0,0,0.0,0
1945,2023-12-29 02:00,73527239.0,0,0,0,0,0.0,0
1946,2023-12-29 03:00,122079398.0,0,0,0,0,0.0,0
1947,2023-12-29 04:00,196142949.0,0,0,0,0,0.0,0
1948,2023-12-29 05:00,786380768.0,0,0,0,0,0.0,0
1949,2023-12-29 06:00,707147963.0,0,0,0,0,0.0,0
1950,2023-12-29 07:00,1030358676.0,0,0,0,0,0.0,0
1951,2023-12-29 08:00,1348198978.0,0,1,0,0,0.4166666666666667,0
1952,2023-12-29 09:00,1705874867.0,0,1,0,0,0.4166666666666667,0
1953,2023-12-29 10:00,317598704.0,0,0,0,0,0.0,0
1954,2023-12-29 11:00,157311502.0,0,0,0,0,0.0,0
1955,2023-12-29 12:00,317286754.0,0,0,0,0,0.0,0
1956,2023-12-29 13:00,273642923.0,0,0,0,0,0.0,0
1957,2023-12-29 14:00,352146768.0,0,0,0,0,0.0,0
1958,2023-12-29 15:00,390476479.0,0,0,0,0,0.0,0
1959,2023-12-29 16:00,294567240.0,0,0,0,0,0.0,0
1960,2023-12-29 17:00,673010305.0,0,0,0,0,0.0,0
1961,2023-12-29 18:00,284320600.0,0,0,0,0,0.0,0
1962,2023-12-29 19:00,306892607.0,0,0,0,0,0.0,0
1963,2023-12-29 20:00,827890017.0,0,0,0,0,0.0,0
1964,2023-12-29 21:00,353474783.0,0,0,0,0,0.0,0
1965,2023-12-29 22:00,484222142.0,0,1,0,0,0.4166666666666667,0
1966,2023-12-29 23:00,376430019.0,0,0,0,0,0.0,0
1967,2023-12-30 00:00,253621381.0,1,0,0,0,0.0,0
1968,2023-12-30 01:00,338294097.0,1,0,0,0,0.0,0
1969,2023-12-30 02:00,138706496.0,1,0,0,0,0.0,0
1970,2023-12-30 03:00,35678956.0,1,0,0,0,0.0,0
1971,2023-12-30 04:00,141800650.0,1,0,0,0,0.0,0
1972,2023-12-30 05:00,229819227.0,1,0,0,0,0.0,0
1973,2023-12-30 06:00,224721878.0,1,0,0,0,0.0,0
1974,2023-12-30 07:00,139567389.0,1,0,0,0,0.0,0
1975,2023-12-30 08:00,328399999.0,1,0,0,0,0.0,0
1976,2023-12-30 09:00,487746038.0,1,1,0,1,0.6041666666666667,0
1977,2023-12-30 10:00,243795361.0,1,0,0,0,0.0,0
1978,2023-12-30 11:00,135386015.0,1,0,0,0,0.0,0
1979,2023-12-30 12:00,1314874960.0,1,1,0,0,0.4166666666666667,0
1980,2023-12-30 13:00,1025213616.0,1,0,0,0,0.0,0
1981,2023-12-30 14:00,215433874.0,1,0,0,0,0.0,0
1982,2023-12-30 15:00,528448517.0,1,1,0,0,0.4166666666666667,0
1983,2023-12-30 16:00,370483060.0,1,0,0,0,0.0,0
1984,2023-12-30 17:00,533364223.0,1,1,0,0,0.4166666666666667,0
1985,2023-12-30 18:00,657905625.0,1,0,0,0,0.0,0
1986,2023-12-30 19:00,777120935.0,1,0,0,0,0.0,0
1987,2023-12-30 20:00,714979531.0,1,0,0,0,0.0,0
1988,2023-12-30 21:00,416824737.0,1,0,0,0,0.0,0
1989,2023-12-30 22:00,997354168.0,1,0,0,0,0.0,0
1990,2023-12-30 23:00,196741926.0,1,0,0,0,0.0,0
1991,2023-12-31 00:00,77269440.0,1,0,0,0,0.0,0
1992,2023-12-31 01:00,34333796.0,1,0,0,0,0.0,0
1993,2023-12-31 02:00,32093270.0,1,0,0,0,0.0,0
1994,2023-12-31 03:00,42690062.0,1,0,0,0,0.0,0
1995,2023-12-31 04:00,106781032.0,1,0,0,1,0.1875,0
1996,2023-12-31 05:00,209731714.0,1,0,0,0,0.0,0
1997,2023-12-31 06:00,331897240.0,1,0,0,0,0.0,0
1998,2023-12-31 07:00,219477383.0,1,0,0,0,0.0,0
1999,2023-12-31 08:00,157962940.0,1,0,0,1,0.1875,0
2000,2023-12-31 09:00,91121721.0,1,0,0,0,0.0,0
2001,2023-12-31 10:00,460639950.0,1,1,0,0,0.4166666666666667,0
2002,2023-12-31 11:00,804954189.0,1,0,0,0,0.0,0
2003,2023-12-31 12:00,659642860.0,1,0,0,0,0.0,0
2004,2023-12-31 13:00,719784887.0,1,0,0,0,0.0,0
2005,2023-12-31 14:00,1389885962.0,1,1,0,0,0.4166666666666667,0
2006,2023-12-31 15:00,675429057.0,1,0,0,0,0.0,0
2007,2023-12-31 16:00,567191874.0,1,0,0,0,0.0,0
2008,2023-12-31 17:00,696254387.0,1,0,0,0,0.0,0
2009,2023-12-31 18:00,887682940.0,1,0,0,0,0.0,0
2010,2023-12-31 19:00,1241470893.0,1,1,0,0,0.4166666666666667,0
2011,2023-12-31 20:00,1176771475.0,1,1,0,0,0.4166666666666667,0
2012,2023-12-31 21:00,1199048073.0,1,1,0,0,0.4166666666666667,0
2013,2023-12-31 22:00,817527929.0,1,0,0,0,0.0,0
2014,2023-12-31 23:00,637280080.0,1,0,0,0,0.0,0
2015,2024-01-01 00:00,301316982.0,1,0,0,0,0.0,0
2016,2024-01-01 01:00,40172166.0,1,0,0,0,0.0,0
2017,2024-01-01 02:00,53072349.0,1,0,0,0,0.0,0
2018,2024-01-01 03:00,214434942.0,1,0,0,0,0.0,0
2019,2024-01-01 04:00,323800353.0,1,0,0,0,0.0,0
2020,2024-01-01 05:00,220944095.0,1,0,0,0,0.0,0
2021,2024-01-01 06:00,67753368.0,1,0,0,0,0.0,0
2022,2024-01-01 07:00,116868222.0,1,0,0,0,0.0,0
2023,2024-01-01 08:00,299017870.0,1,0,0,0,0.0,0
2024,2024-01-01 09:00,192865042.0,1,0,0,0,0.0,0
2025,2024-01-01 10:00,229510550.0,1,0,0,1,0.1875,0
2026,2024-01-01 11:00,457831707.0,1,1,0,0,0.4166666666666667,0
2027,2024-01-01 12:00,347468303.0,1,0,0,0,0.0,0
2028,2024-01-01 13:00,424749581.0,1,0,0,0,0.0,0
2029,2024-01-01 14:00,449358967.0,1,1,0,0,0.4166666666666667,0
2030,2024-01-01 15:00,838925215.0,1,0,0,0,0.0,0
2031,2024-01-01 16:00,145760769.0,1,0,0,0,0.0,0
2032,2024-01-01 17:00,259756952.0,1,0,0,0,0.0,0
2033,2024-01-01 18:00,468810367.0,1,1,0,0,0.4166666666666667,0
2034,2024-01-01 19:00,558338803.0,1,1,0,0,0.4166666666666667,0
2035,2024-01-01 20:00,1538049404.0,1,1,0,0,0.4166666666666667,0
2036,2024-01-01 21:00,316321180.0,1,0,0,0,0.0,0
2037,2024-01-01 22:00,50312281.0,1,0,0,0,0.0,0
2038,2024-01-01 23:00,26095860.0,1,0,0,0,0.0,0
2039,2024-01-02 00:00,68179089.0,0,0,0,0,0.0,0
2040,2024-01-02 01:00,160757668.0,0,0,0,0,0.0,0
2041,2024-01-02 02:00,73142048.0,0,0,0,0,0.0,0
2042,2024-01-02 03:00,82285291.0,0,0,0,1,0.1875,0
2043,2024-01-02 04:00,360050584.0,0,0,0,0,0.0,0
2044,2024-01-02 05:00,791961953.0,0,0,0,0,0.0,0
2045,2024-01-02 06:00,419211754.0,0,0,0,0,0.0,0
2046,2024-01-02 07:00,514191107.0,0,1,0,0,0.4166666666666667,0
2047,2024-01-02 08:00,390611114.0,0,0,0,0,0.0,0
2048,2024-01-02 09:00,442795192.0,0,0,0,0,0.0,0
2049,2024-01-02 10:00,454000168.0,0,0,0,0,0.0,0
2050,2024-01-02 11:00,667139063.0,0,0,0,0,0.0,0
2051,2024-01-02 12:00,327185411.0,0,0,0,0,0.0,0
2052,2024-01-02 13:00,266439763.0,0,0,0,0,0.0,0
2053,2024-01-02 14:00,235067228.0,0,0,0,0,0.0,0
2054,2024-01-02 15:00,160942032.0,0,0,0,0,0.0,0
2055,2024-01-02 16:00,101489780.0,0,0,0,0,0.0,0
2056,2024-01-02 17:00,45309089.0,0,0,0,0,0.0,0
2057,2024-01-02 18:00,125627408.0,0,0,0,0,0.0,0
2058,2024-01-02 19:00,359171773.0,0,0,0,0,0.0,0
2059,2024-01-02 20:00,79813175.0,0,0,0,0,0.0,0
2060,2024-01-02 21:00,181630152.0,0,0,0,0,0.0,0
2061,2024-01-02 22:00,46972652.0,0,0,0,0,0.0,0
2062,2024-01-02 23:00,51905472.0,0,0,0,1,0.1875,0
2063,2024-01-03 00:00,76584598.0,0,0,0,0,0.0,0
2064,2024-01-03 01:00,41509126.0,0,0,0,0,0.0,0
2065,2024-01-03 02:00,59991487.0,0,0,0,0,0.0,0
2066,2024-01-03 03:00,54652855.0,0,0,0,0,0.0,0
2067,2024-01-03 04:00,360681281.0,0,0,0,0,0.0,0
2068,2024-01-03 05:00,796293518.0,0,0,0,0,0.0,0
2069,2024-01-03 06:00,363094734.0,0,0,0,0,0.0,0
2070,2024-01-03 07:00,433723330.0,0,1,0,0,0.4166666666666667,0
2071,2024-01-03 08:00,746903624.0,0,0,0,0,0.0,0
2072,2024-01-03 09:00,587436663.0,0,0,0,0,0.0,0
2073,2024-01-03 10:00,279676781.0,0,0,0,0,0.0,0
2074,2024-01-03 11:00,557800507.0,0,1,0,0,0.4166666666666667,0
2075,2024-01-03 12:00,344784961.0,0,0,0,0,0.0,0
2076,2024-01-03 13:00,161045892.0,0,0,0,0,0.0,0
2077,2024-01-03 14:00,181033469.0,0,0,0,1,0.1875,0
2078,2024-01-03 15:00,218663966.0,0,0,0,0,0.0,0
2079,2024-01-03 16:00,71405465.0,0,0,0,0,0.0,0
2080,2024-01-03 17:00,60568335.0,0,0,0,0,0.0,0
2081,2024-01-03 18:00,87426491.0,0,0,0,0,0.0,0
2082,2024-01-03 19:00,306447525.0,0,0,0,0,0.0,0
2083,2024-01-03 20:00,86953068.0,0,0,0,0,0.0,0
2084,2024-01-03 21:00,119750115.0,0,0,0,0,0.0,0
2085,2024-01-03 22:00,127031767.0,0,0,0,0,0.0,0
2086,2024-01-03 23:00,32929299.0,0,0,0,0,0.0,0
2087,2024-01-04 00:00,51266366.0,0,0,0,0,0.0,0
2088,2024-01-04 01:00,45855742.0,0,0,0,0,0.0,0
2089,2024-01-04 02:00,17751291.0,0,0,0,0,0.0,0
2090,2024-01-04 03:00,51612626.0,0,0,0,1,0.1875,0
2091,2024-01-04 04:00,200831537.0,0,0,0,0,0.0,0
2092,2024-01-04 05:00,396702261.0,0,1,0,0,0.4166666666666667,0
2093,2024-01-04 06:00,307609980.0,0,0,0,0,0.0,0
2094,2024-01-04 07:00,333022111.0,0,0,0,0,0.0,0
2095,2024-01-04 08:00,299833393.0,0,0,0,0,0.0,0
2096,2024-01-04 09:00,458060713.0,0,1,0,0,0.4166666666666667,0
2097,2024-01-04 10:00,281290700.0,0,0,0,0,0.0,0
2098,2024-01-04 11:00,577397088.0,0,0,0,0,0.0,0
2099,2024-01-04 12:00,217025097.0,0,0,0,0,0.0,0
2100,2024-01-04 13:00,270799537.0,0,0,0,0,0.0,0
2101,2024-01-04 14:00,520963795.0,0,1,0,0,0.4166666666666667,0
2102,2024-01-04 15:00,122828023.0,0,0,0,0,0.0,0
2103,2024-01-04 16:00,93365892.0,0,0,0,0,0.0,0
2104,2024-01-04 17:00,93167536.0,0,0,0,0,0.0,0
2105,2024-01-04 18:00,224936687.0,0,0,0,0,0.0,0
2106,2024-01-04 19:00,466534013.0,0,1,0,0,0.4166666666666667,0
2107,2024-01-04 20:00,220458475.0,0,0,0,0,0.0,0
2108,2024-01-04 21:00,60998739.0,0,0,0,0,0.0,0
2109,2024-01-04 22:00,260496754.0,0,0,0,0,0.0,0
2110,2024-01-04 23:00,46794225.0,0,0,0,0,0.0,0
2111,2024-01-05 00:00,253121488.0,0,0,0,0,0.0,0
2112,2024-01-05 01:00,72923412.0,0,0,0,0,0.0,0
2113,2024-01-05 02:00,291763855.0,0,0,0,0,0.0,0
2114,2024-01-05 03:00,220218352.0,0,0,0,0,0.0,0
2115,2024-01-05 04:00,133620044.0,0,0,0,0,0.0,0
2116,2024-01-05 05:00,1272819851.0,0,1,0,0,0.4166666666666667,0
2117,2024-01-05 06:00,389069411.0,0,0,0,0,0.0,0
2118,2024-01-05 07:00,694440344.0,0,0,0,0,0.0,0
2119,2024-01-05 08:00,906333129.0,0,0,0,1,0.1875,0
2120,2024-01-05 09:00,210232653.0,0,0,0,0,0.0,0
2121,2024-01-05 10:00,364918810.0,0,0,0,0,0.0,0
2122,2024-01-05 11:00,442457058.0,0,1,0,0,0.4166666666666667,0
2123,2024-01-05 12:00,360563324.0,0,0,0,0,0.0,0
2124,2024-01-05 13:00,497417274.0,0,1,0,0,0.4166666666666667,0
2125,2024-01-05 14:00,144369084.0,0,0,0,0,0.0,0
2126,2024-01-05 15:00,64118432.0,0,0,0,0,0.0,0
2127,2024-01-05 16:00,90453893.0,0,0,0,0,0.0,0
2128,2024-01-05 17:00,136490055.0,0,0,0,0,0.0,0
2129,2024-01-05 18:00,449106451.0,0,1,0,0,0.4166666666666667,0
2130,2024-01-05 19:00,302177391.0,0,0,0,0,0.0,0
2131,2024-01-05 20:00,130536495.0,0,0,0,0,0.0,0
2132,2024-01-05 21:00,584344641.0,0,0,0,0,0.0,0
2133,2024-01-05 22:00,96500982.0,0,0,0,0,0.0,0
2134,2024-01-05 23:00,32887578.0,0,0,0,0,0.0,0
2135,2024-01-06 00:00,34107225.0,1,0,0,0,0.0,0
2136,2024-01-06 01:00,51745013.0,1,0,0,0,0.0,0
2137,2024-01-06 02:00,18037313.0,1,1,0,0,0.4166666666666667,0
2138,2024-01-06 03:00,53530226.0,1,0,0,1,0.1875,0
2139,2024-01-06 04:00,63483818.0,1,0,0,0,0.0,0
2140,2024-01-06 05:00,313789033.0,1,0,0,0,0.0,0
2141,2024-01-06 06:00,259179194.0,1,0,0,0,0.0,0
2142,2024-01-06 07:00,42261802.0,1,0,0,0,0.0,0
2143,2024-01-06 08:00,194281936.0,1,0,0,0,0.0,0
2144,2024-01-06 09:00,167124785.0,1,0,0,0,0.0,0
2145,2024-01-06 10:00,73541868.0,1,0,0,0,0.0,0
2146,2024-01-06 11:00,118337069.0,1,0,0,0,0.0,0
2147,2024-01-06 12:00,41998398.0,1,0,0,0,0.0,0
2148,2024-01-06 13:00,66413984.0,1,0,0,0,0.0,0
2149,2024-01-06 14:00,270696187.0,1,0,0,0,0.0,0
2150,2024-01-06 15:00,1409404699.0,1,1,0,0,0.4166666666666667,0
2151,2024-01-06 16:00,605323447.0,1,0,0,0,0.0,0
2152,2024-01-06 17:00,1460478806.0,1,1,0,1,0.6041666666666667,0
2153,2024-01-06 18:00,1601177211.0,1,1,0,0,0.4166666666666667,0
2154,2024-01-06 19:00,419443563.0,1,1,0,0,0.4166666666666667,0
2155,2024-01-06 20:00,2828902937.0,1,1,0,0,0.4166666666666667,0
2156,2024-01-06 21:00,437618599.0,1,0,0,0,0.0,0
2157,2024-01-06 22:00,593137022.0,1,0,0,0,0.0,0
2158,2024-01-06 23:00,67865221.0,1,0,0,0,0.0,0
2159,2024-01-07 00:00,76083510.0,1,0,0,0,0.0,0
2160,2024-01-07 01:00,28374322.0,1,0,0,0,0.0,0
2161,2024-01-07 02:00,39222059.0,1,0,0,1,0.1875,0
2162,2024-01-07 03:00,21124064.0,1,0,0,0,0.0,0
2163,2024-01-07 04:00,33920958.0,1,0,0,0,0.0,0
2164,2024-01-07 05:00,240381840.0,1,0,0,0,0.0,0
2165,2024-01-07 06:00,51411653.0,1,0,0,0,0.0,0
2166,2024-01-07 07:00,84579920.0,1,0,0,0,0.0,0
2167,2024-01-07 08:00,235240286.0,1,0,0,0,0.0,0
2168,2024-01-07 09:00,266007329.0,1,0,0,0,0.0,0
2169,2024-01-07 10:00,221718894.0,1,0,0,0,0.0,0
2170,2024-01-07 11:00,264076950.0,1,0,0,0,0.0,0
2171,2024-01-07 12:00,280592284.0,1,0,0,0,0.0,0
2172,2024-01-07 13:00,75915478.0,1,0,0,0,0.0,0
2173,2024-01-07 14:00,268131588.0,1,0,0,0,0.0,0
2174,2024-01-07 15:00,142102228.0,1,0,0,0,0.0,0
2175,2024-01-07 16:00,124959899.0,1,0,0,0,0.0,0
2176,2024-01-07 17:00,268565023.0,1,0,0,0,0.0,0
2177,2024-01-07 18:00,104537141.0,1,0,0,0,0.0,0
2178,2024-01-07 19:00,321842042.0,1,0,0,0,0.0,0
2179,2024-01-07 20:00,523860552.0,1,0,0,0,0.0,0
2180,2024-01-07 21:00,549601270.0,1,0,0,0,0.0,0
2181,2024-01-07 22:00,199389458.0,1,0,0,0,0.0,0
2182,2024-01-07 23:00,731218792.0,1,0,0,0,0.0,0
2183,2024-01-08 00:00,36601911.0,0,0,0,0,0.0,0
2184,2024-01-08 01:00,36239006.0,0,0,0,0,0.0,0
2185,2024-01-08 02:00,50782175.0,0,0,0,0,0.0,0
2186,2024-01-08 03:00,77237820.0,0,0,0,0,0.0,0
2187,2024-01-08 04:00,395665427.0,0,0,0,0,0.0,0
2188,2024-01-08 05:00,720391112.0,0,0,0,0,0.0,0
2189,2024-01-08 06:00,922426299.0,0,0,0,0,0.0,0
2190,2024-01-08 07:00,593953054.0,0,0,0,0,0.0,0
2191,2024-01-08 08:00,354569676.0,0,0,0,0,0.0,0
2192,2024-01-08 09:00,678530154.0,0,0,0,0,0.0,0
2193,2024-01-08 10:00,510612099.0,0,0,0,0,0.0,0
2194,2024-01-08 11:00,432994710.0,0,0,0,0,0.0,0
2195,2024-01-08 12:00,512959139.0,0,0,0,0,0.0,0
2196,2024-01-08 13:00,394196411.0,0,0,0,0,0.0,0
2197,2024-01-08 14:00,154879106.0,0,0,0,0,0.0,0
2198,2024-01-08 15:00,178689475.0,0,0,0,0,0.0,0
2199,2024-01-08 16:00,106077048.0,0,0,0,0,0.0,0
2200,2024-01-08 17:00,137871463.0,0,0,0,0,0.0,0
2201,2024-01-08 18:00,291900386.0,0,0,0,0,0.0,0
2202,2024-01-08 19:00,166224005.0,0,0,0,0,0.0,0
2203,2024-01-08 20:00,96328965.0,0,0,0,0,0.0,0
2204,2024-01-08 21:00,165977183.0,0,0,0,0,0.0,0
2205,2024-01-08 22:00,81482239.0,0,0,0,0,0.0,0
2206,2024-01-08 23:00,5511602.0,0,0,0,0,0.0,0
2207,2024-01-09 00:00,18693910.0,0,0,0,0,0.0,0
2208,2024-01-09 01:00,48558809.0,0,0,0,0,0.0,0
2209,2024-01-09 02:00,47053264.0,0,0,0,0,0.0,0
2210,2024-01-09 03:00,108184155.0,0,0,0,0,0.0,0
2211,2024-01-09 04:00,342311317.0,0,0,0,0,0.0,0
2212,2024-01-09 05:00,535519744.0,0,0,0,0,0.0,0
2213,2024-01-09 06:00,280891234.0,0,0,0,0,0.0,0
2214,2024-01-09 07:00,373294147.0,0,0,0,0,0.0,0
2215,2024-01-09 08:00,204085169.0,0,0,0,0,0.0,0
2216,2024-01-09 09:00,1113212311.0,0,0,0,0,0.0,0
2217,2024-01-09 10:00,310935575.0,0,0,0,0,0.0,0
2218,2024-01-09 11:00,415628415.0,0,0,0,0,0.0,0
2219,2024-01-09 12:00,369708233.0,0,0,0,0,0.0,0
2220,2024-01-09 13:00,165347124.0,0,0,0,0,0.0,0
2221,2024-01-09 14:00,140074082.0,0,0,0,0,0.0,0
2222,2024-01-09 15:00,236242645.0,0,0,0,0,0.0,0
2223,2024-01-09 16:00,236167148.0,0,0,0,0,0.0,0
2224,2024-01-09 17:00,547136237.0,0,0,0,0,0.0,0
2225,2024-01-09 18:00,930331930.0,0,0,0,0,0.0,0
2226,2024-01-09 19:00,769893806.0,0,0,0,0,0.0,0
2227,2024-01-09 20:00,1750499768.0,0,1,0,1,0.6041666666666667,0
2228,2024-01-09 21:00,211507340.0,0,0,0,0,0.0,0
2229,2024-01-09 22:00,74905642.0,0,0,0,0,0.0,0
2230,2024-01-09 23:00,33974265.0,0,0,0,0,0.0,0
2231,2024-01-10 00:00,126260288.0,0,0,0,0,0.0,0
2232,2024-01-10 01:00,135421582.0,0,0,0,0,0.0,0
2233,2024-01-10 02:00,74839676.0,0,0,0,0,0.0,0
2234,2024-01-10 03:00,91870247.0,0,0,0,0,0.0,0
2235,2024-01-10 04:00,779863485.0,0,0,0,0,0.0,0
2236,2024-01-10 05:00,715852221.0,0,0,0,0,0.0,0
2237,2024-01-10 06:00,762844709.0,0,0,0,0,0.0,0
2238,2024-01-10 07:00,567828031.0,0,0,0,0,0.0,0
2239,2024-01-10 08:00,704805906.0,0,0,0,0,0.0,0
2240,2024-01-10 09:00,573509684.0,0,0,0,0,0.0,0
2241,2024-01-10 10:00,465300873.0,0,0,0,0,0.0,0
2242,2024-01-10 11:00,509205162.0,0,0,0,0,0.0,0
2243,2024-01-10 12:00,381278072.0,0,0,0,0,0.0,0
2244,2024-01-10 13:00,329017812.0,0,0,0,0,0.0,0
2245,2024-01-10 14:00,348413411.0,0,0,0,0,0.0,0
2246,2024-01-10 15:00,217775754.0,0,0,0,0,0.0,0
2247,2024-01-10 16:00,228785500.0,0,0,0,0,0.0,0
2248,2024-01-10 17:00,224002667.0,0,0,0,0,0.0,0
2249,2024-01-10 18:00,131925642.0,0,0,0,0,0.0,0
2250,2024-01-10 19:00,434911720.0,0,0,0,0,0.0,0
2251,2024-01-10 20:00,411764874.0,0,0,0,0,0.0,0
2252,2024-01-10 21:00,209403292.0,0,0,0,0,0.0,0
2253,2024-01-10 22:00,141301014.0,0,0,0,0,0.0,0
2254,2024-01-10 23:00,147993618.0,0,0,0,0,0.0,0
2255,2024-01-11 00:00,87076988.0,0,0,0,0,0.0,0
2256,2024-01-11 01:00,85442249.0,0,0,0,0,0.0,0
2257,2024-01-11 02:00,34982279.0,0,0,0,0,0.0,0
2258,2024-01-11 03:00,102992511.0,0,0,0,0,0.0,0
2259,2024-01-11 04:00,338929797.0,0,0,0,0,0.0,0
2260,2024-01-11 05:00,563122746.0,0,0,0,0,0.0,0
2261,2024-01-11 06:00,745204331.0,0,0,0,1,0.1875,0
2262,2024-01-11 07:00,300124985.0,0,0,0,0,0.0,0
2263,2024-01-11 08:00,343809442.0,0,0,0,0,0.0,0
2264,2024-01-11 09:00,421031344.0,0,1,0,0,0.4166666666666667,0
2265,2024-01-11 10:00,361710052.0,0,0,0,0,0.0,0
2266,2024-01-11 11:00,577320166.0,0,0,0,1,0.1875,0
2267,2024-01-11 12:00,667792877.0,0,0,0,0,0.0,0
2268,2024-01-11 13:00,328147149.0,0,0,0,0,0.0,0
2269,2024-01-11 14:00,335229722.0,0,0,0,0,0.0,0
2270,2024-01-11 15:00,368948578.0,0,0,0,0,0.0,0
2271,2024-01-11 16:00,202178526.0,0,0,0,0,0.0,0
2272,2024-01-11 17:00,877074626.0,0,0,0,0,0.0,0
2273,2024-01-11 18:00,220655161.0,0,0,0,0,0.0,0
2274,2024-01-11 19:00,343549117.0,0,0,0,0,0.0,0
2275,2024-01-11 20:00,280338454.0,0,0,0,0,0.0,0
2276,2024-01-11 21:00,391552499.0,0,0,0,0,0.0,0
2277,2024-01-11 22:00,307297590.0,0,0,0,0,0.0,0
2278,2024-01-11 23:00,252473045.0,0,0,0,0,0.0,0
2279,2024-01-12 00:00,82526213.0,0,0,0,0,0.0,0
2280,2024-01-12 01:00,323839026.0,0,0,0,0,0.0,0
2281,2024-01-12 02:00,110778285.0,0,0,0,0,0.0,0
2282,2024-01-12 03:00,107499058.0,0,0,0,0,0.0,0
2283,2024-01-12 04:00,416249320.0,0,1,0,0,0.4166666666666667,0
2284,2024-01-12 05:00,853469588.0,0,0,0,0,0.0,0
2285,2024-01-12 06:00,534982771.0,0,0,0,1,0.1875,0
2286,2024-01-12 07:00,533051625.0,0,0,0,0,0.0,0
2287,2024-01-12 08:00,696250568.0,0,0,0,0,0.0,0
2288,2024-01-12 09:00,636557713.0,0,0,0,0,0.0,0
2289,2024-01-12 10:00,364349246.0,0,0,0,0,0.0,0
2290,2024-01-12 11:00,552178382.0,0,0,0,0,0.0,0
2291,2024-01-12 12:00,271589864.0,0,0,0,0,0.0,0
2292,2024-01-12 13:00,587846904.0,0,0,0,0,0.0,0
2293,2024-01-12 14:00,210585483.0,0,0,0,0,0.0,0
2294,2024-01-12 15:00,163725457.0,0,0,0,0,0.0,0
2295,2024-01-12 16:00,241996339.0,0,0,0,0,0.0,0
2296,2024-01-12 17:00,493427259.0,0,1,0,0,0.4166666666666667,0
2297,2024-01-12 18:00,245821918.0,0,0,0,0,0.0,0
2298,2024-01-12 19:00,621198315.0,0,0,0,0,0.0,0
2299,2024-01-12 20:00,392012508.0,0,0,0,0,0.0,0
2300,2024-01-12 21:00,148096088.0,0,0,0,0,0.0,0
2301,2024-01-12 22:00,47688924.0,0,0,0,0,0.0,0
2302,2024-01-12 23:00,65452609.0,0,0,0,0,0.0,0
2303,2024-01-13 00:00,254807610.0,1,0,0,0,0.0,0
2304,2024-01-13 01:00,27960887.0,1,0,0,0,0.0,0
2305,2024-01-13 02:00,350851572.0,1,0,0,0,0.0,0
2306,2024-01-13 03:00,44842951.0,1,0,0,0,0.0,0
2307,2024-01-13 04:00,271073249.0,1,0,0,0,0.0,0
2308,2024-01-13 05:00,193371965.0,1,0,0,0,0.0,0
2309,2024-01-13 06:00,263257105.0,1,0,0,0,0.0,0
2310,2024-01-13 07:00,314909724.0,1,0,0,0,0.0,0
2311,2024-01-13 08:00,198620258.0,1,0,0,0,0.0,0
2312,2024-01-13 09:00,245638774.0,1,0,0,0,0.0,0
2313,2024-01-13 10:00,507522437.0,1,0,0,0,0.0,0
2314,2024-01-13 11:00,283592691.0,1,0,0,0,0.0,0
2315,2024-01-13 12:00,376918788.0,1,0,0,0,0.0,0
2316,2024-01-13 13:00,593563080.0,1,0,0,0,0.0,0
2317,2024-01-13 14:00,235897630.0,1,0,0,0,0.0,0
2318,2024-01-13 15:00,225802150.0,1,0,0,0,0.0,0
2319,2024-01-13 16:00,213601521.0,1,0,0,0,0.0,0
2320,2024-01-13 17:00,113127949.0,1,0,0,0,0.0,0
2321,2024-01-13 18:00,266431485.0,1,0,0,0,0.0,0
2322,2024-01-13 19:00,378223715.0,1,0,0,0,0.0,0
2323,2024-01-13 20:00,185739272.0,1,0,0,0,0.0,0
2324,2024-01-13 21:00,418066732.0,1,1,0,0,0.4166666666666667,0
2325,2024-01-13 22:00,314290600.0,1,0,0,0,0.0,0
2326,2024-01-13 23:00,350423630.0,1,0,0,0,0.0,0
2327,2024-01-14 00:00,232230413.0,1,0,0,0,0.0,0
2328,2024-01-14 01:00,288456075.0,1,0,0,0,0.0,0
2329,2024-01-14 02:00,170790444.0,1,0,0,0,0.0,0
2330,2024-01-14 03:00,249991195.0,1,0,0,0,0.0,0
2331,2024-01-14 04:00,102312900.0,1,1,0,0,0.4166666666666667,0
2332,2024-01-14 05:00,332875109.0,1,0,0,0,0.0,0
2333,2024-01-14 06:00,98781394.0,1,1,0,0,0.4166666666666667,0
2334,2024-01-14 07:00,129308509.0,1,0,0,0,0.0,0
2335,2024-01-14 08:00,132719848.0,1,0,0,0,0.0,0
2336,2024-01-14 09:00,143891490.0,1,0,0,0,0.0,0
2337,2024-01-14 10:00,251068410.0,1,0,0,1,0.1875,0
2338,2024-01-14 11:00,280153055.0,1,0,0,0,0.0,0
2339,2024-01-14 12:00,241061037.0,1,0,0,0,0.0,0
2340,2024-01-14 13:00,336347430.0,1,0,0,0,0.0,0
2341,2024-01-14 14:00,172287854.0,1,0,0,0,0.0,0
2342,2024-01-14 15:00,125564174.0,1,0,0,0,0.0,0
2343,2024-01-14 16:00,91233232.0,1,1,0,0,0.4166666666666667,0
2344,2024-01-14 17:00,74474727.0,1,1,0,0,0.4166666666666667,0
2345,2024-01-14 18:00,155024252.0,1,0,0,0,0.0,0
2346,2024-01-14 19:00,279407958.0,1,0,0,0,0.0,0
2347,2024-01-14 20:00,330951678.0,1,0,0,0,0.0,0
2348,2024-01-14 21:00,247280013.0,1,0,0,0,0.0,0
2349,2024-01-14 22:00,407090866.0,1,1,0,0,0.4166666666666667,0
2350,2024-01-14 23:00,153467041.0,1,0,0,0,0.0,0
2351,2024-01-15 00:00,132504968.0,0,0,0,0,0.0,0
2352,2024-01-15 01:00,166084485.0,0,0,0,0,0.0,0
2353,2024-01-15 02:00,52299690.0,0,1,0,0,0.4166666666666667,0
2354,2024-01-15 03:00,92127158.0,0,1,0,0,0.4166666666666667,0
2355,2024-01-15 04:00,253835556.0,0,0,0,0,0.0,0
2356,2024-01-15 05:00,596604897.0,0,0,0,0,0.0,0
2357,2024-01-15 06:00,346573877.0,0,0,0,0,0.0,0
2358,2024-01-15 07:00,528870972.0,0,1,0,0,0.4166666666666667,0
2359,2024-01-15 08:00,331495747.0,0,0,0,0,0.0,0
2360,2024-01-15 09:00,309578551.0,0,0,0,0,0.0,0
2361,2024-01-15 10:00,378560265.0,0,1,0,0,0.4166666666666667,0
2362,2024-01-15 11:00,470612163.0,0,1,0,0,0.4166666666666667,0
2363,2024-01-15 12:00,305953574.0,0,0,0,0,0.0,0
2364,2024-01-15 13:00,281430651.0,0,0,0,0,0.0,0
2365,2024-01-15 14:00,181297213.0,0,0,0,0,0.0,0
2366,2024-01-15 15:00,199930673.0,0,0,0,0,0.0,0
2367,2024-01-15 16:00,29828681.0,0,1,0,0,0.4166666666666667,0
2368,2024-01-15 17:00,66183601.0,0,1,0,0,0.4166666666666667,0
2369,2024-01-15 18:00,86388382.0,0,1,0,0,0.4166666666666667,0
2370,2024-01-15 19:00,86985278.0,0,1,0,0,0.4166666666666667,0
2371,2024-01-15 20:00,82157762.0,0,1,0,0,0.4166666666666667,0
2372,2024-01-15 21:00,186016836.0,0,0,0,0,0.0,0
2373,2024-01-15 22:00,56565065.0,0,1,0,0,0.4166666666666667,0
2374,2024-01-15 23:00,77811490.0,0,1,0,0,0.4166666666666667,0
2375,2024-01-16 00:00,102794099.0,0,0,0,0,0.0,0
2376,2024-01-16 01:00,30932662.0,0,1,0,1,0.6041666666666667,0
2377,2024-01-16 02:00,61890974.0,0,1,0,0,0.4166666666666667,0
2378,2024-01-16 03:00,56547779.0,0,1,0,0,0.4166666666666667,0
2379,2024-01-16 04:00,253238151.0,0,0,0,0,0.0,0
2380,2024-01-16 05:00,556280439.0,0,0,0,0,0.0,0
2381,2024-01-16 06:00,385303635.0,0,1,0,0,0.4166666666666667,0
2382,2024-01-16 07:00,582320277.0,0,0,0,0,0.0,0
2383,2024-01-16 08:00,1023622162.0,0,1,0,1,0.6041666666666667,0
2384,2024-01-16 09:00,440703572.0,0,1,0,0,0.4166666666666667,0
2385,2024-01-16 10:00,402150530.0,0,1,0,0,0.4166666666666667,0
2386,2024-01-16 11:00,450030906.0,0,1,0,0,0.4166666666666667,0
2387,2024-01-16 12:00,461582986.0,0,1,0,0,0.4166666666666667,0
2388,2024-01-16 13:00,271850802.0,0,0,0,0,0.0,0
2389,2024-01-16 14:00,188601937.0,0,0,0,0,0.0,0
2390,2024-01-16 15:00,195839143.0,0,0,0,0,0.0,0
2391,2024-01-16 16:00,187383243.0,0,0,0,0,0.0,0
2392,2024-01-16 17:00,176603626.0,0,0,0,0,0.0,0
2393,2024-01-16 18:00,171040169.0,0,0,0,0,0.0,0
2394,2024-01-16 19:00,283154568.0,0,0,0,0,0.0,0
2395,2024-01-16 20:00,254663873.0,0,0,0,0,0.0,0
2396,2024-01-16 21:00,419771084.0,0,1,0,0,0.4166666666666667,0
2397,2024-01-16 22:00,686549688.0,0,0,0,1,0.1875,0
2398,2024-01-16 23:00,149885719.0,0,0,0,0,0.0,0
2399,2024-01-17 00:00,107671257.0,0,0,0,0,0.0,0
2400,2024-01-17 01:00,49441299.0,0,1,0,0,0.4166666666666667,0
2401,2024-01-17 02:00,142423868.0,0,0,0,0,0.0,0
2402,2024-01-17 03:00,117402250.0,0,0,0,0,0.0,0
2403,2024-01-17 04:00,375724189.0,0,1,0,0,0.4166666666666667,0
2404,2024-01-17 05:00,490725346.0,0,1,0,0,0.4166666666666667,0
2405,2024-01-17 06:00,468077641.0,0,1,0,0,0.4166666666666667,0
2406,2024-01-17 07:00,531589282.0,0,0,0,0,0.0,0
2407,2024-01-17 08:00,567337292.0,0,0,0,1,0.1875,0
2408,2024-01-17 09:00,956376411.0,0,1,0,0,0.4166666666666667,0
2409,2024-01-17 10:00,585349666.0,0,0,0,0,0.0,0
2410,2024-01-17 11:00,618672223.0,0,0,0,0,0.0,0
2411,2024-01-17 12:00,682258573.0,0,0,0,0,0.0,0
2412,2024-01-17 13:00,280894170.0,0,0,0,0,0.0,0
2413,2024-01-17 14:00,140808833.0,0,0,0,0,0.0,0
2414,2024-01-17 15:00,99334872.0,0,0,0,0,0.0,0
2415,2024-01-17 16:00,74579224.0,0,0,0,0,0.0,0
2416,2024-01-17 17:00,84357324.0,0,0,0,0,0.0,0
2417,2024-01-17 18:00,191939519.0,0,0,0,0,0.0,0
2418,2024-01-17 19:00,1163913030.0,0,1,0,0,0.4166666666666667,0
2419,2024-01-17 20:00,476535627.0,0,1,0,0,0.4166666666666667,0
2420,2024-01-17 21:00,611169856.0,0,0,0,0,0.0,0
2421,2024-01-17 22:00,523867380.0,0,0,0,0,0.0,0
2422,2024-01-17 23:00,386239835.0,0,1,0,0,0.4166666666666667,0
2423,2024-01-18 00:00,201176751.0,0,0,0,0,0.0,0
2424,2024-01-18 01:00,138864936.0,0,0,0,0,0.0,0
2425,2024-01-18 02:00,75093988.0,0,0,0,0,0.0,0
2426,2024-01-18 03:00,192219877.0,0,0,0,0,0.0,0
2427,2024-01-18 04:00,270035007.0,0,0,0,0,0.0,0
2428,2024-01-18 05:00,732771756.0,0,0,0,0,0.0,0
2429,2024-01-18 06:00,401274321.0,0,1,0,0,0.4166666666666667,0
2430,2024-01-18 07:00,274275055.0,0,0,0,0,0.0,0
2431,2024-01-18 08:00,572930512.0,0,0,0,0,0.0,0
2432,2024-01-18 09:00,307171459.0,0,0,0,0,0.0,0
2433,2024-01-18 10:00,397055256.0,0,1,0,0,0.4166666666666667,0
2434,2024-01-18 11:00,535037478.0,0,0,0,0,0.0,0
2435,2024-01-18 12:00,413090672.0,0,1,0,0,0.4166666666666667,0
2436,2024-01-18 13:00,138150061.0,0,0,0,0,0.0,0
2437,2024-01-18 14:00,140292023.0,0,0,0,0,0.0,0
2438,2024-01-18 15:00,256363177.0,0,0,0,0,0.0,0
2439,2024-01-18 16:00,130342686.0,0,0,0,0,0.0,0
2440,2024-01-18 17:00,241905702.0,0,0,0,0,0.0,0
2441,2024-01-18 18:00,395682457.0,0,1,0,0,0.4166666666666667,0
2442,2024-01-18 19:00,198880368.0,0,0,0,0,0.0,0
2443,2024-01-18 20:00,167763887.0,0,0,0,0,0.0,0
2444,2024-01-18 21:00,642084130.0,0,0,0,0,0.0,0
2445,2024-01-18 22:00,420052250.0,0,1,0,0,0.4166666666666667,0
2446,2024-01-18 23:00,438113032.0,0,1,0,0,0.4166666666666667,0
2447,2024-01-19 00:00,269911280.0,0,0,0,0,0.0,0
2448,2024-01-19 01:00,162485840.0,0,0,0,0,0.0,0
2449,2024-01-19 02:00,271561873.0,0,0,0,0,0.0,0
2450,2024-01-19 03:00,201550695.0,0,0,0,0,0.0,0
2451,2024-01-19 04:00,304891855.0,0,0,0,0,0.0,0
2452,2024-01-19 05:00,470565636.0,0,1,0,0,0.4166666666666667,0
2453,2024-01-19 06:00,367575581.0,0,0,0,0,0.0,0
2454,2024-01-19 07:00,819319295.0,0,1,0,0,0.4166666666666667,0
2455,2024-01-19 08:00,1144405879.0,0,1,0,0,0.4166666666666667,0
2456,2024-01-19 09:00,595006925.0,0,0,0,0,0.0,0
2457,2024-01-19 10:00,224431890.0,0,0,0,0,0.0,0
2458,2024-01-19 11:00,1017536836.0,0,1,0,0,0.4166666666666667,0
2459,2024-01-19 12:00,574045603.0,0,0,0,0,0.0,0
2460,2024-01-19 13:00,225385470.0,0,0,0,0,0.0,0
2461,2024-01-19 14:00,293358735.0,0,0,0,0,0.0,0
2462,2024-01-19 15:00,96366343.0,0,0,0,0,0.0,0
2463,2024-01-19 16:00,65922424.0,0,0,0,0,0.0,0
2464,2024-01-19 17:00,58297348.0,0,0,0,0,0.0,0
2465,2024-01-19 18:00,52809109.0,0,0,0,0,0.0,0
2466,2024-01-19 19:00,88594499.0,0,0,0,0,0.0,0
2467,2024-01-19 20:00,112757154.0,0,0,0,1,0.1875,0
2468,2024-01-19 21:00,187479444.0,0,0,0,0,0.0,0
2469,2024-01-19 22:00,200027276.0,0,0,0,0,0.0,0
2470,2024-01-19 23:00,266766095.0,0,0,0,0,0.0,0
2471,2024-01-20 00:00,67016222.0,1,0,0,0,0.0,0
2472,2024-01-20 01:00,49955745.0,1,0,0,1,0.1875,0
2473,2024-01-20 02:00,75787701.0,1,0,0,0,0.0,0
2474,2024-01-20 03:00,21473028.0,1,1,0,0,0.4166666666666667,0
2475,2024-01-20 04:00,56134828.0,1,0,0,0,0.0,0
2476,2024-01-20 05:00,115673040.0,1,0,0,0,0.0,0
2477,2024-01-20 06:00,106439275.0,1,0,0,0,0.0,0
2478,2024-01-20 07:00,96382954.0,1,0,0,0,0.0,0
2479,2024-01-20 08:00,78157128.0,1,0,0,0,0.0,0
2480,2024-01-20 09:00,229715121.0,1,0,0,0,0.0,0
2481,2024-01-20 10:00,287842360.0,1,0,0,0,0.0,0
2482,2024-01-20 11:00,321843780.0,1,0,0,0,0.0,0
2483,2024-01-20 12:00,178243605.0,1,0,0,0,0.0,0
2484,2024-01-20 13:00,182902097.0,1,0,0,0,0.0,0
2485,2024-01-20 14:00,134683072.0,1,0,0,1,0.1875,0
2486,2024-01-20 15:00,284608095.0,1,0,0,0,0.0,0
2487,2024-01-20 16:00,559245602.0,1,0,0,0,0.0,0
2488,2024-01-20 17:00,687699659.0,1,0,0,0,0.0,0
2489,2024-01-20 18:00,113803303.0,1,0,0,0,0.0,0
2490,2024-01-20 19:00,186211005.0,1,0,0,0,0.0,0
2491,2024-01-20 20:00,293913048.0,1,0,0,0,0.0,0
2492,2024-01-20 21:00,253846981.0,1,0,0,1,0.1875,0
2493,2024-01-20 22:00,262063809.0,1,0,0,0,0.0,0
2494,2024-01-20 23:00,137765068.0,1,0,0,0,0.0,0
2495,2024-01-21 00:00,28876934.0,1,1,0,0,0.4166666666666667,0
2496,2024-01-21 01:00,237267106.0,1,0,0,0,0.0,0
2497,2024-01-21 02:00,88956085.0,1,0,0,0,0.0,0
2498,2024-01-21 03:00,72065452.0,1,0,0,0,0.0,0
2499,2024-01-21 04:00,15790357.0,1,1,0,0,0.4166666666666667,0
2500,2024-01-21 05:00,23094377.0,1,1,0,0,0.4166666666666667,0
2501,2024-01-21 06:00,40545920.0,1,0,0,0,0.0,0
2502,2024-01-21 07:00,28245390.0,1,0,0,0,0.0,0
2503,2024-01-21 08:00,255311536.0,1,0,0,0,0.0,0
2504,2024-01-21 09:00,203417154.0,1,0,0,0,0.0,0
2505,2024-01-21 10:00,337064862.0,1,0,0,0,0.0,0
2506,2024-01-21 11:00,237685178.0,1,0,0,0,0.0,0
2507,2024-01-21 12:00,413349205.0,1,1,0,0,0.4166666666666667,0
2508,2024-01-21 13:00,137234950.0,1,0,0,0,0.0,0
2509,2024-01-21 14:00,148092674.0,1,0,0,0,0.0,0
2510,2024-01-21 15:00,308823158.0,1,0,0,0,0.0,0
2511,2024-01-21 16:00,38970654.0,1,0,0,0,0.0,0
2512,2024-01-21 17:00,59128253.0,1,0,0,0,0.0,0
2513,2024-01-21 18:00,171189650.0,1,0,0,0,0.0,0
2514,2024-01-21 19:00,337056216.0,1,0,0,0,0.0,0
2515,2024-01-21 20:00,82416865.0,1,0,0,0,0.0,0
2516,2024-01-21 21:00,142041947.0,1,0,0,0,0.0,0
2517,2024-01-21 22:00,152142746.0,1,0,0,0,0.0,0
2518,2024-01-21 23:00,300277065.0,1,0,0,0,0.0,0
2519,2024-01-22 00:00,135730914.0,0,0,0,0,0.0,0
2520,2024-01-22 01:00,134735422.0,0,0,0,0,0.0,0
2521,2024-01-22 02:00,50258951.0,0,0,0,0,0.0,0
2522,2024-01-22 03:00,101507410.0,0,0,0,0,0.0,0
2523,2024-01-22 04:00,205235474.0,0,0,0,0,0.0,0
2524,2024-01-22 05:00,388690785.0,0,1,0,0,0.4166666666666667,0
2525,2024-01-22 06:00,445563745.0,0,1,0,0,0.4166666666666667,0
2526,2024-01-22 07:00,697583310.0,0,0,0,0,0.0,0
2527,2024-01-22 08:00,554127752.0,0,0,0,0,0.0,0
2528,2024-01-22 09:00,537711871.0,0,0,0,0,0.0,0
2529,2024-01-22 10:00,696515525.0,0,0,0,1,0.1875,0
2530,2024-01-22 11:00,509693751.0,0,1,0,0,0.4166666666666667,0
2531,2024-01-22 12:00,334378895.0,0,1,0,0,0.4166666666666667,0
2532,2024-01-22 13:00,417316201.0,0,1,0,0,0.4166666666666667,0
2533,2024-01-22 14:00,504240157.0,0,1,0,0,0.4166666666666667,0
2534,2024-01-22 15:00,432641699.0,0,1,0,0,0.4166666666666667,0
2535,2024-01-22 16:00,55589154.0,0,0,0,0,0.0,0
2536,2024-01-22 17:00,103553181.0,0,0,0,0,0.0,0
2537,2024-01-22 18:00,90069547.0,0,0,0,0,0.0,0
2538,2024-01-22 19:00,252173126.0,0,0,0,0,0.0,0
2539,2024-01-22 20:00,325765838.0,0,0,0,0,0.0,0
2540,2024-01-22 21:00,336225697.0,0,0,0,0,0.0,0
2541,2024-01-22 22:00,297579012.0,0,0,0,0,0.0,0
2542,2024-01-22 23:00,160848125.0,0,0,0,0,0.0,0
2543,2024-01-23 00:00,93708006.0,0,0,0,0,0.0,0
2544,2024-01-23 01:00,273851644.0,0,0,0,0,0.0,0
2545,2024-01-23 02:00,335629521.0,0,1,0,0,0.4166666666666667,0
2546,2024-01-23 03:00,193889541.0,0,0,0,0,0.0,0
2547,2024-01-23 04:00,265876125.0,0,0,0,0,0.0,0
2548,2024-01-23 05:00,1288897221.0,0,1,0,1,0.6041666666666667,0
2549,2024-01-23 06:00,476321662.0,0,1,0,0,0.4166666666666667,0
2550,2024-01-23 07:00,1066937982.0,0,1,0,0,0.4166666666666667,0
2551,2024-01-23 08:00,352568267.0,0,1,0,0,0.4166666666666667,0
2552,2024-01-23 09:00,555163481.0,0,0,0,0,0.0,0
2553,2024-01-23 10:00,643657809.0,0,0,0,0,0.0,0
2554,2024-01-23 11:00,530385758.0,0,0,0,0,0.0,0
2555,2024-01-23 12:00,591984875.0,0,0,0,0,0.0,0
2556,2024-01-23 13:00,181335270.0,0,0,0,0,0.0,0
2557,2024-01-23 14:00,183629145.0,0,0,0,0,0.0,0
2558,2024-01-23 15:00,111905380.0,0,0,0,0,0.0,0
2559,2024-01-23 16:00,151013348.0,0,0,0,0,0.0,0
2560,2024-01-23 17:00,251923357.0,0,0,0,0,0.0,0
2561,2024-01-23 18:00,125578314.0,0,0,0,0,0.0,0
2562,2024-01-23 19:00,678083144.0,0,0,0,0,0.0,0
2563,2024-01-23 20:00,256496681.0,0,0,0,0,0.0,0
2564,2024-01-23 21:00,651979051.0,0,0,0,0,0.0,0
2565,2024-01-23 22:00,340611154.0,0,1,0,0,0.4166666666666667,0
2566,2024-01-23 23:00,271246042.0,0,0,0,0,0.0,0
2567,2024-01-24 00:00,75418524.0,0,0,0,0,0.0,0
2568,2024-01-24 01:00,64294711.0,0,0,0,0,0.0,0
2569,2024-01-24 02:00,52397370.0,0,0,0,0,0.0,0
2570,2024-01-24 03:00,74516494.0,0,0,0,0,0.0,0
2571,2024-01-24 04:00,230734591.0,0,0,0,0,0.0,0
2572,2024-01-24 05:00,460631627.0,0,1,0,0,0.4166666666666667,0
2573,2024-01-24 06:00,712813480.0,0,0,0,0,0.0,0
2574,2024-01-24 07:00,574984880.0,0,0,0,0,0.0,0
2575,2024-01-24 08:00,341376921.0,0,0,0,0,0.0,0
2576,2024-01-24 09:00,1520571100.0,0,1,0,0,0.4166666666666667,0
2577,2024-01-24 10:00,705762687.0,0,0,0,0,0.0,0
2578,2024-01-24 11:00,740809151.0,0,0,0,0,0.0,0
2579,2024-01-24 12:00,3169786073.0,0,1,0,1,0.6041666666666667,0
2580,2024-01-24 13:00,2407429691.0,0,1,1,0,0.8125,1
2581,2024-01-24 14:00,763366136.0,0,0,0,0,0.0,0
2582,2024-01-24 15:00,594067965.0,0,0,0,0,0.0,0
2583,2024-01-24 16:00,258537564.0,0,0,0,0,0.0,0
2584,2024-01-24 17:00,644261903.0,0,0,0,0,0.0,0
2585,2024-01-24 18:00,189663936.0,0,0,0,0,0.0,0
2586,2024-01-24 19:00,270459901.0,0,0,0,0,0.0,0
2587,2024-01-24 20:00,204572435.0,0,0,0,0,0.0,0
2588,2024-01-24 21:00,258574237.0,0,0,0,0,0.0,0
2589,2024-01-24 22:00,107137800.0,0,0,0,0,0.0,0
2590,2024-01-24 23:00,114051667.0,0,0,0,1,0.1875,0
2591,2024-01-25 00:00,121789475.0,0,0,0,0,0.0,0
2592,2024-01-25 01:00,213096375.0,0,0,0,0,0.0,0
2593,2024-01-25 02:00,102368495.0,0,0,0,0,0.0,0
2594,2024-01-25 03:00,109622282.0,0,0,0,0,0.0,0
2595,2024-01-25 04:00,275452380.0,0,0,0,0,0.0,0
2596,2024-01-25 05:00,604531443.0,0,0,0,0,0.0,0
2597,2024-01-25 06:00,477941029.0,0,0,0,0,0.0,0
2598,2024-01-25 07:00,528161862.0,0,0,0,0,0.0,0
2599,2024-01-25 08:00,316242203.0,0,0,0,0,0.0,0
2600,2024-01-25 09:00,384396455.0,0,0,0,0,0.0,0
2601,2024-01-25 10:00,406695401.0,0,0,0,0,0.0,0
2602,2024-01-25 11:00,287875786.0,0,0,0,0,0.0,0
2603,2024-01-25 12:00,321211848.0,0,0,0,0,0.0,0
2604,2024-01-25 13:00,132421294.0,0,0,0,0,0.0,0
2605,2024-01-25 14:00,84469849.0,0,0,0,0,0.0,0
2606,2024-01-25 15:00,87280409.0,0,0,0,0,0.0,0
2607,2024-01-25 16:00,201202887.0,0,0,0,0,0.0,0
2608,2024-01-25 17:00,272270292.0,0,0,0,0,0.0,0
2609,2024-01-25 18:00,313582022.0,0,0,0,0,0.0,0
2610,2024-01-25 19:00,257815144.0,0,0,0,0,0.0,0
2611,2024-01-25 20:00,330077774.0,0,0,0,0,0.0,0
2612,2024-01-25 21:00,365358201.0,0,0,0,0,0.0,0
2613,2024-01-25 22:00,530657385.0,0,0,0,0,0.0,0
2614,2024-01-25 23:00,125589947.0,0,0,0,0,0.0,0
2615,2024-01-26 00:00,109505990.0,0,0,0,0,0.0,0
2616,2024-01-26 01:00,100006142.0,0,0,0,0,0.0,0
2617,2024-01-26 02:00,108726099.0,0,0,0,0,0.0,0
2618,2024-01-26 03:00,160476715.0,0,0,0,0,0.0,0
2619,2024-01-26 04:00,271952305.0,0,0,0,0,0.0,0
2620,2024-01-26 05:00,564265580.0,0,0,0,0,0.0,0
2621,2024-01-26 06:00,377660227.0,0,0,0,0,0.0,0
2622,2024-01-26 07:00,461745811.0,0,0,0,0,0.0,0
2623,2024-01-26 08:00,993704187.0,0,0,0,0,0.0,0
2624,2024-01-26 09:00,532601114.0,0,0,0,0,0.0,0
2625,2024-01-26 10:00,376834660.0,0,0,0,0,0.0,0
2626,2024-01-26 11:00,548931661.0,0,0,0,0,0.0,0
2627,2024-01-26 12:00,516882974.0,0,0,0,0,0.0,0
2628,2024-01-26 13:00,380776515.0,0,0,0,0,0.0,0
2629,2024-01-26 14:00,260641703.0,0,0,0,0,0.0,0
2630,2024-01-26 15:00,201843790.0,0,0,0,0,0.0,0
2631,2024-01-26 16:00,231284617.0,0,0,0,0,0.0,0
2632,2024-01-26 17:00,250030139.0,0,0,0,0,0.0,0
2633,2024-01-26 18:00,165780622.0,0,0,0,0,0.0,0
2634,2024-01-26 19:00,188144409.0,0,0,0,0,0.0,0
2635,2024-01-26 20:00,214673209.0,0,0,0,0,0.0,0
2636,2024-01-26 21:00,395144522.0,0,0,0,0,0.0,0
2637,2024-01-26 22:00,365727541.0,0,0,0,0,0.0,0
2638,2024-01-26 23:00,379843121.0,0,0,0,0,0.0,0
2639,2024-01-27 00:00,298404276.0,1,0,0,0,0.0,0
2640,2024-01-27 01:00,183412446.0,1,0,0,0,0.0,0
2641,2024-01-27 02:00,184262401.0,1,0,0,0,0.0,0
2642,2024-01-27 03:00,131449938.0,1,0,0,0,0.0,0
2643,2024-01-27 04:00,160484802.0,1,0,0,0,0.0,0
2644,2024-01-27 05:00,351094308.0,1,0,0,0,0.0,0
2645,2024-01-27 06:00,324470251.0,1,0,0,0,0.0,0
2646,2024-01-27 07:00,108496467.0,1,0,0,0,0.0,0
2647,2024-01-27 08:00,424069368.0,1,0,0,0,0.0,0
2648,2024-01-27 09:00,255683658.0,1,0,0,0,0.0,0
2649,2024-01-27 10:00,195756210.0,1,0,0,0,0.0,0
2650,2024-01-27 11:00,399200448.0,1,0,0,0,0.0,0
2651,2024-01-27 12:00,1477818150.0,1,1,0,1,0.6041666666666667,0
2652,2024-01-27 13:00,556345038.0,1,0,0,0,0.0,0
2653,2024-01-27 14:00,582937689.0,1,0,0,0,0.0,0
2654,2024-01-27 15:00,1317709177.0,1,1,0,0,0.4166666666666667,0
2655,2024-01-27 16:00,234321623.0,1,0,0,0,0.0,0
2656,2024-01-27 17:00,494655344.0,1,0,0,0,0.0,0
2657,2024-01-27 18:00,303859341.0,1,0,0,0,0.0,0
2658,2024-01-27 19:00,227455958.0,1,0,0,0,0.0,0
2659,2024-01-27 20:00,193256721.0,1,0,0,0,0.0,0
2660,2024-01-27 21:00,1084732296.0,1,0,0,0,0.0,0
2661,2024-01-27 22:00,800217307.0,1,0,0,0,0.0,0
2662,2024-01-27 23:00,140647781.0,1,0,0,0,0.0,0
2663,2024-01-28 00:00,357021756.0,1,0,0,0,0.0,0
2664,2024-01-28 01:00,403421075.0,1,0,0,0,0.0,0
2665,2024-01-28 02:00,200308209.0,1,0,0,0,0.0,0
2666,2024-01-28 03:00,40997493.0,1,0,0,0,0.0,0
2667,2024-01-28 04:00,56791592.0,1,0,0,0,0.0,0
2668,2024-01-28 05:00,125246547.0,1,0,0,0,0.0,0
2669,2024-01-28 06:00,223806544.0,1,0,0,0,0.0,0
2670,2024-01-28 07:00,202164305.0,1,0,0,0,0.0,0
2671,2024-01-28 08:00,140329152.0,1,0,0,0,0.0,0
2672,2024-01-28 09:00,343995944.0,1,0,0,0,0.0,0
2673,2024-01-28 10:00,154311228.0,1,0,0,0,0.0,0
2674,2024-01-28 11:00,220335539.0,1,0,0,1,0.1875,0
2675,2024-01-28 12:00,227176290.0,1,0,0,0,0.0,0
2676,2024-01-28 13:00,174528522.0,1,0,0,0,0.0,0
2677,2024-01-28 14:00,317991509.0,1,0,0,0,0.0,0
2678,2024-01-28 15:00,1173509741.0,1,1,0,0,0.4166666666666667,0
2679,2024-01-28 16:00,168372144.0,1,0,0,0,0.0,0
2680,2024-01-28 17:00,64861698.0,1,0,0,0,0.0,0
2681,2024-01-28 18:00,806496572.0,1,0,0,0,0.0,0
2682,2024-01-28 19:00,598304739.0,1,0,0,0,0.0,0
2683,2024-01-28 20:00,959414911.0,1,1,0,0,0.4166666666666667,0
2684,2024-01-28 21:00,950500070.0,1,1,0,0,0.4166666666666667,0
2685,2024-01-28 22:00,548240221.0,1,0,0,0,0.0,0
2686,2024-01-28 23:00,352236888.0,1,0,0,0,0.0,0
2687,2024-01-29 00:00,319417308.0,0,0,0,0,0.0,0
2688,2024-01-29 01:00,400490629.0,0,0,0,0,0.0,0
2689,2024-01-29 02:00,284979471.0,0,0,0,0,0.0,0
2690,2024-01-29 03:00,118622882.0,0,0,0,0,0.0,0
2691,2024-01-29 04:00,328039775.0,0,0,0,0,0.0,0
2692,2024-01-29 05:00,675599897.0,0,0,0,0,0.0,0
2693,2024-01-29 06:00,268399314.0,0,0,0,0,0.0,0
2694,2024-01-29 07:00,499386437.0,0,0,0,0,0.0,0
2695,2024-01-29 08:00,515935484.0,0,0,0,0,0.0,0
2696,2024-01-29 09:00,637824845.0,0,0,0,0,0.0,0
2697,2024-01-29 10:00,792943283.0,0,0,0,0,0.0,0
2698,2024-01-29 11:00,587249853.0,0,0,0,0,0.0,0
2699,2024-01-29 12:00,269494171.0,0,0,0,0,0.0,0
2700,2024-01-29 13:00,168550571.0,0,0,0,0,0.0,0
2701,2024-01-29 14:00,91699752.0,0,0,0,0,0.0,0
2702,2024-01-29 15:00,349396178.0,0,0,0,0,0.0,0
2703,2024-01-29 16:00,114156089.0,0,0,0,0,0.0,0
2704,2024-01-29 17:00,163769028.0,0,0,0,0,0.0,0
2705,2024-01-29 18:00,204059491.0,0,0,0,0,0.0,0
2706,2024-01-29 19:00,584743409.0,0,0,0,0,0.0,0
2707,2024-01-29 20:00,454419996.0,0,0,0,0,0.0,0
2708,2024-01-29 21:00,873505912.0,0,1,0,0,0.4166666666666667,0
2709,2024-01-29 22:00,419715685.0,0,1,0,0,0.4166666666666667,0
2710,2024-01-29 23:00,814170909.0,0,0,0,0,0.0,0
2711,2024-01-30 00:00,505889853.0,0,0,0,0,0.0,0
2712,2024-01-30 01:00,180955041.0,0,0,0,0,0.0,0
2713,2024-01-30 02:00,121995722.0,0,0,0,0,0.0,0
2714,2024-01-30 03:00,113124519.0,0,0,0,0,0.0,0
2715,2024-01-30 04:00,286580095.0,0,0,0,0,0.0,0
2716,2024-01-30 05:00,700243879.0,0,0,0,0,0.0,0
2717,2024-01-30 06:00,372525395.0,0,0,0,0,0.0,0
2718,2024-01-30 07:00,319997364.0,0,0,0,0,0.0,0
2719,2024-01-30 08:00,328883341.0,0,0,0,0,0.0,0
2720,2024-01-30 09:00,604395187.0,0,0,0,0,0.0,0
2721,2024-01-30 10:00,604763457.0,0,0,0,0,0.0,0
2722,2024-01-30 11:00,478922194.0,0,0,0,0,0.0,0
2723,2024-01-30 12:00,382637461.0,0,0,0,0,0.0,0
2724,2024-01-30 13:00,268223081.0,0,0,0,0,0.0,0
2725,2024-01-30 14:00,135703593.0,0,0,0,0,0.0,0
2726,2024-01-30 15:00,115288529.0,0,0,0,0,0.0,0
2727,2024-01-30 16:00,230541329.0,0,0,0,0,0.0,0
2728,2024-01-30 17:00,115428468.0,0,0,0,0,0.0,0
2729,2024-01-30 18:00,333261859.0,0,0,0,0,0.0,0
2730,2024-01-30 19:00,513301286.0,0,0,0,0,0.0,0
2731,2024-01-30 20:00,799890442.0,0,0,0,0,0.0,0
2732,2024-01-30 21:00,542351924.0,0,0,0,0,0.0,0
2733,2024-01-30 22:00,1104711339.0,0,1,0,1,0.6041666666666667,0
2734,2024-01-30 23:00,636854727.0,0,0,0,0,0.0,0
2735,2024-01-31 00:00,205191599.0,0,0,0,0,0.0,0
2736,2024-01-31 01:00,169175598.0,0,0,0,0,0.0,0
2737,2024-01-31 02:00,206285706.0,0,0,0,0,0.0,0
2738,2024-01-31 03:00,135308358.0,0,0,0,0,0.0,0
2739,2024-01-31 04:00,221604637.0,0,0,0,0,0.0,0
2740,2024-01-31 05:00,363428807.0,0,0,0,0,0.0,0
2741,2024-01-31 06:00,476263422.0,0,0,0,0,0.0,0
2742,2024-01-31 07:00,274154006.0,0,0,0,0,0.0,0
2743,2024-01-31 08:00,590595692.0,0,0,0,0,0.0,0
2744,2024-01-31 09:00,615362147.0,0,0,0,0,0.0,0
2745,2024-01-31 10:00,1315796456.0,0,1,0,1,0.6041666666666667,0
2746,2024-01-31 11:00,794049228.0,0,0,0,0,0.0,0
2747,2024-01-31 12:00,585824983.0,0,0,0,0,0.0,0
2748,2024-01-31 13:00,524251931.0,0,0,0,0,0.0,0
2749,2024-01-31 14:00,190160781.0,0,0,0,0,0.0,0
2750,2024-01-31 15:00,198964890.0,0,0,0,0,0.0,0
2751,2024-01-31 16:00,144796552.0,0,0,0,0,0.0,0
2752,2024-01-31 17:00,242334112.0,0,0,0,0,0.0,0
2753,2024-01-31 18:00,331158612.0,0,0,0,0,0.0,0
2754,2024-01-31 19:00,972045160.0,0,1,0,0,0.4166666666666667,0
2755,2024-01-31 20:00,348870246.0,0,0,0,0,0.0,0
2756,2024-01-31 21:00,102316065.0,0,0,0,0,0.0,0
2757,2024-01-31 22:00,87517413.0,0,0,0,0,0.0,0
2758,2024-01-31 23:00,65209076.0,0,0,0,0,0.0,0
2759,2024-02-01 00:00,22040928.0,0,0,0,0,0.0,0
2760,2024-02-01 01:00,210504055.0,0,0,0,0,0.0,0
2761,2024-02-01 02:00,51259588.0,0,0,0,0,0.0,0
2762,2024-02-01 03:00,249307684.0,0,0,0,0,0.0,0
2763,2024-02-01 04:00,253864665.0,0,0,0,0,0.0,0
2764,2024-02-01 05:00,303143333.0,0,0,0,0,0.0,0
2765,2024-02-01 06:00,458335231.0,0,1,0,0,0.4166666666666667,0
2766,2024-02-01 07:00,207230588.0,0,0,0,0,0.0,0
2767,2024-02-01 08:00,257439608.0,0,0,0,0,0.0,0
2768,2024-02-01 09:00,399290041.0,0,1,0,0,0.4166666666666667,0
2769,2024-02-01 10:00,570245242.0,0,0,0,0,0.0,0
2770,2024-02-01 11:00,354437616.0,0,0,0,0,0.0,0
2771,2024-02-01 12:00,736244551.0,0,0,0,0,0.0,0
2772,2024-02-01 13:00,340268591.0,0,0,0,0,0.0,0
2773,2024-02-01 14:00,223859478.0,0,0,0,0,0.0,0
2774,2024-02-01 15:00,264739454.0,0,0,0,0,0.0,0
2775,2024-02-01 16:00,217313090.0,0,0,0,0,0.0,0
2776,2024-02-01 17:00,223255206.0,0,0,0,0,0.0,0
2777,2024-02-01 18:00,266386021.0,0,0,0,0,0.0,0
2778,2024-02-01 19:00,479287061.0,0,0,0,0,0.0,0
2779,2024-02-01 20:00,258155906.0,0,0,0,0,0.0,0
2780,2024-02-01 21:00,399008879.0,0,1,0,0,0.4166666666666667,0
2781,2024-02-01 22:00,113870504.0,0,0,0,0,0.0,0
2782,2024-02-01 23:00,143431272.0,0,0,0,0,0.0,0
2783,2024-02-02 00:00,168964166.0,0,0,0,0,0.0,0
2784,2024-02-02 01:00,103932165.0,0,0,0,0,0.0,0
2785,2024-02-02 02:00,171394253.0,0,0,0,0,0.0,0
2786,2024-02-02 03:00,110679937.0,0,0,0,0,0.0,0
2787,2024-02-02 04:00,271169323.0,0,0,0,0,0.0,0
2788,2024-02-02 05:00,584580352.0,0,0,0,0,0.0,0
2789,2024-02-02 06:00,573014284.0,0,0,0,0,0.0,0
2790,2024-02-02 07:00,285060579.0,0,0,0,0,0.0,0
2791,2024-02-02 08:00,351348403.0,0,0,0,0,0.0,0
2792,2024-02-02 09:00,445338833.0,0,1,0,0,0.4166666666666667,0
2793,2024-02-02 10:00,493833220.0,0,0,0,0,0.0,0
2794,2024-02-02 11:00,271262830.0,0,0,0,0,0.0,0
2795,2024-02-02 12:00,236124578.0,0,0,0,0,0.0,0
2796,2024-02-02 13:00,330337972.0,0,0,0,0,0.0,0
2797,2024-02-02 14:00,179182931.0,0,0,0,0,0.0,0
2798,2024-02-02 15:00,208626094.0,0,0,0,0,0.0,0
2799,2024-02-02 16:00,84076893.0,0,0,0,0,0.0,0
2800,2024-02-02 17:00,103172092.0,0,0,0,0,0.0,0
2801,2024-02-02 18:00,116190228.0,0,0,0,0,0.0,0
2802,2024-02-02 19:00,230303582.0,0,0,0,0,0.0,0
2803,2024-02-02 20:00,1261249391.0,0,1,0,0,0.4166666666666667,0
2804,2024-02-02 21:00,219071016.0,0,0,0,0,0.0,0
2805,2024-02-02 22:00,453892864.0,0,1,0,0,0.4166666666666667,0
2806,2024-02-02 23:00,346176521.0,0,0,0,0,0.0,0
2807,2024-02-03 00:00,68925085.0,1,0,0,0,0.0,0
2808,2024-02-03 01:00,163739558.0,1,0,0,0,0.0,0
2809,2024-02-03 02:00,168185908.0,1,0,0,0,0.0,0
2810,2024-02-03 03:00,135658692.0,1,0,0,0,0.0,0
2811,2024-02-03 04:00,148808671.0,1,0,0,0,0.0,0
2812,2024-02-03 05:00,87892892.0,1,0,0,0,0.0,0
2813,2024-02-03 06:00,215122533.0,1,0,0,0,0.0,0
2814,2024-02-03 07:00,409582582.0,1,1,0,0,0.4166666666666667,0
2815,2024-02-03 08:00,1558245031.0,1,1,0,0,0.4166666666666667,0
2816,2024-02-03 09:00,409121152.0,1,1,0,0,0.4166666666666667,0
2817,2024-02-03 10:00,365337476.0,1,0,0,0,0.0,0
2818,2024-02-03 11:00,2257651821.0,1,1,0,1,0.6041666666666667,0
2819,2024-02-03 12:00,252148189.0,1,0,0,0,0.0,0
2820,2024-02-03 13:00,770630311.0,1,0,0,0,0.0,0
2821,2024-02-03 14:00,354519126.0,1,0,0,0,0.0,0
2822,2024-02-03 15:00,1040590074.0,1,1,0,0,0.4166666666666667,0
2823,2024-02-03 16:00,1206080604.0,1,1,0,0,0.4166666666666667,0
2824,2024-02-03 17:00,225094145.0,1,0,0,0,0.0,0
2825,2024-02-03 18:00,1412819086.0,1,1,0,0,0.4166666666666667,0
2826,2024-02-03 19:00,413658995.0,1,0,0,0,0.0,0
2827,2024-02-03 20:00,1486373538.0,1,1,0,0,0.4166666666666667,0
2828,2024-02-03 21:00,456626360.0,1,0,0,0,0.0,0
2829,2024-02-03 22:00,319419246.0,1,0,0,0,0.0,0
2830,2024-02-03 23:00,263182234.0,1,0,0,0,0.0,0
2831,2024-02-04 00:00,262859452.0,1,0,0,0,0.0,0
2832,2024-02-04 01:00,172216000.0,1,0,0,0,0.0,0
2833,2024-02-04 02:00,67932203.0,1,0,0,0,0.0,0
2834,2024-02-04 03:00,68078372.0,1,0,0,0,0.0,0
2835,2024-02-04 04:00,68414852.0,1,0,0,0,0.0,0
2836,2024-02-04 05:00,128604083.0,1,0,0,1,0.1875,0
2837,2024-02-04 06:00,97185936.0,1,0,0,0,0.0,0
2838,2024-02-04 07:00,79268074.0,1,0,0,1,0.1875,0
2839,2024-02-04 08:00,101832658.0,1,0,0,0,0.0,0
2840,2024-02-04 09:00,399949926.0,1,0,0,0,0.0,0
2841,2024-02-04 10:00,98411809.0,1,0,0,0,0.0,0
2842,2024-02-04 11:00,151388265.0,1,0,0,0,0.0,0
2843,2024-02-04 12:00,241550440.0,1,0,0,0,0.0,0
2844,2024-02-04 13:00,310152772.0,1,0,0,0,0.0,0
2845,2024-02-04 14:00,454595259.0,1,0,0,0,0.0,0
2846,2024-02-04 15:00,90753233.0,1,0,0,0,0.0,0
2847,2024-02-04 16:00,295766938.0,1,0,0,0,0.0,0
2848,2024-02-04 17:00,338570913.0,1,0,0,0,0.0,0
2849,2024-02-04 18:00,172710509.0,1,0,0,0,0.0,0
2850,2024-02-04 19:00,223064374.0,1,0,0,0,0.0,0
2851,2024-02-04 20:00,181464739.0,1,0,0,0,0.0,0
2852,2024-02-04 21:00,230889715.0,1,0,0,0,0.0,0
2853,2024-02-04 22:00,781742833.0,1,0,0,0,0.0,0
2854,2024-02-04 23:00,118354857.0,1,0,0,0,0.0,0
2855,2024-02-05 00:00,171178552.0,0,0,0,0,0.0,0
2856,2024-02-05 01:00,228313669.0,0,0,0,0,0.0,0
2857,2024-02-05 02:00,95065608.0,0,0,0,0,0.0,0
2858,2024-02-05 03:00,147257109.0,0,0,0,0,0.0,0
2859,2024-02-05 04:00,1089004611.0,0,1,0,0,0.4166666666666667,0
2860,2024-02-05 05:00,1135443084.0,0,1,0,1,0.6041666666666667,0
2861,2024-02-05 06:00,929571075.0,0,0,0,0,0.0,0
2862,2024-02-05 07:00,561491066.0,0,0,0,0,0.0,0
2863,2024-02-05 08:00,380729995.0,0,0,0,0,0.0,0
2864,2024-02-05 09:00,440210548.0,0,0,0,0,0.0,0
2865,2024-02-05 10:00,326908623.0,0,0,0,0,0.0,0
2866,2024-02-05 11:00,650962105.0,0,0,0,0,0.0,0
2867,2024-02-05 12:00,298697912.0,0,0,0,0,0.0,0
2868,2024-02-05 13:00,116010323.0,0,0,0,0,0.0,0
2869,2024-02-05 14:00,366948515.0,0,0,0,0,0.0,0
2870,2024-02-05 15:00,214471395.0,0,0,0,0,0.0,0
2871,2024-02-05 16:00,1023962960.0,0,1,0,0,0.4166666666666667,0
2872,2024-02-05 17:00,722104804.0,0,0,0,0,0.0,0
2873,2024-02-05 18:00,276470880.0,0,0,0,0,0.0,0
2874,2024-02-05 19:00,866439965.0,0,0,0,0,0.0,0
2875,2024-02-05 20:00,322080002.0,0,0,0,0,0.0,0
2876,2024-02-05 21:00,707184273.0,0,0,0,0,0.0,0
2877,2024-02-05 22:00,525756514.0,0,0,0,0,0.0,0
2878,2024-02-05 23:00,324867523.0,0,0,0,0,0.0,0
2879,2024-02-06 00:00,217199375.0,0,0,0,0,0.0,0
2880,2024-02-06 01:00,76448233.0,0,0,0,0,0.0,0
2881,2024-02-06 02:00,93737098.0,0,0,0,0,0.0,0
2882,2024-02-06 03:00,304552983.0,0,0,0,0,0.0,0
2883,2024-02-06 04:00,207299295.0,0,0,0,0,0.0,0
2884,2024-02-06 05:00,663343044.0,0,0,0,0,0.0,0
2885,2024-02-06 06:00,473791492.0,0,0,0,0,0.0,0
2886,2024-02-06 07:00,398384417.0,0,0,0,0,0.0,0
2887,2024-02-06 08:00,2449527227.0,0,1,0,1,0.6041666666666667,0
2888,2024-02-06 09:00,395140858.0,0,0,0,0,0.0,0
2889,2024-02-06 10:00,439525047.0,0,0,0,0,0.0,0
2890,2024-02-06 11:00,586708078.0,0,0,0,0,0.0,0
2891,2024-02-06 12:00,939753154.0,0,0,0,0,0.0,0
2892,2024-02-06 13:00,368066206.0,0,0,0,0,0.0,0
2893,2024-02-06 14:00,487261799.0,0,0,0,0,0.0,0
2894,2024-02-06 15:00,542711584.0,0,0,0,0,0.0,0
2895,2024-02-06 16:00,302428575.0,0,0,0,0,0.0,0
2896,2024-02-06 17:00,144530417.0,0,0,0,0,0.0,0
2897,2024-02-06 18:00,390262312.0,0,0,0,0,0.0,0
2898,2024-02-06 19:00,200733566.0,0,0,0,0,0.0,0
2899,2024-02-06 20:00,377298153.0,0,0,0,0,0.0,0
2900,2024-02-06 21:00,261923404.0,0,0,0,0,0.0,0
2901,2024-02-06 22:00,292891065.0,0,0,0,0,0.0,0
2902,2024-02-06 23:00,79200096.0,0,0,0,0,0.0,0
2903,2024-02-07 00:00,407463813.0,0,0,0,0,0.0,0
2904,2024-02-07 01:00,87051205.0,0,0,0,0,0.0,0
2905,2024-02-07 02:00,103095177.0,0,0,0,0,0.0,0
2906,2024-02-07 03:00,219933739.0,0,0,0,0,0.0,0
2907,2024-02-07 04:00,562738880.0,0,0,0,0,0.0,0
2908,2024-02-07 05:00,734986480.0,0,0,0,0,0.0,0
2909,2024-02-07 06:00,503165290.0,0,0,0,0,0.0,0
2910,2024-02-07 07:00,486629175.0,0,0,0,0,0.0,0
2911,2024-02-07 08:00,960897761.0,0,0,0,0,0.0,0
2912,2024-02-07 09:00,470910526.0,0,0,0,0,0.0,0
2913,2024-02-07 10:00,837244201.0,0,0,0,0,0.0,0
2914,2024-02-07 11:00,497432761.0,0,0,0,0,0.0,0
2915,2024-02-07 12:00,400763172.0,0,0,0,0,0.0,0
2916,2024-02-07 13:00,290516555.0,0,0,0,0,0.0,0
2917,2024-02-07 14:00,300423085.0,0,0,0,0,0.0,0
2918,2024-02-07 15:00,97757237.0,0,0,0,0,0.0,0
2919,2024-02-07 16:00,1146946386.0,0,1,0,0,0.4166666666666667,0
2920,2024-02-07 17:00,428896998.0,0,0,0,0,0.0,0
2921,2024-02-07 18:00,423951314.0,0,0,0,0,0.0,0
2922,2024-02-07 19:00,214415239.0,0,0,0,0,0.0,0
2923,2024-02-07 20:00,586924861.0,0,0,0,0,0.0,0
2924,2024-02-07 21:00,300354645.0,0,0,0,0,0.0,0
2925,2024-02-07 22:00,838652793.0,0,0,0,0,0.0,0
2926,2024-02-07 23:00,748574452.0,0,0,0,0,0.0,0
2927,2024-02-08 00:00,861263038.0,0,0,0,0,0.0,0
2928,2024-02-08 01:00,480179076.0,0,0,0,0,0.0,0
2929,2024-02-08 02:00,187283072.0,0,0,0,0,0.0,0
2930,2024-02-08 03:00,167030505.0,0,0,0,0,0.0,0
2931,2024-02-08 04:00,312267940.0,0,0,0,0,0.0,0
2932,2024-02-08 05:00,518565569.0,0,0,0,0,0.0,0
2933,2024-02-08 06:00,299069249.0,0,0,0,0,0.0,0
2934,2024-02-08 07:00,249656793.0,0,0,0,0,0.0,0
2935,2024-02-08 08:00,546543382.0,0,0,0,0,0.0,0
2936,2024-02-08 09:00,242637513.0,0,0,0,0,0.0,0
2937,2024-02-08 10:00,478952163.0,0,0,0,0,0.0,0
2938,2024-02-08 11:00,579354447.0,0,0,0,0,0.0,0
2939,2024-02-08 12:00,758445670.0,0,0,0,0,0.0,0
2940,2024-02-08 13:00,1113087501.0,0,1,0,0,0.4166666666666667,0
2941,2024-02-08 14:00,529051284.0,0,0,0,0,0.0,0
2942,2024-02-08 15:00,328501384.0,0,0,0,0,0.0,0
2943,2024-02-08 16:00,1236387532.0,0,1,0,0,0.4166666666666667,0
2944,2024-02-08 17:00,317510792.0,0,0,0,0,0.0,0
2945,2024-02-08 18:00,498501331.0,0,0,0,0,0.0,0
2946,2024-02-08 19:00,449652687.0,0,0,0,0,0.0,0
2947,2024-02-08 20:00,752761828.0,0,0,0,0,0.0,0
2948,2024-02-08 21:00,1350454929.0,0,1,0,0,0.4166666666666667,0
2949,2024-02-08 22:00,677391755.0,0,0,0,0,0.0,0
2950,2024-02-08 23:00,470197546.0,0,0,0,0,0.0,0
2951,2024-02-09 00:00,188381512.0,0,0,0,0,0.0,0
2952,2024-02-09 01:00,120844658.0,0,0,0,0,0.0,0
2953,2024-02-09 02:00,87008074.0,0,0,0,0,0.0,0
2954,2024-02-09 03:00,642841186.0,0,0,0,0,0.0,0
2955,2024-02-09 04:00,525604504.0,0,0,0,0,0.0,0
2956,2024-02-09 05:00,876576092.0,0,0,0,0,0.0,0
2957,2024-02-09 06:00,822425360.0,0,0,0,0,0.0,0
2958,2024-02-09 07:00,547157232.0,0,0,0,0,0.0,0
2959,2024-02-09 08:00,255427541.0,0,0,0,0,0.0,0
2960,2024-02-09 09:00,509225418.0,0,0,0,0,0.0,0
2961,2024-02-09 10:00,295552693.0,0,0,0,0,0.0,0
2962,2024-02-09 11:00,383545783.0,0,0,0,0,0.0,0
2963,2024-02-09 12:00,286489164.0,0,0,0,0,0.0,0
2964,2024-02-09 13:00,385912717.0,0,0,0,0,0.0,0
2965,2024-02-09 14:00,171033477.0,0,0,0,0,0.0,0
2966,2024-02-09 15:00,475210415.0,0,0,0,0,0.0,0
2967,2024-02-09 16:00,176192840.0,0,0,0,0,0.0,0
2968,2024-02-09 17:00,232894093.0,0,0,0,0,0.0,0
2969,2024-02-09 18:00,643285895.0,0,0,0,0,0.0,0
2970,2024-02-09 19:00,396706315.0,0,0,0,0,0.0,0
2971,2024-02-09 20:00,333635895.0,0,0,0,0,0.0,0
2972,2024-02-09 21:00,371483032.0,0,0,0,0,0.0,0
2973,2024-02-09 22:00,785986238.0,0,0,0,0,0.0,0
2974,2024-02-09 23:00,188926538.0,0,0,0,0,0.0,0
2975,2024-02-10 00:00,388128143.0,1,0,0,0,0.0,0
2976,2024-02-10 01:00,41572030.0,1,0,0,0,0.0,0
2977,2024-02-10 02:00,166540331.0,1,0,0,0,0.0,0
2978,2024-02-10 03:00,76657496.0,1,0,0,0,0.0,0
2979,2024-02-10 04:00,76027816.0,1,0,0,0,0.0,0
2980,2024-02-10 05:00,269587284.0,1,0,0,0,0.0,0
2981,2024-02-10 06:00,72265996.0,1,0,0,0,0.0,0
2982,2024-02-10 07:00,152487850.0,1,0,0,0,0.0,0
2983,2024-02-10 08:00,186864889.0,1,0,0,0,0.0,0
2984,2024-02-10 09:00,241925621.0,1,0,0,0,0.0,0
2985,2024-02-10 10:00,306332731.0,1,0,0,0,0.0,0
2986,2024-02-10 11:00,289060502.0,1,0,0,0,0.0,0
2987,2024-02-10 12:00,274980893.0,1,0,0,1,0.1875,0
2988,2024-02-10 13:00,337692408.0,1,0,0,0,0.0,0
2989,2024-02-10 14:00,520989765.0,1,0,0,0,0.0,0
2990,2024-02-10 15:00,456767878.0,1,0,0,0,0.0,0
2991,2024-02-10 16:00,413580761.0,1,0,0,0,0.0,0
2992,2024-02-10 17:00,510420213.0,1,0,0,0,0.0,0
2993,2024-02-10 18:00,260431513.0,1,0,0,1,0.1875,0
2994,2024-02-10 19:00,697502128.0,1,0,0,0,0.0,0
2995,2024-02-10 20:00,597641204.0,1,0,0,0,0.0,0
2996,2024-02-10 21:00,375743143.0,1,0,0,0,0.0,0
2997,2024-02-10 22:00,414588904.0,1,0,0,0,0.0,0
2998,2024-02-10 23:00,430074224.0,1,0,0,0,0.0,0
2999,2024-02-11 00:00,159101049.0,1,0,0,1,0.1875,0
3000,2024-02-11 01:00,88194920.0,1,0,0,0,0.0,0
3001,2024-02-11 02:00,30121844.0,1,0,0,0,0.0,0
3002,2024-02-11 03:00,68105565.0,1,0,0,0,0.0,0
3003,2024-02-11 04:00,173095843.0,1,0,0,0,0.0,0
3004,2024-02-11 05:00,125752818.0,1,0,0,0,0.0,0
3005,2024-02-11 06:00,142641542.0,1,0,0,0,0.0,0
3006,2024-02-11 07:00,148750958.0,1,0,0,0,0.0,0
3007,2024-02-11 08:00,102306162.0,1,0,0,1,0.1875,0
3008,2024-02-11 09:00,699696258.0,1,0,0,0,0.0,0
3009,2024-02-11 10:00,450435570.0,1,0,0,0,0.0,0
3010,2024-02-11 11:00,311538094.0,1,0,0,0,0.0,0
3011,2024-02-11 12:00,286704440.0,1,0,0,0,0.0,0
3012,2024-02-11 13:00,533704618.0,1,0,0,0,0.0,0
3013,2024-02-11 14:00,210565950.0,1,0,0,0,0.0,0
3014,2024-02-11 15:00,2386601666.0,1,1,0,1,0.6041666666666667,0
3015,2024-02-11 16:00,1209940029.0,1,1,0,0,0.4166666666666667,0
3016,2024-02-11 17:00,486547445.0,1,0,0,0,0.0,0
3017,2024-02-11 18:00,312723982.0,1,0,0,0,0.0,0
3018,2024-02-11 19:00,361290049.0,1,0,0,0,0.0,0
3019,2024-02-11 20:00,745934939.0,1,0,0,0,0.0,0
3020,2024-02-11 21:00,463124353.0,1,0,0,0,0.0,0
3021,2024-02-11 22:00,225391669.0,1,0,0,0,0.0,0
3022,2024-02-11 23:00,45089523.0,1,0,0,0,0.0,0
3023,2024-02-12 00:00,34647385.0,0,0,0,0,0.0,0
3024,2024-02-12 01:00,39002925.0,0,0,0,0,0.0,0
3025,2024-02-12 02:00,54815502.0,0,0,0,1,0.1875,0
3026,2024-02-12 03:00,82626454.0,0,0,0,0,0.0,0
3027,2024-02-12 04:00,222682127.0,0,0,0,0,0.0,0
3028,2024-02-12 05:00,895482818.0,0,0,0,0,0.0,0
3029,2024-02-12 06:00,996391015.0,0,1,0,1,0.6041666666666667,0
3030,2024-02-12 07:00,551441494.0,0,0,0,0,0.0,0
3031,2024-02-12 08:00,743483947.0,0,0,0,0,0.0,0
3032,2024-02-12 09:00,1428029161.0,0,1,0,1,0.6041666666666667,0
3033,2024-02-12 10:00,543640482.0,0,0,0,0,0.0,0
3034,2024-02-12 11:00,484681344.0,0,0,0,0,0.0,0
3035,2024-02-12 12:00,931084335.0,0,0,0,0,0.0,0
3036,2024-02-12 13:00,274782042.0,0,0,0,0,0.0,0
3037,2024-02-12 14:00,79864603.0,0,0,0,0,0.0,0
3038,2024-02-12 15:00,125553747.0,0,0,0,0,0.0,0
3039,2024-02-12 16:00,132851107.0,0,0,0,0,0.0,0
3040,2024-02-12 17:00,510127488.0,0,0,0,0,0.0,0
3041,2024-02-12 18:00,148102705.0,0,0,0,0,0.0,0
3042,2024-02-12 19:00,137872722.0,0,0,0,0,0.0,0
3043,2024-02-12 20:00,225322228.0,0,0,0,0,0.0,0
3044,2024-02-12 21:00,72513431.0,0,0,0,0,0.0,0
3045,2024-02-12 22:00,128023986.0,0,0,0,0,0.0,0
3046,2024-02-12 23:00,527677578.0,0,0,0,0,0.0,0
3047,2024-02-13 00:00,76270882.0,0,0,0,0,0.0,0
3048,2024-02-13 01:00,87237370.0,0,0,0,0,0.0,0
3049,2024-02-13 02:00,32795869.0,0,0,0,0,0.0,0
3050,2024-02-13 03:00,65556484.0,0,0,0,0,0.0,0
3051,2024-02-13 04:00,201594238.0,0,0,0,0,0.0,0
3052,2024-02-13 05:00,204223231.0,0,0,0,1,0.1875,0
3053,2024-02-13 06:00,226573995.0,0,0,0,0,0.0,0
3054,2024-02-13 07:00,319767955.0,0,0,0,0,0.0,0
3055,2024-02-13 08:00,295216841.0,0,0,0,0,0.0,0
3056,2024-02-13 09:00,358500695.0,0,0,0,0,0.0,0
3057,2024-02-13 10:00,576812390.0,0,0,0,0,0.0,0
3058,2024-02-13 11:00,447005025.0,0,0,0,0,0.0,0
3059,2024-02-13 12:00,528571312.0,0,0,0,0,0.0,0
3060,2024-02-13 13:00,355249086.0,0,0,0,0,0.0,0
3061,2024-02-13 14:00,104562855.0,0,0,0,1,0.1875,0
3062,2024-02-13 15:00,417562353.0,0,0,0,0,0.0,0
3063,2024-02-13 16:00,390323505.0,0,0,0,0,0.0,0
3064,2024-02-13 17:00,94400137.0,0,0,0,0,0.0,0
3065,2024-02-13 18:00,128035611.0,0,0,0,0,0.0,0
3066,2024-02-13 19:00,123088196.0,0,0,0,0,0.0,0
3067,2024-02-13 20:00,212390526.0,0,0,0,0,0.0,0
3068,2024-02-13 21:00,205332901.0,0,0,0,0,0.0,0
3069,2024-02-13 22:00,323035351.0,0,0,0,0,0.0,0
3070,2024-02-13 23:00,324110634.0,0,0,0,0,0.0,0
3071,2024-02-14 00:00,136595416.0,0,0,0,0,0.0,0
3072,2024-02-14 01:00,276830946.0,0,0,0,0,0.0,0
3073,2024-02-14 02:00,125769414.0,0,0,0,0,0.0,0
3074,2024-02-14 03:00,156171065.0,0,0,0,0,0.0,0
3075,2024-02-14 04:00,938536269.0,0,0,0,0,0.0,0
3076,2024-02-14 05:00,945600847.0,0,0,0,0,0.0,0
3077,2024-02-14 06:00,687078511.0,0,0,0,0,0.0,0
3078,2024-02-14 07:00,387414917.0,0,0,0,0,0.0,0
3079,2024-02-14 08:00,858163936.0,0,0,0,0,0.0,0
3080,2024-02-14 09:00,402072341.0,0,0,0,0,0.0,0
3081,2024-02-14 10:00,360687057.0,0,0,0,0,0.0,0
3082,2024-02-14 11:00,414289629.0,0,0,0,0,0.0,0
3083,2024-02-14 12:00,867699580.0,0,0,0,0,0.0,0
3084,2024-02-14 13:00,423268895.0,0,0,0,0,0.0,0
3085,2024-02-14 14:00,250755616.0,0,0,0,0,0.0,0
3086,2024-02-14 15:00,415851902.0,0,0,0,0,0.0,0
3087,2024-02-14 16:00,344678201.0,0,0,0,0,0.0,0
3088,2024-02-14 17:00,140144338.0,0,0,0,0,0.0,0
3089,2024-02-14 18:00,430276014.0,0,0,0,0,0.0,0
3090,2024-02-14 19:00,372470813.0,0,0,0,0,0.0,0
3091,2024-02-14 20:00,697594605.0,0,0,0,0,0.0,0
3092,2024-02-14 21:00,288317315.0,0,0,0,0,0.0,0
3093,2024-02-14 22:00,247124069.0,0,0,0,0,0.0,0
3094,2024-02-14 23:00,106117117.0,0,0,0,0,0.0,0
3095,2024-02-15 00:00,83882428.0,0,0,0,0,0.0,0
3096,2024-02-15 01:00,32615193.0,0,0,0,0,0.0,0
3097,2024-02-15 02:00,174756593.0,0,0,0,0,0.0,0
3098,2024-02-15 03:00,40685332.0,0,0,0,0,0.0,0
3099,2024-02-15 04:00,324770257.0,0,0,0,0,0.0,0
3100,2024-02-15 05:00,612660518.0,0,0,0,0,0.0,0
3101,2024-02-15 06:00,555844177.0,0,0,0,0,0.0,0
3102,2024-02-15 07:00,466286300.0,0,0,0,0,0.0,0
3103,2024-02-15 08:00,797878314.0,0,0,0,0,0.0,0
3104,2024-02-15 09:00,682640966.0,0,0,0,0,0.0,0
3105,2024-02-15 10:00,2503288206.0,0,1,0,1,0.6041666666666667,0
3106,2024-02-15 11:00,1094571660.0,0,1,0,0,0.4166666666666667,0
3107,2024-02-15 12:00,538563083.0,0,0,0,0,0.0,0
3108,2024-02-15 13:00,206763064.0,0,0,0,0,0.0,0
3109,2024-02-15 14:00,296506750.0,0,0,0,0,0.0,0
3110,2024-02-15 15:00,310508080.0,0,0,0,0,0.0,0
3111,2024-02-15 16:00,360990602.0,0,0,0,0,0.0,0
3112,2024-02-15 17:00,320226961.0,0,0,0,0,0.0,0
3113,2024-02-15 18:00,442527240.0,0,0,0,0,0.0,0
3114,2024-02-15 19:00,528766395.0,0,0,0,0,0.0,0
3115,2024-02-15 20:00,309971002.0,0,0,0,0,0.0,0
3116,2024-02-15 21:00,403987259.0,0,0,0,0,0.0,0
3117,2024-02-15 22:00,416737489.0,0,0,0,0,0.0,0
3118,2024-02-15 23:00,267904788.0,0,0,0,0,0.0,0
3119,2024-02-16 00:00,370197897.0,0,0,0,0,0.0,0
3120,2024-02-16 01:00,805330701.0,0,0,0,0,0.0,0
3121,2024-02-16 02:00,78355824.0,0,0,0,0,0.0,0
3122,2024-02-16 03:00,112323345.0,0,0,0,0,0.0,0
3123,2024-02-16 04:00,306816360.0,0,0,0,0,0.0,0
3124,2024-02-16 05:00,563418775.0,0,0,0,0,0.0,0
3125,2024-02-16 06:00,410923762.0,0,0,0,0,0.0,0
3126,2024-02-16 07:00,538120908.0,0,0,0,0,0.0,0
3127,2024-02-16 08:00,379582820.0,0,0,0,0,0.0,0
3128,2024-02-16 09:00,908362193.0,0,0,0,0,0.0,0
3129,2024-02-16 10:00,372604477.0,0,0,0,0,0.0,0
3130,2024-02-16 11:00,317056098.0,0,0,0,0,0.0,0
3131,2024-02-16 12:00,356450384.0,0,0,0,0,0.0,0
3132,2024-02-16 13:00,357767183.0,0,0,0,0,0.0,0
3133,2024-02-16 14:00,176504227.0,0,0,0,0,0.0,0
3134,2024-02-16 15:00,151445778.0,0,0,0,0,0.0,0
3135,2024-02-16 16:00,168492577.0,0,0,0,0,0.0,0
3136,2024-02-16 17:00,176382444.0,0,0,0,0,0.0,0
3137,2024-02-16 18:00,242055482.0,0,0,0,0,0.0,0
3138,2024-02-16 19:00,505708905.0,0,0,0,0,0.0,0
3139,2024-02-16 20:00,502917913.0,0,0,0,0,0.0,0
3140,2024-02-16 21:00,334805653.0,0,0,0,1,0.1875,0
3141,2024-02-16 22:00,153259156.0,0,0,0,0,0.0,0
3142,2024-02-16 23:00,58966619.0,0,0,0,0,0.0,0
3143,2024-02-17 00:00,188113447.0,1,0,0,0,0.0,0
3144,2024-02-17 01:00,123751916.0,1,0,0,0,0.0,0
3145,2024-02-17 02:00,54953314.0,1,0,0,0,0.0,0
3146,2024-02-17 03:00,29670980.0,1,0,0,0,0.0,0
3147,2024-02-17 04:00,47444155.0,1,0,0,0,0.0,0
3148,2024-02-17 05:00,180436703.0,1,0,0,0,0.0,0
3149,2024-02-17 06:00,234355404.0,1,0,0,0,0.0,0
3150,2024-02-17 07:00,79501368.0,1,0,0,0,0.0,0
3151,2024-02-17 08:00,74539717.0,1,0,0,1,0.1875,0
3152,2024-02-17 09:00,265933431.0,1,0,0,0,0.0,0
3153,2024-02-17 10:00,235763417.0,1,0,0,0,0.0,0
3154,2024-02-17 11:00,277790837.0,1,0,0,0,0.0,0
3155,2024-02-17 12:00,544885718.0,1,0,0,0,0.0,0
3156,2024-02-17 13:00,720732835.0,1,0,0,0,0.0,0
3157,2024-02-17 14:00,394040463.0,1,0,0,0,0.0,0
3158,2024-02-17 15:00,142939347.0,1,0,0,0,0.0,0
3159,2024-02-17 16:00,174576243.0,1,0,0,0,0.0,0
3160,2024-02-17 17:00,336859126.0,1,0,0,0,0.0,0
3161,2024-02-17 18:00,416702777.0,1,0,0,0,0.0,0
3162,2024-02-17 19:00,223969305.0,1,0,0,0,0.0,0
3163,2024-02-17 20:00,318212402.0,1,0,0,0,0.0,0
3164,2024-02-17 21:00,417952333.0,1,0,0,0,0.0,0
3165,2024-02-17 22:00,293329960.0,1,0,0,0,0.0,0
3166,2024-02-17 23:00,60050628.0,1,0,0,0,0.0,0
3167,2024-02-18 00:00,46393358.0,1,0,0,0,0.0,0
3168,2024-02-18 01:00,124924951.0,1,0,0,0,0.0,0
3169,2024-02-18 02:00,60413452.0,1,0,0,0,0.0,0
3170,2024-02-18 03:00,91014688.0,1,0,0,0,0.0,0
3171,2024-02-18 04:00,39780969.0,1,0,0,0,0.0,0
3172,2024-02-18 05:00,49696444.0,1,0,0,1,0.1875,0
3173,2024-02-18 06:00,233977926.0,1,0,0,0,0.0,0
3174,2024-02-18 07:00,51339274.0,1,0,0,0,0.0,0
3175,2024-02-18 08:00,354990767.0,1,0,0,0,0.0,0
3176,2024-02-18 09:00,114993595.0,1,0,0,0,0.0,0
3177,2024-02-18 10:00,385817605.0,1,0,0,0,0.0,0
3178,2024-02-18 11:00,609108231.0,1,0,0,0,0.0,0
3179,2024-02-18 12:00,496053161.0,1,0,0,0,0.0,0
3180,2024-02-18 13:00,281701629.0,1,0,0,0,0.0,0
3181,2024-02-18 14:00,388724462.0,1,0,0,0,0.0,0
3182,2024-02-18 15:00,282524056.0,1,0,0,0,0.0,0
3183,2024-02-18 16:00,1224872119.0,1,1,0,0,0.4166666666666667,0
3184,2024-02-18 17:00,514691683.0,1,0,0,0,0.0,0
3185,2024-02-18 18:00,433821379.0,1,0,0,0,0.0,0
3186,2024-02-18 19:00,247756982.0,1,0,0,0,0.0,0
3187,2024-02-18 20:00,245405759.0,1,0,0,0,0.0,0
3188,2024-02-18 21:00,470380714.0,1,0,0,0,0.0,0
3189,2024-02-18 22:00,509405530.0,1,0,0,0,0.0,0
3190,2024-02-18 23:00,697840450.0,1,0,0,0,0.0,0
3191,2024-02-19 00:00,68034844.0,0,0,0,0,0.0,0
3192,2024-02-19 01:00,33534939.0,0,0,0,0,0.0,0
3193,2024-02-19 02:00,63407329.0,0,0,0,0,0.0,0
3194,2024-02-19 03:00,98561931.0,0,0,0,0,0.0,0
3195,2024-02-19 04:00,512667938.0,0,0,0,0,0.0,0
3196,2024-02-19 05:00,883455317.0,0,0,0,0,0.0,0
3197,2024-02-19 06:00,736224321.0,0,0,0,0,0.0,0
3198,2024-02-19 07:00,466956918.0,0,0,0,0,0.0,0
3199,2024-02-19 08:00,508130351.0,0,0,0,0,0.0,0
3200,2024-02-19 09:00,547825597.0,0,0,0,0,0.0,0
3201,2024-02-19 10:00,726894006.0,0,0,0,0,0.0,0
3202,2024-02-19 11:00,499926883.0,0,0,0,0,0.0,0
3203,2024-02-19 12:00,896440094.0,0,0,0,0,0.0,0
3204,2024-02-19 13:00,1018562757.0,0,1,0,0,0.4166666666666667,0
3205,2024-02-19 14:00,452435579.0,0,0,0,0,0.0,0
3206,2024-02-19 15:00,384691993.0,0,0,0,0,0.0,0
3207,2024-02-19 16:00,176906067.0,0,0,0,0,0.0,0
3208,2024-02-19 17:00,230988975.0,0,0,0,0,0.0,0
3209,2024-02-19 18:00,167491478.0,0,0,0,0,0.0,0
3210,2024-02-19 19:00,358705226.0,0,0,0,0,0.0,0
3211,2024-02-19 20:00,903113999.0,0,1,0,0,0.4166666666666667,0
3212,2024-02-19 21:00,427486689.0,0,1,0,0,0.4166666666666667,0
3213,2024-02-19 22:00,184063568.0,0,0,0,0,0.0,0
3214,2024-02-19 23:00,395357114.0,0,1,0,0,0.4166666666666667,0
3215,2024-02-20 00:00,514439921.0,0,0,0,0,0.0,0
3216,2024-02-20 01:00,187725952.0,0,0,0,0,0.0,0
3217,2024-02-20 02:00,338577050.0,0,0,0,0,0.0,0
3218,2024-02-20 03:00,146345329.0,0,0,0,0,0.0,0
3219,2024-02-20 04:00,290366611.0,0,0,0,0,0.0,0
3220,2024-02-20 05:00,353093541.0,0,0,0,0,0.0,0
3221,2024-02-20 06:00,240919105.0,0,0,0,0,0.0,0
3222,2024-02-20 07:00,508917999.0,0,0,0,0,0.0,0
3223,2024-02-20 08:00,469677096.0,0,0,0,0,0.0,0
3224,2024-02-20 09:00,457752544.0,0,0,0,0,0.0,0
3225,2024-02-20 10:00,740513183.0,0,0,0,0,0.0,0
3226,2024-02-20 11:00,996309295.0,0,1,0,0,0.4166666666666667,0
3227,2024-02-20 12:00,904625289.0,0,1,0,0,0.4166666666666667,0
3228,2024-02-20 13:00,303542330.0,0,0,0,0,0.0,0
3229,2024-02-20 14:00,412177349.0,0,1,0,0,0.4166666666666667,0
3230,2024-02-20 15:00,301173404.0,0,0,0,0,0.0,0
3231,2024-02-20 16:00,277946521.0,0,0,0,0,0.0,0
3232,2024-02-20 17:00,207692778.0,0,0,0,0,0.0,0
3233,2024-02-20 18:00,177651606.0,0,0,0,0,0.0,0
3234,2024-02-20 19:00,151691640.0,0,0,0,0,0.0,0
3235,2024-02-20 20:00,180193528.0,0,0,0,0,0.0,0
3236,2024-02-20 21:00,179828309.0,0,0,0,0,0.0,0
3237,2024-02-20 22:00,97374049.0,0,0,0,0,0.0,0
3238,2024-02-20 23:00,200528590.0,0,0,0,0,0.0,0
3239,2024-02-21 00:00,63013561.0,0,0,0,0,0.0,0
3240,2024-02-21 01:00,65889461.0,0,0,0,0,0.0,0
3241,2024-02-21 02:00,78847413.0,0,0,0,0,0.0,0
3242,2024-02-21 03:00,112042233.0,0,0,0,1,0.1875,0
3243,2024-02-21 04:00,369286804.0,0,0,0,0,0.0,0
3244,2024-02-21 05:00,471324017.0,0,0,0,0,0.0,0
3245,2024-02-21 06:00,332670635.0,0,0,0,0,0.0,0
3246,2024-02-21 07:00,356126739.0,0,0,0,0,0.0,0
3247,2024-02-21 08:00,504484237.0,0,0,0,0,0.0,0
3248,2024-02-21 09:00,473712989.0,0,0,0,0,0.0,0
3249,2024-02-21 10:00,606165479.0,0,0,0,0,0.0,0
3250,2024-02-21 11:00,403425459.0,0,1,0,0,0.4166666666666667,0
3251,2024-02-21 12:00,361976730.0,0,0,0,0,0.0,0
3252,2024-02-21 13:00,769862690.0,0,0,0,0,0.0,0
3253,2024-02-21 14:00,241446279.0,0,0,0,0,0.0,0
3254,2024-02-21 15:00,149112934.0,0,0,0,0,0.0,0
3255,2024-02-21 16:00,55276431.0,0,0,0,0,0.0,0
3256,2024-02-21 17:00,165826676.0,0,0,0,0,0.0,0
3257,2024-02-21 18:00,304375642.0,0,0,0,0,0.0,0
3258,2024-02-21 19:00,395371465.0,0,1,0,0,0.4166666666666667,0
3259,2024-02-21 20:00,246417297.0,0,0,0,0,0.0,0
3260,2024-02-21 21:00,636035386.0,0,0,0,0,0.0,0
3261,2024-02-21 22:00,144268162.0,0,0,0,0,0.0,0
3262,2024-02-21 23:00,459635962.0,0,0,0,0,0.0,0
3263,2024-02-22 00:00,309229830.0,0,0,0,0,0.0,0
3264,2024-02-22 01:00,142831256.0,0,0,0,0,0.0,0
3265,2024-02-22 02:00,92624814.0,0,0,0,0,0.0,0
3266,2024-02-22 03:00,109060624.0,0,0,0,0,0.0,0
3267,2024-02-22 04:00,199986271.0,0,0,0,0,0.0,0
3268,2024-02-22 05:00,356690217.0,0,0,0,0,0.0,0
3269,2024-02-22 06:00,426953949.0,0,1,0,0,0.4166666666666667,0
3270,2024-02-22 07:00,980271397.0,0,1,0,0,0.4166666666666667,0
3271,2024-02-22 08:00,436604799.0,0,0,0,0,0.0,0
3272,2024-02-22 09:00,1349204173.0,0,1,0,0,0.4166666666666667,0
3273,2024-02-22 10:00,854982268.0,0,1,0,0,0.4166666666666667,0
3274,2024-02-22 11:00,681741717.0,0,0,0,0,0.0,0
3275,2024-02-22 12:00,750253156.0,0,0,0,0,0.0,0
3276,2024-02-22 13:00,165452556.0,0,0,0,0,0.0,0
3277,2024-02-22 14:00,342191051.0,0,0,0,0,0.0,0
3278,2024-02-22 15:00,392730560.0,0,0,0,0,0.0,0
3279,2024-02-22 16:00,366035391.0,0,0,0,0,0.0,0
3280,2024-02-22 17:00,129860647.0,0,0,0,0,0.0,0
3281,2024-02-22 18:00,213940903.0,0,0,0,0,0.0,0
3282,2024-02-22 19:00,160554237.0,0,0,0,0,0.0,0
3283,2024-02-22 20:00,233498975.0,0,0,0,0,0.0,0
3284,2024-02-22 21:00,202380124.0,0,0,0,0,0.0,0
3285,2024-02-22 22:00,926786624.0,0,1,0,0,0.4166666666666667,0
3286,2024-02-22 23:00,389871515.0,0,0,0,0,0.0,0
3287,2024-02-23 00:00,130836095.0,0,0,0,0,0.0,0
3288,2024-02-23 01:00,101199121.0,0,0,0,0,0.0,0
3289,2024-02-23 02:00,100806547.0,0,0,0,0,0.0,0
3290,2024-02-23 03:00,60488548.0,0,0,0,0,0.0,0
3291,2024-02-23 04:00,721500775.0,0,0,0,0,0.0,0
3292,2024-02-23 05:00,585630096.0,0,0,0,0,0.0,0
3293,2024-02-23 06:00,580370315.0,0,0,0,0,0.0,0
3294,2024-02-23 07:00,3035389636.0,0,1,0,1,0.6041666666666667,0
3295,2024-02-23 08:00,571162449.0,0,0,0,0,0.0,0
3296,2024-02-23 09:00,485560840.0,0,0,0,0,0.0,0
3297,2024-02-23 10:00,927369154.0,0,0,0,0,0.0,0
3298,2024-02-23 11:00,851089954.0,0,0,0,0,0.0,0
3299,2024-02-23 12:00,745744182.0,0,0,0,0,0.0,0
3300,2024-02-23 13:00,1195832270.0,0,1,0,0,0.4166666666666667,0
3301,2024-02-23 14:00,601101582.0,0,0,0,0,0.0,0
3302,2024-02-23 15:00,376292487.0,0,0,0,0,0.0,0
3303,2024-02-23 16:00,210779867.0,0,0,0,0,0.0,0
3304,2024-02-23 17:00,280078000.0,0,0,0,0,0.0,0
3305,2024-02-23 18:00,495847294.0,0,0,0,0,0.0,0
3306,2024-02-23 19:00,1159738368.0,0,1,0,0,0.4166666666666667,0
3307,2024-02-23 20:00,262899581.0,0,0,0,0,0.0,0
3308,2024-02-23 21:00,465586578.0,0,0,0,0,0.0,0
3309,2024-02-23 22:00,479052330.0,0,0,0,0,0.0,0
3310,2024-02-23 23:00,89567888.0,0,0,0,0,0.0,0
3311,2024-02-24 00:00,67635645.0,1,0,0,0,0.0,0
3312,2024-02-24 01:00,60144800.0,1,0,0,0,0.0,0
3313,2024-02-24 02:00,112262596.0,1,0,0,0,0.0,0
3314,2024-02-24 03:00,62562317.0,1,0,0,1,0.1875,0
3315,2024-02-24 04:00,76640002.0,1,0,0,0,0.0,0
3316,2024-02-24 05:00,105836505.0,1,0,0,0,0.0,0
3317,2024-02-24 06:00,275296050.0,1,0,0,0,0.0,0
3318,2024-02-24 07:00,262423456.0,1,0,0,0,0.0,0
3319,2024-02-24 08:00,193067450.0,1,0,0,0,0.0,0
3320,2024-02-24 09:00,138468477.0,1,0,0,0,0.0,0
3321,2024-02-24 10:00,144855468.0,1,0,0,0,0.0,0
3322,2024-02-24 11:00,233147286.0,1,0,0,0,0.0,0
3323,2024-02-24 12:00,792794469.0,1,0,0,0,0.0,0
3324,2024-02-24 13:00,444454603.0,1,0,0,0,0.0,0
3325,2024-02-24 14:00,305803636.0,1,0,0,1,0.1875,0
3326,2024-02-24 15:00,457913305.0,1,0,0,0,0.0,0
3327,2024-02-24 16:00,72149456.0,1,0,0,0,0.0,0
3328,2024-02-24 17:00,265157211.0,1,0,0,0,0.0,0
3329,2024-02-24 18:00,357983011.0,1,0,0,0,0.0,0
3330,2024-02-24 19:00,382699262.0,1,0,0,0,0.0,0
3331,2024-02-24 20:00,1181127181.0,1,1,0,0,0.4166666666666667,0
3332,2024-02-24 21:00,746280027.0,1,0,0,0,0.0,0
3333,2024-02-24 22:00,364664464.0,1,0,0,0,0.0,0
3334,2024-02-24 23:00,109580979.0,1,0,0,0,0.0,0
3335,2024-02-25 00:00,244012175.0,1,0,0,0,0.0,0
3336,2024-02-25 01:00,97899908.0,1,0,0,0,0.0,0
3337,2024-02-25 02:00,258722423.0,1,0,0,0,0.0,0
3338,2024-02-25 03:00,135948714.0,1,0,0,0,0.0,0
3339,2024-02-25 04:00,153285124.0,1,0,0,0,0.0,0
3340,2024-02-25 05:00,541436965.0,1,0,0,0,0.0,0
3341,2024-02-25 06:00,257110313.0,1,0,0,0,0.0,0
3342,2024-02-25 07:00,433629781.0,1,0,0,0,0.0,0
3343,2024-02-25 08:00,224481511.0,1,0,0,0,0.0,0
3344,2024-02-25 09:00,503632669.0,1,0,0,0,0.0,0
3345,2024-02-25 10:00,532051504.0,1,0,0,0,0.0,0
3346,2024-02-25 11:00,575173850.0,1,0,0,0,0.0,0
3347,2024-02-25 12:00,427776915.0,1,0,0,0,0.0,0
3348,2024-02-25 13:00,543632733.0,1,0,0,0,0.0,0
3349,2024-02-25 14:00,416670395.0,1,0,0,0,0.0,0
3350,2024-02-25 15:00,233043051.0,1,0,0,0,0.0,0
3351,2024-02-25 16:00,138665177.0,1,0,0,0,0.0,0
3352,2024-02-25 17:00,137174141.0,1,0,0,0,0.0,0
3353,2024-02-25 18:00,198895445.0,1,0,0,1,0.1875,0
3354,2024-02-25 19:00,513477359.0,1,0,0,0,0.0,0
3355,2024-02-25 20:00,429917178.0,1,0,0,0,0.0,0
3356,2024-02-25 21:00,187215087.0,1,0,0,0,0.0,0
3357,2024-02-25 22:00,323774954.0,1,0,0,0,0.0,0
3358,2024-02-25 23:00,398716933.0,1,0,0,0,0.0,0
3359,2024-02-26 00:00,187045077.0,0,0,0,0,0.0,0
3360,2024-02-26 01:00,208421571.0,0,0,0,0,0.0,0
3361,2024-02-26 02:00,48083544.0,0,0,0,0,0.0,0
3362,2024-02-26 03:00,254683331.0,0,0,0,0,0.0,0
3363,2024-02-26 04:00,890887526.0,0,0,0,0,0.0,0
3364,2024-02-26 05:00,837789547.0,0,0,0,0,0.0,0
3365,2024-02-26 06:00,898249848.0,0,0,0,0,0.0,0
3366,2024-02-26 07:00,834888963.0,0,0,0,0,0.0,0
3367,2024-02-26 08:00,629113945.0,0,0,0,0,0.0,0
3368,2024-02-26 09:00,697647863.0,0,0,0,0,0.0,0
3369,2024-02-26 10:00,1112951593.0,0,1,0,0,0.4166666666666667,0
3370,2024-02-26 11:00,587800236.0,0,0,0,0,0.0,0
3371,2024-02-26 12:00,308481467.0,0,0,0,0,0.0,0
3372,2024-02-26 13:00,566210630.0,0,0,0,0,0.0,0
3373,2024-02-26 14:00,263861193.0,0,0,0,0,0.0,0
3374,2024-02-26 15:00,1638348921.0,0,1,0,0,0.4166666666666667,0
3375,2024-02-26 16:00,284567935.0,0,0,0,0,0.0,0
3376,2024-02-26 17:00,61619923.0,0,0,0,0,0.0,0
3377,2024-02-26 18:00,419252379.0,0,0,0,0,0.0,0
3378,2024-02-26 19:00,711706616.0,0,0,0,0,0.0,0
3379,2024-02-26 20:00,482311051.0,0,0,0,0,0.0,0
3380,2024-02-26 21:00,795477029.0,0,0,0,0,0.0,0
3381,2024-02-26 22:00,295941666.0,0,0,0,0,0.0,0
3382,2024-02-26 23:00,239689307.0,0,0,0,0,0.0,0
3383,2024-02-27 00:00,252385463.0,0,0,0,0,0.0,0
3384,2024-02-27 01:00,349357474.0,0,0,0,0,0.0,0
3385,2024-02-27 02:00,212691687.0,0,0,0,0,0.0,0
3386,2024-02-27 03:00,177836895.0,0,0,0,0,0.0,0
3387,2024-02-27 04:00,268712001.0,0,0,0,0,0.0,0
3388,2024-02-27 05:00,788233194.0,0,0,0,0,0.0,0
3389,2024-02-27 06:00,437037480.0,0,0,0,0,0.0,0
3390,2024-02-27 07:00,263560016.0,0,0,0,0,0.0,0
3391,2024-02-27 08:00,331002737.0,0,0,0,0,0.0,0
3392,2024-02-27 09:00,453745858.0,0,0,0,0,0.0,0
3393,2024-02-27 10:00,406076743.0,0,0,0,0,0.0,0
3394,2024-02-27 11:00,471969077.0,0,0,0,0,0.0,0
3395,2024-02-27 12:00,400983368.0,0,0,0,0,0.0,0
3396,2024-02-27 13:00,385927919.0,0,0,0,0,0.0,0
3397,2024-02-27 14:00,229085249.0,0,0,0,0,0.0,0
3398,2024-02-27 15:00,190374285.0,0,0,0,0,0.0,0
3399,2024-02-27 16:00,445110027.0,0,0,0,0,0.0,0
3400,2024-02-27 17:00,359557252.0,0,0,0,0,0.0,0
3401,2024-02-27 18:00,500877758.0,0,0,0,0,0.0,0
3402,2024-02-27 19:00,528386860.0,0,0,0,0,0.0,0
3403,2024-02-27 20:00,525536672.0,0,0,0,0,0.0,0
3404,2024-02-27 21:00,905450357.0,0,1,0,0,0.4166666666666667,0
3405,2024-02-27 22:00,228751982.0,0,0,0,0,0.0,0
3406,2024-02-27 23:00,306969724.0,0,0,0,0,0.0,0
3407,2024-02-28 00:00,185462990.0,0,0,0,0,0.0,0
3408,2024-02-28 01:00,328379135.0,0,0,0,0,0.0,0
3409,2024-02-28 02:00,186752512.0,0,0,0,0,0.0,0
3410,2024-02-28 03:00,107390553.0,0,0,0,0,0.0,0
3411,2024-02-28 04:00,285430688.0,0,0,0,0,0.0,0
3412,2024-02-28 05:00,466049464.0,0,0,0,0,0.0,0
3413,2024-02-28 06:00,745861982.0,0,0,0,0,0.0,0
3414,2024-02-28 07:00,804798312.0,0,0,0,0,0.0,0
3415,2024-02-28 08:00,680458942.0,0,0,0,0,0.0,0
3416,2024-02-28 09:00,588602519.0,0,0,0,0,0.0,0
3417,2024-02-28 10:00,529563136.0,0,0,0,0,0.0,0
3418,2024-02-28 11:00,522297740.0,0,0,0,0,0.0,0
3419,2024-02-28 12:00,420328578.0,0,0,0,0,0.0,0
3420,2024-02-28 13:00,330261545.0,0,0,0,0,0.0,0
3421,2024-02-28 14:00,216009010.0,0,0,0,0,0.0,0
3422,2024-02-28 15:00,123643124.0,0,0,0,0,0.0,0
3423,2024-02-28 16:00,61171308.0,0,0,0,0,0.0,0
3424,2024-02-28 17:00,89383294.0,0,0,0,0,0.0,0
3425,2024-02-28 18:00,493691947.0,0,0,0,0,0.0,0
3426,2024-02-28 19:00,256075886.0,0,0,0,0,0.0,0
3427,2024-02-28 20:00,342329376.0,0,0,0,0,0.0,0
3428,2024-02-28 21:00,227578268.0,0,0,0,0,0.0,0
3429,2024-02-28 22:00,1415145885.0,0,1,0,0,0.4166666666666667,0
3430,2024-02-28 23:00,527250172.0,0,0,0,0,0.0,0
3431,2024-02-29 00:00,169907283.0,0,0,0,0,0.0,0
3432,2024-02-29 01:00,81197237.0,0,0,0,0,0.0,0
3433,2024-02-29 02:00,143447102.0,0,0,0,0,0.0,0
3434,2024-02-29 03:00,159928147.0,0,0,0,0,0.0,0
3435,2024-02-29 04:00,237297326.0,0,0,0,0,0.0,0
3436,2024-02-29 05:00,622391466.0,0,0,0,0,0.0,0
3437,2024-02-29 06:00,472038650.0,0,0,0,0,0.0,0
3438,2024-02-29 07:00,379915174.0,0,0,0,0,0.0,0
3439,2024-02-29 08:00,408357452.0,0,0,0,0,0.0,0
3440,2024-02-29 09:00,312820384.0,0,0,0,0,0.0,0
3441,2024-02-29 10:00,414352244.0,0,0,0,0,0.0,0
3442,2024-02-29 11:00,1021791747.0,0,1,0,0,0.4166666666666667,0
3443,2024-02-29 12:00,513573002.0,0,0,0,0,0.0,0
3444,2024-02-29 13:00,238878847.0,0,0,0,0,0.0,0
3445,2024-02-29 14:00,180293333.0,0,0,0,0,0.0,0
3446,2024-02-29 15:00,490984341.0,0,0,0,0,0.0,0
3447,2024-02-29 16:00,331087168.0,0,0,0,0,0.0,0
3448,2024-02-29 17:00,179078849.0,0,0,0,0,0.0,0
3449,2024-02-29 18:00,589795577.0,0,0,0,0,0.0,0
3450,2024-02-29 19:00,187211714.0,0,0,0,0,0.0,0
3451,2024-02-29 20:00,420630859.0,0,0,0,0,0.0,0
3452,2024-02-29 21:00,761095208.0,0,0,0,0,0.0,0
3453,2024-02-29 22:00,378815871.0,0,0,0,0,0.0,0
3454,2024-02-29 23:00,199489317.0,0,0,0,0,0.0,0
3455,2024-03-01 00:00,104356899.0,0,0,0,0,0.0,0
3456,2024-03-01 01:00,577777083.0,0,0,0,0,0.0,0
3457,2024-03-01 02:00,110213403.0,0,0,0,0,0.0,0
3458,2024-03-01 03:00,184453222.0,0,0,0,0,0.0,0
3459,2024-03-01 04:00,415614007.0,0,0,0,0,0.0,0
3460,2024-03-01 05:00,1217435549.0,0,1,0,0,0.4166666666666667,0
3461,2024-03-01 06:00,729381952.0,0,0,0,0,0.0,0
3462,2024-03-01 07:00,1546319591.0,0,1,0,0,0.4166666666666667,0
3463,2024-03-01 08:00,405290920.0,0,0,0,0,0.0,0
3464,2024-03-01 09:00,284632749.0,0,0,0,0,0.0,0
3465,2024-03-01 10:00,371366633.0,0,0,0,0,0.0,0
3466,2024-03-01 11:00,1132072341.0,0,1,0,0,0.4166666666666667,0
3467,2024-03-01 12:00,405038767.0,0,0,0,0,0.0,0
3468,2024-03-01 13:00,388622268.0,0,0,0,0,0.0,0
3469,2024-03-01 14:00,757129079.0,0,0,0,0,0.0,0
3470,2024-03-01 15:00,142896879.0,0,0,0,0,0.0,0
3471,2024-03-01 16:00,114752398.0,0,0,0,0,0.0,0
3472,2024-03-01 17:00,144236602.0,0,0,0,0,0.0,0
3473,2024-03-01 18:00,88849632.0,0,0,0,0,0.0,0
3474,2024-03-01 19:00,287292719.0,0,0,0,0,0.0,0
3475,2024-03-01 20:00,333234665.0,0,0,0,0,0.0,0
3476,2024-03-01 21:00,121531797.0,0,0,0,0,0.0,0
3477,2024-03-01 22:00,445696682.0,0,0,0,0,0.0,0
3478,2024-03-01 23:00,407507436.0,0,0,0,0,0.0,0
3479,2024-03-02 00:00,195193740.0,1,0,0,0,0.0,0
3480,2024-03-02 01:00,167311993.0,1,0,0,0,0.0,0
3481,2024-03-02 02:00,91696580.0,1,0,0,0,0.0,0
3482,2024-03-02 03:00,37063568.0,1,0,0,0,0.0,0
3483,2024-03-02 04:00,133311980.0,1,0,0,0,0.0,0
3484,2024-03-02 05:00,83111648.0,1,0,0,0,0.0,0
3485,2024-03-02 06:00,75662494.0,1,0,0,0,0.0,0
3486,2024-03-02 07:00,267168793.0,1,0,0,0,0.0,0
3487,2024-03-02 08:00,175790906.0,1,0,0,1,0.1875,0
3488,2024-03-02 09:00,320030921.0,1,0,0,0,0.0,0
3489,2024-03-02 10:00,272481852.0,1,0,0,0,0.0,0
3490,2024-03-02 11:00,742621362.0,1,0,0,0,0.0,0
3491,2024-03-02 12:00,157397801.0,1,0,0,0,0.0,0
3492,2024-03-02 13:00,365107484.0,1,0,0,0,0.0,0
3493,2024-03-02 14:00,366641831.0,1,0,0,0,0.0,0
3494,2024-03-02 15:00,366716537.0,1,0,0,0,0.0,0
3495,2024-03-02 16:00,238141534.0,1,0,0,0,0.0,0
3496,2024-03-02 17:00,150812269.0,1,0,0,0,0.0,0
3497,2024-03-02 18:00,333866608.0,1,0,0,0,0.0,0
3498,2024-03-02 19:00,298557390.0,1,0,0,0,0.0,0
3499,2024-03-02 20:00,289298757.0,1,0,0,0,0.0,0
3500,2024-03-02 21:00,554002910.0,1,0,0,0,0.0,0
3501,2024-03-02 22:00,251454796.0,1,0,0,0,0.0,0
3502,2024-03-02 23:00,44496654.0,1,0,0,0,0.0,0
3503,2024-03-03 00:00,74970626.0,1,0,0,1,0.1875,0
3504,2024-03-03 01:00,60053337.0,1,0,0,0,0.0,0
3505,2024-03-03 02:00,34548517.0,1,0,0,0,0.0,0
3506,2024-03-03 03:00,94694277.0,1,0,0,0,0.0,0
3507,2024-03-03 04:00,272406567.0,1,0,0,0,0.0,0
3508,2024-03-03 05:00,70263130.0,1,0,0,0,0.0,0
3509,2024-03-03 06:00,81411523.0,1,0,0,0,0.0,0
3510,2024-03-03 07:00,96654018.0,1,0,0,0,0.0,0
3511,2024-03-03 08:00,134689138.0,1,0,0,0,0.0,0
3512,2024-03-03 09:00,108131120.0,1,0,0,0,0.0,0
3513,2024-03-03 10:00,580153046.0,1,0,0,0,0.0,0
3514,2024-03-03 11:00,131446785.0,1,0,0,0,0.0,0
3515,2024-03-03 12:00,182567222.0,1,0,0,0,0.0,0
3516,2024-03-03 13:00,142043028.0,1,0,0,0,0.0,0
3517,2024-03-03 14:00,362458445.0,1,0,0,0,0.0,0
3518,2024-03-03 15:00,622918899.0,1,0,0,0,0.0,0
3519,2024-03-03 16:00,142947702.0,1,0,0,0,0.0,0
3520,2024-03-03 17:00,125744328.0,1,0,0,0,0.0,0
3521,2024-03-03 18:00,139917310.0,1,0,0,0,0.0,0
3522,2024-03-03 19:00,419597731.0,1,1,0,0,0.4166666666666667,0
3523,2024-03-03 20:00,603049857.0,1,0,0,0,0.0,0
3524,2024-03-03 21:00,113625323.0,1,0,0,0,0.0,0
3525,2024-03-03 22:00,212868612.0,1,0,0,0,0.0,0
3526,2024-03-03 23:00,439780845.0,1,0,0,0,0.0,0
3527,2024-03-04 00:00,221457870.0,0,0,0,0,0.0,0
3528,2024-03-04 01:00,216305819.0,0,0,0,0,0.0,0
3529,2024-03-04 02:00,127145873.0,0,0,0,0,0.0,0
3530,2024-03-04 03:00,119925717.0,0,0,0,0,0.0,0
3531,2024-03-04 04:00,530440578.0,0,0,0,0,0.0,0
3532,2024-03-04 05:00,917123716.0,0,1,0,0,0.4166666666666667,0
3533,2024-03-04 06:00,371750926.0,0,0,0,0,0.0,0
3534,2024-03-04 07:00,422818868.0,0,1,0,0,0.4166666666666667,0
3535,2024-03-04 08:00,453774856.0,0,0,0,0,0.0,0
3536,2024-03-04 09:00,1034650470.0,0,1,0,0,0.4166666666666667,0
3537,2024-03-04 10:00,823162801.0,0,0,0,0,0.0,0
3538,2024-03-04 11:00,735283723.0,0,0,0,0,0.0,0
3539,2024-03-04 12:00,664386823.0,0,0,0,0,0.0,0
3540,2024-03-04 13:00,265961269.0,0,0,0,0,0.0,0
3541,2024-03-04 14:00,219441501.0,0,0,0,0,0.0,0
3542,2024-03-04 15:00,161052848.0,0,0,0,0,0.0,0
3543,2024-03-04 16:00,318396710.0,0,0,0,0,0.0,0
3544,2024-03-04 17:00,92161650.0,0,0,0,0,0.0,0
3545,2024-03-04 18:00,231028696.0,0,0,0,0,0.0,0
3546,2024-03-04 19:00,135907601.0,0,0,0,0,0.0,0
3547,2024-03-04 20:00,248227381.0,0,0,0,0,0.0,0
3548,2024-03-04 21:00,312789947.0,0,0,0,0,0.0,0
3549,2024-03-04 22:00,452360812.0,0,0,0,0,0.0,0
3550,2024-03-04 23:00,300743069.0,0,0,0,0,0.0,0
3551,2024-03-05 00:00,235824543.0,0,0,0,0,0.0,0
3552,2024-03-05 01:00,99856197.0,0,0,0,0,0.0,0
3553,2024-03-05 02:00,62051176.0,0,0,0,0,0.0,0
3554,2024-03-05 03:00,82348342.0,0,0,0,0,0.0,0
3555,2024-03-05 04:00,451030552.0,0,0,0,0,0.0,0
3556,2024-03-05 05:00,746904450.0,0,0,0,0,0.0,0
3557,2024-03-05 06:00,524149143.0,0,0,0,0,0.0,0
3558,2024-03-05 07:00,611355911.0,0,0,0,0,0.0,0
3559,2024-03-05 08:00,821057957.0,0,0,0,0,0.0,0
3560,2024-03-05 09:00,600254489.0,0,0,0,0,0.0,0
3561,2024-03-05 10:00,381713592.0,0,1,0,0,0.4166666666666667,0
3562,2024-03-05 11:00,451359792.0,0,1,0,0,0.4166666666666667,0
3563,2024-03-05 12:00,441421050.0,0,1,0,0,0.4166666666666667,0
3564,2024-03-05 13:00,176818222.0,0,0,0,0,0.0,0
3565,2024-03-05 14:00,130369292.0,0,0,0,0,0.0,0
3566,2024-03-05 15:00,80969416.0,0,0,0,0,0.0,0
3567,2024-03-05 16:00,69473643.0,0,0,0,0,0.0,0
3568,2024-03-05 17:00,267141672.0,0,0,0,0,0.0,0
3569,2024-03-05 18:00,62089736.0,0,0,0,0,0.0,0
3570,2024-03-05 19:00,107166397.0,0,0,0,0,0.0,0
3571,2024-03-05 20:00,109915780.0,0,0,0,0,0.0,0
3572,2024-03-05 21:00,528670190.0,0,0,0,0,0.0,0
3573,2024-03-05 22:00,286943892.0,0,0,0,0,0.0,0
3574,2024-03-05 23:00,206964847.0,0,0,0,0,0.0,0
3575,2024-03-06 00:00,179694550.0,0,0,0,0,0.0,0
3576,2024-03-06 01:00,204832687.0,0,0,0,0,0.0,0
3577,2024-03-06 02:00,175726305.0,0,0,0,0,0.0,0
3578,2024-03-06 03:00,129235615.0,0,0,0,1,0.1875,0
3579,2024-03-06 04:00,220136410.0,0,0,0,0,0.0,0
3580,2024-03-06 05:00,658418363.0,0,0,0,0,0.0,0
3581,2024-03-06 06:00,535343929.0,0,0,0,0,0.0,0
3582,2024-03-06 07:00,346604410.0,0,1,0,0,0.4166666666666667,0
3583,2024-03-06 08:00,340685185.0,0,1,0,0,0.4166666666666667,0
3584,2024-03-06 09:00,381529397.0,0,1,0,1,0.6041666666666667,0
3585,2024-03-06 10:00,577300178.0,0,0,0,0,0.0,0
3586,2024-03-06 11:00,925246936.0,0,1,0,0,0.4166666666666667,0
3587,2024-03-06 12:00,463865388.0,0,1,0,0,0.4166666666666667,0
3588,2024-03-06 13:00,318612514.0,0,0,0,0,0.0,0
3589,2024-03-06 14:00,326951846.0,0,0,0,0,0.0,0
3590,2024-03-06 15:00,446423907.0,0,1,0,0,0.4166666666666667,0
3591,2024-03-06 16:00,177796829.0,0,0,0,0,0.0,0
3592,2024-03-06 17:00,211380954.0,0,0,0,0,0.0,0
3593,2024-03-06 18:00,503369436.0,0,0,0,0,0.0,0
3594,2024-03-06 19:00,502537210.0,0,0,0,0,0.0,0
3595,2024-03-06 20:00,496577516.0,0,0,0,0,0.0,0
3596,2024-03-06 21:00,279506637.0,0,0,0,0,0.0,0
3597,2024-03-06 22:00,305833758.0,0,0,0,0,0.0,0
3598,2024-03-06 23:00,215688421.0,0,0,0,0,0.0,0
3599,2024-03-07 00:00,138979082.0,0,0,0,0,0.0,0
3600,2024-03-07 01:00,209075072.0,0,0,0,0,0.0,0
3601,2024-03-07 02:00,191706892.0,0,0,0,1,0.1875,0
3602,2024-03-07 03:00,82602475.0,0,0,0,0,0.0,0
3603,2024-03-07 04:00,453334269.0,0,1,0,0,0.4166666666666667,0
3604,2024-03-07 05:00,769501910.0,0,1,0,0,0.4166666666666667,0
3605,2024-03-07 06:00,561767852.0,0,0,0,0,0.0,0
3606,2024-03-07 07:00,527935839.0,0,0,0,0,0.0,0
3607,2024-03-07 08:00,457063243.0,0,1,0,0,0.4166666666666667,0
3608,2024-03-07 09:00,556332435.0,0,0,0,0,0.0,0
3609,2024-03-07 10:00,862529671.0,0,1,0,0,0.4166666666666667,0
3610,2024-03-07 11:00,421637050.0,0,1,0,0,0.4166666666666667,0
3611,2024-03-07 12:00,325427252.0,0,0,0,0,0.0,0
3612,2024-03-07 13:00,210310742.0,0,0,0,0,0.0,0
3613,2024-03-07 14:00,206019730.0,0,0,0,0,0.0,0
3614,2024-03-07 15:00,255088099.0,0,0,0,0,0.0,0
3615,2024-03-07 16:00,350552106.0,0,0,0,0,0.0,0
3616,2024-03-07 17:00,641876337.0,0,0,0,0,0.0,0
3617,2024-03-07 18:00,368069865.0,0,1,0,0,0.4166666666666667,0
3618,2024-03-07 19:00,540727254.0,0,0,0,0,0.0,0
3619,2024-03-07 20:00,374747964.0,0,1,0,0,0.4166666666666667,0
3620,2024-03-07 21:00,332127232.0,0,0,0,0,0.0,0
3621,2024-03-07 22:00,465067586.0,0,0,0,0,0.0,0
3622,2024-03-07 23:00,283871078.0,0,0,0,0,0.0,0
3623,2024-03-08 00:00,271328184.0,0,0,0,0,0.0,0
3624,2024-03-08 01:00,262398344.0,0,0,0,0,0.0,0
3625,2024-03-08 02:00,130635328.0,0,0,0,1,0.1875,0
3626,2024-03-08 03:00,145717511.0,0,0,0,0,0.0,0
3627,2024-03-08 04:00,513354246.0,0,0,0,0,0.0,0
3628,2024-03-08 05:00,729597522.0,0,0,0,0,0.0,0
3629,2024-03-08 06:00,734976737.0,0,0,0,0,0.0,0
3630,2024-03-08 07:00,670742895.0,0,0,0,0,0.0,0
3631,2024-03-08 08:00,590612354.0,0,0,0,0,0.0,0
3632,2024-03-08 09:00,373701427.0,0,1,0,0,0.4166666666666667,0
3633,2024-03-08 10:00,445623605.0,0,1,0,0,0.4166666666666667,0
3634,2024-03-08 11:00,428049817.0,0,1,0,0,0.4166666666666667,0
3635,2024-03-08 12:00,311954848.0,0,0,0,0,0.0,0
3636,2024-03-08 13:00,249834618.0,0,0,0,0,0.0,0
3637,2024-03-08 14:00,95619726.0,0,1,0,0,0.4166666666666667,0
3638,2024-03-08 15:00,90616939.0,0,1,0,0,0.4166666666666667,0
3639,2024-03-08 16:00,149767492.0,0,0,0,0,0.0,0
3640,2024-03-08 17:00,120602161.0,0,0,0,0,0.0,0
3641,2024-03-08 18:00,553582087.0,0,0,0,0,0.0,0
3642,2024-03-08 19:00,635674898.0,0,0,0,0,0.0,0
3643,2024-03-08 20:00,613763254.0,0,0,0,0,0.0,0
3644,2024-03-08 21:00,915336973.0,0,1,0,0,0.4166666666666667,0
3645,2024-03-08 22:00,364716175.0,0,1,0,0,0.4166666666666667,0
3646,2024-03-08 23:00,297276051.0,0,0,0,0,0.0,0
3647,2024-03-09 00:00,297697477.0,1,0,0,0,0.0,0
3648,2024-03-09 01:00,361732263.0,1,0,0,0,0.0,0
3649,2024-03-09 02:00,38931868.0,1,1,0,0,0.4166666666666667,0
3650,2024-03-09 03:00,140741427.0,1,0,0,0,0.0,0
3651,2024-03-09 04:00,152327863.0,1,0,0,0,0.0,0
3652,2024-03-09 05:00,254702443.0,1,0,0,0,0.0,0
3653,2024-03-09 06:00,188604326.0,1,0,0,0,0.0,0
3654,2024-03-09 07:00,186969918.0,1,0,0,0,0.0,0
3655,2024-03-09 08:00,170759384.0,1,0,0,0,0.0,0
3656,2024-03-09 09:00,209529299.0,1,0,0,1,0.1875,0
3657,2024-03-09 10:00,498724268.0,1,0,0,0,0.0,0
3658,2024-03-09 11:00,634955052.0,1,0,0,0,0.0,0
3659,2024-03-09 12:00,506444558.0,1,0,0,0,0.0,0
3660,2024-03-09 13:00,444118402.0,1,1,0,0,0.4166666666666667,0
3661,2024-03-09 14:00,1337346583.0,1,1,0,0,0.4166666666666667,0
3662,2024-03-09 15:00,651267669.0,1,0,0,0,0.0,0
3663,2024-03-09 16:00,164010409.0,1,0,0,0,0.0,0
3664,2024-03-09 17:00,533262952.0,1,0,0,0,0.0,0
3665,2024-03-09 18:00,698776200.0,1,0,0,0,0.0,0
3666,2024-03-09 19:00,621480546.0,1,0,0,0,0.0,0
3667,2024-03-09 20:00,2481903863.0,1,1,0,1,0.6041666666666667,0
3668,2024-03-09 21:00,1698096895.0,1,1,1,0,0.8125,1
3669,2024-03-09 22:00,289190336.0,1,0,0,0,0.0,0
3670,2024-03-09 23:00,235648538.0,1,0,0,0,0.0,0
3671,2024-03-10 00:00,180417016.0,1,0,0,0,0.0,0
3672,2024-03-10 01:00,110433555.0,1,0,0,0,0.0,0
3673,2024-03-10 02:00,110824114.0,1,0,0,0,0.0,0
3674,2024-03-10 03:00,89729085.0,1,0,0,0,0.0,0
3675,2024-03-10 04:00,412801513.0,1,0,0,0,0.0,0
3676,2024-03-10 05:00,735888558.0,1,0,0,0,0.0,0
3677,2024-03-10 06:00,65685906.0,1,0,0,0,0.0,0
3678,2024-03-10 07:00,219802277.0,1,0,0,0,0.0,0
3679,2024-03-10 08:00,188762885.0,1,0,0,0,0.0,0
3680,2024-03-10 09:00,394908729.0,1,0,0,1,0.1875,0
3681,2024-03-10 10:00,348421343.0,1,0,0,0,0.0,0
3682,2024-03-10 11:00,312324252.0,1,0,0,0,0.0,0
3683,2024-03-10 12:00,308944185.0,1,0,0,0,0.0,0
3684,2024-03-10 13:00,308357308.0,1,0,0,0,0.0,0
3685,2024-03-10 14:00,217557467.0,1,0,0,0,0.0,0
3686,2024-03-10 15:00,252202518.0,1,0,0,0,0.0,0
3687,2024-03-10 16:00,185386844.0,1,0,0,0,0.0,0
3688,2024-03-10 17:00,101810804.0,1,0,0,0,0.0,0
3689,2024-03-10 18:00,269579081.0,1,0,0,0,0.0,0
3690,2024-03-10 19:00,350987785.0,1,0,0,0,0.0,0
3691,2024-03-10 20:00,1037064978.0,1,1,0,0,0.4166666666666667,0
3692,2024-03-10 21:00,339113711.0,1,0,0,0,0.0,0
3693,2024-03-10 22:00,751843685.0,1,0,0,0,0.0,0
3694,2024-03-10 23:00,259454933.0,1,0,0,0,0.0,0
3695,2024-03-11 00:00,42969716.0,0,0,0,0,0.0,0
3696,2024-03-11 01:00,42837638.0,0,0,0,0,0.0,0
3697,2024-03-11 02:00,33917255.0,0,0,0,0,0.0,0
3698,2024-03-11 03:00,119171808.0,0,0,0,0,0.0,0
3699,2024-03-11 04:00,331074104.0,0,0,0,0,0.0,0
3700,2024-03-11 05:00,538832409.0,0,0,0,0,0.0,0
3701,2024-03-11 06:00,513343175.0,0,0,0,0,0.0,0
3702,2024-03-11 07:00,291969189.0,0,0,0,0,0.0,0
3703,2024-03-11 08:00,1106854645.0,0,1,0,0,0.4166666666666667,0
3704,2024-03-11 09:00,624790492.0,0,0,0,0,0.0,0
3705,2024-03-11 10:00,435727478.0,0,0,0,0,0.0,0
3706,2024-03-11 11:00,723423077.0,0,0,0,0,0.0,0
3707,2024-03-11 12:00,1211219773.0,0,1,0,0,0.4166666666666667,0
3708,2024-03-11 13:00,276768472.0,0,0,0,0,0.0,0
3709,2024-03-11 14:00,150344479.0,0,0,0,0,0.0,0
3710,2024-03-11 15:00,325414459.0,0,0,0,0,0.0,0
3711,2024-03-11 16:00,438789424.0,0,0,0,0,0.0,0
3712,2024-03-11 17:00,378234675.0,0,0,0,0,0.0,0
3713,2024-03-11 18:00,290211748.0,0,0,0,0,0.0,0
3714,2024-03-11 19:00,230879805.0,0,0,0,0,0.0,0
3715,2024-03-11 20:00,702108679.0,0,0,0,0,0.0,0
3716,2024-03-11 21:00,1528130732.0,0,1,0,0,0.4166666666666667,0
3717,2024-03-11 22:00,1864112833.0,0,1,0,0,0.4166666666666667,0
3718,2024-03-11 23:00,560807358.0,0,0,0,0,0.0,0
3719,2024-03-12 00:00,583490709.0,0,0,0,0,0.0,0
3720,2024-03-12 01:00,108908365.0,0,0,0,0,0.0,0
3721,2024-03-12 02:00,47747891.0,0,0,0,0,0.0,0
3722,2024-03-12 03:00,122607186.0,0,0,0,0,0.0,0
3723,2024-03-12 04:00,216991621.0,0,0,0,0,0.0,0
3724,2024-03-12 05:00,499227935.0,0,0,0,0,0.0,0
3725,2024-03-12 06:00,634085630.0,0,0,0,0,0.0,0
3726,2024-03-12 07:00,215937367.0,0,0,0,0,0.0,0
3727,2024-03-12 08:00,3649432174.0,0,1,0,1,0.6041666666666667,0
3728,2024-03-12 09:00,612582129.0,0,0,0,0,0.0,0
3729,2024-03-12 10:00,530435410.0,0,0,0,0,0.0,0
3730,2024-03-12 11:00,818055632.0,0,0,0,0,0.0,0
3731,2024-03-12 12:00,1590885621.0,0,1,0,0,0.4166666666666667,0
3732,2024-03-12 13:00,281499843.0,0,0,0,0,0.0,0
3733,2024-03-12 14:00,216981596.0,0,0,0,0,0.0,0
3734,2024-03-12 15:00,229553760.0,0,0,0,0,0.0,0
3735,2024-03-12 16:00,185198715.0,0,0,0,0,0.0,0
3736,2024-03-12 17:00,511424055.0,0,0,0,0,0.0,0
3737,2024-03-12 18:00,794344587.0,0,0,0,0,0.0,0
3738,2024-03-12 19:00,516790532.0,0,0,0,0,0.0,0
3739,2024-03-12 20:00,402379212.0,0,0,0,0,0.0,0
3740,2024-03-12 21:00,199847731.0,0,0,0,0,0.0,0
3741,2024-03-12 22:00,367503278.0,0,0,0,0,0.0,0
3742,2024-03-12 23:00,252628696.0,0,0,0,0,0.0,0
3743,2024-03-13 00:00,142055193.0,0,0,0,0,0.0,0
3744,2024-03-13 01:00,223967584.0,0,0,0,0,0.0,0
3745,2024-03-13 02:00,127389273.0,0,0,0,0,0.0,0
3746,2024-03-13 03:00,103945318.0,0,0,0,0,0.0,0
3747,2024-03-13 04:00,765466230.0,0,0,0,0,0.0,0
3748,2024-03-13 05:00,919291658.0,0,0,0,0,0.0,0
3749,2024-03-13 06:00,666743438.0,0,0,0,0,0.0,0
3750,2024-03-13 07:00,704261339.0,0,0,0,0,0.0,0
3751,2024-03-13 08:00,1841861689.0,0,1,0,0,0.4166666666666667,0
3752,2024-03-13 09:00,1448702457.0,0,1,0,0,0.4166666666666667,0
3753,2024-03-13 10:00,840052866.0,0,0,0,0,0.0,0
3754,2024-03-13 11:00,891636455.0,0,0,0,0,0.0,0
3755,2024-03-13 12:00,769398728.0,0,0,0,0,0.0,0
3756,2024-03-13 13:00,799013365.0,0,0,0,0,0.0,0
3757,2024-03-13 14:00,294280792.0,0,0,0,0,0.0,0
3758,2024-03-13 15:00,189495599.0,0,0,0,0,0.0,0
3759,2024-03-13 16:00,724935401.0,0,0,0,0,0.0,0
3760,2024-03-13 17:00,148578420.0,0,0,0,0,0.0,0
3761,2024-03-13 18:00,217887544.0,0,0,0,0,0.0,0
3762,2024-03-13 19:00,436446818.0,0,0,0,0,0.0,0
3763,2024-03-13 20:00,612956633.0,0,0,0,0,0.0,0
3764,2024-03-13 21:00,159856697.0,0,0,0,0,0.0,0
3765,2024-03-13 22:00,148233579.0,0,0,0,0,0.0,0
3766,2024-03-13 23:00,69098402.0,0,0,0,0,0.0,0
3767,2024-03-14 00:00,189657195.0,0,0,0,0,0.0,0
3768,2024-03-14 01:00,321927322.0,0,0,0,0,0.0,0
3769,2024-03-14 02:00,175796933.0,0,0,0,0,0.0,0
3770,2024-03-14 03:00,148354359.0,0,0,0,0,0.0,0
3771,2024-03-14 04:00,897071528.0,0,0,0,0,0.0,0
3772,2024-03-14 05:00,1223044182.0,0,1,0,0,0.4166666666666667,0
3773,2024-03-14 06:00,742984321.0,0,0,0,0,0.0,0
3774,2024-03-14 07:00,1090864660.0,0,0,0,0,0.0,0
3775,2024-03-14 08:00,893441260.0,0,0,0,0,0.0,0
3776,2024-03-14 09:00,1125021340.0,0,0,0,0,0.0,0
3777,2024-03-14 10:00,625724712.0,0,0,0,0,0.0,0
3778,2024-03-14 11:00,611607294.0,0,0,0,0,0.0,0
3779,2024-03-14 12:00,570404198.0,0,0,0,0,0.0,0
3780,2024-03-14 13:00,528814766.0,0,0,0,0,0.0,0
3781,2024-03-14 14:00,215559778.0,0,0,0,0,0.0,0
3782,2024-03-14 15:00,286314043.0,0,0,0,0,0.0,0
3783,2024-03-14 16:00,296144440.0,0,0,0,0,0.0,0
3784,2024-03-14 17:00,338841575.0,0,0,0,0,0.0,0
3785,2024-03-14 18:00,398017394.0,0,0,0,0,0.0,0
3786,2024-03-14 19:00,732568737.0,0,0,0,0,0.0,0
3787,2024-03-14 20:00,420753168.0,0,0,0,0,0.0,0
3788,2024-03-14 21:00,312328053.0,0,0,0,0,0.0,0
3789,2024-03-14 22:00,432195725.0,0,0,0,0,0.0,0
3790,2024-03-14 23:00,654820390.0,0,0,0,0,0.0,0
3791,2024-03-15 00:00,269460845.0,0,0,0,0,0.0,0
3792,2024-03-15 01:00,216853659.0,0,0,0,0,0.0,0
3793,2024-03-15 02:00,158857728.0,0,0,0,0,0.0,0
3794,2024-03-15 03:00,137494831.0,0,0,0,0,0.0,0
3795,2024-03-15 04:00,345178091.0,0,0,0,0,0.0,0
3796,2024-03-15 05:00,705762744.0,0,0,0,0,0.0,0
3797,2024-03-15 06:00,500671399.0,0,0,0,0,0.0,0
3798,2024-03-15 07:00,360475316.0,0,0,0,0,0.0,0
3799,2024-03-15 08:00,702153969.0,0,0,0,0,0.0,0
3800,2024-03-15 09:00,597687231.0,0,0,0,0,0.0,0
3801,2024-03-15 10:00,452835428.0,0,0,0,1,0.1875,0
3802,2024-03-15 11:00,1019221672.0,0,0,0,0,0.0,0
3803,2024-03-15 12:00,1006920187.0,0,0,0,0,0.0,0
3804,2024-03-15 13:00,459816064.0,0,0,0,0,0.0,0
3805,2024-03-15 14:00,895328159.0,0,0,0,0,0.0,0
3806,2024-03-15 15:00,615599323.0,0,0,0,0,0.0,0
3807,2024-03-15 16:00,260136148.0,0,0,0,0,0.0,0
3808,2024-03-15 17:00,224828628.0,0,0,0,0,0.0,0
3809,2024-03-15 18:00,576665793.0,0,0,0,0,0.0,0
3810,2024-03-15 19:00,445951521.0,0,0,0,0,0.0,0
3811,2024-03-15 20:00,840607542.0,0,0,0,1,0.1875,0
3812,2024-03-15 21:00,512626348.0,0,0,0,0,0.0,0
3813,2024-03-15 22:00,578687440.0,0,0,0,0,0.0,0
3814,2024-03-15 23:00,427902427.0,0,0,0,0,0.0,0
3815,2024-03-16 00:00,299948627.0,1,0,0,0,0.0,0
3816,2024-03-16 01:00,142581030.0,1,0,0,0,0.0,0
3817,2024-03-16 02:00,161494848.0,1,0,0,0,0.0,0
3818,2024-03-16 03:00,215480748.0,1,0,0,0,0.0,0
3819,2024-03-16 04:00,46024000.0,1,0,0,0,0.0,0
3820,2024-03-16 05:00,50050958.0,1,0,0,0,0.0,0
3821,2024-03-16 06:00,118403570.0,1,0,0,0,0.0,0
3822,2024-03-16 07:00,67566352.0,1,0,0,1,0.1875,0
3823,2024-03-16 08:00,120148645.0,1,0,0,0,0.0,0
3824,2024-03-16 09:00,157455195.0,1,0,0,0,0.0,0
3825,2024-03-16 10:00,307686151.0,1,0,0,0,0.0,0
3826,2024-03-16 11:00,187748447.0,1,0,0,0,0.0,0
3827,2024-03-16 12:00,313540880.0,1,0,0,0,0.0,0
3828,2024-03-16 13:00,270746583.0,1,0,0,0,0.0,0
3829,2024-03-16 14:00,166512591.0,1,0,0,0,0.0,0
3830,2024-03-16 15:00,104090530.0,1,0,0,0,0.0,0
3831,2024-03-16 16:00,423073545.0,1,1,0,0,0.4166666666666667,0
3832,2024-03-16 17:00,244553889.0,1,0,0,0,0.0,0
3833,2024-03-16 18:00,629609278.0,1,0,0,0,0.0,0
3834,2024-03-16 19:00,183453084.0,1,0,0,0,0.0,0
3835,2024-03-16 20:00,409258922.0,1,1,0,0,0.4166666666666667,0
3836,2024-03-16 21:00,794927703.0,1,0,0,0,0.0,0
3837,2024-03-16 22:00,258603809.0,1,0,0,0,0.0,0
3838,2024-03-16 23:00,93431793.0,1,0,0,0,0.0,0
3839,2024-03-17 00:00,119303875.0,1,0,0,0,0.0,0
3840,2024-03-17 01:00,72592191.0,1,0,0,0,0.0,0
3841,2024-03-17 02:00,108398054.0,1,0,0,0,0.0,0
3842,2024-03-17 03:00,74586753.0,1,0,0,1,0.1875,0
3843,2024-03-17 04:00,181463424.0,1,0,0,0,0.0,0
3844,2024-03-17 05:00,413156746.0,1,1,0,0,0.4166666666666667,0
3845,2024-03-17 06:00,65342132.0,1,0,0,0,0.0,0
3846,2024-03-17 07:00,130663225.0,1,0,0,0,0.0,0
3847,2024-03-17 08:00,67086555.0,1,0,0,0,0.0,0
3848,2024-03-17 09:00,112159899.0,1,0,0,0,0.0,0
3849,2024-03-17 10:00,96546991.0,1,0,0,0,0.0,0
3850,2024-03-17 11:00,90023398.0,1,0,0,0,0.0,0
3851,2024-03-17 12:00,339152336.0,1,0,0,0,0.0,0
3852,2024-03-17 13:00,509809007.0,1,0,0,0,0.0,0
3853,2024-03-17 14:00,245870946.0,1,0,0,0,0.0,0
3854,2024-03-17 15:00,742537435.0,1,0,0,0,0.0,0
3855,2024-03-17 16:00,280594895.0,1,0,0,0,0.0,0
3856,2024-03-17 17:00,501181231.0,1,0,0,0,0.0,0
3857,2024-03-17 18:00,483889687.0,1,0,0,0,0.0,0
3858,2024-03-17 19:00,289095575.0,1,0,0,0,0.0,0
3859,2024-03-17 20:00,322149125.0,1,0,0,0,0.0,0
3860,2024-03-17 21:00,245135125.0,1,0,0,0,0.0,0
3861,2024-03-17 22:00,436158034.0,1,1,0,0,0.4166666666666667,0
3862,2024-03-17 23:00,370823969.0,1,1,0,0,0.4166666666666667,0
3863,2024-03-18 00:00,315547879.0,0,0,0,0,0.0,0
3864,2024-03-18 01:00,99134934.0,0,0,0,0,0.0,0
3865,2024-03-18 02:00,107019000.0,0,0,0,0,0.0,0
3866,2024-03-18 03:00,196697072.0,0,0,0,0,0.0,0
3867,2024-03-18 04:00,319887276.0,0,0,0,0,0.0,0
3868,2024-03-18 05:00,723478424.0,0,0,0,0,0.0,0
3869,2024-03-18 06:00,543863828.0,0,0,0,0,0.0,0
3870,2024-03-18 07:00,503714574.0,0,0,0,0,0.0,0
3871,2024-03-18 08:00,501169418.0,0,0,0,0,0.0,0
3872,2024-03-18 09:00,562465850.0,0,0,0,0,0.0,0
3873,2024-03-18 10:00,336432892.0,0,0,0,0,0.0,0
3874,2024-03-18 11:00,1077196663.0,0,1,0,0,0.4166666666666667,0
3875,2024-03-18 12:00,407089719.0,0,1,0,0,0.4166666666666667,0
3876,2024-03-18 13:00,495868132.0,0,0,0,0,0.0,0
3877,2024-03-18 14:00,282830832.0,0,0,0,0,0.0,0
3878,2024-03-18 15:00,467039150.0,0,0,0,0,0.0,0
3879,2024-03-18 16:00,161759432.0,0,0,0,0,0.0,0
3880,2024-03-18 17:00,79984328.0,0,0,0,0,0.0,0
3881,2024-03-18 18:00,185786114.0,0,0,0,0,0.0,0
3882,2024-03-18 19:00,997197626.0,0,1,0,0,0.4166666666666667,0
3883,2024-03-18 20:00,1084125842.0,0,1,0,0,0.4166666666666667,0
3884,2024-03-18 21:00,435731255.0,0,1,0,0,0.4166666666666667,0
3885,2024-03-18 22:00,823310135.0,0,1,0,0,0.4166666666666667,0
3886,2024-03-18 23:00,613228052.0,0,0,0,0,0.0,0
3887,2024-03-19 00:00,69153893.0,0,0,0,0,0.0,0
3888,2024-03-19 01:00,417885630.0,0,1,0,0,0.4166666666666667,0
3889,2024-03-19 02:00,69565071.0,0,0,0,0,0.0,0
3890,2024-03-19 03:00,98807774.0,0,0,0,0,0.0,0
3891,2024-03-19 04:00,318424311.0,0,0,0,0,0.0,0
3892,2024-03-19 05:00,701096807.0,0,0,0,0,0.0,0
3893,2024-03-19 06:00,792598042.0,0,0,0,0,0.0,0
3894,2024-03-19 07:00,933834175.0,0,1,0,0,0.4166666666666667,0
3895,2024-03-19 08:00,617696517.0,0,0,0,0,0.0,0
3896,2024-03-19 09:00,1112360235.0,0,1,0,0,0.4166666666666667,0
3897,2024-03-19 10:00,619149504.0,0,0,0,0,0.0,0
3898,2024-03-19 11:00,493928987.0,0,0,0,0,0.0,0
3899,2024-03-19 12:00,419917339.0,0,1,0,0,0.4166666666666667,0
3900,2024-03-19 13:00,413706963.0,0,1,0,0,0.4166666666666667,0
3901,2024-03-19 14:00,350825546.0,0,0,0,0,0.0,0
3902,2024-03-19 15:00,286905110.0,0,0,0,0,0.0,0
3903,2024-03-19 16:00,192888748.0,0,0,0,0,0.0,0
3904,2024-03-19 17:00,121239256.0,0,0,0,0,0.0,0
3905,2024-03-19 18:00,584954808.0,0,0,0,0,0.0,0
3906,2024-03-19 19:00,164251922.0,0,0,0,0,0.0,0
3907,2024-03-19 20:00,323445477.0,0,0,0,0,0.0,0
3908,2024-03-19 21:00,376886253.0,0,1,0,0,0.4166666666666667,0
3909,2024-03-19 22:00,90063501.0,0,0,0,0,0.0,0
3910,2024-03-19 23:00,46730391.0,0,0,0,0,0.0,0
3911,2024-03-20 00:00,62049985.0,0,0,0,0,0.0,0
3912,2024-03-20 01:00,87940170.0,0,0,0,0,0.0,0
3913,2024-03-20 02:00,58050097.0,0,0,0,1,0.1875,0
3914,2024-03-20 03:00,113758415.0,0,0,0,0,0.0,0
3915,2024-03-20 04:00,390429049.0,0,1,0,0,0.4166666666666667,0
3916,2024-03-20 05:00,658579254.0,0,0,0,0,0.0,0
3917,2024-03-20 06:00,448658401.0,0,1,0,0,0.4166666666666667,0
3918,2024-03-20 07:00,821098169.0,0,1,0,0,0.4166666666666667,0
3919,2024-03-20 08:00,469333792.0,0,0,0,0,0.0,0
3920,2024-03-20 09:00,539038101.0,0,0,0,0,0.0,0
3921,2024-03-20 10:00,454409841.0,0,0,0,0,0.0,0
3922,2024-03-20 11:00,697030346.0,0,0,0,0,0.0,0
3923,2024-03-20 12:00,776429839.0,0,0,0,0,0.0,0
3924,2024-03-20 13:00,360121440.0,0,0,0,0,0.0,0
3925,2024-03-20 14:00,337619941.0,0,0,0,0,0.0,0
3926,2024-03-20 15:00,393416874.0,0,1,0,0,0.4166666666666667,0
3927,2024-03-20 16:00,504460969.0,0,0,0,0,0.0,0
3928,2024-03-20 17:00,302773880.0,0,0,0,0,0.0,0
3929,2024-03-20 18:00,590608132.0,0,0,0,0,0.0,0
3930,2024-03-20 19:00,568023299.0,0,0,0,0,0.0,0
3931,2024-03-20 20:00,661213965.0,0,0,0,0,0.0,0
3932,2024-03-20 21:00,505084338.0,0,0,0,0,0.0,0
3933,2024-03-20 22:00,357008222.0,0,0,0,0,0.0,0
3934,2024-03-20 23:00,216288101.0,0,0,0,0,0.0,0
3935,2024-03-21 00:00,349369276.0,0,0,0,0,0.0,0
3936,2024-03-21 01:00,638401673.0,0,0,0,0,0.0,0
3937,2024-03-21 02:00,216502324.0,0,0,0,0,0.0,0
3938,2024-03-21 03:00,154306934.0,0,0,0,0,0.0,0
3939,2024-03-21 04:00,429384830.0,0,1,0,0,0.4166666666666667,0
3940,2024-03-21 05:00,489659352.0,0,0,0,0,0.0,0
3941,2024-03-21 06:00,660522404.0,0,0,0,0,0.0,0
3942,2024-03-21 07:00,583215286.0,0,0,0,0,0.0,0
3943,2024-03-21 08:00,456835204.0,0,0,0,0,0.0,0
3944,2024-03-21 09:00,439719545.0,0,0,0,0,0.0,0
3945,2024-03-21 10:00,434546024.0,0,0,0,0,0.0,0
3946,2024-03-21 11:00,571720484.0,0,0,0,0,0.0,0
3947,2024-03-21 12:00,754523917.0,0,0,0,0,0.0,0
3948,2024-03-21 13:00,298244822.0,0,0,0,0,0.0,0
3949,2024-03-21 14:00,251471101.0,0,0,0,0,0.0,0
3950,2024-03-21 15:00,229484122.0,0,0,0,0,0.0,0
3951,2024-03-21 16:00,185715248.0,0,0,0,0,0.0,0
3952,2024-03-21 17:00,243542029.0,0,0,0,0,0.0,0
3953,2024-03-21 18:00,578167138.0,0,0,0,0,0.0,0
3954,2024-03-21 19:00,190826626.0,0,0,0,0,0.0,0
3955,2024-03-21 20:00,382921681.0,0,0,0,0,0.0,0
3956,2024-03-21 21:00,322462674.0,0,0,0,0,0.0,0
3957,2024-03-21 22:00,310669376.0,0,0,0,0,0.0,0
3958,2024-03-21 23:00,190606136.0,0,0,0,0,0.0,0
3959,2024-03-22 00:00,462956394.0,0,0,0,0,0.0,0
3960,2024-03-22 01:00,430109022.0,0,0,0,0,0.0,0
3961,2024-03-22 02:00,398709910.0,0,0,0,0,0.0,0
3962,2024-03-22 03:00,150023087.0,0,0,0,0,0.0,0
3963,2024-03-22 04:00,284317278.0,0,0,0,0,0.0,0
3964,2024-03-22 05:00,1415893274.0,0,1,0,0,0.4166666666666667,0
3965,2024-03-22 06:00,603180799.0,0,0,0,0,0.0,0
3966,2024-03-22 07:00,587293672.0,0,0,0,0,0.0,0
3967,2024-03-22 08:00,611210253.0,0,0,0,0,0.0,0
3968,2024-03-22 09:00,812301631.0,0,1,0,0,0.4166666666666667,0
3969,2024-03-22 10:00,643152175.0,0,0,0,0,0.0,0
3970,2024-03-22 11:00,962860267.0,0,1,0,0,0.4166666666666667,0
3971,2024-03-22 12:00,486793807.0,0,0,0,0,0.0,0
3972,2024-03-22 13:00,286914354.0,0,0,0,0,0.0,0
3973,2024-03-22 14:00,281044861.0,0,0,0,0,0.0,0
3974,2024-03-22 15:00,235471525.0,0,0,0,0,0.0,0
3975,2024-03-22 16:00,324161629.0,0,0,0,0,0.0,0
3976,2024-03-22 17:00,300746381.0,0,0,0,0,0.0,0
3977,2024-03-22 18:00,437231135.0,0,0,0,0,0.0,0
3978,2024-03-22 19:00,846333243.0,0,1,0,0,0.4166666666666667,0
3979,2024-03-22 20:00,778394686.0,0,0,0,0,0.0,0
3980,2024-03-22 21:00,942764853.0,0,1,0,0,0.4166666666666667,0
3981,2024-03-22 22:00,287671706.0,0,0,0,0,0.0,0
3982,2024-03-22 23:00,121389254.0,0,0,0,0,0.0,0
3983,2024-03-23 00:00,319053865.0,1,0,0,0,0.0,0
3984,2024-03-23 01:00,50594867.0,1,0,0,0,0.0,0
3985,2024-03-23 02:00,35652131.0,1,0,0,0,0.0,0
3986,2024-03-23 03:00,43994220.0,1,0,0,0,0.0,0
3987,2024-03-23 04:00,41279409.0,1,0,0,1,0.1875,0
3988,2024-03-23 05:00,301671845.0,1,0,0,0,0.0,0
3989,2024-03-23 06:00,188857887.0,1,0,0,0,0.0,0
3990,2024-03-23 07:00,157350105.0,1,0,0,0,0.0,0
3991,2024-03-23 08:00,59167946.0,1,0,0,0,0.0,0
3992,2024-03-23 09:00,78475453.0,1,0,0,0,0.0,0
3993,2024-03-23 10:00,190001833.0,1,0,0,1,0.1875,0
3994,2024-03-23 11:00,356400295.0,1,0,0,0,0.0,0
3995,2024-03-23 12:00,160871538.0,1,0,0,1,0.1875,0
3996,2024-03-23 13:00,171712201.0,1,0,0,0,0.0,0
3997,2024-03-23 14:00,348383706.0,1,0,0,0,0.0,0
3998,2024-03-23 15:00,167332381.0,1,0,0,0,0.0,0
3999,2024-03-23 16:00,71812903.0,1,0,0,0,0.0,0
4000,2024-03-23 17:00,212258777.0,1,0,0,0,0.0,0
4001,2024-03-23 18:00,475383093.0,1,0,0,0,0.0,0
4002,2024-03-23 19:00,578863947.0,1,0,0,0,0.0,0
4003,2024-03-23 20:00,893079995.0,1,1,0,0,0.4166666666666667,0
4004,2024-03-23 21:00,199767275.0,1,0,0,0,0.0,0
4005,2024-03-23 22:00,62984948.0,1,0,0,0,0.0,0
4006,2024-03-23 23:00,54043088.0,1,0,0,0,0.0,0
4007,2024-03-24 00:00,30376091.0,1,0,0,0,0.0,0
4008,2024-03-24 01:00,31763492.0,1,0,0,1,0.1875,0
4009,2024-03-24 02:00,35874272.0,1,0,0,0,0.0,0
4010,2024-03-24 03:00,35139972.0,1,0,0,0,0.0,0
4011,2024-03-24 04:00,149623961.0,1,0,0,0,0.0,0
4012,2024-03-24 05:00,114570720.0,1,0,0,0,0.0,0
4013,2024-03-24 06:00,153235764.0,1,0,0,0,0.0,0
4014,2024-03-24 07:00,164091215.0,1,0,0,0,0.0,0
4015,2024-03-24 08:00,166004160.0,1,0,0,0,0.0,0
4016,2024-03-24 09:00,420067062.0,1,1,0,0,0.4166666666666667,0
4017,2024-03-24 10:00,181469376.0,1,0,0,0,0.0,0
4018,2024-03-24 11:00,94259859.0,1,0,0,1,0.1875,0
4019,2024-03-24 12:00,106514621.0,1,0,0,0,0.0,0
4020,2024-03-24 13:00,133047548.0,1,0,0,0,0.0,0
4021,2024-03-24 14:00,106576020.0,1,0,0,0,0.0,0
4022,2024-03-24 15:00,36135629.0,1,0,0,0,0.0,0
4023,2024-03-24 16:00,61729860.0,1,0,0,0,0.0,0
4024,2024-03-24 17:00,107870172.0,1,0,0,0,0.0,0
4025,2024-03-24 18:00,184137804.0,1,0,0,0,0.0,0
4026,2024-03-24 19:00,122225653.0,1,0,0,0,0.0,0
4027,2024-03-24 20:00,486276784.0,1,0,0,0,0.0,0
4028,2024-03-24 21:00,164597644.0,1,0,0,0,0.0,0
4029,2024-03-24 22:00,102582872.0,1,0,0,0,0.0,0
4030,2024-03-24 23:00,120811307.0,1,0,0,0,0.0,0
4031,2024-03-25 00:00,24157039.0,0,0,0,0,0.0,0
4032,2024-03-25 01:00,36753278.0,0,0,0,0,0.0,0
4033,2024-03-25 02:00,46699534.0,0,0,0,0,0.0,0
4034,2024-03-25 03:00,64105242.0,0,0,0,0,0.0,0
4035,2024-03-25 04:00,231205656.0,0,0,0,0,0.0,0
4036,2024-03-25 05:00,565968877.0,0,0,0,0,0.0,0
4037,2024-03-25 06:00,383082265.0,0,1,0,0,0.4166666666666667,0
4038,2024-03-25 07:00,270647066.0,0,0,0,0,0.0,0
4039,2024-03-25 08:00,290978332.0,0,0,0,0,0.0,0
4040,2024-03-25 09:00,271258506.0,0,0,0,0,0.0,0
4041,2024-03-25 10:00,444153224.0,0,1,0,0,0.4166666666666667,0
4042,2024-03-25 11:00,530169831.0,0,0,0,0,0.0,0
4043,2024-03-25 12:00,206165798.0,0,0,0,0,0.0,0
4044,2024-03-25 13:00,145143020.0,0,0,0,0,0.0,0
4045,2024-03-25 14:00,379890313.0,0,1,0,0,0.4166666666666667,0
4046,2024-03-25 15:00,165098462.0,0,0,0,0,0.0,0
4047,2024-03-25 16:00,162929953.0,0,0,0,0,0.0,0
4048,2024-03-25 17:00,274088157.0,0,0,0,0,0.0,0
4049,2024-03-25 18:00,326187377.0,0,0,0,0,0.0,0
4050,2024-03-25 19:00,176693803.0,0,0,0,0,0.0,0
4051,2024-03-25 20:00,476699756.0,0,0,0,0,0.0,0
4052,2024-03-25 21:00,379483670.0,0,1,0,0,0.4166666666666667,0
4053,2024-03-25 22:00,199540212.0,0,0,0,0,0.0,0
4054,2024-03-25 23:00,135925593.0,0,0,0,0,0.0,0
4055,2024-03-26 00:00,51034086.0,0,0,0,0,0.0,0
4056,2024-03-26 01:00,51893863.0,0,0,0,0,0.0,0
4057,2024-03-26 02:00,81849908.0,0,0,0,0,0.0,0
4058,2024-03-26 03:00,99014066.0,0,0,0,0,0.0,0
4059,2024-03-26 04:00,1232022809.0,0,1,0,1,0.6041666666666667,0
4060,2024-03-26 05:00,2650188453.0,0,1,0,0,0.4166666666666667,0
4061,2024-03-26 06:00,1816404175.0,0,1,1,0,0.8125,1
4062,2024-03-26 07:00,912730270.0,0,0,0,0,0.0,0
4063,2024-03-26 08:00,1695147518.0,0,1,0,0,0.4166666666666667,0
4064,2024-03-26 09:00,547372311.0,0,0,0,0,0.0,0
4065,2024-03-26 10:00,380109950.0,0,0,0,0,0.0,0
4066,2024-03-26 11:00,464317405.0,0,0,0,0,0.0,0
4067,2024-03-26 12:00,448976546.0,0,0,0,0,0.0,0
4068,2024-03-26 13:00,404098732.0,0,0,0,0,0.0,0
4069,2024-03-26 14:00,388750030.0,0,0,0,0,0.0,0
4070,2024-03-26 15:00,330631584.0,0,0,0,0,0.0,0
4071,2024-03-26 16:00,215172413.0,0,0,0,0,0.0,0
4072,2024-03-26 17:00,170329996.0,0,0,0,1,0.1875,0
4073,2024-03-26 18:00,290460567.0,0,0,0,0,0.0,0
4074,2024-03-26 19:00,230916878.0,0,0,0,0,0.0,0
4075,2024-03-26 20:00,391348491.0,0,0,0,0,0.0,0
4076,2024-03-26 21:00,490602820.0,0,0,0,0,0.0,0
4077,2024-03-26 22:00,198859141.0,0,0,0,0,0.0,0
4078,2024-03-26 23:00,197839577.0,0,0,0,0,0.0,0
4079,2024-03-27 00:00,65279369.0,0,0,0,0,0.0,0
4080,2024-03-27 01:00,59302436.0,0,0,0,0,0.0,0
4081,2024-03-27 02:00,94386649.0,0,0,0,0,0.0,0
4082,2024-03-27 03:00,136884765.0,0,0,0,0,0.0,0
4083,2024-03-27 04:00,513361885.0,0,0,0,0,0.0,0
4084,2024-03-27 05:00,756555251.0,0,0,0,0,0.0,0
4085,2024-03-27 06:00,507479375.0,0,0,0,0,0.0,0
4086,2024-03-27 07:00,597259718.0,0,0,0,0,0.0,0
4087,2024-03-27 08:00,644472677.0,0,0,0,0,0.0,0
4088,2024-03-27 09:00,633041221.0,0,0,0,0,0.0,0
4089,2024-03-27 10:00,804886749.0,0,0,0,0,0.0,0
4090,2024-03-27 11:00,519695203.0,0,0,0,0,0.0,0
4091,2024-03-27 12:00,816196784.0,0,0,0,0,0.0,0
4092,2024-03-27 13:00,881425705.0,0,0,0,0,0.0,0
4093,2024-03-27 14:00,341347528.0,0,0,0,0,0.0,0
4094,2024-03-27 15:00,1390432677.0,0,1,0,0,0.4166666666666667,0
4095,2024-03-27 16:00,315280412.0,0,0,0,0,0.0,0
4096,2024-03-27 17:00,344930856.0,0,0,0,0,0.0,0
4097,2024-03-27 18:00,312342654.0,0,0,0,0,0.0,0
4098,2024-03-27 19:00,405348910.0,0,0,0,0,0.0,0
4099,2024-03-27 20:00,893245055.0,0,0,0,0,0.0,0
4100,2024-03-27 21:00,519420771.0,0,0,0,0,0.0,0
4101,2024-03-27 22:00,244965163.0,0,0,0,0,0.0,0
4102,2024-03-27 23:00,84675710.0,0,0,0,0,0.0,0
4103,2024-03-28 00:00,543744059.0,0,0,0,0,0.0,0
4104,2024-03-28 01:00,452812718.0,0,0,0,0,0.0,0
4105,2024-03-28 02:00,164016588.0,0,0,0,0,0.0,0
4106,2024-03-28 03:00,256366667.0,0,0,0,0,0.0,0
4107,2024-03-28 04:00,498324048.0,0,0,0,0,0.0,0
4108,2024-03-28 05:00,952354424.0,0,0,0,0,0.0,0
4109,2024-03-28 06:00,929170364.0,0,0,0,0,0.0,0
4110,2024-03-28 07:00,831091395.0,0,0,0,0,0.0,0
4111,2024-03-28 08:00,406057094.0,0,0,0,0,0.0,0
4112,2024-03-28 09:00,459470588.0,0,0,0,0,0.0,0
4113,2024-03-28 10:00,513892228.0,0,0,0,0,0.0,0
4114,2024-03-28 11:00,428312768.0,0,0,0,0,0.0,0
4115,2024-03-28 12:00,483927529.0,0,0,0,0,0.0,0
4116,2024-03-28 13:00,722652726.0,0,0,0,0,0.0,0
4117,2024-03-28 14:00,731089288.0,0,0,0,0,0.0,0
4118,2024-03-28 15:00,547036070.0,0,0,0,0,0.0,0
4119,2024-03-28 16:00,406120131.0,0,0,0,0,0.0,0
4120,2024-03-28 17:00,1061319879.0,0,1,0,0,0.4166666666666667,0
4121,2024-03-28 18:00,653000253.0,0,0,0,0,0.0,0
4122,2024-03-28 19:00,357787622.0,0,0,0,0,0.0,0
4123,2024-03-28 20:00,245332853.0,0,0,0,0,0.0,0
4124,2024-03-28 21:00,163688503.0,0,0,0,0,0.0,0
4125,2024-03-28 22:00,189365985.0,0,0,0,0,0.0,0
4126,2024-03-28 23:00,286735635.0,0,0,0,0,0.0,0
4127,2024-03-29 00:00,248855937.0,1,0,0,0,0.0,0
4128,2024-03-29 01:00,204472469.0,1,0,0,0,0.0,0
4129,2024-03-29 02:00,87652555.0,1,0,0,0,0.0,0
4130,2024-03-29 03:00,140925724.0,1,0,0,0,0.0,0
4131,2024-03-29 04:00,206098263.0,1,0,0,0,0.0,0
4132,2024-03-29 05:00,268496307.0,1,0,0,0,0.0,0
4133,2024-03-29 06:00,914477417.0,1,0,0,0,0.0,0
4134,2024-03-29 07:00,232364326.0,1,0,0,0,0.0,0
4135,2024-03-29 08:00,590877935.0,1,0,0,0,0.0,0
4136,2024-03-29 09:00,243084719.0,1,0,0,0,0.0,0
4137,2024-03-29 10:00,377915234.0,1,0,0,0,0.0,0
4138,2024-03-29 11:00,973060697.0,1,0,0,0,0.0,0
4139,2024-03-29 12:00,557966449.0,1,0,0,0,0.0,0
4140,2024-03-29 13:00,532342341.0,1,0,0,0,0.0,0
4141,2024-03-29 14:00,811694141.0,1,0,0,0,0.0,0
4142,2024-03-29 15:00,413710873.0,1,0,0,0,0.0,0
4143,2024-03-29 16:00,209663760.0,1,0,0,0,0.0,0
4144,2024-03-29 17:00,526588594.0,1,0,0,0,0.0,0
4145,2024-03-29 18:00,317358083.0,1,0,0,0,0.0,0
4146,2024-03-29 19:00,199908457.0,1,0,0,0,0.0,0
4147,2024-03-29 20:00,359827094.0,1,0,0,0,0.0,0
4148,2024-03-29 21:00,152205406.0,1,0,0,0,0.0,0
4149,2024-03-29 22:00,393998128.0,1,0,0,0,0.0,0
4150,2024-03-29 23:00,112573511.0,1,0,0,0,0.0,0
4151,2024-03-30 00:00,426285505.0,1,0,0,0,0.0,0
4152,2024-03-30 01:00,69875824.0,1,0,0,0,0.0,0
4153,2024-03-30 02:00,99181909.0,1,0,0,0,0.0,0
4154,2024-03-30 03:00,40421102.0,1,0,0,0,0.0,0
4155,2024-03-30 04:00,129160202.0,1,0,0,0,0.0,0
4156,2024-03-30 05:00,82238434.0,1,0,0,0,0.0,0
4157,2024-03-30 06:00,101960530.0,1,0,0,1,0.1875,0
4158,2024-03-30 07:00,254692574.0,1,0,0,0,0.0,0
4159,2024-03-30 08:00,99519772.0,1,0,0,0,0.0,0
4160,2024-03-30 09:00,324321048.0,1,0,0,0,0.0,0
4161,2024-03-30 10:00,134771824.0,1,0,0,0,0.0,0
4162,2024-03-30 11:00,203827519.0,1,0,0,0,0.0,0
4163,2024-03-30 12:00,305146326.0,1,0,0,0,0.0,0
4164,2024-03-30 13:00,188261869.0,1,0,0,1,0.1875,0
4165,2024-03-30 14:00,331504714.0,1,0,0,0,0.0,0
4166,2024-03-30 15:00,144851092.0,1,0,0,0,0.0,0
4167,2024-03-30 16:00,205134946.0,1,0,0,0,0.0,0
4168,2024-03-30 17:00,238749383.0,1,0,0,0,0.0,0
4169,2024-03-30 18:00,119121951.0,1,0,0,0,0.0,0
4170,2024-03-30 19:00,335200336.0,1,0,0,0,0.0,0
4171,2024-03-30 20:00,226081342.0,1,0,0,0,0.0,0
4172,2024-03-30 21:00,178609607.0,1,0,0,0,0.0,0
4173,2024-03-30 22:00,153486315.0,1,0,0,0,0.0,0
4174,2024-03-30 23:00,54753718.0,1,0,0,0,0.0,0
4175,2024-03-31 00:00,40979103.0,1,0,0,0,0.0,0
4176,2024-03-31 01:00,62012607.0,1,0,0,0,0.0,0
4177,2024-03-31 02:00,62364593.0,1,0,0,0,0.0,0
4178,2024-03-31 03:00,152588388.0,1,0,0,1,0.1875,0
4179,2024-03-31 04:00,138647637.0,1,0,0,0,0.0,0
4180,2024-03-31 05:00,81577490.0,1,0,0,0,0.0,0
4181,2024-03-31 06:00,94980314.0,1,0,0,0,0.0,0
4182,2024-03-31 07:00,364419471.0,1,0,0,0,0.0,0
4183,2024-03-31 08:00,545249050.0,1,0,0,0,0.0,0
4184,2024-03-31 09:00,517702575.0,1,0,0,0,0.0,0
4185,2024-03-31 10:00,493969084.0,1,0,0,0,0.0,0
4186,2024-03-31 11:00,575739398.0,1,0,0,0,0.0,0
4187,2024-03-31 12:00,322421861.0,1,0,0,0,0.0,0
4188,2024-03-31 13:00,452874164.0,1,0,0,0,0.0,0
4189,2024-03-31 14:00,533549965.0,1,0,0,1,0.1875,0
4190,2024-03-31 15:00,389004135.0,1,1,0,0,0.4166666666666667,0
4191,2024-03-31 16:00,181142344.0,1,0,0,0,0.0,0
4192,2024-03-31 17:00,210639369.0,1,0,0,0,0.0,0
4193,2024-03-31 18:00,199343224.0,1,0,0,0,0.0,0
4194,2024-03-31 19:00,159822501.0,1,0,0,0,0.0,0
4195,2024-03-31 20:00,105477029.0,1,0,0,0,0.0,0
4196,2024-03-31 21:00,80287162.0,1,0,0,0,0.0,0
4197,2024-03-31 22:00,68986676.0,1,0,0,0,0.0,0
4198,2024-03-31 23:00,35034508.0,1,0,0,0,0.0,0
4199,2024-04-01 00:00,85335782.0,1,0,0,0,0.0,0
4200,2024-04-01 01:00,35420398.0,1,1,0,0,0.4166666666666667,0
4201,2024-04-01 02:00,194537327.0,1,0,0,0,0.0,0
4202,2024-04-01 03:00,141224244.0,1,0,0,0,0.0,0
4203,2024-04-01 04:00,420226841.0,1,1,0,0,0.4166666666666667,0
4204,2024-04-01 05:00,583304823.0,1,0,0,0,0.0,0
4205,2024-04-01 06:00,389085185.0,1,1,0,0,0.4166666666666667,0
4206,2024-04-01 07:00,395273330.0,1,1,0,0,0.4166666666666667,0
4207,2024-04-01 08:00,469651117.0,1,0,0,0,0.0,0
4208,2024-04-01 09:00,810052962.0,1,1,0,0,0.4166666666666667,0
4209,2024-04-01 10:00,887903853.0,1,1,0,1,0.6041666666666667,0
4210,2024-04-01 11:00,512515832.0,1,0,0,0,0.0,0
4211,2024-04-01 12:00,322993970.0,1,0,0,0,0.0,0
4212,2024-04-01 13:00,198772858.0,1,0,0,0,0.0,0
4213,2024-04-01 14:00,469754783.0,1,0,0,0,0.0,0
4214,2024-04-01 15:00,2482122335.0,1,1,0,1,0.6041666666666667,0
4215,2024-04-01 16:00,315785415.0,1,0,0,0,0.0,0
4216,2024-04-01 17:00,401636350.0,1,0,0,0,0.0,0
4217,2024-04-01 18:00,586070058.0,1,0,0,0,0.0,0
4218,2024-04-01 19:00,816999645.0,1,0,0,0,0.0,0
4219,2024-04-01 20:00,279041663.0,1,0,0,0,0.0,0
4220,2024-04-01 21:00,448070536.0,1,0,0,0,0.0,0
4221,2024-04-01 22:00,264699579.0,1,0,0,0,0.0,0
4222,2024-04-01 23:00,412627836.0,1,0,0,0,0.0,0
4223,2024-04-02 00:00,187532971.0,0,0,0,0,0.0,0
4224,2024-04-02 01:00,404164090.0,0,0,0,0,0.0,0
4225,2024-04-02 02:00,822433054.0,0,0,0,0,0.0,0
4226,2024-04-02 03:00,1805486557.0,0,1,0,1,0.6041666666666667,0
4227,2024-04-02 04:00,480690266.0,0,0,0,0,0.0,0
4228,2024-04-02 05:00,425730823.0,0,0,0,0,0.0,0
4229,2024-04-02 06:00,563990839.0,0,0,0,0,0.0,0
4230,2024-04-02 07:00,1141266571.0,0,1,0,0,0.4166666666666667,0
4231,2024-04-02 08:00,404331067.0,0,0,0,0,0.0,0
4232,2024-04-02 09:00,411380604.0,0,0,0,0,0.0,0
4233,2024-04-02 10:00,389734783.0,0,0,0,0,0.0,0
4234,2024-04-02 11:00,385567688.0,0,0,0,0,0.0,0
4235,2024-04-02 12:00,187718731.0,0,0,0,0,0.0,0
4236,2024-04-02 13:00,246347373.0,0,0,0,0,0.0,0
4237,2024-04-02 14:00,210782959.0,0,0,0,0,0.0,0
4238,2024-04-02 15:00,173996439.0,0,0,0,0,0.0,0
4239,2024-04-02 16:00,871211661.0,0,0,0,0,0.0,0
4240,2024-04-02 17:00,795502054.0,0,0,0,0,0.0,0
4241,2024-04-02 18:00,385053034.0,0,0,0,0,0.0,0
4242,2024-04-02 19:00,390744311.0,0,0,0,0,0.0,0
4243,2024-04-02 20:00,271003477.0,0,0,0,0,0.0,0
4244,2024-04-02 21:00,371096314.0,0,0,0,0,0.0,0
4245,2024-04-02 22:00,196742068.0,0,0,0,0,0.0,0
4246,2024-04-02 23:00,393363637.0,0,0,0,0,0.0,0
4247,2024-04-03 00:00,123306720.0,0,0,0,0,0.0,0
4248,2024-04-03 01:00,323949537.0,0,0,0,0,0.0,0
4249,2024-04-03 02:00,593804204.0,0,0,0,0,0.0,0
4250,2024-04-03 03:00,892838889.0,0,0,0,0,0.0,0
4251,2024-04-03 04:00,577094523.0,0,0,0,0,0.0,0
4252,2024-04-03 05:00,698975793.0,0,0,0,0,0.0,0
4253,2024-04-03 06:00,765513418.0,0,0,0,0,0.0,0
4254,2024-04-03 07:00,813332558.0,0,0,0,0,0.0,0
4255,2024-04-03 08:00,679438419.0,0,0,0,0,0.0,0
4256,2024-04-03 09:00,579157804.0,0,0,0,0,0.0,0
4257,2024-04-03 10:00,325797539.0,0,0,0,0,0.0,0
4258,2024-04-03 11:00,333136377.0,0,0,0,0,0.0,0
4259,2024-04-03 12:00,304283340.0,0,0,0,0,0.0,0
4260,2024-04-03 13:00,357549441.0,0,0,0,0,0.0,0
4261,2024-04-03 14:00,105844753.0,0,0,0,0,0.0,0
4262,2024-04-03 15:00,175246757.0,0,0,0,0,0.0,0
4263,2024-04-03 16:00,1020528317.0,0,1,0,0,0.4166666666666667,0
4264,2024-04-03 17:00,741265820.0,0,0,0,0,0.0,0
4265,2024-04-03 18:00,1006116788.0,0,1,0,0,0.4166666666666667,0
4266,2024-04-03 19:00,404517648.0,0,0,0,0,0.0,0
4267,2024-04-03 20:00,270033649.0,0,0,0,0,0.0,0
4268,2024-04-03 21:00,345099078.0,0,0,0,0,0.0,0
4269,2024-04-03 22:00,272142506.0,0,0,0,0,0.0,0
4270,2024-04-03 23:00,84109106.0,0,0,0,0,0.0,0
4271,2024-04-04 00:00,143373409.0,0,0,0,0,0.0,0
4272,2024-04-04 01:00,184548414.0,0,0,0,0,0.0,0
4273,2024-04-04 02:00,536872589.0,0,0,0,0,0.0,0
4274,2024-04-04 03:00,711045683.0,0,0,0,0,0.0,0
4275,2024-04-04 04:00,1340918893.0,0,1,0,0,0.4166666666666667,0
4276,2024-04-04 05:00,972795796.0,0,1,0,0,0.4166666666666667,0
4277,2024-04-04 06:00,590119145.0,0,0,0,0,0.0,0
4278,2024-04-04 07:00,563419249.0,0,0,0,0,0.0,0
4279,2024-04-04 08:00,847911661.0,0,0,0,0,0.0,0
4280,2024-04-04 09:00,387371945.0,0,0,0,0,0.0,0
4281,2024-04-04 10:00,367270658.0,0,0,0,0,0.0,0
4282,2024-04-04 11:00,206885765.0,0,0,0,0,0.0,0
4283,2024-04-04 12:00,235388245.0,0,0,0,0,0.0,0
4284,2024-04-04 13:00,163460565.0,0,0,0,0,0.0,0
4285,2024-04-04 14:00,145063923.0,0,0,0,0,0.0,0
4286,2024-04-04 15:00,170364452.0,0,0,0,0,0.0,0
4287,2024-04-04 16:00,365719868.0,0,0,0,0,0.0,0
4288,2024-04-04 17:00,291911762.0,0,0,0,0,0.0,0
4289,2024-04-04 18:00,424178801.0,0,0,0,0,0.0,0
4290,2024-04-04 19:00,964185306.0,0,0,0,0,0.0,0
4291,2024-04-04 20:00,457931920.0,0,0,0,0,0.0,0
4292,2024-04-04 21:00,189934023.0,0,0,0,0,0.0,0
4293,2024-04-04 22:00,322700771.0,0,0,0,0,0.0,0
4294,2024-04-04 23:00,341425807.0,0,0,0,0,0.0,0
4295,2024-04-05 00:00,400391933.0,0,0,0,0,0.0,0
4296,2024-04-05 01:00,385565211.0,0,0,0,0,0.0,0
4297,2024-04-05 02:00,347844697.0,0,0,0,0,0.0,0
4298,2024-04-05 03:00,899612719.0,0,0,0,0,0.0,0
4299,2024-04-05 04:00,838623843.0,0,0,0,0,0.0,0
4300,2024-04-05 05:00,1007445098.0,0,1,0,0,0.4166666666666667,0
4301,2024-04-05 06:00,632573710.0,0,0,0,0,0.0,0
4302,2024-04-05 07:00,436362633.0,0,0,0,0,0.0,0
4303,2024-04-05 08:00,564886951.0,0,0,0,0,0.0,0
4304,2024-04-05 09:00,786200764.0,0,0,0,0,0.0,0
4305,2024-04-05 10:00,445509329.0,0,0,0,0,0.0,0
4306,2024-04-05 11:00,238937302.0,0,0,0,0,0.0,0
4307,2024-04-05 12:00,164817705.0,0,0,0,0,0.0,0
4308,2024-04-05 13:00,122356847.0,0,0,0,0,0.0,0
4309,2024-04-05 14:00,136404313.0,0,0,0,0,0.0,0
4310,2024-04-05 15:00,482220561.0,0,0,0,0,0.0,0
4311,2024-04-05 16:00,119579416.0,0,0,0,0,0.0,0
4312,2024-04-05 17:00,239213521.0,0,0,0,0,0.0,0
4313,2024-04-05 18:00,298097836.0,0,0,0,0,0.0,0
4314,2024-04-05 19:00,211071207.0,0,0,0,0,0.0,0
4315,2024-04-05 20:00,190186409.0,0,0,0,0,0.0,0
4316,2024-04-05 21:00,450091284.0,0,0,0,0,0.0,0
4317,2024-04-05 22:00,374520455.0,0,0,0,0,0.0,0
4318,2024-04-05 23:00,228230854.0,0,0,0,0,0.0,0
4319,2024-04-06 00:00,265131219.0,1,0,0,0,0.0,0
4320,2024-04-06 01:00,161138064.0,1,0,0,0,0.0,0
4321,2024-04-06 02:00,360207114.0,1,0,0,1,0.1875,0
4322,2024-04-06 03:00,337246284.0,1,0,0,0,0.0,0
4323,2024-04-06 04:00,429561369.0,1,0,0,0,0.0,0
4324,2024-04-06 05:00,387827662.0,1,0,0,0,0.0,0
4325,2024-04-06 06:00,402951703.0,1,0,0,0,0.0,0
4326,2024-04-06 07:00,214900854.0,1,0,0,0,0.0,0
4327,2024-04-06 08:00,499575435.0,1,0,0,0,0.0,0
4328,2024-04-06 09:00,532730689.0,1,0,0,0,0.0,0
4329,2024-04-06 10:00,567887692.0,1,0,0,0,0.0,0
4330,2024-04-06 11:00,774661699.0,1,0,0,0,0.0,0
4331,2024-04-06 12:00,829062109.0,1,1,0,0,0.4166666666666667,0
4332,2024-04-06 13:00,686906186.0,1,0,0,0,0.0,0
4333,2024-04-06 14:00,138075039.0,1,0,0,0,0.0,0
4334,2024-04-06 15:00,465128797.0,1,0,0,1,0.1875,0
4335,2024-04-06 16:00,136289687.0,1,0,0,0,0.0,0
4336,2024-04-06 17:00,350048866.0,1,0,0,0,0.0,0
4337,2024-04-06 18:00,471933711.0,1,0,0,0,0.0,0
4338,2024-04-06 19:00,41209702.0,1,0,0,0,0.0,0
4339,2024-04-06 20:00,245654210.0,1,0,0,0,0.0,0
4340,2024-04-06 21:00,461174489.0,1,0,0,0,0.0,0
4341,2024-04-06 22:00,141258664.0,1,0,0,0,0.0,0
4342,2024-04-06 23:00,111578185.0,1,0,0,0,0.0,0
4343,2024-04-07 00:00,109690995.0,1,0,0,0,0.0,0
4344,2024-04-07 01:00,175581810.0,1,0,0,0,0.0,0
4345,2024-04-07 02:00,80398040.0,1,0,0,0,0.0,0
4346,2024-04-07 03:00,111532519.0,1,0,0,0,0.0,0
4347,2024-04-07 04:00,104230047.0,1,0,0,1,0.1875,0
4348,2024-04-07 05:00,161584656.0,1,0,0,0,0.0,0
4349,2024-04-07 06:00,189718636.0,1,0,0,0,0.0,0
4350,2024-04-07 07:00,159334435.0,1,0,0,0,0.0,0
4351,2024-04-07 08:00,132030769.0,1,0,0,0,0.0,0
4352,2024-04-07 09:00,105994401.0,1,0,0,0,0.0,0
4353,2024-04-07 10:00,243186774.0,1,0,0,0,0.0,0
4354,2024-04-07 11:00,231405920.0,1,0,0,0,0.0,0
4355,2024-04-07 12:00,343140892.0,1,0,0,0,0.0,0
4356,2024-04-07 13:00,223460099.0,1,0,0,0,0.0,0
4357,2024-04-07 14:00,102907414.0,1,0,0,0,0.0,0
4358,2024-04-07 15:00,150511272.0,1,0,0,0,0.0,0
4359,2024-04-07 16:00,233907498.0,1,0,0,0,0.0,0
4360,2024-04-07 17:00,230583519.0,1,0,0,0,0.0,0
4361,2024-04-07 18:00,414944152.0,1,1,0,0,0.4166666666666667,0
4362,2024-04-07 19:00,288224188.0,1,0,0,0,0.0,0
4363,2024-04-07 20:00,43694621.0,1,0,0,0,0.0,0
4364,2024-04-07 21:00,177266196.0,1,0,0,0,0.0,0
4365,2024-04-07 22:00,157016745.0,1,0,0,0,0.0,0
4366,2024-04-07 23:00,205579315.0,1,0,0,0,0.0,0
4367,2024-04-08 00:00,64550236.0,0,0,0,0,0.0,0
4368,2024-04-08 01:00,219612649.0,0,0,0,0,0.0,0
4369,2024-04-08 02:00,372187763.0,0,0,0,0,0.0,0
4370,2024-04-08 03:00,447493031.0,0,0,0,0,0.0,0
4371,2024-04-08 04:00,446143819.0,0,0,0,0,0.0,0
4372,2024-04-08 05:00,411188030.0,0,1,0,0,0.4166666666666667,0
4373,2024-04-08 06:00,346865474.0,0,0,0,0,0.0,0
4374,2024-04-08 07:00,335920308.0,0,0,0,0,0.0,0
4375,2024-04-08 08:00,699489584.0,0,0,0,0,0.0,0
4376,2024-04-08 09:00,503072584.0,0,0,0,0,0.0,0
4377,2024-04-08 10:00,1258114562.0,0,1,0,1,0.6041666666666667,0
4378,2024-04-08 11:00,597031433.0,0,0,0,0,0.0,0
4379,2024-04-08 12:00,78452897.0,0,0,0,0,0.0,0
4380,2024-04-08 13:00,427190666.0,0,1,0,0,0.4166666666666667,0
4381,2024-04-08 14:00,80635688.0,0,0,0,0,0.0,0
4382,2024-04-08 15:00,108815228.0,0,0,0,0,0.0,0
4383,2024-04-08 16:00,509139982.0,0,0,0,0,0.0,0
4384,2024-04-08 17:00,270019940.0,0,0,0,0,0.0,0
4385,2024-04-08 18:00,728280853.0,0,0,0,0,0.0,0
4386,2024-04-08 19:00,378946736.0,0,0,0,0,0.0,0
4387,2024-04-08 20:00,238413967.0,0,0,0,0,0.0,0
4388,2024-04-08 21:00,180646325.0,0,0,0,0,0.0,0
4389,2024-04-08 22:00,101508441.0,0,0,0,0,0.0,0
4390,2024-04-08 23:00,50776060.0,0,0,0,0,0.0,0
4391,2024-04-09 00:00,89529674.0,0,0,0,0,0.0,0
4392,2024-04-09 01:00,137108656.0,0,0,0,0,0.0,0
4393,2024-04-09 02:00,329584438.0,0,0,0,0,0.0,0
4394,2024-04-09 03:00,448393521.0,0,0,0,0,0.0,0
4395,2024-04-09 04:00,449952671.0,0,0,0,0,0.0,0
4396,2024-04-09 05:00,369740742.0,0,0,0,0,0.0,0
4397,2024-04-09 06:00,351701851.0,0,0,0,0,0.0,0
4398,2024-04-09 07:00,654108123.0,0,0,0,0,0.0,0
4399,2024-04-09 08:00,790362967.0,0,1,0,0,0.4166666666666667,0
4400,2024-04-09 09:00,706129834.0,0,0,0,1,0.1875,0
4401,2024-04-09 10:00,240376840.0,0,0,0,0,0.0,0
4402,2024-04-09 11:00,243577494.0,0,0,0,0,0.0,0
4403,2024-04-09 12:00,236136998.0,0,0,0,0,0.0,0
4404,2024-04-09 13:00,473192851.0,0,0,0,0,0.0,0
4405,2024-04-09 14:00,179822923.0,0,0,0,0,0.0,0
4406,2024-04-09 15:00,582530394.0,0,0,0,0,0.0,0
4407,2024-04-09 16:00,199108861.0,0,0,0,0,0.0,0
4408,2024-04-09 17:00,633488389.0,0,0,0,0,0.0,0
4409,2024-04-09 18:00,222630047.0,0,0,0,0,0.0,0
4410,2024-04-09 19:00,165215143.0,0,0,0,0,0.0,0
4411,2024-04-09 20:00,200859905.0,0,0,0,0,0.0,0
4412,2024-04-09 21:00,58475794.0,0,1,0,0,0.4166666666666667,0
4413,2024-04-09 22:00,39113128.0,0,1,0,0,0.4166666666666667,0
4414,2024-04-09 23:00,147535878.0,0,0,0,0,0.0,0
4415,2024-04-10 00:00,155203256.0,0,0,0,0,0.0,0
4416,2024-04-10 01:00,137516895.0,0,0,0,0,0.0,0
4417,2024-04-10 02:00,772515635.0,0,1,0,0,0.4166666666666667,0
4418,2024-04-10 03:00,791635943.0,0,1,0,0,0.4166666666666667,0
4419,2024-04-10 04:00,482178278.0,0,0,0,0,0.0,0
4420,2024-04-10 05:00,364713386.0,0,1,0,0,0.4166666666666667,0
4421,2024-04-10 06:00,337932735.0,0,0,0,0,0.0,0
4422,2024-04-10 07:00,612775005.0,0,0,0,0,0.0,0
4423,2024-04-10 08:00,296218444.0,0,0,0,0,0.0,0
4424,2024-04-10 09:00,374548766.0,0,1,0,0,0.4166666666666667,0
4425,2024-04-10 10:00,266970313.0,0,0,0,0,0.0,0
4426,2024-04-10 11:00,211960298.0,0,0,0,0,0.0,0
4427,2024-04-10 12:00,295213918.0,0,0,0,0,0.0,0
4428,2024-04-10 13:00,171213109.0,0,0,0,0,0.0,0
4429,2024-04-10 14:00,162452468.0,0,0,0,0,0.0,0
4430,2024-04-10 15:00,140625636.0,0,0,0,0,0.0,0
4431,2024-04-10 16:00,256808475.0,0,0,0,0,0.0,0
4432,2024-04-10 17:00,182077914.0,0,0,0,0,0.0,0
4433,2024-04-10 18:00,408488653.0,0,1,0,0,0.4166666666666667,0
4434,2024-04-10 19:00,722000941.0,0,0,0,0,0.0,0
4435,2024-04-10 20:00,347961401.0,0,0,0,0,0.0,0
4436,2024-04-10 21:00,437382817.0,0,1,0,0,0.4166666666666667,0
4437,2024-04-10 22:00,320207201.0,0,0,0,0,0.0,0
4438,2024-04-10 23:00,344683175.0,0,0,0,0,0.0,0
4439,2024-04-11 00:00,290470995.0,0,0,0,0,0.0,0
4440,2024-04-11 01:00,87494733.0,0,0,0,0,0.0,0
4441,2024-04-11 02:00,509350217.0,0,0,0,0,0.0,0
4442,2024-04-11 03:00,607884782.0,0,0,0,0,0.0,0
4443,2024-04-11 04:00,1935976900.0,0,1,0,1,0.6041666666666667,0
4444,2024-04-11 05:00,300628635.0,0,0,0,0,0.0,0
4445,2024-04-11 06:00,429283853.0,0,0,0,0,0.0,0
4446,2024-04-11 07:00,245586433.0,0,0,0,0,0.0,0
4447,2024-04-11 08:00,737301571.0,0,0,0,0,0.0,0
4448,2024-04-11 09:00,476756614.0,0,0,0,0,0.0,0
4449,2024-04-11 10:00,424836852.0,0,0,0,0,0.0,0
4450,2024-04-11 11:00,330792212.0,0,0,0,0,0.0,0
4451,2024-04-11 12:00,343266915.0,0,0,0,0,0.0,0
4452,2024-04-11 13:00,322005079.0,0,0,0,0,0.0,0
4453,2024-04-11 14:00,349063448.0,0,0,0,0,0.0,0
4454,2024-04-11 15:00,156860252.0,0,0,0,0,0.0,0
4455,2024-04-11 16:00,155593668.0,0,0,0,0,0.0,0
4456,2024-04-11 17:00,195549518.0,0,0,0,0,0.0,0
4457,2024-04-11 18:00,173381003.0,0,0,0,0,0.0,0
4458,2024-04-11 19:00,210159586.0,0,0,0,0,0.0,0
4459,2024-04-11 20:00,135833991.0,0,0,0,0,0.0,0
4460,2024-04-11 21:00,78945858.0,0,0,0,0,0.0,0
4461,2024-04-11 22:00,54976524.0,0,0,0,0,0.0,0
4462,2024-04-11 23:00,139235287.0,0,0,0,1,0.1875,0
4463,2024-04-12 00:00,81902719.0,0,0,0,0,0.0,0
4464,2024-04-12 01:00,119552967.0,0,0,0,0,0.0,0
4465,2024-04-12 02:00,318389624.0,0,0,0,0,0.0,0
4466,2024-04-12 03:00,488694959.0,0,0,0,0,0.0,0
4467,2024-04-12 04:00,385275410.0,0,0,0,0,0.0,0
4468,2024-04-12 05:00,576000018.0,0,0,0,0,0.0,0
4469,2024-04-12 06:00,470756819.0,0,0,0,0,0.0,0
4470,2024-04-12 07:00,2242339458.0,0,1,0,1,0.6041666666666667,0
4471,2024-04-12 08:00,281988466.0,0,0,0,0,0.0,0
4472,2024-04-12 09:00,465681240.0,0,0,0,0,0.0,0
4473,2024-04-12 10:00,360529738.0,0,0,0,0,0.0,0
4474,2024-04-12 11:00,223453904.0,0,0,0,0,0.0,0
4475,2024-04-12 12:00,287476293.0,0,0,0,0,0.0,0
4476,2024-04-12 13:00,86818139.0,0,0,0,0,0.0,0
4477,2024-04-12 14:00,319413893.0,0,0,0,0,0.0,0
4478,2024-04-12 15:00,184434890.0,0,0,0,0,0.0,0
4479,2024-04-12 16:00,313145769.0,0,0,0,0,0.0,0
4480,2024-04-12 17:00,240733042.0,0,0,0,1,0.1875,0
4481,2024-04-12 18:00,341347512.0,0,0,0,0,0.0,0
4482,2024-04-12 19:00,516901618.0,0,0,0,0,0.0,0
4483,2024-04-12 20:00,533218993.0,0,0,0,0,0.0,0
4484,2024-04-12 21:00,202490418.0,0,0,0,0,0.0,0
4485,2024-04-12 22:00,81489274.0,0,0,0,1,0.1875,0
4486,2024-04-12 23:00,114392559.0,0,0,0,0,0.0,0
4487,2024-04-13 00:00,221072790.0,1,0,0,0,0.0,0
4488,2024-04-13 01:00,67631320.0,1,0,0,0,0.0,0
4489,2024-04-13 02:00,115986908.0,1,0,0,0,0.0,0
4490,2024-04-13 03:00,121813923.0,1,0,0,0,0.0,0
4491,2024-04-13 04:00,241737545.0,1,0,0,0,0.0,0
4492,2024-04-13 05:00,221679509.0,1,0,0,0,0.0,0
4493,2024-04-13 06:00,213946397.0,1,0,0,0,0.0,0
4494,2024-04-13 07:00,160760150.0,1,0,0,0,0.0,0
4495,2024-04-13 08:00,271717782.0,1,0,0,0,0.0,0
4496,2024-04-13 09:00,920521449.0,1,1,0,0,0.4166666666666667,0
4497,2024-04-13 10:00,195327071.0,1,0,0,0,0.0,0
4498,2024-04-13 11:00,269208813.0,1,0,0,0,0.0,0
4499,2024-04-13 12:00,342514633.0,1,0,0,0,0.0,0
4500,2024-04-13 13:00,495301780.0,1,0,0,0,0.0,0
4501,2024-04-13 14:00,154141077.0,1,0,0,0,0.0,0
4502,2024-04-13 15:00,213233799.0,1,0,0,0,0.0,0
4503,2024-04-13 16:00,355172315.0,1,0,0,0,0.0,0
4504,2024-04-13 17:00,747119485.0,1,0,0,0,0.0,0
4505,2024-04-13 18:00,360897483.0,1,0,0,0,0.0,0
4506,2024-04-13 19:00,457233791.0,1,0,0,0,0.0,0
4507,2024-04-13 20:00,365401797.0,1,0,0,0,0.0,0
4508,2024-04-13 21:00,395032450.0,1,0,0,0,0.0,0
4509,2024-04-13 22:00,202771114.0,1,0,0,0,0.0,0
4510,2024-04-13 23:00,182165430.0,1,0,0,0,0.0,0
4511,2024-04-14 00:00,183172988.0,1,0,0,0,0.0,0
4512,2024-04-14 01:00,118969387.0,1,0,0,0,0.0,0
4513,2024-04-14 02:00,175602471.0,1,0,0,0,0.0,0
4514,2024-04-14 03:00,582189868.0,1,0,0,0,0.0,0
4515,2024-04-14 04:00,832397301.0,1,0,0,0,0.0,0
4516,2024-04-14 05:00,220206547.0,1,0,0,0,0.0,0
4517,2024-04-14 06:00,207183289.0,1,0,0,0,0.0,0
4518,2024-04-14 07:00,293323805.0,1,0,0,0,0.0,0
4519,2024-04-14 08:00,265643501.0,1,0,0,0,0.0,0
4520,2024-04-14 09:00,581286381.0,1,0,0,0,0.0,0
4521,2024-04-14 10:00,1049872210.0,1,1,0,0,0.4166666666666667,0
4522,2024-04-14 11:00,458067747.0,1,0,0,0,0.0,0
4523,2024-04-14 12:00,730140007.0,1,0,0,0,0.0,0
4524,2024-04-14 13:00,245576570.0,1,0,0,0,0.0,0
4525,2024-04-14 14:00,299255916.0,1,0,0,0,0.0,0
4526,2024-04-14 15:00,271979599.0,1,0,0,0,0.0,0
4527,2024-04-14 16:00,176275731.0,1,0,0,0,0.0,0
4528,2024-04-14 17:00,564555188.0,1,0,0,0,0.0,0
4529,2024-04-14 18:00,369265957.0,1,0,0,0,0.0,0
4530,2024-04-14 19:00,444027256.0,1,0,0,0,0.0,0
4531,2024-04-14 20:00,218216222.0,1,0,0,1,0.1875,0
4532,2024-04-14 21:00,165719267.0,1,0,0,0,0.0,0
4533,2024-04-14 22:00,177530482.0,1,0,0,0,0.0,0
4534,2024-04-14 23:00,187812261.0,1,0,0,0,0.0,0
4535,2024-04-15 00:00,128995931.0,0,0,0,0,0.0,0
4536,2024-04-15 01:00,286408617.0,0,0,0,0,0.0,0
4537,2024-04-15 02:00,368008929.0,0,0,0,0,0.0,0
4538,2024-04-15 03:00,976161469.0,0,1,0,0,0.4166666666666667,0
4539,2024-04-15 04:00,1174390610.0,0,1,0,0,0.4166666666666667,0
4540,2024-04-15 05:00,640689432.0,0,0,0,0,0.0,0
4541,2024-04-15 06:00,719240959.0,0,0,0,0,0.0,0
4542,2024-04-15 07:00,605547838.0,0,0,0,0,0.0,0
4543,2024-04-15 08:00,922899117.0,0,1,0,0,0.4166666666666667,0
4544,2024-04-15 09:00,375307176.0,0,0,0,0,0.0,0
4545,2024-04-15 10:00,383559064.0,0,0,0,0,0.0,0
4546,2024-04-15 11:00,185457154.0,0,0,0,0,0.0,0
4547,2024-04-15 12:00,149067391.0,0,0,0,0,0.0,0
4548,2024-04-15 13:00,118179814.0,0,0,0,0,0.0,0
4549,2024-04-15 14:00,222004264.0,0,0,0,0,0.0,0
4550,2024-04-15 15:00,163784784.0,0,0,0,0,0.0,0
4551,2024-04-15 16:00,109847323.0,0,0,0,0,0.0,0
4552,2024-04-15 17:00,540893422.0,0,0,0,0,0.0,0
4553,2024-04-15 18:00,260288587.0,0,0,0,0,0.0,0
4554,2024-04-15 19:00,257562694.0,0,0,0,0,0.0,0
4555,2024-04-15 20:00,310084042.0,0,0,0,0,0.0,0
4556,2024-04-15 21:00,203161017.0,0,0,0,0,0.0,0
4557,2024-04-15 22:00,67133248.0,0,0,0,0,0.0,0
4558,2024-04-15 23:00,115760443.0,0,0,0,0,0.0,0
4559,2024-04-16 00:00,86199068.0,0,0,0,0,0.0,0
4560,2024-04-16 01:00,105102486.0,0,0,0,0,0.0,0
4561,2024-04-16 02:00,388477887.0,0,0,0,0,0.0,0
4562,2024-04-16 03:00,566521557.0,0,0,0,0,0.0,0
4563,2024-04-16 04:00,359792924.0,0,0,0,0,0.0,0
4564,2024-04-16 05:00,806465253.0,0,0,0,0,0.0,0
4565,2024-04-16 06:00,455961701.0,0,0,0,0,0.0,0
4566,2024-04-16 07:00,605966683.0,0,0,0,0,0.0,0
4567,2024-04-16 08:00,491192753.0,0,0,0,0,0.0,0
4568,2024-04-16 09:00,569422446.0,0,0,0,0,0.0,0
4569,2024-04-16 10:00,264567759.0,0,0,0,0,0.0,0
4570,2024-04-16 11:00,737738013.0,0,0,0,0,0.0,0
4571,2024-04-16 12:00,184180259.0,0,0,0,0,0.0,0
4572,2024-04-16 13:00,260749277.0,0,0,0,0,0.0,0
4573,2024-04-16 14:00,849102990.0,0,1,0,0,0.4166666666666667,0
4574,2024-04-16 15:00,170769060.0,0,0,0,0,0.0,0
4575,2024-04-16 16:00,333592140.0,0,0,0,0,0.0,0
4576,2024-04-16 17:00,485333723.0,0,0,0,0,0.0,0
4577,2024-04-16 18:00,156868091.0,0,0,0,0,0.0,0
4578,2024-04-16 19:00,512939247.0,0,0,0,0,0.0,0
4579,2024-04-16 20:00,211246543.0,0,0,0,0,0.0,0
4580,2024-04-16 21:00,154419792.0,0,0,0,0,0.0,0
4581,2024-04-16 22:00,90959160.0,0,0,0,0,0.0,0
4582,2024-04-16 23:00,97948203.0,0,0,0,0,0.0,0
4583,2024-04-17 00:00,322840010.0,0,0,0,0,0.0,0
4584,2024-04-17 01:00,144241230.0,0,0,0,0,0.0,0
4585,2024-04-17 02:00,363116912.0,0,1,0,0,0.4166666666666667,0
4586,2024-04-17 03:00,537597352.0,0,0,0,0,0.0,0
4587,2024-04-17 04:00,571121543.0,0,0,0,0,0.0,0
4588,2024-04-17 05:00,307436817.0,0,0,0,0,0.0,0
4589,2024-04-17 06:00,335988915.0,0,0,0,0,0.0,0
4590,2024-04-17 07:00,466735853.0,0,0,0,0,0.0,0
4591,2024-04-17 08:00,486382304.0,0,0,0,0,0.0,0
4592,2024-04-17 09:00,469878139.0,0,0,0,0,0.0,0
4593,2024-04-17 10:00,399671526.0,0,1,0,0,0.4166666666666667,0
4594,2024-04-17 11:00,290641117.0,0,0,0,0,0.0,0
4595,2024-04-17 12:00,145582303.0,0,0,0,0,0.0,0
4596,2024-04-17 13:00,121361443.0,0,0,0,0,0.0,0
4597,2024-04-17 14:00,215084347.0,0,0,0,1,0.1875,0
4598,2024-04-17 15:00,207849927.0,0,0,0,0,0.0,0
4599,2024-04-17 16:00,505213285.0,0,0,0,0,0.0,0
4600,2024-04-17 17:00,422410587.0,0,1,0,0,0.4166666666666667,0
4601,2024-04-17 18:00,639437872.0,0,0,0,0,0.0,0
4602,2024-04-17 19:00,319302149.0,0,0,0,0,0.0,0
4603,2024-04-17 20:00,90471706.0,0,0,0,0,0.0,0
4604,2024-04-17 21:00,150397323.0,0,0,0,0,0.0,0
4605,2024-04-17 22:00,243820963.0,0,0,0,0,0.0,0
4606,2024-04-17 23:00,259749513.0,0,0,0,0,0.0,0
4607,2024-04-18 00:00,160742355.0,0,0,0,0,0.0,0
4608,2024-04-18 01:00,105475190.0,0,0,0,0,0.0,0
4609,2024-04-18 02:00,524817416.0,0,0,0,0,0.0,0
4610,2024-04-18 03:00,593631033.0,0,0,0,0,0.0,0
4611,2024-04-18 04:00,909022435.0,0,1,0,0,0.4166666666666667,0
4612,2024-04-18 05:00,521827083.0,0,0,0,0,0.0,0
4613,2024-04-18 06:00,396447611.0,0,1,0,0,0.4166666666666667,0
4614,2024-04-18 07:00,556373723.0,0,0,0,0,0.0,0
4615,2024-04-18 08:00,873879380.0,0,1,0,0,0.4166666666666667,0
4616,2024-04-18 09:00,600069621.0,0,0,0,0,0.0,0
4617,2024-04-18 10:00,416736612.0,0,1,0,0,0.4166666666666667,0
4618,2024-04-18 11:00,229793742.0,0,0,0,1,0.1875,0
4619,2024-04-18 12:00,233295669.0,0,0,0,0,0.0,0
4620,2024-04-18 13:00,152016463.0,0,0,0,0,0.0,0
4621,2024-04-18 14:00,103990492.0,0,0,0,0,0.0,0
4622,2024-04-18 15:00,207551171.0,0,0,0,0,0.0,0
4623,2024-04-18 16:00,203900775.0,0,0,0,0,0.0,0
4624,2024-04-18 17:00,236390552.0,0,0,0,0,0.0,0
4625,2024-04-18 18:00,354469382.0,0,0,0,0,0.0,0
4626,2024-04-18 19:00,616500404.0,0,0,0,0,0.0,0
4627,2024-04-18 20:00,359968634.0,0,0,0,0,0.0,0
4628,2024-04-18 21:00,106574176.0,0,0,0,0,0.0,0
4629,2024-04-18 22:00,288341475.0,0,0,0,0,0.0,0
4630,2024-04-18 23:00,284660362.0,0,0,0,0,0.0,0
4631,2024-04-19 00:00,283403761.0,0,0,0,0,0.0,0
4632,2024-04-19 01:00,239157168.0,0,0,0,0,0.0,0
4633,2024-04-19 02:00,372647642.0,0,1,0,0,0.4166666666666667,0
4634,2024-04-19 03:00,588263505.0,0,0,0,0,0.0,0
4635,2024-04-19 04:00,410620597.0,0,1,0,0,0.4166666666666667,0
4636,2024-04-19 05:00,712498298.0,0,0,0,0,0.0,0
4637,2024-04-19 06:00,547774965.0,0,0,0,0,0.0,0
4638,2024-04-19 07:00,472290602.0,0,0,0,0,0.0,0
4639,2024-04-19 08:00,429187083.0,0,1,0,0,0.4166666666666667,0
4640,2024-04-19 09:00,518794103.0,0,0,0,0,0.0,0
4641,2024-04-19 10:00,591091108.0,0,0,0,0,0.0,0
4642,2024-04-19 11:00,294396975.0,0,0,0,0,0.0,0
4643,2024-04-19 12:00,262837906.0,0,0,0,0,0.0,0
4644,2024-04-19 13:00,361285238.0,0,1,0,0,0.4166666666666667,0
4645,2024-04-19 14:00,327750808.0,0,0,0,0,0.0,0
4646,2024-04-19 15:00,331549132.0,0,0,0,0,0.0,0
4647,2024-04-19 16:00,231359481.0,0,0,0,0,0.0,0
4648,2024-04-19 17:00,1662066886.0,0,1,0,1,0.6041666666666667,0
4649,2024-04-19 18:00,184747833.0,0,0,0,0,0.0,0
4650,2024-04-19 19:00,401706604.0,0,1,0,0,0.4166666666666667,0
4651,2024-04-19 20:00,329370028.0,0,0,0,0,0.0,0
4652,2024-04-19 21:00,451664546.0,0,0,0,0,0.0,0
4653,2024-04-19 22:00,82996488.0,0,0,0,0,0.0,0
4654,2024-04-19 23:00,119136523.0,0,0,0,0,0.0,0
4655,2024-04-20 00:00,98776886.0,1,0,0,0,0.0,0
4656,2024-04-20 01:00,130964434.0,1,0,0,0,0.0,0
4657,2024-04-20 02:00,143955949.0,1,0,0,0,0.0,0
4658,2024-04-20 03:00,174865349.0,1,0,0,0,0.0,0
4659,2024-04-20 04:00,179829058.0,1,0,0,0,0.0,0
4660,2024-04-20 05:00,139696388.0,1,0,0,1,0.1875,0
4661,2024-04-20 06:00,491027223.0,1,0,0,0,0.0,0
4662,2024-04-20 07:00,692927209.0,1,0,0,0,0.0,0
4663,2024-04-20 08:00,210359361.0,1,0,0,0,0.0,0
4664,2024-04-20 09:00,384258278.0,1,0,0,0,0.0,0
4665,2024-04-20 10:00,244533531.0,1,0,0,0,0.0,0
4666,2024-04-20 11:00,192283090.0,1,0,0,0,0.0,0
4667,2024-04-20 12:00,268552583.0,1,0,0,1,0.1875,0
4668,2024-04-20 13:00,279523270.0,1,0,0,0,0.0,0
4669,2024-04-20 14:00,241145654.0,1,0,0,0,0.0,0
4670,2024-04-20 15:00,290916964.0,1,0,0,0,0.0,0
4671,2024-04-20 16:00,508107112.0,1,0,0,0,0.0,0
4672,2024-04-20 17:00,247807490.0,1,0,0,0,0.0,0
4673,2024-04-20 18:00,444418024.0,1,0,0,0,0.0,0
4674,2024-04-20 19:00,367884534.0,1,0,0,0,0.0,0
4675,2024-04-20 20:00,687713347.0,1,0,0,0,0.0,0
4676,2024-04-20 21:00,353005430.0,1,0,0,0,0.0,0
4677,2024-04-20 22:00,134197092.0,1,0,0,0,0.0,0
4678,2024-04-20 23:00,262817207.0,1,0,0,0,0.0,0
4679,2024-04-21 00:00,303748618.0,1,0,0,0,0.0,0
4680,2024-04-21 01:00,165502926.0,1,0,0,0,0.0,0
4681,2024-04-21 02:00,127929833.0,1,0,0,0,0.0,0
4682,2024-04-21 03:00,342873632.0,1,0,0,0,0.0,0
4683,2024-04-21 04:00,426320292.0,1,0,0,0,0.0,0
4684,2024-04-21 05:00,197296212.0,1,0,0,0,0.0,0
4685,2024-04-21 06:00,269617866.0,1,0,0,0,0.0,0
4686,2024-04-21 07:00,361523665.0,1,0,0,0,0.0,0
4687,2024-04-21 08:00,619954184.0,1,0,0,0,0.0,0
4688,2024-04-21 09:00,362733402.0,1,0,0,0,0.0,0
4689,2024-04-21 10:00,626123472.0,1,0,0,0,0.0,0
4690,2024-04-21 11:00,371480586.0,1,0,0,0,0.0,0
4691,2024-04-21 12:00,419277254.0,1,0,0,0,0.0,0
4692,2024-04-21 13:00,487553711.0,1,0,0,0,0.0,0
4693,2024-04-21 14:00,321841351.0,1,0,0,0,0.0,0
4694,2024-04-21 15:00,180746130.0,1,0,0,0,0.0,0
4695,2024-04-21 16:00,117101542.0,1,0,0,0,0.0,0
4696,2024-04-21 17:00,208509936.0,1,0,0,0,0.0,0
4697,2024-04-21 18:00,663544681.0,1,0,0,0,0.0,0
4698,2024-04-21 19:00,320469735.0,1,0,0,0,0.0,0
4699,2024-04-21 20:00,271291819.0,1,0,0,0,0.0,0
4700,2024-04-21 21:00,383751721.0,1,0,0,0,0.0,0
4701,2024-04-21 22:00,65537229.0,1,0,0,0,0.0,0
4702,2024-04-21 23:00,81173505.0,1,0,0,0,0.0,0
4703,2024-04-22 00:00,786261735.0,0,1,0,0,0.4166666666666667,0
4704,2024-04-22 01:00,246864226.0,0,0,0,0,0.0,0
4705,2024-04-22 02:00,724871461.0,0,0,0,0,0.0,0
4706,2024-04-22 03:00,1022020740.0,0,1,0,0,0.4166666666666667,0
4707,2024-04-22 04:00,637089093.0,0,0,0,0,0.0,0
4708,2024-04-22 05:00,383135116.0,0,0,0,0,0.0,0
4709,2024-04-22 06:00,677526328.0,0,0,0,0,0.0,0
4710,2024-04-22 07:00,459147436.0,0,0,0,0,0.0,0
4711,2024-04-22 08:00,700969837.0,0,0,0,0,0.0,0
4712,2024-04-22 09:00,456587439.0,0,0,0,0,0.0,0
4713,2024-04-22 10:00,976238713.0,0,1,0,0,0.4166666666666667,0
4714,2024-04-22 11:00,273586484.0,0,0,0,0,0.0,0
4715,2024-04-22 12:00,286860683.0,0,0,0,0,0.0,0
4716,2024-04-22 13:00,160169344.0,0,0,0,0,0.0,0
4717,2024-04-22 14:00,176195864.0,0,0,0,0,0.0,0
4718,2024-04-22 15:00,225551396.0,0,0,0,0,0.0,0
4719,2024-04-22 16:00,177294401.0,0,0,0,0,0.0,0
4720,2024-04-22 17:00,177933325.0,0,0,0,0,0.0,0
4721,2024-04-22 18:00,310617929.0,0,0,0,0,0.0,0
4722,2024-04-22 19:00,670957183.0,0,0,0,0,0.0,0
4723,2024-04-22 20:00,550193848.0,0,0,0,0,0.0,0
4724,2024-04-22 21:00,204950777.0,0,0,0,0,0.0,0
4725,2024-04-22 22:00,97912528.0,0,0,0,0,0.0,0
4726,2024-04-22 23:00,106374917.0,0,0,0,0,0.0,0
4727,2024-04-23 00:00,123325234.0,0,0,0,0,0.0,0
4728,2024-04-23 01:00,251045133.0,0,0,0,0,0.0,0
4729,2024-04-23 02:00,291879298.0,0,0,0,0,0.0,0
4730,2024-04-23 03:00,595798697.0,0,0,0,0,0.0,0
4731,2024-04-23 04:00,442021392.0,0,0,0,0,0.0,0
4732,2024-04-23 05:00,758623951.0,0,0,0,0,0.0,0
4733,2024-04-23 06:00,677794920.0,0,0,0,0,0.0,0
4734,2024-04-23 07:00,1756377633.0,0,1,0,1,0.6041666666666667,0
4735,2024-04-23 08:00,1559033225.0,0,1,0,0,0.4166666666666667,0
4736,2024-04-23 09:00,646333941.0,0,0,0,0,0.0,0
4737,2024-04-23 10:00,624740819.0,0,0,0,0,0.0,0
4738,2024-04-23 11:00,538912855.0,0,0,0,0,0.0,0
4739,2024-04-23 12:00,277512413.0,0,0,0,0,0.0,0
4740,2024-04-23 13:00,237687665.0,0,0,0,0,0.0,0
4741,2024-04-23 14:00,162093702.0,0,0,0,0,0.0,0
4742,2024-04-23 15:00,271318298.0,0,0,0,0,0.0,0
4743,2024-04-23 16:00,259014870.0,0,0,0,0,0.0,0
4744,2024-04-23 17:00,186742193.0,0,0,0,0,0.0,0
4745,2024-04-23 18:00,230575089.0,0,0,0,1,0.1875,0
4746,2024-04-23 19:00,481980867.0,0,0,0,0,0.0,0
4747,2024-04-23 20:00,417702523.0,0,0,0,0,0.0,0
4748,2024-04-23 21:00,118483082.0,0,0,0,0,0.0,0
4749,2024-04-23 22:00,58491824.0,0,0,0,0,0.0,0
4750,2024-04-23 23:00,41314904.0,0,0,0,0,0.0,0
4751,2024-04-24 00:00,180120284.0,0,0,0,1,0.1875,0
4752,2024-04-24 01:00,319625603.0,0,0,0,0,0.0,0
4753,2024-04-24 02:00,364916347.0,0,0,0,0,0.0,0
4754,2024-04-24 03:00,637308518.0,0,0,0,0,0.0,0
4755,2024-04-24 04:00,816121564.0,0,0,0,0,0.0,0
4756,2024-04-24 05:00,579711557.0,0,0,0,0,0.0,0
4757,2024-04-24 06:00,656785438.0,0,0,0,0,0.0,0
4758,2024-04-24 07:00,447123649.0,0,0,0,0,0.0,0
4759,2024-04-24 08:00,683838723.0,0,0,0,0,0.0,0
4760,2024-04-24 09:00,937942419.0,0,1,0,0,0.4166666666666667,0
4761,2024-04-24 10:00,508599177.0,0,0,0,0,0.0,0
4762,2024-04-24 11:00,508303042.0,0,0,0,0,0.0,0
4763,2024-04-24 12:00,179452669.0,0,0,0,0,0.0,0
4764,2024-04-24 13:00,201091841.0,0,0,0,0,0.0,0
4765,2024-04-24 14:00,192170375.0,0,0,0,0,0.0,0
4766,2024-04-24 15:00,103123943.0,0,0,0,0,0.0,0
4767,2024-04-24 16:00,272657726.0,0,0,0,0,0.0,0
4768,2024-04-24 17:00,215774587.0,0,0,0,0,0.0,0
4769,2024-04-24 18:00,185174248.0,0,0,0,0,0.0,0
4770,2024-04-24 19:00,424957264.0,0,0,0,0,0.0,0
4771,2024-04-24 20:00,472094017.0,0,0,0,0,0.0,0
4772,2024-04-24 21:00,450366823.0,0,0,0,0,0.0,0
4773,2024-04-24 22:00,112984466.0,0,0,0,0,0.0,0
4774,2024-04-24 23:00,147896133.0,0,0,0,0,0.0,0
4775,2024-04-25 00:00,136473653.0,0,0,0,0,0.0,0
4776,2024-04-25 01:00,265359914.0,0,0,0,0,0.0,0
4777,2024-04-25 02:00,547625610.0,0,0,0,0,0.0,0
4778,2024-04-25 03:00,846677755.0,0,1,0,0,0.4166666666666667,0
4779,2024-04-25 04:00,586499452.0,0,0,0,0,0.0,0
4780,2024-04-25 05:00,600748584.0,0,0,0,0,0.0,0
4781,2024-04-25 06:00,491533327.0,0,0,0,0,0.0,0
4782,2024-04-25 07:00,638093746.0,0,0,0,0,0.0,0
4783,2024-04-25 08:00,522394044.0,0,0,0,0,0.0,0
4784,2024-04-25 09:00,724425500.0,0,0,0,0,0.0,0
4785,2024-04-25 10:00,651494623.0,0,0,0,0,0.0,0
4786,2024-04-25 11:00,274571344.0,0,0,0,0,0.0,0
4787,2024-04-25 12:00,277299003.0,0,0,0,0,0.0,0
4788,2024-04-25 13:00,470591987.0,0,0,0,0,0.0,0
4789,2024-04-25 14:00,538977989.0,0,0,0,0,0.0,0
4790,2024-04-25 15:00,93790840.0,0,0,0,0,0.0,0
4791,2024-04-25 16:00,151798267.0,0,0,0,0,0.0,0
4792,2024-04-25 17:00,368706124.0,0,0,0,0,0.0,0
4793,2024-04-25 18:00,455873816.0,0,0,0,0,0.0,0
4794,2024-04-25 19:00,426374273.0,0,0,0,0,0.0,0
4795,2024-04-25 20:00,154028440.0,0,0,0,0,0.0,0
4796,2024-04-25 21:00,113293347.0,0,0,0,0,0.0,0
4797,2024-04-25 22:00,270156617.0,0,0,0,0,0.0,0
4798,2024-04-25 23:00,99558457.0,0,0,0,0,0.0,0
4799,2024-04-26 00:00,129660445.0,0,0,0,0,0.0,0
4800,2024-04-26 01:00,123650752.0,0,0,0,0,0.0,0
4801,2024-04-26 02:00,500936042.0,0,0,0,0,0.0,0
4802,2024-04-26 03:00,908407638.0,0,1,0,0,0.4166666666666667,0
4803,2024-04-26 04:00,539087453.0,0,0,0,0,0.0,0
4804,2024-04-26 05:00,536993841.0,0,0,0,0,0.0,0
4805,2024-04-26 06:00,391318765.0,0,0,0,0,0.0,0
4806,2024-04-26 07:00,382612188.0,0,0,0,0,0.0,0
4807,2024-04-26 08:00,397448301.0,0,0,0,0,0.0,0
4808,2024-04-26 09:00,340078008.0,0,0,0,0,0.0,0
4809,2024-04-26 10:00,424285676.0,0,0,0,0,0.0,0
4810,2024-04-26 11:00,363608921.0,0,0,0,0,0.0,0
4811,2024-04-26 12:00,204279490.0,0,0,0,0,0.0,0
4812,2024-04-26 13:00,232964701.0,0,0,0,0,0.0,0
4813,2024-04-26 14:00,256037963.0,0,0,0,0,0.0,0
4814,2024-04-26 15:00,296556827.0,0,0,0,0,0.0,0
4815,2024-04-26 16:00,102712132.0,0,0,0,0,0.0,0
4816,2024-04-26 17:00,660216358.0,0,0,0,0,0.0,0
4817,2024-04-26 18:00,707806462.0,0,0,0,0,0.0,0
4818,2024-04-26 19:00,180714138.0,0,0,0,0,0.0,0
4819,2024-04-26 20:00,453500845.0,0,0,0,0,0.0,0
4820,2024-04-26 21:00,261935573.0,0,0,0,0,0.0,0
4821,2024-04-26 22:00,70137993.0,0,0,0,0,0.0,0
4822,2024-04-26 23:00,85129159.0,0,0,0,0,0.0,0
4823,2024-04-27 00:00,90736092.0,1,0,0,0,0.0,0
4824,2024-04-27 01:00,88244252.0,1,0,0,0,0.0,0
4825,2024-04-27 02:00,129469553.0,1,0,0,0,0.0,0
4826,2024-04-27 03:00,115554800.0,1,0,0,0,0.0,0
4827,2024-04-27 04:00,199150719.0,1,0,0,0,0.0,0
4828,2024-04-27 05:00,221849580.0,1,0,0,0,0.0,0
4829,2024-04-27 06:00,211802886.0,1,0,0,0,0.0,0
4830,2024-04-27 07:00,199712562.0,1,0,0,0,0.0,0
4831,2024-04-27 08:00,352481648.0,1,0,0,0,0.0,0
4832,2024-04-27 09:00,226885634.0,1,0,0,0,0.0,0
4833,2024-04-27 10:00,225529294.0,1,0,0,0,0.0,0
4834,2024-04-27 11:00,114799705.0,1,0,0,1,0.1875,0
4835,2024-04-27 12:00,358874952.0,1,1,0,0,0.4166666666666667,0
4836,2024-04-27 13:00,391078619.0,1,1,0,0,0.4166666666666667,0
4837,2024-04-27 14:00,181418176.0,1,0,0,0,0.0,0
4838,2024-04-27 15:00,209782291.0,1,0,0,1,0.1875,0
4839,2024-04-27 16:00,308461924.0,1,0,0,0,0.0,0
4840,2024-04-27 17:00,402489692.0,1,1,0,0,0.4166666666666667,0
4841,2024-04-27 18:00,261924559.0,1,0,0,1,0.1875,0
4842,2024-04-27 19:00,357585141.0,1,1,0,0,0.4166666666666667,0
4843,2024-04-27 20:00,220449134.0,1,0,0,0,0.0,0
4844,2024-04-27 21:00,383029408.0,1,1,0,0,0.4166666666666667,0
4845,2024-04-27 22:00,216596696.0,1,0,0,0,0.0,0
4846,2024-04-27 23:00,84911536.0,1,0,0,0,0.0,0
4847,2024-04-28 00:00,115596125.0,1,0,0,0,0.0,0
4848,2024-04-28 01:00,73343611.0,1,1,0,0,0.4166666666666667,0
4849,2024-04-28 02:00,197666076.0,1,0,0,0,0.0,0
4850,2024-04-28 03:00,206194393.0,1,0,0,0,0.0,0
4851,2024-04-28 04:00,288904908.0,1,0,0,0,0.0,0
4852,2024-04-28 05:00,114943062.0,1,0,0,0,0.0,0
4853,2024-04-28 06:00,213529594.0,1,0,0,0,0.0,0
4854,2024-04-28 07:00,350428750.0,1,1,0,0,0.4166666666666667,0
4855,2024-04-28 08:00,200388170.0,1,0,0,0,0.0,0
4856,2024-04-28 09:00,140129738.0,1,0,0,0,0.0,0
4857,2024-04-28 10:00,154821376.0,1,0,0,0,0.0,0
4858,2024-04-28 11:00,498214009.0,1,0,0,0,0.0,0
4859,2024-04-28 12:00,214484545.0,1,0,0,0,0.0,0
4860,2024-04-28 13:00,352986678.0,1,1,0,0,0.4166666666666667,0
4861,2024-04-28 14:00,457952363.0,1,0,0,0,0.0,0
4862,2024-04-28 15:00,281094568.0,1,0,0,0,0.0,0
4863,2024-04-28 16:00,276429946.0,1,0,0,0,0.0,0
4864,2024-04-28 17:00,612812976.0,1,0,0,0,0.0,0
4865,2024-04-28 18:00,290836985.0,1,0,0,0,0.0,0
4866,2024-04-28 19:00,349993874.0,1,1,0,0,0.4166666666666667,0
4867,2024-04-28 20:00,454303949.0,1,0,0,0,0.0,0
4868,2024-04-28 21:00,307399017.0,1,0,0,0,0.0,0
4869,2024-04-28 22:00,198954049.0,1,0,0,0,0.0,0
4870,2024-04-28 23:00,154592180.0,1,0,0,0,0.0,0
4871,2024-04-29 00:00,107212537.0,0,0,0,0,0.0,0
4872,2024-04-29 01:00,205341195.0,0,0,0,0,0.0,0
4873,2024-04-29 02:00,641815980.0,0,0,0,0,0.0,0
4874,2024-04-29 03:00,1040880985.0,0,1,0,0,0.4166666666666667,0
4875,2024-04-29 04:00,508155306.0,0,0,0,0,0.0,0
4876,2024-04-29 05:00,725312606.0,0,1,0,0,0.4166666666666667,0
4877,2024-04-29 06:00,446565265.0,0,0,0,0,0.0,0
4878,2024-04-29 07:00,534010681.0,0,0,0,0,0.0,0
4879,2024-04-29 08:00,410461059.0,0,1,0,0,0.4166666666666667,0
4880,2024-04-29 09:00,742071833.0,0,1,0,0,0.4166666666666667,0
4881,2024-04-29 10:00,890702903.0,0,1,0,1,0.6041666666666667,0
4882,2024-04-29 11:00,251211625.0,0,0,0,0,0.0,0
4883,2024-04-29 12:00,395643704.0,0,1,0,0,0.4166666666666667,0
4884,2024-04-29 13:00,424574413.0,0,1,0,0,0.4166666666666667,0
4885,2024-04-29 14:00,241005175.0,0,0,0,0,0.0,0
4886,2024-04-29 15:00,370217070.0,0,1,0,0,0.4166666666666667,0
4887,2024-04-29 16:00,647921456.0,0,0,0,0,0.0,0
4888,2024-04-29 17:00,271888434.0,0,0,0,0,0.0,0
4889,2024-04-29 18:00,331302571.0,0,0,0,0,0.0,0
4890,2024-04-29 19:00,331282058.0,0,0,0,0,0.0,0
4891,2024-04-29 20:00,405829901.0,0,1,0,0,0.4166666666666667,0
4892,2024-04-29 21:00,216868333.0,0,0,0,0,0.0,0
4893,2024-04-29 22:00,223842679.0,0,0,0,0,0.0,0
4894,2024-04-29 23:00,90305667.0,0,0,0,0,0.0,0
4895,2024-04-30 00:00,186820296.0,0,0,0,0,0.0,0
4896,2024-04-30 01:00,184397877.0,0,0,0,0,0.0,0
4897,2024-04-30 02:00,460380438.0,0,0,0,0,0.0,0
4898,2024-04-30 03:00,596471176.0,0,0,0,0,0.0,0
4899,2024-04-30 04:00,812202089.0,0,1,0,0,0.4166666666666667,0
4900,2024-04-30 05:00,373673314.0,0,1,0,0,0.4166666666666667,0
4901,2024-04-30 06:00,436472604.0,0,0,0,0,0.0,0
4902,2024-04-30 07:00,914980740.0,0,1,0,0,0.4166666666666667,0
4903,2024-04-30 08:00,508747789.0,0,0,0,0,0.0,0
4904,2024-04-30 09:00,727327453.0,0,1,0,0,0.4166666666666667,0
4905,2024-04-30 10:00,468182977.0,0,0,0,0,0.0,0
4906,2024-04-30 11:00,207206590.0,0,0,0,0,0.0,0
4907,2024-04-30 12:00,136252846.0,0,0,0,0,0.0,0
4908,2024-04-30 13:00,208568803.0,0,0,0,0,0.0,0
4909,2024-04-30 14:00,187786296.0,0,0,0,0,0.0,0
4910,2024-04-30 15:00,108129156.0,0,0,0,0,0.0,0
4911,2024-04-30 16:00,181483078.0,0,0,0,0,0.0,0
4912,2024-04-30 17:00,370861534.0,0,1,0,0,0.4166666666666667,0
4913,2024-04-30 18:00,528926562.0,0,0,0,0,0.0,0
4914,2024-04-30 19:00,276446833.0,0,0,0,0,0.0,0
4915,2024-04-30 20:00,303917702.0,0,0,0,0,0.0,0
4916,2024-04-30 21:00,561593655.0,0,0,0,0,0.0,0
4917,2024-04-30 22:00,176946908.0,0,0,0,0,0.0,0
4918,2024-04-30 23:00,112378647.0,0,0,0,0,0.0,0
4919,2024-05-01 00:00,145125426.0,1,0,0,0,0.0,0
4920,2024-05-01 01:00,59811480.0,1,1,0,0,0.4166666666666667,0
4921,2024-05-01 02:00,301375286.0,1,0,0,0,0.0,0
4922,2024-05-01 03:00,272734361.0,1,0,0,0,0.0,0
4923,2024-05-01 04:00,171702567.0,1,0,0,0,0.0,0
4924,2024-05-01 05:00,90899246.0,1,0,0,0,0.0,0
4925,2024-05-01 06:00,97353613.0,1,0,0,0,0.0,0
4926,2024-05-01 07:00,505307881.0,1,0,0,0,0.0,0
4927,2024-05-01 08:00,280532161.0,1,0,0,0,0.0,0
4928,2024-05-01 09:00,143591608.0,1,0,0,0,0.0,0
4929,2024-05-01 10:00,164228699.0,1,0,0,0,0.0,0
4930,2024-05-01 11:00,197273269.0,1,0,0,0,0.0,0
4931,2024-05-01 12:00,374095035.0,1,1,0,0,0.4166666666666667,0
4932,2024-05-01 13:00,266220372.0,1,0,0,0,0.0,0
4933,2024-05-01 14:00,116127436.0,1,0,0,0,0.0,0
4934,2024-05-01 15:00,244985479.0,1,0,0,0,0.0,0
4935,2024-05-01 16:00,224060594.0,1,0,0,0,0.0,0
4936,2024-05-01 17:00,190091487.0,1,0,0,0,0.0,0
4937,2024-05-01 18:00,375553233.0,1,1,0,0,0.4166666666666667,0
4938,2024-05-01 19:00,366543898.0,1,1,0,0,0.4166666666666667,0
4939,2024-05-01 20:00,223725909.0,1,0,0,0,0.0,0
4940,2024-05-01 21:00,78189306.0,1,1,0,0,0.4166666666666667,0
4941,2024-05-01 22:00,114602877.0,1,0,0,0,0.0,0
4942,2024-05-01 23:00,48383045.0,1,1,0,0,0.4166666666666667,0
4943,2024-05-02 00:00,102221617.0,0,0,0,0,0.0,0
4944,2024-05-02 01:00,250701101.0,0,0,0,0,0.0,0
4945,2024-05-02 02:00,543777419.0,0,0,0,0,0.0,0
4946,2024-05-02 03:00,674605581.0,0,0,0,0,0.0,0
4947,2024-05-02 04:00,626174790.0,0,0,0,0,0.0,0
4948,2024-05-02 05:00,506677872.0,0,0,0,0,0.0,0
4949,2024-05-02 06:00,314656304.0,0,0,0,0,0.0,0
4950,2024-05-02 07:00,530706415.0,0,0,0,0,0.0,0
4951,2024-05-02 08:00,571893323.0,0,0,0,0,0.0,0
4952,2024-05-02 09:00,710212297.0,0,0,0,0,0.0,0
4953,2024-05-02 10:00,354575753.0,0,1,0,0,0.4166666666666667,0
4954,2024-05-02 11:00,331534810.0,0,0,0,0,0.0,0
4955,2024-05-02 12:00,273093741.0,0,0,0,0,0.0,0
4956,2024-05-02 13:00,403773078.0,0,1,0,0,0.4166666666666667,0
4957,2024-05-02 14:00,256705898.0,0,0,0,0,0.0,0
4958,2024-05-02 15:00,152900228.0,0,0,0,0,0.0,0
4959,2024-05-02 16:00,221687234.0,0,0,0,0,0.0,0
4960,2024-05-02 17:00,407238108.0,0,1,0,0,0.4166666666666667,0
4961,2024-05-02 18:00,538026458.0,0,0,0,0,0.0,0
4962,2024-05-02 19:00,643398400.0,0,0,0,0,0.0,0
4963,2024-05-02 20:00,570111045.0,0,0,0,0,0.0,0
4964,2024-05-02 21:00,232823151.0,0,0,0,0,0.0,0
4965,2024-05-02 22:00,252594296.0,0,0,0,0,0.0,0
4966,2024-05-02 23:00,196222929.0,0,0,0,0,0.0,0
4967,2024-05-03 00:00,253002034.0,0,0,0,0,0.0,0
4968,2024-05-03 01:00,160615562.0,0,0,0,0,0.0,0
4969,2024-05-03 02:00,464024013.0,0,0,0,0,0.0,0
4970,2024-05-03 03:00,1094208526.0,0,1,0,0,0.4166666666666667,0
4971,2024-05-03 04:00,857277319.0,0,1,0,0,0.4166666666666667,0
4972,2024-05-03 05:00,737641420.0,0,1,0,0,0.4166666666666667,0
4973,2024-05-03 06:00,793881228.0,0,1,0,0,0.4166666666666667,0
4974,2024-05-03 07:00,1484451162.0,0,1,0,1,0.6041666666666667,0
4975,2024-05-03 08:00,1567782995.0,0,1,0,0,0.4166666666666667,0
4976,2024-05-03 09:00,727173326.0,0,0,0,0,0.0,0
4977,2024-05-03 10:00,565027756.0,0,0,0,0,0.0,0
4978,2024-05-03 11:00,235888928.0,0,0,0,0,0.0,0
4979,2024-05-03 12:00,493194187.0,0,0,0,0,0.0,0
4980,2024-05-03 13:00,547792720.0,0,0,0,0,0.0,0
4981,2024-05-03 14:00,414284908.0,0,0,0,0,0.0,0
4982,2024-05-03 15:00,217504517.0,0,0,0,0,0.0,0
4983,2024-05-03 16:00,531734997.0,0,0,0,0,0.0,0
4984,2024-05-03 17:00,415295099.0,0,0,0,0,0.0,0
4985,2024-05-03 18:00,291749571.0,0,0,0,0,0.0,0
4986,2024-05-03 19:00,102898165.0,0,0,0,0,0.0,0
4987,2024-05-03 20:00,136350783.0,0,0,0,0,0.0,0
4988,2024-05-03 21:00,114012592.0,0,0,0,0,0.0,0
4989,2024-05-03 22:00,110776992.0,0,0,0,0,0.0,0
4990,2024-05-03 23:00,106895327.0,0,0,0,0,0.0,0
4991,2024-05-04 00:00,298166017.0,1,0,0,0,0.0,0
4992,2024-05-04 01:00,124854258.0,1,0,0,1,0.1875,0
4993,2024-05-04 02:00,122934307.0,1,0,0,1,0.1875,0
4994,2024-05-04 03:00,236399820.0,1,0,0,0,0.0,0
4995,2024-05-04 04:00,326760729.0,1,0,0,0,0.0,0
4996,2024-05-04 05:00,539683028.0,1,0,0,0,0.0,0
4997,2024-05-04 06:00,560757037.0,1,0,0,0,0.0,0
4998,2024-05-04 07:00,736769251.0,1,0,0,0,0.0,0
4999,2024-05-04 08:00,608600970.0,1,0,0,0,0.0,0
5000,2024-05-04 09:00,601421600.0,1,0,0,0,0.0,0
5001,2024-05-04 10:00,403576811.0,1,1,0,0,0.4166666666666667,0
5002,2024-05-04 11:00,284883976.0,1,0,0,0,0.0,0
5003,2024-05-04 12:00,217452268.0,1,0,0,0,0.0,0
5004,2024-05-04 13:00,465155109.0,1,0,0,0,0.0,0
5005,2024-05-04 14:00,272150226.0,1,0,0,0,0.0,0
5006,2024-05-04 15:00,280552187.0,1,0,0,0,0.0,0
5007,2024-05-04 16:00,277790447.0,1,0,0,0,0.0,0
5008,2024-05-04 17:00,261253559.0,1,0,0,0,0.0,0
5009,2024-05-04 18:00,756515802.0,1,0,0,0,0.0,0
5010,2024-05-04 19:00,230418886.0,1,0,0,0,0.0,0
5011,2024-05-04 20:00,793935500.0,1,0,0,0,0.0,0
5012,2024-05-04 21:00,484312724.0,1,0,0,0,0.0,0
5013,2024-05-04 22:00,140194259.0,1,0,0,0,0.0,0
5014,2024-05-04 23:00,343038328.0,1,0,0,0,0.0,0
5015,2024-05-05 00:00,162615347.0,1,0,0,0,0.0,0
5016,2024-05-05 01:00,171525754.0,1,0,0,0,0.0,0
5017,2024-05-05 02:00,234752768.0,1,0,0,0,0.0,0
5018,2024-05-05 03:00,184637697.0,1,0,0,0,0.0,0
5019,2024-05-05 04:00,278213681.0,1,0,0,0,0.0,0
5020,2024-05-05 05:00,320356393.0,1,0,0,0,0.0,0
5021,2024-05-05 06:00,247371311.0,1,0,0,0,0.0,0
5022,2024-05-05 07:00,297418885.0,1,0,0,0,0.0,0
5023,2024-05-05 08:00,365312438.0,1,0,0,0,0.0,0
5024,2024-05-05 09:00,430611716.0,1,0,0,0,0.0,0
5025,2024-05-05 10:00,352134423.0,1,0,0,0,0.0,0
5026,2024-05-05 11:00,710803690.0,1,0,0,0,0.0,0
5027,2024-05-05 12:00,1025031725.0,1,1,0,0,0.4166666666666667,0
5028,2024-05-05 13:00,331595743.0,1,0,0,0,0.0,0
5029,2024-05-05 14:00,155271941.0,1,0,0,0,0.0,0
5030,2024-05-05 15:00,373286937.0,1,0,0,0,0.0,0
5031,2024-05-05 16:00,537486707.0,1,0,0,0,0.0,0
5032,2024-05-05 17:00,587215270.0,1,0,0,0,0.0,0
5033,2024-05-05 18:00,208617660.0,1,0,0,0,0.0,0
5034,2024-05-05 19:00,621235216.0,1,0,0,0,0.0,0
5035,2024-05-05 20:00,635289025.0,1,0,0,0,0.0,0
5036,2024-05-05 21:00,422073321.0,1,0,0,0,0.0,0
5037,2024-05-05 22:00,118056935.0,1,0,0,0,0.0,0
5038,2024-05-05 23:00,173114810.0,1,0,0,0,0.0,0
5039,2024-05-06 00:00,177186688.0,0,0,0,0,0.0,0
5040,2024-05-06 01:00,460325158.0,0,0,0,0,0.0,0
5041,2024-05-06 02:00,894718053.0,0,1,0,0,0.4166666666666667,0
5042,2024-05-06 03:00,882440651.0,0,1,0,0,0.4166666666666667,0
5043,2024-05-06 04:00,700575353.0,0,0,0,0,0.0,0
5044,2024-05-06 05:00,792414538.0,0,0,0,0,0.0,0
5045,2024-05-06 06:00,615219590.0,0,0,0,0,0.0,0
5046,2024-05-06 07:00,542320081.0,0,0,0,0,0.0,0
5047,2024-05-06 08:00,675614895.0,0,0,0,0,0.0,0
5048,2024-05-06 09:00,761714763.0,0,0,0,0,0.0,0
5049,2024-05-06 10:00,426267590.0,0,0,0,0,0.0,0
5050,2024-05-06 11:00,185555692.0,0,0,0,0,0.0,0
5051,2024-05-06 12:00,364185527.0,0,0,0,0,0.0,0
5052,2024-05-06 13:00,243585849.0,0,0,0,0,0.0,0
5053,2024-05-06 14:00,1142356960.0,0,1,0,0,0.4166666666666667,0
5054,2024-05-06 15:00,152573675.0,0,0,0,0,0.0,0
5055,2024-05-06 16:00,238576356.0,0,0,0,0,0.0,0
5056,2024-05-06 17:00,242105750.0,0,0,0,0,0.0,0
5057,2024-05-06 18:00,383441080.0,0,0,0,0,0.0,0
5058,2024-05-06 19:00,466776380.0,0,0,0,0,0.0,0
5059,2024-05-06 20:00,158378169.0,0,0,0,0,0.0,0
5060,2024-05-06 21:00,196170851.0,0,0,0,0,0.0,0
5061,2024-05-06 22:00,219695557.0,0,0,0,0,0.0,0
5062,2024-05-06 23:00,214251079.0,0,0,0,0,0.0,0
5063,2024-05-07 00:00,133140025.0,0,0,0,0,0.0,0
5064,2024-05-07 01:00,256914836.0,0,0,0,0,0.0,0
5065,2024-05-07 02:00,1246516732.0,0,1,0,0,0.4166666666666667,0
5066,2024-05-07 03:00,1171011270.0,0,1,0,0,0.4166666666666667,0
5067,2024-05-07 04:00,711930421.0,0,0,0,0,0.0,0
5068,2024-05-07 05:00,597179284.0,0,0,0,0,0.0,0
5069,2024-05-07 06:00,586962750.0,0,0,0,0,0.0,0
5070,2024-05-07 07:00,1303807894.0,0,1,0,0,0.4166666666666667,0
5071,2024-05-07 08:00,838087229.0,0,0,0,0,0.0,0
5072,2024-05-07 09:00,803511548.0,0,0,0,0,0.0,0
5073,2024-05-07 10:00,552846414.0,0,0,0,0,0.0,0
5074,2024-05-07 11:00,771177913.0,0,0,0,0,0.0,0
5075,2024-05-07 12:00,572790452.0,0,0,0,0,0.0,0
5076,2024-05-07 13:00,269675132.0,0,0,0,0,0.0,0
5077,2024-05-07 14:00,396053671.0,0,1,0,0,0.4166666666666667,0
5078,2024-05-07 15:00,162744912.0,0,0,0,0,0.0,0
5079,2024-05-07 16:00,301460498.0,0,0,0,0,0.0,0
5080,2024-05-07 17:00,276773456.0,0,0,0,0,0.0,0
5081,2024-05-07 18:00,361118277.0,0,0,0,0,0.0,0
5082,2024-05-07 19:00,308918793.0,0,0,0,0,0.0,0
5083,2024-05-07 20:00,640373132.0,0,0,0,0,0.0,0
5084,2024-05-07 21:00,971872862.0,0,1,0,0,0.4166666666666667,0
5085,2024-05-07 22:00,131096526.0,0,0,0,0,0.0,0
5086,2024-05-07 23:00,266980348.0,0,0,0,0,0.0,0
5087,2024-05-08 00:00,221500459.0,1,0,0,0,0.0,0
5088,2024-05-08 01:00,184068742.0,1,0,0,0,0.0,0
5089,2024-05-08 02:00,181621980.0,1,0,0,0,0.0,0
5090,2024-05-08 03:00,362718694.0,1,0,0,0,0.0,0
5091,2024-05-08 04:00,250282316.0,1,0,0,0,0.0,0
5092,2024-05-08 05:00,222834480.0,1,0,0,0,0.0,0
5093,2024-05-08 06:00,248333742.0,1,0,0,1,0.1875,0
5094,2024-05-08 07:00,177126184.0,1,0,0,0,0.0,0
5095,2024-05-08 08:00,403682342.0,1,1,0,0,0.4166666666666667,0
5096,2024-05-08 09:00,348923082.0,1,0,0,0,0.0,0
5097,2024-05-08 10:00,534539327.0,1,0,0,0,0.0,0
5098,2024-05-08 11:00,222391781.0,1,0,0,0,0.0,0
5099,2024-05-08 12:00,198179892.0,1,0,0,0,0.0,0
5100,2024-05-08 13:00,1240927729.0,1,1,0,0,0.4166666666666667,0
5101,2024-05-08 14:00,206793317.0,1,0,0,0,0.0,0
5102,2024-05-08 15:00,347438551.0,1,0,0,0,0.0,0
5103,2024-05-08 16:00,533203655.0,1,0,0,1,0.1875,0
5104,2024-05-08 17:00,284090667.0,1,0,0,0,0.0,0
5105,2024-05-08 18:00,496900519.0,1,0,0,0,0.0,0
5106,2024-05-08 19:00,433438447.0,1,0,0,0,0.0,0
5107,2024-05-08 20:00,293731726.0,1,0,0,0,0.0,0
5108,2024-05-08 21:00,680691646.0,1,0,0,0,0.0,0
5109,2024-05-08 22:00,289001524.0,1,0,0,0,0.0,0
5110,2024-05-08 23:00,267616474.0,1,0,0,0,0.0,0
5111,2024-05-09 00:00,239294382.0,0,0,0,0,0.0,0
5112,2024-05-09 01:00,426195020.0,0,0,0,0,0.0,0
5113,2024-05-09 02:00,710843302.0,0,0,0,0,0.0,0
5114,2024-05-09 03:00,1053393143.0,0,1,0,0,0.4166666666666667,0
5115,2024-05-09 04:00,697296416.0,0,0,0,0,0.0,0
5116,2024-05-09 05:00,941384008.0,0,1,0,0,0.4166666666666667,0
5117,2024-05-09 06:00,659839510.0,0,0,0,0,0.0,0
5118,2024-05-09 07:00,397229624.0,0,0,0,0,0.0,0
5119,2024-05-09 08:00,378245210.0,0,0,0,0,0.0,0
5120,2024-05-09 09:00,485919926.0,0,0,0,1,0.1875,0
5121,2024-05-09 10:00,336258186.0,0,0,0,0,0.0,0
5122,2024-05-09 11:00,182167741.0,0,0,0,0,0.0,0
5123,2024-05-09 12:00,343015684.0,0,0,0,0,0.0,0
5124,2024-05-09 13:00,228003253.0,0,0,0,0,0.0,0
5125,2024-05-09 14:00,156150475.0,0,0,0,0,0.0,0
5126,2024-05-09 15:00,190849655.0,0,0,0,0,0.0,0
5127,2024-05-09 16:00,300414832.0,0,0,0,0,0.0,0
5128,2024-05-09 17:00,273656347.0,0,0,0,0,0.0,0
5129,2024-05-09 18:00,1011632788.0,0,1,0,0,0.4166666666666667,0
5130,2024-05-09 19:00,1320726094.0,0,1,0,0,0.4166666666666667,0
5131,2024-05-09 20:00,754185357.0,0,0,0,0,0.0,0
5132,2024-05-09 21:00,377213421.0,0,0,0,0,0.0,0
5133,2024-05-09 22:00,153360775.0,0,0,0,0,0.0,0
5134,2024-05-09 23:00,236283579.0,0,0,0,0,0.0,0
5135,2024-05-10 00:00,235931789.0,0,0,0,0,0.0,0
5136,2024-05-10 01:00,237054059.0,0,0,0,0,0.0,0
5137,2024-05-10 02:00,584566483.0,0,0,0,0,0.0,0
5138,2024-05-10 03:00,869387282.0,0,0,0,0,0.0,0
5139,2024-05-10 04:00,586351867.0,0,0,0,0,0.0,0
5140,2024-05-10 05:00,1246164274.0,0,1,0,0,0.4166666666666667,0
5141,2024-05-10 06:00,942143071.0,0,1,0,0,0.4166666666666667,0
5142,2024-05-10 07:00,1596226456.0,0,1,0,0,0.4166666666666667,0
5143,2024-05-10 08:00,718532033.0,0,0,0,0,0.0,0
5144,2024-05-10 09:00,718346690.0,0,0,0,0,0.0,0
5145,2024-05-10 10:00,502607761.0,0,0,0,0,0.0,0
5146,2024-05-10 11:00,469571253.0,0,0,0,0,0.0,0
5147,2024-05-10 12:00,464061401.0,0,0,0,0,0.0,0
5148,2024-05-10 13:00,708126364.0,0,0,0,0,0.0,0
5149,2024-05-10 14:00,589330320.0,0,0,0,0,0.0,0
5150,2024-05-10 15:00,699267378.0,0,0,0,0,0.0,0
5151,2024-05-10 16:00,1316376057.0,0,1,0,0,0.4166666666666667,0
5152,2024-05-10 17:00,1344096986.0,0,1,0,0,0.4166666666666667,0
5153,2024-05-10 18:00,932704252.0,0,0,0,0,0.0,0
5154,2024-05-10 19:00,1079476979.0,0,1,0,0,0.4166666666666667,0
5155,2024-05-10 20:00,561535079.0,0,0,0,0,0.0,0
5156,2024-05-10 21:00,323433497.0,0,0,0,0,0.0,0
5157,2024-05-10 22:00,315186982.0,0,0,0,0,0.0,0
5158,2024-05-10 23:00,302391216.0,0,0,0,0,0.0,0
5159,2024-05-11 00:00,378498889.0,1,0,0,0,0.0,0
5160,2024-05-11 01:00,282293824.0,1,0,0,0,0.0,0
5161,2024-05-11 02:00,384543474.0,1,0,0,0,0.0,0
5162,2024-05-11 03:00,332270141.0,1,0,0,0,0.0,0
5163,2024-05-11 04:00,616106971.0,1,0,0,0,0.0,0
5164,2024-05-11 05:00,437070727.0,1,0,0,0,0.0,0
5165,2024-05-11 06:00,669119431.0,1,0,0,0,0.0,0
5166,2024-05-11 07:00,459019684.0,1,0,0,0,0.0,0
5167,2024-05-11 08:00,382093116.0,1,0,0,0,0.0,0
5168,2024-05-11 09:00,269043843.0,1,0,0,0,0.0,0
5169,2024-05-11 10:00,334589087.0,1,0,0,0,0.0,0
5170,2024-05-11 11:00,357760243.0,1,0,0,0,0.0,0
5171,2024-05-11 12:00,430750585.0,1,0,0,0,0.0,0
5172,2024-05-11 13:00,421347300.0,1,0,0,0,0.0,0
5173,2024-05-11 14:00,507674006.0,1,0,0,0,0.0,0
5174,2024-05-11 15:00,458442729.0,1,0,0,0,0.0,0
5175,2024-05-11 16:00,729567293.0,1,0,0,0,0.0,0
5176,2024-05-11 17:00,1165127515.0,1,1,0,0,0.4166666666666667,0
5177,2024-05-11 18:00,1172007115.0,1,1,0,0,0.4166666666666667,0
5178,2024-05-11 19:00,719299429.0,1,0,0,0,0.0,0
5179,2024-05-11 20:00,578049018.0,1,0,0,0,0.0,0
5180,2024-05-11 21:00,683028799.0,1,0,0,0,0.0,0
5181,2024-05-11 22:00,251345940.0,1,0,0,0,0.0,0
5182,2024-05-11 23:00,247094413.0,1,0,0,0,0.0,0
5183,2024-05-12 00:00,119848572.0,1,0,0,0,0.0,0
5184,2024-05-12 01:00,133966653.0,1,0,0,0,0.0,0
5185,2024-05-12 02:00,146321071.0,1,0,0,0,0.0,0
5186,2024-05-12 03:00,206902696.0,1,0,0,0,0.0,0
5187,2024-05-12 04:00,553002685.0,1,0,0,0,0.0,0
5188,2024-05-12 05:00,259849681.0,1,0,0,0,0.0,0
5189,2024-05-12 06:00,208122830.0,1,0,0,0,0.0,0
5190,2024-05-12 07:00,323794718.0,1,0,0,0,0.0,0
5191,2024-05-12 08:00,241030193.0,1,0,0,0,0.0,0
5192,2024-05-12 09:00,725362845.0,1,0,0,0,0.0,0
5193,2024-05-12 10:00,640715031.0,1,0,0,0,0.0,0
5194,2024-05-12 11:00,382988096.0,1,0,0,0,0.0,0
5195,2024-05-12 12:00,217510107.0,1,0,0,0,0.0,0
5196,2024-05-12 13:00,250292508.0,1,0,0,0,0.0,0
5197,2024-05-12 14:00,139862200.0,1,0,0,0,0.0,0
5198,2024-05-12 15:00,162435074.0,1,0,0,0,0.0,0
5199,2024-05-12 16:00,198770917.0,1,0,0,0,0.0,0
5200,2024-05-12 17:00,210355067.0,1,0,0,0,0.0,0
5201,2024-05-12 18:00,533277244.0,1,0,0,0,0.0,0
5202,2024-05-12 19:00,328812139.0,1,0,0,0,0.0,0
5203,2024-05-12 20:00,248831949.0,1,0,0,0,0.0,0
5204,2024-05-12 21:00,122354022.0,1,0,0,0,0.0,0
5205,2024-05-12 22:00,122389492.0,1,0,0,0,0.0,0
5206,2024-05-12 23:00,102570469.0,1,0,0,0,0.0,0
5207,2024-05-13 00:00,63756994.0,0,0,0,0,0.0,0
5208,2024-05-13 01:00,176481823.0,0,0,0,1,0.1875,0
5209,2024-05-13 02:00,754687225.0,0,0,0,0,0.0,0
5210,2024-05-13 03:00,1075780477.0,0,1,0,0,0.4166666666666667,0
5211,2024-05-13 04:00,821265151.0,0,0,0,0,0.0,0
5212,2024-05-13 05:00,550476011.0,0,0,0,0,0.0,0
5213,2024-05-13 06:00,344703594.0,0,0,0,0,0.0,0
5214,2024-05-13 07:00,633778958.0,0,0,0,0,0.0,0
5215,2024-05-13 08:00,573924244.0,0,0,0,0,0.0,0
5216,2024-05-13 09:00,779919185.0,0,0,0,0,0.0,0
5217,2024-05-13 10:00,959108434.0,0,1,0,0,0.4166666666666667,0
5218,2024-05-13 11:00,196890483.0,0,0,0,0,0.0,0
5219,2024-05-13 12:00,510725536.0,0,0,0,0,0.0,0
5220,2024-05-13 13:00,588191052.0,0,0,0,0,0.0,0
5221,2024-05-13 14:00,497364439.0,0,0,0,0,0.0,0
5222,2024-05-13 15:00,515983459.0,0,0,0,0,0.0,0
5223,2024-05-13 16:00,502859446.0,0,0,0,0,0.0,0
5224,2024-05-13 17:00,659814952.0,0,0,0,0,0.0,0
5225,2024-05-13 18:00,672655987.0,0,0,0,0,0.0,0
5226,2024-05-13 19:00,554862447.0,0,0,0,0,0.0,0
5227,2024-05-13 20:00,187710634.0,0,0,0,0,0.0,0
5228,2024-05-13 21:00,257982793.0,0,0,0,0,0.0,0
5229,2024-05-13 22:00,462784125.0,0,0,0,0,0.0,0
5230,2024-05-13 23:00,281206522.0,0,0,0,0,0.0,0
5231,2024-05-14 00:00,209485773.0,0,0,0,0,0.0,0
5232,2024-05-14 01:00,233690994.0,0,0,0,0,0.0,0
5233,2024-05-14 02:00,390909914.0,0,0,0,0,0.0,0
5234,2024-05-14 03:00,1093375961.0,0,1,0,0,0.4166666666666667,0
5235,2024-05-14 04:00,486112276.0,0,0,0,0,0.0,0
5236,2024-05-14 05:00,1010708916.0,0,1,0,0,0.4166666666666667,0
5237,2024-05-14 06:00,441194760.0,0,0,0,0,0.0,0
5238,2024-05-14 07:00,570900248.0,0,0,0,0,0.0,0
5239,2024-05-14 08:00,687967443.0,0,0,0,0,0.0,0
5240,2024-05-14 09:00,589299834.0,0,0,0,0,0.0,0
5241,2024-05-14 10:00,691250203.0,0,0,0,0,0.0,0
5242,2024-05-14 11:00,562425475.0,0,0,0,0,0.0,0
5243,2024-05-14 12:00,234659315.0,0,0,0,0,0.0,0
5244,2024-05-14 13:00,302445460.0,0,0,0,0,0.0,0
5245,2024-05-14 14:00,198147749.0,0,0,0,0,0.0,0
5246,2024-05-14 15:00,324838717.0,0,0,0,0,0.0,0
5247,2024-05-14 16:00,515721247.0,0,0,0,0,0.0,0
5248,2024-05-14 17:00,417228590.0,0,0,0,0,0.0,0
5249,2024-05-14 18:00,312350132.0,0,0,0,0,0.0,0
5250,2024-05-14 19:00,223354692.0,0,0,0,0,0.0,0
5251,2024-05-14 20:00,439086916.0,0,0,0,0,0.0,0
5252,2024-05-14 21:00,456462221.0,0,0,0,0,0.0,0
5253,2024-05-14 22:00,382924078.0,0,0,0,0,0.0,0
5254,2024-05-14 23:00,302197255.0,0,0,0,0,0.0,0
5255,2024-05-15 00:00,144950455.0,0,0,0,0,0.0,0
5256,2024-05-15 01:00,385850047.0,0,0,0,0,0.0,0
5257,2024-05-15 02:00,930435228.0,0,1,0,0,0.4166666666666667,0
5258,2024-05-15 03:00,1188306779.0,0,1,0,0,0.4166666666666667,0
5259,2024-05-15 04:00,490258234.0,0,0,0,0,0.0,0
5260,2024-05-15 05:00,714030187.0,0,0,0,0,0.0,0
5261,2024-05-15 06:00,499802065.0,0,0,0,0,0.0,0
5262,2024-05-15 07:00,484548650.0,0,0,0,0,0.0,0
5263,2024-05-15 08:00,1323759031.0,0,1,0,0,0.4166666666666667,0
5264,2024-05-15 09:00,699583097.0,0,0,0,0,0.0,0
5265,2024-05-15 10:00,577928345.0,0,0,0,0,0.0,0
5266,2024-05-15 11:00,377117009.0,0,0,0,0,0.0,0
5267,2024-05-15 12:00,908588009.0,0,1,0,0,0.4166666666666667,0
5268,2024-05-15 13:00,843349842.0,0,1,0,0,0.4166666666666667,0
5269,2024-05-15 14:00,1171638007.0,0,1,0,0,0.4166666666666667,0
5270,2024-05-15 15:00,1008903799.0,0,1,0,0,0.4166666666666667,0
5271,2024-05-15 16:00,1314563575.0,0,1,0,0,0.4166666666666667,0
5272,2024-05-15 17:00,1423553146.0,0,1,0,0,0.4166666666666667,0
5273,2024-05-15 18:00,1543057079.0,0,1,0,1,0.6041666666666667,0
5274,2024-05-15 19:00,772931263.0,0,0,0,0,0.0,0
5275,2024-05-15 20:00,627868759.0,0,0,0,0,0.0,0
5276,2024-05-15 21:00,442533417.0,0,0,0,0,0.0,0
5277,2024-05-15 22:00,458306921.0,0,0,0,0,0.0,0
5278,2024-05-15 23:00,276698115.0,0,0,0,0,0.0,0
5279,2024-05-16 00:00,780864445.0,0,0,0,0,0.0,0
5280,2024-05-16 01:00,612617860.0,0,0,0,0,0.0,0
5281,2024-05-16 02:00,875055646.0,0,0,0,0,0.0,0
5282,2024-05-16 03:00,1143796493.0,0,1,0,1,0.6041666666666667,0
5283,2024-05-16 04:00,899608716.0,0,0,0,0,0.0,0
5284,2024-05-16 05:00,909992906.0,0,0,0,0,0.0,0
5285,2024-05-16 06:00,615621272.0,0,0,0,0,0.0,0
5286,2024-05-16 07:00,1208703498.0,0,1,0,0,0.4166666666666667,0
5287,2024-05-16 08:00,693222672.0,0,0,0,0,0.0,0
5288,2024-05-16 09:00,1020103219.0,0,1,0,0,0.4166666666666667,0
5289,2024-05-16 10:00,795720637.0,0,0,0,0,0.0,0
5290,2024-05-16 11:00,424981728.0,0,0,0,0,0.0,0
5291,2024-05-16 12:00,594952896.0,0,0,0,0,0.0,0
5292,2024-05-16 13:00,541617186.0,0,0,0,0,0.0,0
5293,2024-05-16 14:00,581017912.0,0,0,0,0,0.0,0
5294,2024-05-16 15:00,1658118912.0,0,1,0,0,0.4166666666666667,0
5295,2024-05-16 16:00,457679187.0,0,0,0,0,0.0,0
5296,2024-05-16 17:00,1019154056.0,0,1,0,0,0.4166666666666667,0
5297,2024-05-16 18:00,644726913.0,0,0,0,0,0.0,0
5298,2024-05-16 19:00,427362898.0,0,0,0,0,0.0,0
5299,2024-05-16 20:00,575050161.0,0,0,0,0,0.0,0
5300,2024-05-16 21:00,451747079.0,0,0,0,0,0.0,0
5301,2024-05-16 22:00,282972085.0,0,0,0,0,0.0,0
5302,2024-05-16 23:00,242551617.0,0,0,0,0,0.0,0
5303,2024-05-17 00:00,113439860.0,0,0,0,0,0.0,0
5304,2024-05-17 01:00,185857815.0,0,0,0,0,0.0,0
5305,2024-05-17 02:00,450824791.0,0,0,0,0,0.0,0
5306,2024-05-17 03:00,733989923.0,0,0,0,0,0.0,0
5307,2024-05-17 04:00,634339839.0,0,0,0,0,0.0,0
5308,2024-05-17 05:00,490997626.0,0,0,0,0,0.0,0
5309,2024-05-17 06:00,328291318.0,0,0,0,0,0.0,0
5310,2024-05-17 07:00,1948360173.0,0,1,0,0,0.4166666666666667,0
5311,2024-05-17 08:00,600380750.0,0,0,0,0,0.0,0
5312,2024-05-17 09:00,662171691.0,0,0,0,0,0.0,0
5313,2024-05-17 10:00,669310666.0,0,0,0,0,0.0,0
5314,2024-05-17 11:00,360067792.0,0,0,0,0,0.0,0
5315,2024-05-17 12:00,361798518.0,0,0,0,0,0.0,0
5316,2024-05-17 13:00,508696495.0,0,0,0,0,0.0,0
5317,2024-05-17 14:00,587558937.0,0,0,0,0,0.0,0
5318,2024-05-17 15:00,465963028.0,0,0,0,0,0.0,0
5319,2024-05-17 16:00,1093881118.0,0,1,0,0,0.4166666666666667,0
5320,2024-05-17 17:00,1662159049.0,0,1,0,0,0.4166666666666667,0
5321,2024-05-17 18:00,1156368670.0,0,1,0,0,0.4166666666666667,0
5322,2024-05-17 19:00,569858041.0,0,0,0,0,0.0,0
5323,2024-05-17 20:00,906207283.0,0,0,0,0,0.0,0
5324,2024-05-17 21:00,699981917.0,0,0,0,0,0.0,0
5325,2024-05-17 22:00,504626949.0,0,0,0,0,0.0,0
5326,2024-05-17 23:00,483863817.0,0,0,0,0,0.0,0
5327,2024-05-18 00:00,80841189.0,1,0,0,0,0.0,0
5328,2024-05-18 01:00,207002424.0,1,0,0,0,0.0,0
5329,2024-05-18 02:00,445888829.0,1,0,0,0,0.0,0
5330,2024-05-18 03:00,353775100.0,1,0,0,0,0.0,0
5331,2024-05-18 04:00,232629961.0,1,0,0,0,0.0,0
5332,2024-05-18 05:00,328196472.0,1,0,0,0,0.0,0
5333,2024-05-18 06:00,748094866.0,1,0,0,0,0.0,0
5334,2024-05-18 07:00,589346508.0,1,0,0,0,0.0,0
5335,2024-05-18 08:00,416537201.0,1,0,0,0,0.0,0
5336,2024-05-18 09:00,404161858.0,1,0,0,0,0.0,0
5337,2024-05-18 10:00,281427619.0,1,0,0,0,0.0,0
5338,2024-05-18 11:00,321309233.0,1,0,0,0,0.0,0
5339,2024-05-18 12:00,712554504.0,1,0,0,0,0.0,0
5340,2024-05-18 13:00,541138168.0,1,0,0,0,0.0,0
5341,2024-05-18 14:00,720195170.0,1,0,0,0,0.0,0
5342,2024-05-18 15:00,756586989.0,1,0,0,0,0.0,0
5343,2024-05-18 16:00,1335714168.0,1,1,0,0,0.4166666666666667,0
5344,2024-05-18 17:00,1947500042.0,1,1,0,0,0.4166666666666667,0
5345,2024-05-18 18:00,1726019831.0,1,1,1,0,0.8125,1
5346,2024-05-18 19:00,973931589.0,1,0,0,0,0.0,0
5347,2024-05-18 20:00,997274197.0,1,0,0,0,0.0,0
5348,2024-05-18 21:00,539664031.0,1,0,0,0,0.0,0
5349,2024-05-18 22:00,519836821.0,1,0,0,0,0.0,0
5350,2024-05-18 23:00,495167837.0,1,0,0,0,0.0,0
5351,2024-05-19 00:00,296226104.0,1,0,0,0,0.0,0
5352,2024-05-19 01:00,118137869.0,1,0,0,0,0.0,0
5353,2024-05-19 02:00,268529739.0,1,0,0,0,0.0,0
5354,2024-05-19 03:00,326874774.0,1,0,0,0,0.0,0
5355,2024-05-19 04:00,407077280.0,1,0,0,0,0.0,0
5356,2024-05-19 05:00,171014847.0,1,0,0,0,0.0,0
5357,2024-05-19 06:00,232988845.0,1,0,0,0,0.0,0
5358,2024-05-19 07:00,502433665.0,1,0,0,0,0.0,0
5359,2024-05-19 08:00,809669394.0,1,0,0,0,0.0,0
5360,2024-05-19 09:00,1292969199.0,1,1,0,0,0.4166666666666667,0
5361,2024-05-19 10:00,1462877745.0,1,1,0,0,0.4166666666666667,0
5362,2024-05-19 11:00,898230020.0,1,0,0,0,0.0,0
5363,2024-05-19 12:00,897545361.0,1,0,0,0,0.0,0
5364,2024-05-19 13:00,216073973.0,1,0,0,0,0.0,0
5365,2024-05-19 14:00,458384061.0,1,0,0,0,0.0,0
5366,2024-05-19 15:00,416255679.0,1,0,0,0,0.0,0
5367,2024-05-19 16:00,612827602.0,1,0,0,0,0.0,0
5368,2024-05-19 17:00,380935559.0,1,0,0,0,0.0,0
5369,2024-05-19 18:00,359818815.0,1,0,0,0,0.0,0
5370,2024-05-19 19:00,458094073.0,1,0,0,0,0.0,0
5371,2024-05-19 20:00,562766317.0,1,0,0,0,0.0,0
5372,2024-05-19 21:00,165145153.0,1,0,0,0,0.0,0
5373,2024-05-19 22:00,316669669.0,1,0,0,0,0.0,0
5374,2024-05-19 23:00,365515554.0,1,0,0,0,0.0,0
5375,2024-05-20 00:00,213780384.0,0,0,0,0,0.0,0
5376,2024-05-20 01:00,405624501.0,0,0,0,0,0.0,0
5377,2024-05-20 02:00,437149864.0,0,0,0,0,0.0,0
5378,2024-05-20 03:00,1215869347.0,0,1,0,0,0.4166666666666667,0
5379,2024-05-20 04:00,622869856.0,0,0,0,0,0.0,0
5380,2024-05-20 05:00,817038574.0,0,0,0,0,0.0,0
5381,2024-05-20 06:00,439701807.0,0,0,0,0,0.0,0
5382,2024-05-20 07:00,1075721630.0,0,0,0,0,0.0,0
5383,2024-05-20 08:00,736867334.0,0,0,0,0,0.0,0
5384,2024-05-20 09:00,616669185.0,0,0,0,0,0.0,0
5385,2024-05-20 10:00,507972440.0,0,0,0,0,0.0,0
5386,2024-05-20 11:00,461733006.0,0,0,0,0,0.0,0
5387,2024-05-20 12:00,406967615.0,0,0,0,0,0.0,0
5388,2024-05-20 13:00,320450228.0,0,0,0,0,0.0,0
5389,2024-05-20 14:00,133081600.0,0,0,0,0,0.0,0
5390,2024-05-20 15:00,114103530.0,0,0,0,0,0.0,0
5391,2024-05-20 16:00,528298923.0,0,0,0,0,0.0,0
5392,2024-05-20 17:00,506649948.0,0,0,0,0,0.0,0
5393,2024-05-20 18:00,476325116.0,0,0,0,0,0.0,0
5394,2024-05-20 19:00,385332253.0,0,0,0,0,0.0,0
5395,2024-05-20 20:00,641727380.0,0,0,0,0,0.0,0
5396,2024-05-20 21:00,343972509.0,0,0,0,0,0.0,0
5397,2024-05-20 22:00,200371775.0,0,0,0,0,0.0,0
5398,2024-05-20 23:00,245673340.0,0,0,0,0,0.0,0
5399,2024-05-21 00:00,301497087.0,0,0,0,0,0.0,0
5400,2024-05-21 01:00,259806497.0,0,0,0,0,0.0,0
5401,2024-05-21 02:00,507768287.0,0,0,0,0,0.0,0
5402,2024-05-21 03:00,1034435888.0,0,0,0,0,0.0,0
5403,2024-05-21 04:00,646773471.0,0,0,0,0,0.0,0
5404,2024-05-21 05:00,628016812.0,0,0,0,0,0.0,0
5405,2024-05-21 06:00,700505491.0,0,0,0,0,0.0,0
5406,2024-05-21 07:00,581607076.0,0,0,0,0,0.0,0
5407,2024-05-21 08:00,719707107.0,0,0,0,0,0.0,0
5408,2024-05-21 09:00,979106384.0,0,0,0,0,0.0,0
5409,2024-05-21 10:00,749046487.0,0,0,0,0,0.0,0
5410,2024-05-21 11:00,530033226.0,0,0,0,0,0.0,0
5411,2024-05-21 12:00,1720719140.0,0,1,0,0,0.4166666666666667,0
5412,2024-05-21 13:00,3783246029.0,0,1,0,1,0.6041666666666667,0
5413,2024-05-21 14:00,3831668669.0,0,1,0,0,0.4166666666666667,0
5414,2024-05-21 15:00,3219791648.0,0,1,0,0,0.4166666666666667,0
5415,2024-05-21 16:00,3277708080.0,0,1,0,0,0.4166666666666667,0
5416,2024-05-21 17:00,3584633890.0,0,1,0,0,0.4166666666666667,0
5417,2024-05-21 18:00,3763107513.0,0,1,0,0,0.4166666666666667,0
5418,2024-05-21 19:00,3981934973.0,0,1,0,0,0.4166666666666667,0
5419,2024-05-21 20:00,3720493362.0,0,1,0,0,0.4166666666666667,0
5420,2024-05-21 21:00,3745190789.0,0,1,0,0,0.4166666666666667,0
5421,2024-05-21 22:00,3713842596.0,0,1,0,0,0.4166666666666667,0
5422,2024-05-21 23:00,3783649616.0,0,1,0,0,0.4166666666666667,0
5423,2024-05-22 00:00,3801896465.0,0,1,0,0,0.4166666666666667,0
5424,2024-05-22 01:00,3780907655.0,0,1,0,0,0.4166666666666667,0
5425,2024-05-22 02:00,3620283513.0,0,1,0,0,0.4166666666666667,0
5426,2024-05-22 03:00,3595474595.0,0,1,0,0,0.4166666666666667,0
5427,2024-05-22 04:00,3326524322.0,0,1,0,0,0.4166666666666667,0
5428,2024-05-22 05:00,3295734290.0,0,1,0,0,0.4166666666666667,0
5429,2024-05-22 06:00,3208748887.0,0,1,0,0,0.4166666666666667,0
5430,2024-05-22 07:00,3058918191.0,0,1,0,0,0.4166666666666667,0
5431,2024-05-22 08:00,2991322175.0,0,1,0,0,0.4166666666666667,0
5432,2024-05-22 09:00,2873930830.0,0,1,0,0,0.4166666666666667,0
5433,2024-05-22 10:00,2178778532.0,0,0,0,0,0.0,0
5434,2024-05-22 11:00,775861698.0,0,0,0,0,0.0,0
5435,2024-05-22 12:00,2111146407.0,0,0,0,0,0.0,0
5436,2024-05-22 13:00,2717187579.0,0,0,0,0,0.0,0
5437,2024-05-22 14:00,2970024686.0,0,1,0,0,0.4166666666666667,0
5438,2024-05-22 15:00,2231828778.0,0,0,0,0,0.0,0
5439,2024-05-22 16:00,3021653014.0,0,1,0,0,0.4166666666666667,0
5440,2024-05-22 17:00,3328488256.0,0,1,0,0,0.4166666666666667,0
5441,2024-05-22 18:00,3665098289.0,0,1,0,0,0.4166666666666667,0
5442,2024-05-22 19:00,3502791083.0,0,1,0,0,0.4166666666666667,0
5443,2024-05-22 20:00,3697070134.0,0,1,0,0,0.4166666666666667,0
5444,2024-05-22 21:00,3534491209.0,0,1,0,0,0.4166666666666667,0
5445,2024-05-22 22:00,3526869080.0,0,1,0,0,0.4166666666666667,0
5446,2024-05-22 23:00,3488273678.0,0,1,0,0,0.4166666666666667,0
5447,2024-05-23 00:00,3445821364.0,0,1,0,0,0.4166666666666667,0
5448,2024-05-23 01:00,3334057397.0,0,1,0,0,0.4166666666666667,0
5449,2024-05-23 02:00,3364341151.0,0,1,0,0,0.4166666666666667,0
5450,2024-05-23 03:00,3198164204.0,0,0,0,0,0.0,0
5451,2024-05-23 04:00,709371254.0,0,0,0,0,0.0,0
5452,2024-05-23 05:00,578894817.0,0,0,0,0,0.0,0
5453,2024-05-23 06:00,490109956.0,0,0,0,1,0.1875,0
5454,2024-05-23 07:00,902377871.0,0,0,0,0,0.0,0
5455,2024-05-23 08:00,1748219305.0,0,0,0,0,0.0,0
5456,2024-05-23 09:00,3200713208.0,0,0,0,0,0.0,0
5457,2024-05-23 10:00,3039036484.0,0,0,0,0,0.0,0
5458,2024-05-23 11:00,2949877767.0,0,0,0,0,0.0,0
5459,2024-05-23 12:00,3338914459.0,0,0,0,0,0.0,0
5460,2024-05-23 13:00,1347344511.0,0,0,0,0,0.0,0
5461,2024-05-23 14:00,2688819110.0,0,0,0,0,0.0,0
5462,2024-05-23 15:00,3557121182.0,0,1,0,0,0.4166666666666667,0
5463,2024-05-23 16:00,3627146041.0,0,1,0,0,0.4166666666666667,0
5464,2024-05-23 17:00,3709302567.0,0,1,0,0,0.4166666666666667,0
5465,2024-05-23 18:00,4220213292.0,0,1,0,0,0.4166666666666667,0
5466,2024-05-23 19:00,3719512975.0,0,1,0,0,0.4166666666666667,0
5467,2024-05-23 20:00,3456996639.0,0,0,0,0,0.0,0
5468,2024-05-23 21:00,3640101049.0,0,0,0,0,0.0,0
5469,2024-05-23 22:00,3565652590.0,0,0,0,0,0.0,0
5470,2024-05-23 23:00,3653241316.0,0,0,0,0,0.0,0
5471,2024-05-24 00:00,3441297481.0,0,0,0,0,0.0,0
5472,2024-05-24 01:00,3696636610.0,0,0,0,0,0.0,0
5473,2024-05-24 02:00,3435151682.0,0,0,0,0,0.0,0
5474,2024-05-24 03:00,3647673979.0,0,0,0,0,0.0,0
5475,2024-05-24 04:00,3400839942.0,0,0,0,0,0.0,0
5476,2024-05-24 05:00,3329629969.0,0,0,0,0,0.0,0
5477,2024-05-24 06:00,2940926826.0,0,0,0,0,0.0,0
5478,2024-05-24 07:00,2993985054.0,0,0,0,0,0.0,0
5479,2024-05-24 08:00,2811386653.0,0,0,0,0,0.0,0
5480,2024-05-24 09:00,3078661049.0,0,0,0,0,0.0,0
5481,2024-05-24 10:00,2812063846.0,0,0,0,0,0.0,0
5482,2024-05-24 11:00,2919643793.0,0,0,0,0,0.0,0
5483,2024-05-24 12:00,2975499519.0,0,0,0,0,0.0,0
5484,2024-05-24 13:00,1712800774.0,0,0,0,0,0.0,0
5485,2024-05-24 14:00,2581330127.0,0,0,0,0,0.0,0
5486,2024-05-24 15:00,3192433636.0,0,0,0,0,0.0,0
5487,2024-05-24 16:00,2847204503.0,0,0,0,0,0.0,0
5488,2024-05-24 17:00,2810016568.0,0,0,0,0,0.0,0
5489,2024-05-24 18:00,2826595641.0,0,0,1,0,0.3958333333333333,0
5490,2024-05-24 19:00,3106341090.0,0,0,0,0,0.0,0
5491,2024-05-24 20:00,2880273610.0,0,0,0,0,0.0,0
5492,2024-05-24 21:00,2741142224.0,0,0,0,0,0.0,0
5493,2024-05-24 22:00,2770015253.0,0,0,0,0,0.0,0
5494,2024-05-24 23:00,2767157530.0,0,0,0,0,0.0,0
5495,2024-05-25 00:00,2930853487.0,1,0,0,0,0.0,0
5496,2024-05-25 01:00,2818339479.0,1,0,0,0,0.0,0
5497,2024-05-25 02:00,2788743382.0,1,0,0,0,0.0,0
5498,2024-05-25 03:00,2724858724.0,1,0,0,0,0.0,0
5499,2024-05-25 04:00,803577936.0,1,1,0,0,0.4166666666666667,0
5500,2024-05-25 05:00,720636667.0,1,1,0,0,0.4166666666666667,0
5501,2024-05-25 06:00,2477628401.0,1,0,0,0,0.0,0
5502,2024-05-25 07:00,2605009663.0,1,0,0,0,0.0,0
5503,2024-05-25 08:00,2632548230.0,1,0,0,0,0.0,0
5504,2024-05-25 09:00,2728890178.0,1,0,0,0,0.0,0
5505,2024-05-25 10:00,3106461713.0,1,0,0,0,0.0,0
5506,2024-05-25 11:00,2811223483.0,1,0,0,0,0.0,0
5507,2024-05-25 12:00,2843305030.0,1,0,0,0,0.0,0
5508,2024-05-25 13:00,2685341308.0,1,0,0,0,0.0,0
5509,2024-05-25 14:00,2550990855.0,1,0,0,0,0.0,0
5510,2024-05-25 15:00,2439702002.0,1,0,0,0,0.0,0
5511,2024-05-25 16:00,2856106205.0,1,0,0,0,0.0,0
5512,2024-05-25 17:00,3010525616.0,1,0,0,0,0.0,0
5513,2024-05-25 18:00,2953120930.0,1,0,0,0,0.0,0
5514,2024-05-25 19:00,3139923827.0,1,0,0,0,0.0,0
5515,2024-05-25 20:00,3045692382.0,1,0,0,0,0.0,0
5516,2024-05-25 21:00,3072394422.0,1,0,0,0,0.0,0
5517,2024-05-25 22:00,3105896345.0,1,0,0,0,0.0,0
5518,2024-05-25 23:00,3132180380.0,1,0,0,0,0.0,0
5519,2024-05-26 00:00,3335637092.0,1,0,0,0,0.0,0
5520,2024-05-26 01:00,3176281825.0,1,0,0,0,0.0,0
5521,2024-05-26 02:00,3157053530.0,1,0,0,0,0.0,0
5522,2024-05-26 03:00,2883556769.0,1,0,0,0,0.0,0
5523,2024-05-26 04:00,2682497483.0,1,0,0,0,0.0,0
5524,2024-05-26 05:00,2589491411.0,1,0,0,0,0.0,0
5525,2024-05-26 06:00,2410132026.0,1,0,0,0,0.0,0
5526,2024-05-26 07:00,2348573657.0,1,0,0,0,0.0,0
5527,2024-05-26 08:00,2856290745.0,1,0,0,0,0.0,0
5528,2024-05-26 09:00,2915274504.0,1,0,0,0,0.0,0
5529,2024-05-26 10:00,3015019733.0,1,0,0,0,0.0,0
5530,2024-05-26 11:00,3275805996.0,1,0,0,0,0.0,0
5531,2024-05-26 12:00,3323094463.0,1,0,0,0,0.0,0
5532,2024-05-26 13:00,3399776319.0,1,0,0,0,0.0,0
5533,2024-05-26 14:00,3122154934.0,1,0,0,0,0.0,0
5534,2024-05-26 15:00,3743205732.0,1,0,0,0,0.0,0
5535,2024-05-26 16:00,4250894564.0,1,1,0,0,0.4166666666666667,0
5536,2024-05-26 17:00,5398913858.0,1,1,0,0,0.4166666666666667,0
5537,2024-05-26 18:00,4740992964.0,1,1,0,0,0.4166666666666667,0
5538,2024-05-26 19:00,5000395733.0,1,1,0,0,0.4166666666666667,0
5539,2024-05-26 20:00,3801512862.0,1,0,0,0,0.0,0
5540,2024-05-26 21:00,3878169243.0,1,0,0,0,0.0,0
5541,2024-05-26 22:00,3720869244.0,1,0,0,0,0.0,0
5542,2024-05-26 23:00,3631207629.0,1,0,0,0,0.0,0
5543,2024-05-27 00:00,3731339542.0,0,0,0,0,0.0,0
5544,2024-05-27 01:00,3812958767.0,0,0,0,0,0.0,0
5545,2024-05-27 02:00,3596754516.0,0,0,0,0,0.0,0
5546,2024-05-27 03:00,3309485185.0,0,0,0,0,0.0,0
5547,2024-05-27 04:00,3137312349.0,0,0,0,0,0.0,0
5548,2024-05-27 05:00,3112395512.0,0,0,0,0,0.0,0
5549,2024-05-27 06:00,3061105505.0,0,0,0,0,0.0,0
5550,2024-05-27 07:00,3020105572.0,0,0,0,0,0.0,0
5551,2024-05-27 08:00,3153982975.0,0,0,0,0,0.0,0
5552,2024-05-27 09:00,2984965055.0,0,0,0,0,0.0,0
5553,2024-05-27 10:00,2779995104.0,0,0,0,0,0.0,0
5554,2024-05-27 11:00,2685303950.0,0,0,0,0,0.0,0
5555,2024-05-27 12:00,2159074231.0,0,1,0,0,0.4166666666666667,0
5556,2024-05-27 13:00,2701658065.0,0,0,0,0,0.0,0
5557,2024-05-27 14:00,2504326767.0,0,0,0,0,0.0,0
5558,2024-05-27 15:00,2950195312.0,0,0,0,0,0.0,0
5559,2024-05-27 16:00,2890108440.0,0,0,0,0,0.0,0
5560,2024-05-27 17:00,3357275497.0,0,0,0,0,0.0,0
5561,2024-05-27 18:00,3139349316.0,0,0,0,0,0.0,0
5562,2024-05-27 19:00,3241740961.0,0,0,0,0,0.0,0
5563,2024-05-27 20:00,3376145052.0,0,0,0,0,0.0,0
5564,2024-05-27 21:00,3693028225.0,0,0,0,0,0.0,0
5565,2024-05-27 22:00,3435493268.0,0,0,0,0,0.0,0
5566,2024-05-27 23:00,3183632387.0,0,0,0,0,0.0,0
5567,2024-05-28 00:00,3219504365.0,0,0,0,0,0.0,0
5568,2024-05-28 01:00,3199096885.0,0,0,0,0,0.0,0
5569,2024-05-28 02:00,3129549976.0,0,0,0,0,0.0,0
5570,2024-05-28 03:00,3150657499.0,0,0,0,0,0.0,0
5571,2024-05-28 04:00,2659884621.0,0,0,0,0,0.0,0
5572,2024-05-28 05:00,2482553897.0,0,0,0,0,0.0,0
5573,2024-05-28 06:00,2527314210.0,0,0,0,0,0.0,0
5574,2024-05-28 07:00,2370732795.0,0,0,0,0,0.0,0
5575,2024-05-28 08:00,2475820001.0,0,0,0,0,0.0,0
5576,2024-05-28 09:00,2522982898.0,0,0,0,0,0.0,0
5577,2024-05-28 10:00,2603617106.0,0,0,0,0,0.0,0
5578,2024-05-28 11:00,2522989096.0,0,0,0,0,0.0,0
5579,2024-05-28 12:00,2638236294.0,0,0,0,0,0.0,0
5580,2024-05-28 13:00,2711714651.0,0,0,0,0,0.0,0
5581,2024-05-28 14:00,2861818857.0,0,0,0,0,0.0,0
5582,2024-05-28 15:00,3141824703.0,0,0,0,0,0.0,0
5583,2024-05-28 16:00,3213755811.0,0,0,0,0,0.0,0
5584,2024-05-28 17:00,3066710752.0,0,0,0,0,0.0,0
5585,2024-05-28 18:00,3188310857.0,0,0,0,0,0.0,0
5586,2024-05-28 19:00,3540023594.0,0,0,0,0,0.0,0
5587,2024-05-28 20:00,3476559056.0,0,0,0,0,0.0,0
5588,2024-05-28 21:00,3743595567.0,0,0,0,0,0.0,0
5589,2024-05-28 22:00,3557146642.0,0,0,0,0,0.0,0
5590,2024-05-28 23:00,3312521208.0,0,0,0,0,0.0,0
5591,2024-05-29 00:00,3321420524.0,0,0,0,0,0.0,0
5592,2024-05-29 01:00,3074443741.0,0,0,0,0,0.0,0
5593,2024-05-29 02:00,2891375717.0,0,0,0,0,0.0,0
5594,2024-05-29 03:00,3036924586.0,0,0,0,0,0.0,0
5595,2024-05-29 04:00,2780567703.0,0,0,0,0,0.0,0
5596,2024-05-29 05:00,2866926704.0,0,0,0,0,0.0,0
5597,2024-05-29 06:00,2602687598.0,0,0,0,0,0.0,0
5598,2024-05-29 07:00,2956412598.0,0,0,0,0,0.0,0
5599,2024-05-29 08:00,3376417782.0,0,0,0,0,0.0,0
5600,2024-05-29 09:00,3082327676.0,0,0,0,0,0.0,0
5601,2024-05-29 10:00,3061132939.0,0,0,0,0,0.0,0
5602,2024-05-29 11:00,3142305334.0,0,0,0,0,0.0,0
5603,2024-05-29 12:00,2799092137.0,0,0,0,0,0.0,0
5604,2024-05-29 13:00,2979101154.0,0,0,0,0,0.0,0
5605,2024-05-29 14:00,2641121552.0,0,0,0,0,0.0,0
5606,2024-05-29 15:00,2735677593.0,0,0,0,0,0.0,0
5607,2024-05-29 16:00,2845228642.0,0,0,0,0,0.0,0
5608,2024-05-29 17:00,3060200732.0,0,0,0,0,0.0,0
5609,2024-05-29 18:00,2925588798.0,0,0,0,0,0.0,0
5610,2024-05-29 19:00,2953689415.0,0,0,0,0,0.0,0
5611,2024-05-29 20:00,3034584826.0,0,0,0,0,0.0,0
5612,2024-05-29 21:00,3322907522.0,0,0,0,0,0.0,0
5613,2024-05-29 22:00,3156132304.0,0,0,0,0,0.0,0
5614,2024-05-29 23:00,3208585863.0,0,0,0,0,0.0,0
5615,2024-05-30 00:00,2729122834.0,0,0,0,0,0.0,0
5616,2024-05-30 01:00,3190659795.0,0,0,0,0,0.0,0
5617,2024-05-30 02:00,3219591243.0,0,0,0,0,0.0,0
5618,2024-05-30 03:00,3241755858.0,0,0,0,0,0.0,0
5619,2024-05-30 04:00,2983249495.0,0,0,0,0,0.0,0
5620,2024-05-30 05:00,2787818666.0,0,0,0,0,0.0,0
5621,2024-05-30 06:00,2798491013.0,0,0,0,0,0.0,0
5622,2024-05-30 07:00,3011941811.0,0,0,0,0,0.0,0
5623,2024-05-30 08:00,2849582412.0,0,0,0,0,0.0,0
5624,2024-05-30 09:00,2828113549.0,0,0,0,0,0.0,0
5625,2024-05-30 10:00,2723173975.0,0,0,0,0,0.0,0
5626,2024-05-30 11:00,2831957494.0,0,0,0,0,0.0,0
5627,2024-05-30 12:00,3186883280.0,0,0,0,0,0.0,0
5628,2024-05-30 13:00,2670653187.0,0,0,0,0,0.0,0
5629,2024-05-30 14:00,2748771479.0,0,0,0,0,0.0,0
5630,2024-05-30 15:00,2632286942.0,0,0,0,0,0.0,0
5631,2024-05-30 16:00,2582047840.0,0,0,0,0,0.0,0
5632,2024-05-30 17:00,2635688852.0,0,0,0,0,0.0,0
5633,2024-05-30 18:00,3134911540.0,0,0,1,0,0.3958333333333333,0
5634,2024-05-30 19:00,3006950998.0,0,0,0,0,0.0,0
5635,2024-05-30 20:00,2894292235.0,0,0,0,0,0.0,0
5636,2024-05-30 21:00,2969580560.0,0,0,0,0,0.0,0
5637,2024-05-30 22:00,2862316491.0,0,0,0,0,0.0,0
5638,2024-05-30 23:00,2835872510.0,0,0,0,0,0.0,0
5639,2024-05-31 00:00,2965504203.0,0,0,0,0,0.0,0
5640,2024-05-31 01:00,2813584682.0,0,0,0,0,0.0,0
5641,2024-05-31 02:00,2980609114.0,0,0,0,0,0.0,0
5642,2024-05-31 03:00,2981149034.0,0,0,0,0,0.0,0
5643,2024-05-31 04:00,2772643624.0,0,0,0,0,0.0,0
5644,2024-05-31 05:00,2848583822.0,0,0,0,1,0.1875,0
5645,2024-05-31 06:00,2700709811.0,0,0,0,0,0.0,0
5646,2024-05-31 07:00,2710928912.0,0,0,0,0,0.0,0
5647,2024-05-31 08:00,2744660802.0,0,0,0,0,0.0,0
5648,2024-05-31 09:00,2954704579.0,0,0,0,0,0.0,0
5649,2024-05-31 10:00,3361179963.0,0,1,0,0,0.4166666666666667,0
5650,2024-05-31 11:00,2869152886.0,0,0,0,0,0.0,0
5651,2024-05-31 12:00,2549971263.0,0,1,0,0,0.4166666666666667,0
5652,2024-05-31 13:00,2786711073.0,0,0,0,0,0.0,0
5653,2024-05-31 14:00,2876860493.0,0,0,0,0,0.0,0
5654,2024-05-31 15:00,2799885309.0,0,0,0,0,0.0,0
5655,2024-05-31 16:00,2931556704.0,0,0,0,0,0.0,0
5656,2024-05-31 17:00,3533656664.0,0,1,0,0,0.4166666666666667,0
5657,2024-05-31 18:00,3422401384.0,0,1,0,0,0.4166666666666667,0
5658,2024-05-31 19:00,3300889722.0,0,0,0,0,0.0,0
5659,2024-05-31 20:00,3491711994.0,0,1,0,0,0.4166666666666667,0
5660,2024-05-31 21:00,3718687074.0,0,1,0,0,0.4166666666666667,0
5661,2024-05-31 22:00,3513757254.0,0,1,0,0,0.4166666666666667,0
5662,2024-05-31 23:00,3530793446.0,0,1,0,0,0.4166666666666667,0
5663,2024-06-01 00:00,3504009780.0,1,1,0,0,0.4166666666666667,0
5664,2024-06-01 01:00,3514112732.0,1,1,0,0,0.4166666666666667,0
5665,2024-06-01 02:00,3362922792.0,1,0,0,0,0.0,0
5666,2024-06-01 03:00,3161146883.0,1,0,0,0,0.0,0
5667,2024-06-01 04:00,3254119011.0,1,0,0,0,0.0,0
5668,2024-06-01 05:00,3221167475.0,1,0,0,0,0.0,0
5669,2024-06-01 06:00,3113201278.0,1,0,0,0,0.0,0
5670,2024-06-01 07:00,2982518587.0,1,0,0,0,0.0,0
5671,2024-06-01 08:00,2753769219.0,1,0,0,0,0.0,0
5672,2024-06-01 09:00,2819290707.0,1,0,0,0,0.0,0
5673,2024-06-01 10:00,2700126784.0,1,0,0,0,0.0,0
5674,2024-06-01 11:00,2724306429.0,1,0,0,0,0.0,0
5675,2024-06-01 12:00,2850454918.0,1,0,0,0,0.0,0
5676,2024-06-01 13:00,2751444736.0,1,0,0,0,0.0,0
5677,2024-06-01 14:00,2862180416.0,1,0,0,0,0.0,0
5678,2024-06-01 15:00,2946470850.0,1,0,0,0,0.0,0
5679,2024-06-01 16:00,3171425818.0,1,0,0,0,0.0,0
5680,2024-06-01 17:00,2954708564.0,1,0,0,0,0.0,0
5681,2024-06-01 18:00,3473091410.0,1,1,0,0,0.4166666666666667,0
5682,2024-06-01 19:00,3396940631.0,1,0,0,0,0.0,0
5683,2024-06-01 20:00,3403782286.0,1,1,0,0,0.4166666666666667,0
5684,2024-06-01 21:00,3206452854.0,1,0,0,0,0.0,0
5685,2024-06-01 22:00,2985544785.0,1,0,0,0,0.0,0
5686,2024-06-01 23:00,3035791895.0,1,0,0,0,0.0,0
5687,2024-06-02 00:00,3102491367.0,1,0,0,0,0.0,0
5688,2024-06-02 01:00,2909933405.0,1,0,0,0,0.0,0
5689,2024-06-02 02:00,2846189825.0,1,0,0,0,0.0,0
5690,2024-06-02 03:00,2705236379.0,1,1,0,0,0.4166666666666667,0
5691,2024-06-02 04:00,2526986052.0,1,1,0,0,0.4166666666666667,0
5692,2024-06-02 05:00,2584427713.0,1,1,0,0,0.4166666666666667,0
5693,2024-06-02 06:00,2537934654.0,1,1,0,0,0.4166666666666667,0
5694,2024-06-02 07:00,2873242193.0,1,0,0,0,0.0,0
5695,2024-06-02 08:00,2822973041.0,1,0,0,0,0.0,0
5696,2024-06-02 09:00,3187626559.0,1,0,0,0,0.0,0
5697,2024-06-02 10:00,2590845146.0,1,1,0,0,0.4166666666666667,0
5698,2024-06-02 11:00,2689205792.0,1,1,0,0,0.4166666666666667,0
5699,2024-06-02 12:00,2774737992.0,1,0,0,0,0.0,0
5700,2024-06-02 13:00,2589098065.0,1,1,0,0,0.4166666666666667,0
5701,2024-06-02 14:00,2617668258.0,1,1,0,0,0.4166666666666667,0
5702,2024-06-02 15:00,2967532424.0,1,0,0,0,0.0,0
5703,2024-06-02 16:00,2095360430.0,1,1,0,0,0.4166666666666667,0
5704,2024-06-02 17:00,2233105001.0,1,1,0,0,0.4166666666666667,0
5705,2024-06-02 18:00,3149278774.0,1,0,0,0,0.0,0
5706,2024-06-02 19:00,3075265804.0,1,0,0,0,0.0,0
5707,2024-06-02 20:00,3113465169.0,1,0,0,0,0.0,0
5708,2024-06-02 21:00,3329198807.0,1,0,0,0,0.0,0
5709,2024-06-02 22:00,3303763317.0,1,0,0,0,0.0,0
5710,2024-06-02 23:00,3203584341.0,1,0,0,0,0.0,0
5711,2024-06-03 00:00,3344477291.0,0,0,0,0,0.0,0
5712,2024-06-03 01:00,3285001854.0,0,0,0,0,0.0,0
5713,2024-06-03 02:00,3143086696.0,0,0,0,0,0.0,0
5714,2024-06-03 03:00,3076332014.0,0,0,0,0,0.0,0
5715,2024-06-03 04:00,2853432102.0,0,0,0,0,0.0,0
5716,2024-06-03 05:00,2910119777.0,0,0,0,0,0.0,0
5717,2024-06-03 06:00,2560946327.0,0,1,0,0,0.4166666666666667,0
5718,2024-06-03 07:00,2695236470.0,0,0,0,0,0.0,0
5719,2024-06-03 08:00,2561086107.0,0,1,0,0,0.4166666666666667,0
5720,2024-06-03 09:00,2611416108.0,0,1,0,0,0.4166666666666667,0
5721,2024-06-03 10:00,3125308396.0,0,0,0,0,0.0,0
5722,2024-06-03 11:00,2503582659.0,0,1,0,0,0.4166666666666667,0
5723,2024-06-03 12:00,3140561374.0,0,0,0,0,0.0,0
5724,2024-06-03 13:00,2832334927.0,0,0,0,0,0.0,0
5725,2024-06-03 14:00,2805964266.0,0,0,0,0,0.0,0
5726,2024-06-03 15:00,2794271842.0,0,0,0,0,0.0,0
5727,2024-06-03 16:00,2830226487.0,0,0,0,0,0.0,0
5728,2024-06-03 17:00,3038233353.0,0,0,0,0,0.0,0
5729,2024-06-03 18:00,3247238849.0,0,0,0,0,0.0,0
5730,2024-06-03 19:00,3121446504.0,0,0,0,0,0.0,0
5731,2024-06-03 20:00,2925655897.0,0,0,0,0,0.0,0
5732,2024-06-03 21:00,3029110954.0,0,0,0,0,0.0,0
5733,2024-06-03 22:00,2913717749.0,0,0,0,0,0.0,0
5734,2024-06-03 23:00,3108085587.0,0,0,0,0,0.0,0
5735,2024-06-04 00:00,3075999163.0,0,0,0,0,0.0,0
5736,2024-06-04 01:00,3096678232.0,0,0,0,0,0.0,0
5737,2024-06-04 02:00,2987053588.0,0,0,0,0,0.0,0
5738,2024-06-04 03:00,2914566892.0,0,0,0,0,0.0,0
5739,2024-06-04 04:00,2849849083.0,0,0,0,0,0.0,0
5740,2024-06-04 05:00,2543872790.0,0,1,0,0,0.4166666666666667,0
5741,2024-06-04 06:00,2611124782.0,0,1,0,0,0.4166666666666667,0
5742,2024-06-04 07:00,2750306346.0,0,0,0,0,0.0,0
5743,2024-06-04 08:00,1184122345.0,0,1,0,0,0.4166666666666667,0
5744,2024-06-04 09:00,557630798.0,0,1,0,1,0.6041666666666667,0
5745,2024-06-04 10:00,921162015.0,0,1,0,0,0.4166666666666667,0
5746,2024-06-04 11:00,240426329.0,0,1,0,0,0.4166666666666667,0
5747,2024-06-04 12:00,181755805.0,0,1,0,0,0.4166666666666667,0
5748,2024-06-04 13:00,242099574.0,0,1,0,0,0.4166666666666667,0
5749,2024-06-04 14:00,136277410.0,0,1,0,0,0.4166666666666667,0
5750,2024-06-04 15:00,55409103.0,0,1,0,0,0.4166666666666667,0
5751,2024-06-04 16:00,90733092.0,0,1,0,0,0.4166666666666667,0
5752,2024-06-04 17:00,367842512.0,0,1,0,0,0.4166666666666667,0
5753,2024-06-04 18:00,99846665.0,0,1,0,0,0.4166666666666667,0
5754,2024-06-04 19:00,294593481.0,0,1,0,0,0.4166666666666667,0
5755,2024-06-04 20:00,300386139.0,0,1,0,0,0.4166666666666667,0
5756,2024-06-04 21:00,232188853.0,0,1,0,0,0.4166666666666667,0
5757,2024-06-04 22:00,89131661.0,0,1,0,0,0.4166666666666667,0
5758,2024-06-04 23:00,43159194.0,0,1,0,1,0.6041666666666667,0
5759,2024-06-05 00:00,77365045.0,0,1,0,0,0.4166666666666667,0
5760,2024-06-05 01:00,97763117.0,0,1,0,0,0.4166666666666667,0
5761,2024-06-05 02:00,365424129.0,0,1,0,0,0.4166666666666667,0
5762,2024-06-05 03:00,585727117.0,0,1,0,0,0.4166666666666667,0
5763,2024-06-05 04:00,338050256.0,0,1,0,0,0.4166666666666667,0
5764,2024-06-05 05:00,258927934.0,0,1,0,0,0.4166666666666667,0
5765,2024-06-05 06:00,4102313972.0,0,1,0,1,0.6041666666666667,0
5766,2024-06-05 07:00,570435314.0,0,1,0,0,0.4166666666666667,0
5767,2024-06-05 08:00,584816568.0,0,1,0,0,0.4166666666666667,0
5768,2024-06-05 09:00,610902086.0,0,1,0,0,0.4166666666666667,0
5769,2024-06-05 10:00,1344029949.0,0,1,0,0,0.4166666666666667,0
5770,2024-06-05 11:00,249446602.0,0,1,0,0,0.4166666666666667,0
5771,2024-06-05 12:00,512016168.0,0,1,0,0,0.4166666666666667,0
5772,2024-06-05 13:00,236705624.0,0,1,0,0,0.4166666666666667,0
5773,2024-06-05 14:00,394276760.0,0,1,0,0,0.4166666666666667,0
5774,2024-06-05 15:00,240192271.0,0,1,0,0,0.4166666666666667,0
5775,2024-06-05 16:00,291842064.0,0,1,0,0,0.4166666666666667,0
5776,2024-06-05 17:00,185327321.0,0,1,0,1,0.6041666666666667,0
5777,2024-06-05 18:00,756123981.0,0,1,0,0,0.4166666666666667,0
5778,2024-06-05 19:00,405371750.0,0,1,0,0,0.4166666666666667,0
5779,2024-06-05 20:00,242248480.0,0,1,0,0,0.4166666666666667,0
5780,2024-06-05 21:00,128638664.0,0,0,0,0,0.0,0
5781,2024-06-05 22:00,319068915.0,0,1,0,0,0.4166666666666667,0
5782,2024-06-05 23:00,67573329.0,0,0,0,1,0.1875,0
5783,2024-06-06 00:00,59258728.0,0,0,0,0,0.0,0
5784,2024-06-06 01:00,74830650.0,0,0,0,0,0.0,0
5785,2024-06-06 02:00,315183630.0,0,1,0,0,0.4166666666666667,0
5786,2024-06-06 03:00,711153695.0,0,1,0,0,0.4166666666666667,0
5787,2024-06-06 04:00,337095111.0,0,0,0,1,0.1875,0
5788,2024-06-06 05:00,395429947.0,0,1,0,0,0.4166666666666667,0
5789,2024-06-06 06:00,242775987.0,0,0,0,0,0.0,0
5790,2024-06-06 07:00,377711123.0,0,0,0,0,0.0,0
5791,2024-06-06 08:00,378125993.0,0,0,0,0,0.0,0
5792,2024-06-06 09:00,304455274.0,0,0,0,0,0.0,0
5793,2024-06-06 10:00,364313628.0,0,0,0,0,0.0,0
5794,2024-06-06 11:00,177090175.0,0,0,0,0,0.0,0
5795,2024-06-06 12:00,645968342.0,0,1,0,0,0.4166666666666667,0
5796,2024-06-06 13:00,404555723.0,0,0,0,0,0.0,0
5797,2024-06-06 14:00,366439952.0,0,0,0,0,0.0,0
5798,2024-06-06 15:00,348879896.0,0,0,0,0,0.0,0
5799,2024-06-06 16:00,258718203.0,0,0,0,0,0.0,0
5800,2024-06-06 17:00,131854734.0,0,0,0,0,0.0,0
5801,2024-06-06 18:00,180189488.0,0,0,0,0,0.0,0
5802,2024-06-06 19:00,221911658.0,0,0,0,0,0.0,0
5803,2024-06-06 20:00,159049784.0,0,0,0,0,0.0,0
5804,2024-06-06 21:00,91718879.0,0,0,0,0,0.0,0
5805,2024-06-06 22:00,40012444.0,0,0,0,0,0.0,0
5806,2024-06-06 23:00,29168710.0,0,0,0,0,0.0,0
5807,2024-06-07 00:00,61468891.0,0,0,0,0,0.0,0
5808,2024-06-07 01:00,98908842.0,0,0,0,0,0.0,0
5809,2024-06-07 02:00,212681529.0,0,0,0,0,0.0,0
5810,2024-06-07 03:00,411241369.0,0,0,0,0,0.0,0
5811,2024-06-07 04:00,358084441.0,0,0,0,0,0.0,0
5812,2024-06-07 05:00,264135369.0,0,0,0,0,0.0,0
5813,2024-06-07 06:00,237066221.0,0,0,0,0,0.0,0
5814,2024-06-07 07:00,386585538.0,0,0,0,0,0.0,0
5815,2024-06-07 08:00,422606598.0,0,0,0,0,0.0,0
5816,2024-06-07 09:00,444717972.0,0,0,0,0,0.0,0
5817,2024-06-07 10:00,465116873.0,0,0,0,0,0.0,0
5818,2024-06-07 11:00,318016295.0,0,0,0,0,0.0,0
5819,2024-06-07 12:00,93582502.0,0,0,0,0,0.0,0
5820,2024-06-07 13:00,144913296.0,0,0,0,0,0.0,0
5821,2024-06-07 14:00,708804807.0,0,0,0,0,0.0,0
5822,2024-06-07 15:00,69752715.0,0,0,0,0,0.0,0
5823,2024-06-07 16:00,827531868.0,0,0,0,0,0.0,0
5824,2024-06-07 17:00,336202174.0,0,0,0,0,0.0,0
5825,2024-06-07 18:00,392926080.0,0,0,0,0,0.0,0
5826,2024-06-07 19:00,207418630.0,0,0,0,0,0.0,0
5827,2024-06-07 20:00,302468277.0,0,0,0,0,0.0,0
5828,2024-06-07 21:00,214876132.0,0,0,0,0,0.0,0
5829,2024-06-07 22:00,138098161.0,0,0,0,0,0.0,0
5830,2024-06-07 23:00,85553142.0,0,0,0,0,0.0,0
5831,2024-06-08 00:00,213643064.0,1,0,0,0,0.0,0
5832,2024-06-08 01:00,83137294.0,1,0,0,0,0.0,0
5833,2024-06-08 02:00,122494517.0,1,0,0,0,0.0,0
5834,2024-06-08 03:00,190031385.0,1,0,0,0,0.0,0
5835,2024-06-08 04:00,292884879.0,1,0,0,0,0.0,0
5836,2024-06-08 05:00,484766770.0,1,0,0,0,0.0,0
5837,2024-06-08 06:00,507443927.0,1,0,0,0,0.0,0
5838,2024-06-08 07:00,232972328.0,1,0,0,0,0.0,0
5839,2024-06-08 08:00,439572683.0,1,0,0,0,0.0,0
5840,2024-06-08 09:00,547097194.0,1,0,0,0,0.0,0
5841,2024-06-08 10:00,470370446.0,1,0,0,0,0.0,0
5842,2024-06-08 11:00,1259617588.0,1,0,0,0,0.0,0
5843,2024-06-08 12:00,729952361.0,1,1,0,0,0.4166666666666667,0
5844,2024-06-08 13:00,243141601.0,1,0,0,0,0.0,0
5845,2024-06-08 14:00,99483159.0,1,0,0,0,0.0,0
5846,2024-06-08 15:00,97181187.0,1,0,0,0,0.0,0
5847,2024-06-08 16:00,148777416.0,1,0,0,0,0.0,0
5848,2024-06-08 17:00,315107504.0,1,0,0,0,0.0,0
5849,2024-06-08 18:00,482832803.0,1,0,0,0,0.0,0
5850,2024-06-08 19:00,462146528.0,1,0,0,0,0.0,0
5851,2024-06-08 20:00,308002256.0,1,0,0,0,0.0,0
5852,2024-06-08 21:00,67153049.0,1,0,0,0,0.0,0
5853,2024-06-08 22:00,110903782.0,1,0,0,0,0.0,0
5854,2024-06-08 23:00,84740889.0,1,0,0,0,0.0,0
5855,2024-06-09 00:00,50833170.0,1,0,0,0,0.0,0
5856,2024-06-09 01:00,50840613.0,1,0,0,0,0.0,0
5857,2024-06-09 02:00,161263212.0,1,0,0,0,0.0,0
5858,2024-06-09 03:00,102805875.0,1,0,0,0,0.0,0
5859,2024-06-09 04:00,176971531.0,1,0,0,0,0.0,0
5860,2024-06-09 05:00,141360810.0,1,0,0,0,0.0,0
5861,2024-06-09 06:00,448865809.0,1,0,0,0,0.0,0
5862,2024-06-09 07:00,318902239.0,1,0,0,0,0.0,0
5863,2024-06-09 08:00,450378320.0,1,0,0,0,0.0,0
5864,2024-06-09 09:00,552727662.0,1,0,0,0,0.0,0
5865,2024-06-09 10:00,341890070.0,1,0,0,0,0.0,0
5866,2024-06-09 11:00,446805050.0,1,0,0,0,0.0,0
5867,2024-06-09 12:00,626963021.0,1,1,0,0,0.4166666666666667,0
5868,2024-06-09 13:00,490788520.0,1,1,0,0,0.4166666666666667,0
5869,2024-06-09 14:00,180381936.0,1,0,0,0,0.0,0
5870,2024-06-09 15:00,88557701.0,1,0,0,0,0.0,0
5871,2024-06-09 16:00,107972642.0,1,0,0,0,0.0,0
5872,2024-06-09 17:00,189682377.0,1,0,0,0,0.0,0
5873,2024-06-09 18:00,468113094.0,1,0,0,0,0.0,0
5874,2024-06-09 19:00,921496642.0,1,0,0,0,0.0,0
5875,2024-06-09 20:00,754461774.0,1,1,0,0,0.4166666666666667,0
5876,2024-06-09 21:00,489737766.0,1,0,0,0,0.0,0
5877,2024-06-09 22:00,48201818.0,1,1,0,0,0.4166666666666667,0
5878,2024-06-09 23:00,101158039.0,1,0,0,0,0.0,0
5879,2024-06-10 00:00,47503457.0,0,1,0,0,0.4166666666666667,0
5880,2024-06-10 01:00,137174775.0,0,0,0,0,0.0,0
5881,2024-06-10 02:00,440262568.0,0,0,0,0,0.0,0
5882,2024-06-10 03:00,1166293961.0,0,0,0,0,0.0,0
5883,2024-06-10 04:00,522323484.0,0,1,0,0,0.4166666666666667,0
5884,2024-06-10 05:00,827807208.0,0,1,0,0,0.4166666666666667,0
5885,2024-06-10 06:00,770189409.0,0,1,0,0,0.4166666666666667,0
5886,2024-06-10 07:00,809073878.0,0,1,0,0,0.4166666666666667,0
5887,2024-06-10 08:00,593899734.0,0,1,0,0,0.4166666666666667,0
5888,2024-06-10 09:00,891383641.0,0,0,0,0,0.0,0
5889,2024-06-10 10:00,534896616.0,0,1,0,0,0.4166666666666667,0
5890,2024-06-10 11:00,461260532.0,0,0,0,0,0.0,0
5891,2024-06-10 12:00,225748320.0,0,0,0,1,0.1875,0
5892,2024-06-10 13:00,300555717.0,0,0,0,0,0.0,0
5893,2024-06-10 14:00,261586776.0,0,0,0,0,0.0,0
5894,2024-06-10 15:00,167203662.0,0,0,0,0,0.0,0
5895,2024-06-10 16:00,512222158.0,0,1,0,0,0.4166666666666667,0
5896,2024-06-10 17:00,327641152.0,0,0,0,0,0.0,0
5897,2024-06-10 18:00,477210296.0,0,0,0,0,0.0,0
5898,2024-06-10 19:00,651054772.0,0,1,0,0,0.4166666666666667,0
5899,2024-06-10 20:00,314803764.0,0,0,0,0,0.0,0
5900,2024-06-10 21:00,227486755.0,0,0,0,0,0.0,0
5901,2024-06-10 22:00,121727255.0,0,0,0,0,0.0,0
5902,2024-06-10 23:00,426081382.0,0,0,0,0,0.0,0
5903,2024-06-11 00:00,75403927.0,0,1,0,0,0.4166666666666667,0
5904,2024-06-11 01:00,137504890.0,0,0,0,0,0.0,0
5905,2024-06-11 02:00,312615815.0,0,0,0,0,0.0,0
5906,2024-06-11 03:00,796599814.0,0,1,0,0,0.4166666666666667,0
5907,2024-06-11 04:00,492193821.0,0,0,0,0,0.0,0
5908,2024-06-11 05:00,639327601.0,0,1,0,0,0.4166666666666667,0
5909,2024-06-11 06:00,781441269.0,0,1,0,0,0.4166666666666667,0
5910,2024-06-11 07:00,677610056.0,0,1,0,0,0.4166666666666667,0
5911,2024-06-11 08:00,608005508.0,0,1,0,0,0.4166666666666667,0
5912,2024-06-11 09:00,790088362.0,0,1,0,0,0.4166666666666667,0
5913,2024-06-11 10:00,723331310.0,0,1,0,0,0.4166666666666667,0
5914,2024-06-11 11:00,1218224173.0,0,0,0,0,0.0,0
5915,2024-06-11 12:00,333433367.0,0,0,0,0,0.0,0
5916,2024-06-11 13:00,198548740.0,0,0,0,0,0.0,0
5917,2024-06-11 14:00,255767062.0,0,0,0,0,0.0,0
5918,2024-06-11 15:00,436594152.0,0,0,0,0,0.0,0
5919,2024-06-11 16:00,310037390.0,0,0,0,0,0.0,0
5920,2024-06-11 17:00,501267275.0,0,0,0,0,0.0,0
5921,2024-06-11 18:00,221972665.0,0,0,0,0,0.0,0
5922,2024-06-11 19:00,131902991.0,0,0,0,0,0.0,0
5923,2024-06-11 20:00,105301914.0,0,0,0,0,0.0,0
5924,2024-06-11 21:00,51658733.0,0,1,0,0,0.4166666666666667,0
5925,2024-06-11 22:00,57723873.0,0,1,0,0,0.4166666666666667,0
5926,2024-06-11 23:00,78817907.0,0,1,0,0,0.4166666666666667,0
5927,2024-06-12 00:00,67674688.0,0,1,0,0,0.4166666666666667,0
5928,2024-06-12 01:00,169400442.0,0,0,0,0,0.0,0
5929,2024-06-12 02:00,452388405.0,0,0,0,0,0.0,0
5930,2024-06-12 03:00,880043029.0,0,0,0,0,0.0,0
5931,2024-06-12 04:00,475368694.0,0,0,0,0,0.0,0
5932,2024-06-12 05:00,468977912.0,0,0,0,0,0.0,0
5933,2024-06-12 06:00,365734398.0,0,0,0,0,0.0,0
5934,2024-06-12 07:00,291666880.0,0,0,0,0,0.0,0
5935,2024-06-12 08:00,448394704.0,0,0,0,0,0.0,0
5936,2024-06-12 09:00,705772072.0,0,1,0,0,0.4166666666666667,0
5937,2024-06-12 10:00,368381655.0,0,0,0,0,0.0,0
5938,2024-06-12 11:00,342358179.0,0,0,0,0,0.0,0
5939,2024-06-12 12:00,402977732.0,0,0,0,0,0.0,0
5940,2024-06-12 13:00,398569118.0,0,0,0,0,0.0,0
5941,2024-06-12 14:00,363911419.0,0,0,0,0,0.0,0
5942,2024-06-12 15:00,236270435.0,0,0,0,0,0.0,0
5943,2024-06-12 16:00,242969120.0,0,0,0,0,0.0,0
5944,2024-06-12 17:00,446048851.0,0,0,0,0,0.0,0
5945,2024-06-12 18:00,219785308.0,0,0,0,0,0.0,0
5946,2024-06-12 19:00,213789555.0,0,0,0,0,0.0,0
5947,2024-06-12 20:00,191054650.0,0,0,0,0,0.0,0
5948,2024-06-12 21:00,80854072.0,0,1,0,0,0.4166666666666667,0
5949,2024-06-12 22:00,73570666.0,0,1,0,0,0.4166666666666667,0
5950,2024-06-12 23:00,130345605.0,0,0,0,0,0.0,0
5951,2024-06-13 00:00,95077715.0,0,1,0,0,0.4166666666666667,0
5952,2024-06-13 01:00,141165690.0,0,0,0,0,0.0,0
5953,2024-06-13 02:00,356697422.0,0,0,0,1,0.1875,0
5954,2024-06-13 03:00,1739126296.0,0,1,0,1,0.6041666666666667,0
5955,2024-06-13 04:00,336027514.0,0,0,0,0,0.0,0
5956,2024-06-13 05:00,1526251297.0,0,1,0,1,0.6041666666666667,0
5957,2024-06-13 06:00,587035105.0,0,1,0,0,0.4166666666666667,0
5958,2024-06-13 07:00,427196600.0,0,0,0,0,0.0,0
5959,2024-06-13 08:00,348119105.0,0,0,0,0,0.0,0
5960,2024-06-13 09:00,383136696.0,0,0,0,0,0.0,0
5961,2024-06-13 10:00,327599972.0,0,0,0,0,0.0,0
5962,2024-06-13 11:00,277165692.0,0,0,0,0,0.0,0
5963,2024-06-13 12:00,398319578.0,0,0,0,0,0.0,0
5964,2024-06-13 13:00,132892240.0,0,0,0,0,0.0,0
5965,2024-06-13 14:00,395943017.0,0,0,0,0,0.0,0
5966,2024-06-13 15:00,135816501.0,0,0,0,0,0.0,0
5967,2024-06-13 16:00,325333010.0,0,0,0,0,0.0,0
5968,2024-06-13 17:00,2371181957.0,0,1,0,1,0.6041666666666667,0
5969,2024-06-13 18:00,578812961.0,0,0,0,0,0.0,0
5970,2024-06-13 19:00,451897359.0,0,0,0,0,0.0,0
5971,2024-06-13 20:00,463015020.0,0,0,0,0,0.0,0
5972,2024-06-13 21:00,259588446.0,0,0,0,0,0.0,0
5973,2024-06-13 22:00,377724952.0,0,0,0,0,0.0,0
5974,2024-06-13 23:00,230801155.0,0,0,0,0,0.0,0
5975,2024-06-14 00:00,71985943.0,0,0,0,0,0.0,0
5976,2024-06-14 01:00,110477027.0,0,0,0,0,0.0,0
5977,2024-06-14 02:00,354333502.0,0,0,0,0,0.0,0
5978,2024-06-14 03:00,507364661.0,0,0,0,0,0.0,0
5979,2024-06-14 04:00,357944221.0,0,0,0,0,0.0,0
5980,2024-06-14 05:00,597396890.0,0,1,0,0,0.4166666666666667,0
5981,2024-06-14 06:00,347856949.0,0,0,0,0,0.0,0
5982,2024-06-14 07:00,571127572.0,0,0,0,0,0.0,0
5983,2024-06-14 08:00,479660896.0,0,0,0,0,0.0,0
5984,2024-06-14 09:00,621037991.0,0,1,0,0,0.4166666666666667,0
5985,2024-06-14 10:00,345281112.0,0,0,0,0,0.0,0
5986,2024-06-14 11:00,245024863.0,0,0,0,0,0.0,0
5987,2024-06-14 12:00,555389025.0,0,0,0,1,0.1875,0
5988,2024-06-14 13:00,148677035.0,0,0,0,0,0.0,0
5989,2024-06-14 14:00,214541581.0,0,0,0,0,0.0,0
5990,2024-06-14 15:00,290450053.0,0,0,0,0,0.0,0
5991,2024-06-14 16:00,229584142.0,0,0,0,0,0.0,0
5992,2024-06-14 17:00,269011857.0,0,0,0,0,0.0,0
5993,2024-06-14 18:00,465395524.0,0,0,0,0,0.0,0
5994,2024-06-14 19:00,309843260.0,0,0,0,0,0.0,0
5995,2024-06-14 20:00,152631232.0,0,0,0,0,0.0,0
5996,2024-06-14 21:00,74079438.0,0,0,0,0,0.0,0
5997,2024-06-14 22:00,60337556.0,0,0,0,0,0.0,0
5998,2024-06-14 23:00,77284707.0,0,0,0,0,0.0,0
5999,2024-06-15 00:00,90922702.0,1,0,0,0,0.0,0
6000,2024-06-15 01:00,118602324.0,1,0,0,0,0.0,0
6001,2024-06-15 02:00,382457093.0,1,0,0,0,0.0,0
6002,2024-06-15 03:00,577024986.0,1,1,0,0,0.4166666666666667,0
6003,2024-06-15 04:00,177400985.0,1,0,0,0,0.0,0
6004,2024-06-15 05:00,357833995.0,1,0,0,0,0.0,0
6005,2024-06-15 06:00,769417494.0,1,1,0,0,0.4166666666666667,0
6006,2024-06-15 07:00,466560268.0,1,0,0,0,0.0,0
6007,2024-06-15 08:00,254845411.0,1,0,0,0,0.0,0
6008,2024-06-15 09:00,350475381.0,1,0,0,0,0.0,0
6009,2024-06-15 10:00,604287061.0,1,1,0,0,0.4166666666666667,0
6010,2024-06-15 11:00,294774922.0,1,0,0,0,0.0,0
6011,2024-06-15 12:00,737234436.0,1,1,0,0,0.4166666666666667,0
6012,2024-06-15 13:00,619308051.0,1,1,0,0,0.4166666666666667,0
6013,2024-06-15 14:00,294462866.0,1,0,0,0,0.0,0
6014,2024-06-15 15:00,913872425.0,1,0,0,0,0.0,0
6015,2024-06-15 16:00,581666533.0,1,1,0,0,0.4166666666666667,0
6016,2024-06-15 17:00,627940055.0,1,1,0,0,0.4166666666666667,0
6017,2024-06-15 18:00,237838123.0,1,0,0,0,0.0,0
6018,2024-06-15 19:00,827577429.0,1,0,0,0,0.0,0
6019,2024-06-15 20:00,303225089.0,1,0,0,0,0.0,0
6020,2024-06-15 21:00,260479269.0,1,0,0,0,0.0,0
6021,2024-06-15 22:00,171306486.0,1,0,0,0,0.0,0
6022,2024-06-15 23:00,28160352.0,1,0,0,0,0.0,0
6023,2024-06-16 00:00,231723593.0,1,0,0,0,0.0,0
6024,2024-06-16 01:00,256238777.0,1,0,0,0,0.0,0
6025,2024-06-16 02:00,181209932.0,1,0,0,0,0.0,0
6026,2024-06-16 03:00,192912605.0,1,0,0,0,0.0,0
6027,2024-06-16 04:00,780892737.0,1,1,0,0,0.4166666666666667,0
6028,2024-06-16 05:00,375306889.0,1,0,0,0,0.0,0
6029,2024-06-16 06:00,276662171.0,1,0,0,0,0.0,0
6030,2024-06-16 07:00,827688745.0,1,0,0,0,0.0,0
6031,2024-06-16 08:00,606524564.0,1,1,0,0,0.4166666666666667,0
6032,2024-06-16 09:00,659209796.0,1,1,0,0,0.4166666666666667,0
6033,2024-06-16 10:00,847383810.0,1,0,0,0,0.0,0
6034,2024-06-16 11:00,1622127203.0,1,1,0,0,0.4166666666666667,0
6035,2024-06-16 12:00,843394201.0,1,0,0,0,0.0,0
6036,2024-06-16 13:00,836893518.0,1,0,0,0,0.0,0
6037,2024-06-16 14:00,507256151.0,1,0,0,0,0.0,0
6038,2024-06-16 15:00,484073449.0,1,0,0,0,0.0,0
6039,2024-06-16 16:00,373556985.0,1,0,0,0,0.0,0
6040,2024-06-16 17:00,368702936.0,1,0,0,0,0.0,0
6041,2024-06-16 18:00,263863683.0,1,0,0,0,0.0,0
6042,2024-06-16 19:00,524927063.0,1,0,0,0,0.0,0
6043,2024-06-16 20:00,188092169.0,1,0,0,0,0.0,0
6044,2024-06-16 21:00,46599104.0,1,0,0,0,0.0,0
6045,2024-06-16 22:00,37854150.0,1,0,0,0,0.0,0
6046,2024-06-16 23:00,47605130.0,1,0,0,0,0.0,0
6047,2024-06-17 00:00,46879203.0,0,0,0,1,0.1875,0
6048,2024-06-17 01:00,93809297.0,0,0,0,0,0.0,0
6049,2024-06-17 02:00,1137534404.0,0,0,0,0,0.0,0
6050,2024-06-17 03:00,852086419.0,0,0,0,0,0.0,0
6051,2024-06-17 04:00,505684915.0,0,0,0,0,0.0,0
6052,2024-06-17 05:00,582637784.0,0,0,0,0,0.0,0
6053,2024-06-17 06:00,763970940.0,0,0,0,0,0.0,0
6054,2024-06-17 07:00,383033008.0,0,0,0,0,0.0,0
6055,2024-06-17 08:00,437503340.0,0,0,0,0,0.0,0
6056,2024-06-17 09:00,1412343226.0,0,1,0,0,0.4166666666666667,0
6057,2024-06-17 10:00,658762306.0,0,1,0,0,0.4166666666666667,0
6058,2024-06-17 11:00,260104646.0,0,0,0,0,0.0,0
6059,2024-06-17 12:00,350746680.0,0,0,0,0,0.0,0
6060,2024-06-17 13:00,499424623.0,0,0,0,0,0.0,0
6061,2024-06-17 14:00,305027727.0,0,0,0,0,0.0,0
6062,2024-06-17 15:00,250377739.0,0,0,0,0,0.0,0
6063,2024-06-17 16:00,404302747.0,0,0,0,0,0.0,0
6064,2024-06-17 17:00,549794963.0,0,0,0,0,0.0,0
6065,2024-06-17 18:00,566419790.0,0,0,0,0,0.0,0
6066,2024-06-17 19:00,727956176.0,0,1,0,0,0.4166666666666667,0
6067,2024-06-17 20:00,518692470.0,0,0,0,0,0.0,0
6068,2024-06-17 21:00,318218752.0,0,0,0,0,0.0,0
6069,2024-06-17 22:00,367077200.0,0,0,0,0,0.0,0
6070,2024-06-17 23:00,135187911.0,0,0,0,0,0.0,0
6071,2024-06-18 00:00,379880902.0,0,0,0,0,0.0,0
6072,2024-06-18 01:00,124858356.0,0,0,0,0,0.0,0
6073,2024-06-18 02:00,607191987.0,0,1,0,0,0.4166666666666667,0
6074,2024-06-18 03:00,519186433.0,0,0,0,0,0.0,0
6075,2024-06-18 04:00,370512493.0,0,0,0,0,0.0,0
6076,2024-06-18 05:00,367761910.0,0,0,0,0,0.0,0
6077,2024-06-18 06:00,347534213.0,0,0,0,0,0.0,0
6078,2024-06-18 07:00,436350338.0,0,0,0,0,0.0,0
6079,2024-06-18 08:00,306547881.0,0,0,0,0,0.0,0
6080,2024-06-18 09:00,343848245.0,0,0,0,0,0.0,0
6081,2024-06-18 10:00,193039922.0,0,0,0,0,0.0,0
6082,2024-06-18 11:00,230780597.0,0,0,0,0,0.0,0
6083,2024-06-18 12:00,67687262.0,0,1,0,0,0.4166666666666667,0
6084,2024-06-18 13:00,272029942.0,0,0,0,0,0.0,0
6085,2024-06-18 14:00,111356421.0,0,1,0,0,0.4166666666666667,0
6086,2024-06-18 15:00,347809593.0,0,0,0,0,0.0,0
6087,2024-06-18 16:00,357448906.0,0,0,0,0,0.0,0
6088,2024-06-18 17:00,248516523.0,0,0,0,0,0.0,0
6089,2024-06-18 18:00,235095929.0,0,0,0,0,0.0,0
6090,2024-06-18 19:00,71462974.0,0,1,0,0,0.4166666666666667,0
6091,2024-06-18 20:00,88505804.0,0,1,0,0,0.4166666666666667,0
6092,2024-06-18 21:00,33127465.0,0,1,0,0,0.4166666666666667,0
6093,2024-06-18 22:00,37459964.0,0,1,0,0,0.4166666666666667,0
6094,2024-06-18 23:00,69149282.0,0,1,0,1,0.6041666666666667,0
6095,2024-06-19 00:00,39788949.0,0,1,0,0,0.4166666666666667,0
6096,2024-06-19 01:00,70922056.0,0,1,0,0,0.4166666666666667,0
6097,2024-06-19 02:00,154364902.0,0,0,0,0,0.0,0
6098,2024-06-19 03:00,389658571.0,0,0,0,0,0.0,0
6099,2024-06-19 04:00,288498760.0,0,0,0,0,0.0,0
6100,2024-06-19 05:00,153706642.0,0,0,0,0,0.0,0
6101,2024-06-19 06:00,162409097.0,0,0,0,0,0.0,0
6102,2024-06-19 07:00,171932713.0,0,0,0,0,0.0,0
6103,2024-06-19 08:00,244858426.0,0,0,0,0,0.0,0
6104,2024-06-19 09:00,301267278.0,0,0,0,0,0.0,0
6105,2024-06-19 10:00,241465981.0,0,0,0,0,0.0,0
6106,2024-06-19 11:00,171027009.0,0,0,0,0,0.0,0
6107,2024-06-19 12:00,202970596.0,0,0,0,0,0.0,0
6108,2024-06-19 13:00,193613593.0,0,0,0,0,0.0,0
6109,2024-06-19 14:00,210850658.0,0,0,0,0,0.0,0
6110,2024-06-19 15:00,66638184.0,0,1,0,0,0.4166666666666667,0
6111,2024-06-19 16:00,123046512.0,0,0,0,0,0.0,0
6112,2024-06-19 17:00,701109904.0,0,1,0,0,0.4166666666666667,0
6113,2024-06-19 18:00,817719825.0,0,0,0,1,0.1875,0
6114,2024-06-19 19:00,373640383.0,0,0,0,0,0.0,0
6115,2024-06-19 20:00,297344302.0,0,0,0,0,0.0,0
6116,2024-06-19 21:00,129240734.0,0,0,0,0,0.0,0
6117,2024-06-19 22:00,432626362.0,0,0,0,0,0.0,0
6118,2024-06-19 23:00,204997040.0,0,0,0,0,0.0,0
6119,2024-06-20 00:00,94295686.0,0,0,0,0,0.0,0
6120,2024-06-20 01:00,522590856.0,0,1,0,0,0.4166666666666667,0
6121,2024-06-20 02:00,898714395.0,0,0,0,1,0.1875,0
6122,2024-06-20 03:00,636799862.0,0,1,0,0,0.4166666666666667,0
6123,2024-06-20 04:00,609782189.0,0,1,0,0,0.4166666666666667,0
6124,2024-06-20 05:00,384200772.0,0,0,0,0,0.0,0
6125,2024-06-20 06:00,267828016.0,0,0,0,0,0.0,0
6126,2024-06-20 07:00,1414123452.0,0,1,0,0,0.4166666666666667,0
6127,2024-06-20 08:00,689830489.0,0,1,0,0,0.4166666666666667,0
6128,2024-06-20 09:00,683505159.0,0,1,0,0,0.4166666666666667,0
6129,2024-06-20 10:00,504430320.0,0,0,0,0,0.0,0
6130,2024-06-20 11:00,188832563.0,0,0,0,0,0.0,0
6131,2024-06-20 12:00,337922553.0,0,0,0,0,0.0,0
6132,2024-06-20 13:00,243230689.0,0,0,0,0,0.0,0
6133,2024-06-20 14:00,746809210.0,0,1,0,0,0.4166666666666667,0
6134,2024-06-20 15:00,268859896.0,0,0,0,0,0.0,0
6135,2024-06-20 16:00,157560355.0,0,0,0,0,0.0,0
6136,2024-06-20 17:00,240146640.0,0,0,0,0,0.0,0
6137,2024-06-20 18:00,436354203.0,0,0,0,0,0.0,0
6138,2024-06-20 19:00,352050694.0,0,0,0,0,0.0,0
6139,2024-06-20 20:00,236406506.0,0,0,0,0,0.0,0
6140,2024-06-20 21:00,373332490.0,0,0,0,0,0.0,0
6141,2024-06-20 22:00,124476260.0,0,0,0,0,0.0,0
6142,2024-06-20 23:00,141455880.0,0,0,0,0,0.0,0
6143,2024-06-21 00:00,336673763.0,0,0,0,0,0.0,0
6144,2024-06-21 01:00,237586362.0,0,0,0,0,0.0,0
6145,2024-06-21 02:00,238605335.0,0,0,0,0,0.0,0
6146,2024-06-21 03:00,552385927.0,0,1,0,0,0.4166666666666667,0
6147,2024-06-21 04:00,1106768375.0,0,0,0,0,0.0,0
6148,2024-06-21 05:00,428338074.0,0,0,0,0,0.0,0
6149,2024-06-21 06:00,356634386.0,0,0,0,0,0.0,0
6150,2024-06-21 07:00,690842574.0,0,1,0,0,0.4166666666666667,0
6151,2024-06-21 08:00,1090605641.0,0,0,0,0,0.0,0
6152,2024-06-21 09:00,426793401.0,0,0,0,0,0.0,0
6153,2024-06-21 10:00,277994272.0,0,0,0,0,0.0,0
6154,2024-06-21 11:00,508913576.0,0,0,0,0,0.0,0
6155,2024-06-21 12:00,244256950.0,0,0,0,0,0.0,0
6156,2024-06-21 13:00,535394996.0,0,1,0,0,0.4166666666666667,0
6157,2024-06-21 14:00,549332009.0,0,1,0,0,0.4166666666666667,0
6158,2024-06-21 15:00,284431592.0,0,0,0,0,0.0,0
6159,2024-06-21 16:00,277054418.0,0,0,0,0,0.0,0
6160,2024-06-21 17:00,283430125.0,0,0,0,0,0.0,0
6161,2024-06-21 18:00,387896493.0,0,0,0,0,0.0,0
6162,2024-06-21 19:00,153628945.0,0,0,0,0,0.0,0
6163,2024-06-21 20:00,530723434.0,0,1,0,0,0.4166666666666667,0
6164,2024-06-21 21:00,280389584.0,0,0,0,0,0.0,0
6165,2024-06-21 22:00,121799341.0,0,0,0,0,0.0,0
6166,2024-06-21 23:00,184744930.0,0,0,0,0,0.0,0
6167,2024-06-22 00:00,105767340.0,1,0,0,0,0.0,0
6168,2024-06-22 01:00,194034400.0,1,0,0,0,0.0,0
6169,2024-06-22 02:00,199841311.0,1,0,0,0,0.0,0
6170,2024-06-22 03:00,266331833.0,1,0,0,0,0.0,0
6171,2024-06-22 04:00,127604173.0,1,0,0,0,0.0,0
6172,2024-06-22 05:00,214595213.0,1,0,0,0,0.0,0
6173,2024-06-22 06:00,391820857.0,1,0,0,0,0.0,0
6174,2024-06-22 07:00,185512914.0,1,0,0,0,0.0,0
6175,2024-06-22 08:00,111557370.0,1,0,0,0,0.0,0
6176,2024-06-22 09:00,208204443.0,1,0,0,0,0.0,0
6177,2024-06-22 10:00,294554281.0,1,0,0,0,0.0,0
6178,2024-06-22 11:00,888890178.0,1,0,0,0,0.0,0
6179,2024-06-22 12:00,335837490.0,1,0,0,0,0.0,0
6180,2024-06-22 13:00,358102266.0,1,0,0,0,0.0,0
6181,2024-06-22 14:00,80898748.0,1,1,0,0,0.4166666666666667,0
6182,2024-06-22 15:00,235450176.0,1,0,0,0,0.0,0
6183,2024-06-22 16:00,139814857.0,1,0,0,0,0.0,0
6184,2024-06-22 17:00,407311262.0,1,0,0,0,0.0,0
6185,2024-06-22 18:00,349741993.0,1,0,0,0,0.0,0
6186,2024-06-22 19:00,548205302.0,1,1,0,0,0.4166666666666667,0
6187,2024-06-22 20:00,118041262.0,1,0,0,0,0.0,0
6188,2024-06-22 21:00,151479816.0,1,0,0,0,0.0,0
6189,2024-06-22 22:00,242568037.0,1,0,0,0,0.0,0
6190,2024-06-22 23:00,320718407.0,1,0,0,0,0.0,0
6191,2024-06-23 00:00,91477468.0,1,0,0,0,0.0,0
6192,2024-06-23 01:00,144609790.0,1,0,0,0,0.0,0
6193,2024-06-23 02:00,147344114.0,1,0,0,0,0.0,0
6194,2024-06-23 03:00,253496958.0,1,0,0,0,0.0,0
6195,2024-06-23 04:00,205917225.0,1,0,0,0,0.0,0
6196,2024-06-23 05:00,142381568.0,1,0,0,0,0.0,0
6197,2024-06-23 06:00,247769563.0,1,0,0,1,0.1875,0
6198,2024-06-23 07:00,171411190.0,1,0,0,0,0.0,0
6199,2024-06-23 08:00,226402063.0,1,0,0,0,0.0,0
6200,2024-06-23 09:00,138970326.0,1,0,0,0,0.0,0
6201,2024-06-23 10:00,141441875.0,1,0,0,1,0.1875,0
6202,2024-06-23 11:00,163970021.0,1,0,0,0,0.0,0
6203,2024-06-23 12:00,235163135.0,1,0,0,0,0.0,0
6204,2024-06-23 13:00,315049515.0,1,0,0,0,0.0,0
6205,2024-06-23 14:00,131486562.0,1,0,0,0,0.0,0
6206,2024-06-23 15:00,1103113260.0,1,0,0,0,0.0,0
6207,2024-06-23 16:00,171957014.0,1,0,0,0,0.0,0
6208,2024-06-23 17:00,448433053.0,1,0,0,0,0.0,0
6209,2024-06-23 18:00,1327382774.0,1,1,0,1,0.6041666666666667,0
6210,2024-06-23 19:00,1120904379.0,1,0,0,0,0.0,0
6211,2024-06-23 20:00,489564811.0,1,1,0,0,0.4166666666666667,0
6212,2024-06-23 21:00,293593736.0,1,0,0,0,0.0,0
6213,2024-06-23 22:00,221818151.0,1,0,0,0,0.0,0
6214,2024-06-23 23:00,84694072.0,1,1,0,0,0.4166666666666667,0
6215,2024-06-24 00:00,140838129.0,0,0,0,0,0.0,0
6216,2024-06-24 01:00,172439656.0,0,0,0,0,0.0,0
6217,2024-06-24 02:00,279245201.0,0,0,0,0,0.0,0
6218,2024-06-24 03:00,681489999.0,0,1,0,0,0.4166666666666667,0
6219,2024-06-24 04:00,387912190.0,0,0,0,0,0.0,0
6220,2024-06-24 05:00,399323083.0,0,0,0,1,0.1875,0
6221,2024-06-24 06:00,678614904.0,0,1,0,0,0.4166666666666667,0
6222,2024-06-24 07:00,557851419.0,0,1,0,0,0.4166666666666667,0
6223,2024-06-24 08:00,672777503.0,0,1,0,0,0.4166666666666667,0
6224,2024-06-24 09:00,517911037.0,0,1,0,0,0.4166666666666667,0
6225,2024-06-24 10:00,528439515.0,0,1,0,0,0.4166666666666667,0
6226,2024-06-24 11:00,983082617.0,0,0,0,0,0.0,0
6227,2024-06-24 12:00,479270459.0,0,1,0,0,0.4166666666666667,0
6228,2024-06-24 13:00,364757172.0,0,0,0,0,0.0,0
6229,2024-06-24 14:00,142805279.0,0,0,0,0,0.0,0
6230,2024-06-24 15:00,340478151.0,0,0,0,1,0.1875,0
6231,2024-06-24 16:00,222146274.0,0,0,0,0,0.0,0
6232,2024-06-24 17:00,1278996863.0,0,1,0,0,0.4166666666666667,0
6233,2024-06-24 18:00,597536522.0,0,1,0,0,0.4166666666666667,0
6234,2024-06-24 19:00,454619950.0,0,0,0,0,0.0,0
6235,2024-06-24 20:00,857699256.0,0,0,0,0,0.0,0
6236,2024-06-24 21:00,351953560.0,0,0,0,0,0.0,0
6237,2024-06-24 22:00,125867868.0,0,0,0,0,0.0,0
6238,2024-06-24 23:00,145447592.0,0,0,0,0,0.0,0
6239,2024-06-25 00:00,135870247.0,0,0,0,0,0.0,0
6240,2024-06-25 01:00,199164077.0,0,0,0,0,0.0,0
6241,2024-06-25 02:00,346837330.0,0,0,0,0,0.0,0
6242,2024-06-25 03:00,1129300306.0,0,0,0,0,0.0,0
6243,2024-06-25 04:00,623186713.0,0,1,0,0,0.4166666666666667,0
6244,2024-06-25 05:00,921426252.0,0,0,0,0,0.0,0
6245,2024-06-25 06:00,898321901.0,0,0,0,1,0.1875,0
6246,2024-06-25 07:00,964246589.0,0,0,0,0,0.0,0
6247,2024-06-25 08:00,540439451.0,0,1,0,0,0.4166666666666667,0
6248,2024-06-25 09:00,758808681.0,0,1,0,0,0.4166666666666667,0
6249,2024-06-25 10:00,755609495.0,0,1,0,0,0.4166666666666667,0
6250,2024-06-25 11:00,554118453.0,0,1,0,0,0.4166666666666667,0
6251,2024-06-25 12:00,421982299.0,0,0,0,0,0.0,0
6252,2024-06-25 13:00,356079664.0,0,0,0,0,0.0,0
6253,2024-06-25 14:00,365836020.0,0,0,0,0,0.0,0
6254,2024-06-25 15:00,589444230.0,0,1,0,0,0.4166666666666667,0
6255,2024-06-25 16:00,388513620.0,0,0,0,0,0.0,0
6256,2024-06-25 17:00,446786249.0,0,0,0,0,0.0,0
6257,2024-06-25 18:00,488046822.0,0,1,0,0,0.4166666666666667,0
6258,2024-06-25 19:00,418821347.0,0,0,0,0,0.0,0
6259,2024-06-25 20:00,201850012.0,0,0,0,0,0.0,0
6260,2024-06-25 21:00,148076139.0,0,0,0,0,0.0,0
6261,2024-06-25 22:00,168175170.0,0,0,0,0,0.0,0
6262,2024-06-25 23:00,126489374.0,0,0,0,0,0.0,0
6263,2024-06-26 00:00,332176588.0,0,0,0,0,0.0,0
6264,2024-06-26 01:00,333388961.0,0,0,0,0,0.0,0
6265,2024-06-26 02:00,574938458.0,0,1,0,0,0.4166666666666667,0
6266,2024-06-26 03:00,1214555533.0,0,1,0,0,0.4166666666666667,0
6267,2024-06-26 04:00,681859510.0,0,1,0,0,0.4166666666666667,0
6268,2024-06-26 05:00,951331885.0,0,0,0,1,0.1875,0
6269,2024-06-26 06:00,2600821486.0,0,1,0,1,0.6041666666666667,0
6270,2024-06-26 07:00,1193816784.0,0,0,0,0,0.0,0
6271,2024-06-26 08:00,463933959.0,0,0,0,0,0.0,0
6272,2024-06-26 09:00,815332268.0,0,0,0,0,0.0,0
6273,2024-06-26 10:00,1352645025.0,0,1,0,0,0.4166666666666667,0
6274,2024-06-26 11:00,546553362.0,0,0,0,0,0.0,0
6275,2024-06-26 12:00,481245405.0,0,0,0,0,0.0,0
6276,2024-06-26 13:00,519135756.0,0,0,0,0,0.0,0
6277,2024-06-26 14:00,829409878.0,0,0,0,0,0.0,0
6278,2024-06-26 15:00,525363678.0,0,0,0,0,0.0,0
6279,2024-06-26 16:00,347020634.0,0,0,0,0,0.0,0
6280,2024-06-26 17:00,692860967.0,0,1,0,0,0.4166666666666667,0
6281,2024-06-26 18:00,691076937.0,0,1,0,0,0.4166666666666667,0
6282,2024-06-26 19:00,269568495.0,0,0,0,0,0.0,0
6283,2024-06-26 20:00,247153356.0,0,0,0,0,0.0,0
6284,2024-06-26 21:00,174856763.0,0,0,0,0,0.0,0
6285,2024-06-26 22:00,63827275.0,0,0,0,0,0.0,0
6286,2024-06-26 23:00,42522595.0,0,0,0,0,0.0,0
6287,2024-06-27 00:00,53192907.0,0,0,0,0,0.0,0
6288,2024-06-27 01:00,144286262.0,0,0,0,0,0.0,0
6289,2024-06-27 02:00,476852990.0,0,0,0,0,0.0,0
6290,2024-06-27 03:00,770870337.0,0,0,0,0,0.0,0
6291,2024-06-27 04:00,549588319.0,0,0,0,0,0.0,0
6292,2024-06-27 05:00,738319369.0,0,0,0,0,0.0,0
6293,2024-06-27 06:00,1198924385.0,0,0,0,0,0.0,0
6294,2024-06-27 07:00,1033049130.0,0,0,0,0,0.0,0
6295,2024-06-27 08:00,1313331222.0,0,1,0,0,0.4166666666666667,0
6296,2024-06-27 09:00,786129201.0,0,0,0,0,0.0,0
6297,2024-06-27 10:00,759197304.0,0,0,0,0,0.0,0
6298,2024-06-27 11:00,358726928.0,0,0,0,0,0.0,0
6299,2024-06-27 12:00,616702779.0,0,1,0,0,0.4166666666666667,0
6300,2024-06-27 13:00,333734700.0,0,0,0,0,0.0,0
6301,2024-06-27 14:00,287418781.0,0,0,0,0,0.0,0
6302,2024-06-27 15:00,227371745.0,0,0,0,0,0.0,0
6303,2024-06-27 16:00,305876368.0,0,0,0,0,0.0,0
6304,2024-06-27 17:00,161975305.0,0,0,0,0,0.0,0
6305,2024-06-27 18:00,217329015.0,0,0,0,0,0.0,0
6306,2024-06-27 19:00,542431342.0,0,0,0,0,0.0,0
6307,2024-06-27 20:00,79938923.0,0,0,0,0,0.0,0
6308,2024-06-27 21:00,342952476.0,0,0,0,0,0.0,0
6309,2024-06-27 22:00,113908208.0,0,0,0,0,0.0,0
6310,2024-06-27 23:00,191925276.0,0,0,0,0,0.0,0
6311,2024-06-28 00:00,63145773.0,0,0,0,0,0.0,0
6312,2024-06-28 01:00,151488986.0,0,0,0,0,0.0,0
6313,2024-06-28 02:00,288749024.0,0,0,0,0,0.0,0
6314,2024-06-28 03:00,645835606.0,0,1,0,0,0.4166666666666667,0
6315,2024-06-28 04:00,690509928.0,0,0,0,0,0.0,0
6316,2024-06-28 05:00,678358061.0,0,1,0,0,0.4166666666666667,0
6317,2024-06-28 06:00,562869803.0,0,0,0,0,0.0,0
6318,2024-06-28 07:00,441776689.0,0,0,0,0,0.0,0
6319,2024-06-28 08:00,705933285.0,0,0,0,0,0.0,0
6320,2024-06-28 09:00,484742246.0,0,0,0,0,0.0,0
6321,2024-06-28 10:00,574378548.0,0,0,0,0,0.0,0
6322,2024-06-28 11:00,307550470.0,0,0,0,0,0.0,0
6323,2024-06-28 12:00,148778569.0,0,0,0,0,0.0,0
6324,2024-06-28 13:00,337412902.0,0,0,0,0,0.0,0
6325,2024-06-28 14:00,214943875.0,0,0,0,0,0.0,0
6326,2024-06-28 15:00,216824264.0,0,0,0,0,0.0,0
6327,2024-06-28 16:00,572458574.0,0,0,0,0,0.0,0
6328,2024-06-28 17:00,438312071.0,0,0,0,0,0.0,0
6329,2024-06-28 18:00,693668047.0,0,0,0,0,0.0,0
6330,2024-06-28 19:00,243694381.0,0,0,0,0,0.0,0
6331,2024-06-28 20:00,233752122.0,0,0,0,0,0.0,0
6332,2024-06-28 21:00,186132438.0,0,0,0,0,0.0,0
6333,2024-06-28 22:00,161131969.0,0,0,0,0,0.0,0
6334,2024-06-28 23:00,140726659.0,0,0,0,0,0.0,0
6335,2024-06-29 00:00,48459288.0,1,0,0,1,0.1875,0
6336,2024-06-29 01:00,118097885.0,1,0,0,0,0.0,0
6337,2024-06-29 02:00,92367639.0,1,0,0,0,0.0,0
6338,2024-06-29 03:00,353869535.0,1,0,0,0,0.0,0
6339,2024-06-29 04:00,213894381.0,1,0,0,0,0.0,0
6340,2024-06-29 05:00,127977855.0,1,0,0,0,0.0,0
6341,2024-06-29 06:00,243958248.0,1,0,0,0,0.0,0
6342,2024-06-29 07:00,127773687.0,1,0,0,0,0.0,0
6343,2024-06-29 08:00,216844206.0,1,0,0,1,0.1875,0
6344,2024-06-29 09:00,403489586.0,1,0,0,0,0.0,0
6345,2024-06-29 10:00,135501292.0,1,0,0,0,0.0,0
6346,2024-06-29 11:00,533979121.0,1,0,0,0,0.0,0
6347,2024-06-29 12:00,402451575.0,1,0,0,0,0.0,0
6348,2024-06-29 13:00,224451071.0,1,0,0,0,0.0,0
6349,2024-06-29 14:00,289974788.0,1,0,0,0,0.0,0
6350,2024-06-29 15:00,353340455.0,1,0,0,0,0.0,0
6351,2024-06-29 16:00,162229920.0,1,0,0,0,0.0,0
6352,2024-06-29 17:00,1891619157.0,1,1,0,1,0.6041666666666667,0
6353,2024-06-29 18:00,219470559.0,1,0,0,0,0.0,0
6354,2024-06-29 19:00,455220332.0,1,0,0,0,0.0,0
6355,2024-06-29 20:00,105155150.0,1,0,0,0,0.0,0
6356,2024-06-29 21:00,72245132.0,1,0,0,0,0.0,0
6357,2024-06-29 22:00,34221326.0,1,0,0,0,0.0,0
6358,2024-06-29 23:00,81540322.0,1,0,0,0,0.0,0
6359,2024-06-30 00:00,93451869.0,1,0,0,1,0.1875,0
6360,2024-06-30 01:00,69602266.0,1,0,0,0,0.0,0
6361,2024-06-30 02:00,383804538.0,1,0,0,0,0.0,0
6362,2024-06-30 03:00,265593576.0,1,0,0,0,0.0,0
6363,2024-06-30 04:00,221221429.0,1,0,0,1,0.1875,0
6364,2024-06-30 05:00,233152354.0,1,0,0,0,0.0,0
6365,2024-06-30 06:00,224128722.0,1,0,0,0,0.0,0
6366,2024-06-30 07:00,288000180.0,1,0,0,0,0.0,0
6367,2024-06-30 08:00,323961028.0,1,0,0,0,0.0,0
6368,2024-06-30 09:00,259316243.0,1,0,0,0,0.0,0
6369,2024-06-30 10:00,251850015.0,1,0,0,0,0.0,0
6370,2024-06-30 11:00,336915712.0,1,0,0,0,0.0,0
6371,2024-06-30 12:00,155542744.0,1,0,0,0,0.0,0
6372,2024-06-30 13:00,204994298.0,1,0,0,0,0.0,0
6373,2024-06-30 14:00,514360646.0,1,0,0,0,0.0,0
6374,2024-06-30 15:00,433549063.0,1,0,0,0,0.0,0
6375,2024-06-30 16:00,529951601.0,1,1,0,0,0.4166666666666667,0
6376,2024-06-30 17:00,708555964.0,1,1,0,0,0.4166666666666667,0
6377,2024-06-30 18:00,346491756.0,1,0,0,0,0.0,0
6378,2024-06-30 19:00,374915258.0,1,0,0,0,0.0,0
6379,2024-06-30 20:00,145997107.0,1,0,0,1,0.1875,0
6380,2024-06-30 21:00,74447754.0,1,0,0,0,0.0,0
6381,2024-06-30 22:00,55023588.0,1,0,0,0,0.0,0
6382,2024-06-30 23:00,56975468.0,1,0,0,0,0.0,0
6383,2024-07-01 00:00,37518543.0,0,1,0,0,0.4166666666666667,0
6384,2024-07-01 01:00,201805159.0,0,0,0,0,0.0,0
6385,2024-07-01 02:00,860170358.0,0,0,0,0,0.0,0
6386,2024-07-01 03:00,1041135075.0,0,0,0,0,0.0,0
6387,2024-07-01 04:00,780190565.0,0,1,0,0,0.4166666666666667,0
6388,2024-07-01 05:00,769214204.0,0,1,0,0,0.4166666666666667,0
6389,2024-07-01 06:00,596410538.0,0,1,0,0,0.4166666666666667,0
6390,2024-07-01 07:00,614736611.0,0,1,0,0,0.4166666666666667,0
6391,2024-07-01 08:00,579665294.0,0,1,0,0,0.4166666666666667,0
6392,2024-07-01 09:00,595989015.0,0,1,0,0,0.4166666666666667,0
6393,2024-07-01 10:00,813712928.0,0,0,0,0,0.0,0
6394,2024-07-01 11:00,358798773.0,0,0,0,0,0.0,0
6395,2024-07-01 12:00,104511483.0,0,0,0,0,0.0,0
6396,2024-07-01 13:00,74035015.0,0,0,0,0,0.0,0
6397,2024-07-01 14:00,76288421.0,0,0,0,0,0.0,0
6398,2024-07-01 15:00,414843373.0,0,0,0,0,0.0,0
6399,2024-07-01 16:00,422473302.0,0,0,0,0,0.0,0
6400,2024-07-01 17:00,762801926.0,0,1,0,0,0.4166666666666667,0
6401,2024-07-01 18:00,192398715.0,0,0,0,0,0.0,0
6402,2024-07-01 19:00,273316112.0,0,0,0,0,0.0,0
6403,2024-07-01 20:00,90398656.0,0,0,0,0,0.0,0
6404,2024-07-01 21:00,62974673.0,0,0,0,0,0.0,0
6405,2024-07-01 22:00,134572883.0,0,0,0,0,0.0,0
6406,2024-07-01 23:00,137898550.0,0,0,0,0,0.0,0
6407,2024-07-02 00:00,77403777.0,0,0,0,0,0.0,0
6408,2024-07-02 01:00,79695421.0,0,0,0,0,0.0,0
6409,2024-07-02 02:00,507419322.0,0,0,0,0,0.0,0
6410,2024-07-02 03:00,1264671249.0,0,1,0,0,0.4166666666666667,0
6411,2024-07-02 04:00,621683392.0,0,1,0,0,0.4166666666666667,0
6412,2024-07-02 05:00,880695639.0,0,0,0,0,0.0,0
6413,2024-07-02 06:00,773213400.0,0,0,0,0,0.0,0
6414,2024-07-02 07:00,1136042993.0,0,0,0,0,0.0,0
6415,2024-07-02 08:00,606063526.0,0,1,0,0,0.4166666666666667,0
6416,2024-07-02 09:00,836016344.0,0,0,0,0,0.0,0
6417,2024-07-02 10:00,446795590.0,0,0,0,0,0.0,0
6418,2024-07-02 11:00,322836299.0,0,0,0,0,0.0,0
6419,2024-07-02 12:00,509293071.0,0,1,0,0,0.4166666666666667,0
6420,2024-07-02 13:00,488338847.0,0,0,0,0,0.0,0
6421,2024-07-02 14:00,314839570.0,0,0,0,0,0.0,0
6422,2024-07-02 15:00,122559863.0,0,0,0,0,0.0,0
6423,2024-07-02 16:00,309960370.0,0,0,0,0,0.0,0
6424,2024-07-02 17:00,677638520.0,0,1,0,0,0.4166666666666667,0
6425,2024-07-02 18:00,264241842.0,0,0,0,0,0.0,0
6426,2024-07-02 19:00,241232875.0,0,0,0,1,0.1875,0
6427,2024-07-02 20:00,398025180.0,0,0,0,0,0.0,0
6428,2024-07-02 21:00,439177985.0,0,0,0,0,0.0,0
6429,2024-07-02 22:00,274621714.0,0,0,0,0,0.0,0
6430,2024-07-02 23:00,241552576.0,0,0,0,0,0.0,0
6431,2024-07-03 00:00,210955441.0,0,0,0,0,0.0,0
6432,2024-07-03 01:00,260762582.0,0,0,0,0,0.0,0
6433,2024-07-03 02:00,432448962.0,0,0,0,0,0.0,0
6434,2024-07-03 03:00,692080099.0,0,1,0,0,0.4166666666666667,0
6435,2024-07-03 04:00,389037312.0,0,0,0,0,0.0,0
6436,2024-07-03 05:00,620047508.0,0,1,0,0,0.4166666666666667,0
6437,2024-07-03 06:00,565935382.0,0,1,0,0,0.4166666666666667,0
6438,2024-07-03 07:00,542113673.0,0,1,0,0,0.4166666666666667,0
6439,2024-07-03 08:00,461832768.0,0,0,0,0,0.0,0
6440,2024-07-03 09:00,685601234.0,0,1,0,0,0.4166666666666667,0
6441,2024-07-03 10:00,602127827.0,0,1,0,0,0.4166666666666667,0
6442,2024-07-03 11:00,260853331.0,0,0,0,0,0.0,0
6443,2024-07-03 12:00,163038698.0,0,0,0,0,0.0,0
6444,2024-07-03 13:00,213431196.0,0,0,0,0,0.0,0
6445,2024-07-03 14:00,123254683.0,0,0,0,0,0.0,0
6446,2024-07-03 15:00,550811618.0,0,1,0,0,0.4166666666666667,0
6447,2024-07-03 16:00,435064077.0,0,0,0,0,0.0,0
6448,2024-07-03 17:00,319656916.0,0,0,0,0,0.0,0
6449,2024-07-03 18:00,433522622.0,0,0,0,0,0.0,0
6450,2024-07-03 19:00,690198750.0,0,1,0,0,0.4166666666666667,0
6451,2024-07-03 20:00,150222157.0,0,0,0,0,0.0,0
6452,2024-07-03 21:00,117865753.0,0,0,0,0,0.0,0
6453,2024-07-03 22:00,108208393.0,0,0,0,0,0.0,0
6454,2024-07-03 23:00,90114156.0,0,1,0,0,0.4166666666666667,0
6455,2024-07-04 00:00,132027335.0,0,0,0,0,0.0,0
6456,2024-07-04 01:00,130550083.0,0,0,0,0,0.0,0
6457,2024-07-04 02:00,284244637.0,0,0,0,0,0.0,0
6458,2024-07-04 03:00,774919735.0,0,0,0,0,0.0,0
6459,2024-07-04 04:00,1426665688.0,0,1,0,0,0.4166666666666667,0
6460,2024-07-04 05:00,883457359.0,0,0,0,0,0.0,0
6461,2024-07-04 06:00,576461402.0,0,1,0,0,0.4166666666666667,0
6462,2024-07-04 07:00,615059896.0,0,1,0,0,0.4166666666666667,0
6463,2024-07-04 08:00,571553053.0,0,1,0,0,0.4166666666666667,0
6464,2024-07-04 09:00,516393897.0,0,0,0,0,0.0,0
6465,2024-07-04 10:00,540055252.0,0,0,0,0,0.0,0
6466,2024-07-04 11:00,164465115.0,0,0,0,0,0.0,0
6467,2024-07-04 12:00,408725059.0,0,0,0,0,0.0,0
6468,2024-07-04 13:00,260094652.0,0,0,0,0,0.0,0
6469,2024-07-04 14:00,106127697.0,0,1,0,0,0.4166666666666667,0
6470,2024-07-04 15:00,296390188.0,0,0,0,0,0.0,0
6471,2024-07-04 16:00,385712924.0,0,0,0,0,0.0,0
6472,2024-07-04 17:00,253717318.0,0,0,0,0,0.0,0
6473,2024-07-04 18:00,155743806.0,0,0,0,0,0.0,0
6474,2024-07-04 19:00,129282290.0,0,0,0,0,0.0,0
6475,2024-07-04 20:00,280940558.0,0,0,0,0,0.0,0
6476,2024-07-04 21:00,302340552.0,0,0,0,0,0.0,0
6477,2024-07-04 22:00,33838214.0,0,1,0,0,0.4166666666666667,0
6478,2024-07-04 23:00,63637309.0,0,1,0,0,0.4166666666666667,0
6479,2024-07-05 00:00,39677395.0,1,1,0,0,0.4166666666666667,0
6480,2024-07-05 01:00,42951113.0,1,1,0,1,0.6041666666666667,0
6481,2024-07-05 02:00,155123808.0,1,0,0,0,0.0,0
6482,2024-07-05 03:00,87729863.0,1,1,0,0,0.4166666666666667,0
6483,2024-07-05 04:00,336358439.0,1,0,0,0,0.0,0
6484,2024-07-05 05:00,491258671.0,1,0,0,0,0.0,0
6485,2024-07-05 06:00,176517145.0,1,0,0,0,0.0,0
6486,2024-07-05 07:00,237097684.0,1,0,0,0,0.0,0
6487,2024-07-05 08:00,276439955.0,1,0,0,0,0.0,0
6488,2024-07-05 09:00,404006901.0,1,0,0,0,0.0,0
6489,2024-07-05 10:00,451068022.0,1,0,0,0,0.0,0
6490,2024-07-05 11:00,414039709.0,1,0,0,0,0.0,0
6491,2024-07-05 12:00,387326843.0,1,0,0,0,0.0,0
6492,2024-07-05 13:00,296996385.0,1,0,0,0,0.0,0
6493,2024-07-05 14:00,284008140.0,1,0,0,0,0.0,0
6494,2024-07-05 15:00,453632979.0,1,0,0,0,0.0,0
6495,2024-07-05 16:00,352153919.0,1,0,0,0,0.0,0
6496,2024-07-05 17:00,495445748.0,1,0,0,0,0.0,0
6497,2024-07-05 18:00,204572255.0,1,0,0,0,0.0,0
6498,2024-07-05 19:00,253364673.0,1,0,0,0,0.0,0
6499,2024-07-05 20:00,134074548.0,1,0,0,0,0.0,0
6500,2024-07-05 21:00,70458615.0,1,1,0,1,0.6041666666666667,0
6501,2024-07-05 22:00,40450924.0,1,1,0,0,0.4166666666666667,0
6502,2024-07-05 23:00,43157781.0,1,1,0,0,0.4166666666666667,0
6503,2024-07-06 00:00,74971194.0,1,1,0,0,0.4166666666666667,0
6504,2024-07-06 01:00,219200792.0,1,0,0,0,0.0,0
6505,2024-07-06 02:00,147747137.0,1,0,0,0,0.0,0
6506,2024-07-06 03:00,357643894.0,1,0,0,0,0.0,0
6507,2024-07-06 04:00,152153840.0,1,0,0,0,0.0,0
6508,2024-07-06 05:00,110831753.0,1,0,0,0,0.0,0
6509,2024-07-06 06:00,367462660.0,1,0,0,0,0.0,0
6510,2024-07-06 07:00,178181333.0,1,0,0,0,0.0,0
6511,2024-07-06 08:00,722914540.0,1,1,0,0,0.4166666666666667,0
6512,2024-07-06 09:00,277313978.0,1,0,0,0,0.0,0
6513,2024-07-06 10:00,574129792.0,1,1,0,0,0.4166666666666667,0
6514,2024-07-06 11:00,980936186.0,1,0,0,0,0.0,0
6515,2024-07-06 12:00,245176364.0,1,0,0,0,0.0,0
6516,2024-07-06 13:00,262367296.0,1,0,0,0,0.0,0
6517,2024-07-06 14:00,199082099.0,1,0,0,0,0.0,0
6518,2024-07-06 15:00,201916223.0,1,0,0,0,0.0,0
6519,2024-07-06 16:00,255741212.0,1,0,0,0,0.0,0
6520,2024-07-06 17:00,557136572.0,1,1,0,0,0.4166666666666667,0
6521,2024-07-06 18:00,803777694.0,1,0,0,0,0.0,0
6522,2024-07-06 19:00,186727165.0,1,0,0,0,0.0,0
6523,2024-07-06 20:00,129611996.0,1,0,0,0,0.0,0
6524,2024-07-06 21:00,238347427.0,1,0,0,0,0.0,0
6525,2024-07-06 22:00,52781339.0,1,1,0,0,0.4166666666666667,0
6526,2024-07-06 23:00,189661627.0,1,0,0,0,0.0,0
6527,2024-07-07 00:00,37918334.0,1,1,0,0,0.4166666666666667,0
6528,2024-07-07 01:00,95917870.0,1,0,0,0,0.0,0
6529,2024-07-07 02:00,100492766.0,1,0,0,0,0.0,0
6530,2024-07-07 03:00,131343235.0,1,0,0,0,0.0,0
6531,2024-07-07 04:00,60335869.0,1,1,0,1,0.6041666666666667,0
6532,2024-07-07 05:00,109019088.0,1,0,0,0,0.0,0
6533,2024-07-07 06:00,452603491.0,1,0,0,0,0.0,0
6534,2024-07-07 07:00,89955159.0,1,0,0,0,0.0,0
6535,2024-07-07 08:00,175013483.0,1,0,0,0,0.0,0
6536,2024-07-07 09:00,383076546.0,1,0,0,0,0.0,0
6537,2024-07-07 10:00,647540226.0,1,1,0,0,0.4166666666666667,0
6538,2024-07-07 11:00,436881535.0,1,0,0,0,0.0,0
6539,2024-07-07 12:00,177126362.0,1,0,0,0,0.0,0
6540,2024-07-07 13:00,178778161.0,1,0,0,0,0.0,0
6541,2024-07-07 14:00,308201783.0,1,0,0,0,0.0,0
6542,2024-07-07 15:00,346855545.0,1,0,0,0,0.0,0
6543,2024-07-07 16:00,97684351.0,1,0,0,1,0.1875,0
6544,2024-07-07 17:00,334126601.0,1,0,0,0,0.0,0
6545,2024-07-07 18:00,320345100.0,1,0,0,0,0.0,0
6546,2024-07-07 19:00,372405879.0,1,0,0,0,0.0,0
6547,2024-07-07 20:00,267943396.0,1,0,0,0,0.0,0
6548,2024-07-07 21:00,286704855.0,1,0,0,0,0.0,0
6549,2024-07-07 22:00,59795371.0,1,1,0,0,0.4166666666666667,0
6550,2024-07-07 23:00,48034318.0,1,1,0,0,0.4166666666666667,0
6551,2024-07-08 00:00,108378345.0,0,0,0,0,0.0,0
6552,2024-07-08 01:00,489923081.0,0,1,0,0,0.4166666666666667,0
6553,2024-07-08 02:00,373025845.0,0,0,0,0,0.0,0
6554,2024-07-08 03:00,778763884.0,0,1,0,0,0.4166666666666667,0
6555,2024-07-08 04:00,492251894.0,0,1,0,0,0.4166666666666667,0
6556,2024-07-08 05:00,605888881.0,0,1,0,0,0.4166666666666667,0
6557,2024-07-08 06:00,533999271.0,0,1,0,0,0.4166666666666667,0
6558,2024-07-08 07:00,1000023365.0,0,0,0,0,0.0,0
6559,2024-07-08 08:00,584025969.0,0,1,0,0,0.4166666666666667,0
6560,2024-07-08 09:00,614273211.0,0,1,0,0,0.4166666666666667,0
6561,2024-07-08 10:00,408600193.0,0,0,0,0,0.0,0
6562,2024-07-08 11:00,142623844.0,0,0,0,0,0.0,0
6563,2024-07-08 12:00,305245210.0,0,0,0,0,0.0,0
6564,2024-07-08 13:00,147451537.0,0,0,0,0,0.0,0
6565,2024-07-08 14:00,92506693.0,0,0,0,0,0.0,0
6566,2024-07-08 15:00,272395079.0,0,0,0,0,0.0,0
6567,2024-07-08 16:00,72844498.0,0,0,0,0,0.0,0
6568,2024-07-08 17:00,122088978.0,0,0,0,0,0.0,0
6569,2024-07-08 18:00,111063495.0,0,0,0,0,0.0,0
6570,2024-07-08 19:00,244487287.0,0,0,0,0,0.0,0
6571,2024-07-08 20:00,204088506.0,0,0,0,0,0.0,0
6572,2024-07-08 21:00,126399414.0,0,0,0,0,0.0,0
6573,2024-07-08 22:00,326882190.0,0,0,0,0,0.0,0
6574,2024-07-08 23:00,157996401.0,0,0,0,0,0.0,0
6575,2024-07-09 00:00,60127564.0,0,1,0,0,0.4166666666666667,0
6576,2024-07-09 01:00,202843288.0,0,0,0,0,0.0,0
6577,2024-07-09 02:00,441550173.0,0,1,0,0,0.4166666666666667,0
6578,2024-07-09 03:00,709112103.0,0,1,0,0,0.4166666666666667,0
6579,2024-07-09 04:00,457056564.0,0,1,0,0,0.4166666666666667,0
6580,2024-07-09 05:00,1060682206.0,0,0,0,0,0.0,0
6581,2024-07-09 06:00,897588767.0,0,0,0,0,0.0,0
6582,2024-07-09 07:00,533819253.0,0,1,0,0,0.4166666666666667,0
6583,2024-07-09 08:00,407911791.0,0,0,0,0,0.0,0
6584,2024-07-09 09:00,421806818.0,0,0,0,0,0.0,0
6585,2024-07-09 10:00,676476515.0,0,1,0,0,0.4166666666666667,0
6586,2024-07-09 11:00,365941696.0,0,0,0,0,0.0,0
6587,2024-07-09 12:00,277259509.0,0,0,0,0,0.0,0
6588,2024-07-09 13:00,290737793.0,0,0,0,0,0.0,0
6589,2024-07-09 14:00,174194209.0,0,0,0,0,0.0,0
6590,2024-07-09 15:00,280082308.0,0,0,0,0,0.0,0
6591,2024-07-09 16:00,131817417.0,0,0,0,0,0.0,0
6592,2024-07-09 17:00,272231506.0,0,0,0,0,0.0,0
6593,2024-07-09 18:00,1110829315.0,0,0,0,0,0.0,0
6594,2024-07-09 19:00,766479831.0,0,1,0,0,0.4166666666666667,0
6595,2024-07-09 20:00,324983636.0,0,0,0,0,0.0,0
6596,2024-07-09 21:00,672736032.0,0,1,0,0,0.4166666666666667,0
6597,2024-07-09 22:00,359569078.0,0,0,0,0,0.0,0
6598,2024-07-09 23:00,188728430.0,0,0,0,0,0.0,0
6599,2024-07-10 00:00,250134423.0,0,0,0,0,0.0,0
6600,2024-07-10 01:00,318885833.0,0,0,0,0,0.0,0
6601,2024-07-10 02:00,416606015.0,0,0,0,0,0.0,0
6602,2024-07-10 03:00,719052423.0,0,1,0,0,0.4166666666666667,0
6603,2024-07-10 04:00,453702795.0,0,0,0,0,0.0,0
6604,2024-07-10 05:00,646031528.0,0,1,0,0,0.4166666666666667,0
6605,2024-07-10 06:00,398643757.0,0,0,0,0,0.0,0
6606,2024-07-10 07:00,336521367.0,0,0,0,0,0.0,0
6607,2024-07-10 08:00,554629731.0,0,1,0,0,0.4166666666666667,0
6608,2024-07-10 09:00,672472079.0,0,1,0,0,0.4166666666666667,0
6609,2024-07-10 10:00,1253674812.0,0,1,0,0,0.4166666666666667,0
6610,2024-07-10 11:00,397355411.0,0,0,0,0,0.0,0
6611,2024-07-10 12:00,250268682.0,0,0,0,0,0.0,0
6612,2024-07-10 13:00,608797009.0,0,1,0,0,0.4166666666666667,0
6613,2024-07-10 14:00,426468714.0,0,0,0,0,0.0,0
6614,2024-07-10 15:00,402629774.0,0,0,0,0,0.0,0
6615,2024-07-10 16:00,308792962.0,0,0,0,0,0.0,0
6616,2024-07-10 17:00,453126120.0,0,0,0,0,0.0,0
6617,2024-07-10 18:00,815650652.0,0,0,0,0,0.0,0
6618,2024-07-10 19:00,524309267.0,0,1,0,0,0.4166666666666667,0
6619,2024-07-10 20:00,259419434.0,0,0,0,0,0.0,0
6620,2024-07-10 21:00,375943768.0,0,0,0,0,0.0,0
6621,2024-07-10 22:00,339306802.0,0,0,0,0,0.0,0
6622,2024-07-10 23:00,250369299.0,0,0,0,0,0.0,0
6623,2024-07-11 00:00,315840695.0,0,0,0,0,0.0,0
6624,2024-07-11 01:00,220322927.0,0,0,0,0,0.0,0
6625,2024-07-11 02:00,438554126.0,0,0,0,0,0.0,0
6626,2024-07-11 03:00,869869042.0,0,0,0,0,0.0,0
6627,2024-07-11 04:00,788978589.0,0,0,0,0,0.0,0
6628,2024-07-11 05:00,587291778.0,0,1,0,0,0.4166666666666667,0
6629,2024-07-11 06:00,458689486.0,0,0,0,0,0.0,0
6630,2024-07-11 07:00,525807615.0,0,1,0,0,0.4166666666666667,0
6631,2024-07-11 08:00,603369353.0,0,1,0,0,0.4166666666666667,0
6632,2024-07-11 09:00,676104116.0,0,1,0,0,0.4166666666666667,0
6633,2024-07-11 10:00,457257061.0,0,0,0,0,0.0,0
6634,2024-07-11 11:00,442314395.0,0,0,0,0,0.0,0
6635,2024-07-11 12:00,329129332.0,0,0,0,0,0.0,0
6636,2024-07-11 13:00,409818608.0,0,0,0,0,0.0,0
6637,2024-07-11 14:00,487248735.0,0,0,0,0,0.0,0
6638,2024-07-11 15:00,259531011.0,0,0,0,0,0.0,0
6639,2024-07-11 16:00,572312811.0,0,1,0,0,0.4166666666666667,0
6640,2024-07-11 17:00,700559473.0,0,1,0,0,0.4166666666666667,0
6641,2024-07-11 18:00,196066112.0,0,0,0,0,0.0,0
6642,2024-07-11 19:00,281862225.0,0,0,0,0,0.0,0
6643,2024-07-11 20:00,180431735.0,0,0,0,0,0.0,0
6644,2024-07-11 21:00,177191755.0,0,0,0,0,0.0,0
6645,2024-07-11 22:00,92916448.0,0,1,0,0,0.4166666666666667,0
6646,2024-07-11 23:00,161394755.0,0,0,0,0,0.0,0
6647,2024-07-12 00:00,120470243.0,0,1,0,0,0.4166666666666667,0
6648,2024-07-12 01:00,62615365.0,0,1,0,0,0.4166666666666667,0
6649,2024-07-12 02:00,416860942.0,0,0,0,0,0.0,0
6650,2024-07-12 03:00,1307229274.0,0,1,0,0,0.4166666666666667,0
6651,2024-07-12 04:00,2239697847.0,0,1,0,1,0.6041666666666667,0
6652,2024-07-12 05:00,598973666.0,0,1,0,0,0.4166666666666667,0
6653,2024-07-12 06:00,640709404.0,0,1,0,0,0.4166666666666667,0
6654,2024-07-12 07:00,577166293.0,0,0,0,0,0.0,0
6655,2024-07-12 08:00,1854867719.0,0,1,0,0,0.4166666666666667,0
6656,2024-07-12 09:00,713242840.0,0,0,0,0,0.0,0
6657,2024-07-12 10:00,436658906.0,0,0,0,0,0.0,0
6658,2024-07-12 11:00,241311202.0,0,0,0,0,0.0,0
6659,2024-07-12 12:00,124866168.0,0,0,0,0,0.0,0
6660,2024-07-12 13:00,321325298.0,0,0,0,0,0.0,0
6661,2024-07-12 14:00,89150078.0,0,0,0,0,0.0,0
6662,2024-07-12 15:00,294813797.0,0,0,0,0,0.0,0
6663,2024-07-12 16:00,284964042.0,0,0,0,0,0.0,0
6664,2024-07-12 17:00,181901627.0,0,0,0,0,0.0,0
6665,2024-07-12 18:00,345130492.0,0,0,0,1,0.1875,0
6666,2024-07-12 19:00,328427020.0,0,0,0,0,0.0,0
6667,2024-07-12 20:00,190934244.0,0,0,0,0,0.0,0
6668,2024-07-12 21:00,398335086.0,0,0,0,0,0.0,0
6669,2024-07-12 22:00,85053314.0,0,0,0,0,0.0,0
6670,2024-07-12 23:00,61598004.0,0,0,0,0,0.0,0
6671,2024-07-13 00:00,66754678.0,1,0,0,0,0.0,0
6672,2024-07-13 01:00,87036770.0,1,0,0,0,0.0,0
6673,2024-07-13 02:00,126443103.0,1,0,0,0,0.0,0
6674,2024-07-13 03:00,249020370.0,1,0,0,0,0.0,0
6675,2024-07-13 04:00,200036406.0,1,0,0,0,0.0,0
6676,2024-07-13 05:00,184598853.0,1,0,0,0,0.0,0
6677,2024-07-13 06:00,404451644.0,1,0,0,0,0.0,0
6678,2024-07-13 07:00,215101961.0,1,0,0,0,0.0,0
6679,2024-07-13 08:00,474239129.0,1,0,0,0,0.0,0
6680,2024-07-13 09:00,270054903.0,1,0,0,0,0.0,0
6681,2024-07-13 10:00,636601436.0,1,1,0,0,0.4166666666666667,0
6682,2024-07-13 11:00,557858837.0,1,0,0,0,0.0,0
6683,2024-07-13 12:00,611361406.0,1,1,0,0,0.4166666666666667,0
6684,2024-07-13 13:00,537892525.0,1,0,0,0,0.0,0
6685,2024-07-13 14:00,329654127.0,1,0,0,0,0.0,0
6686,2024-07-13 15:00,366139122.0,1,0,0,0,0.0,0
6687,2024-07-13 16:00,226231072.0,1,0,0,0,0.0,0
6688,2024-07-13 17:00,281221974.0,1,0,0,0,0.0,0
6689,2024-07-13 18:00,304939723.0,1,0,0,0,0.0,0
6690,2024-07-13 19:00,292570104.0,1,0,0,0,0.0,0
6691,2024-07-13 20:00,719725774.0,1,0,0,0,0.0,0
6692,2024-07-13 21:00,49365122.0,1,1,0,0,0.4166666666666667,0
6693,2024-07-13 22:00,174857939.0,1,0,0,0,0.0,0
6694,2024-07-13 23:00,52485792.0,1,0,0,0,0.0,0
6695,2024-07-14 00:00,93589841.0,1,0,0,0,0.0,0
6696,2024-07-14 01:00,51344616.0,1,0,0,0,0.0,0
6697,2024-07-14 02:00,67652918.0,1,0,0,0,0.0,0
6698,2024-07-14 03:00,247722189.0,1,0,0,0,0.0,0
6699,2024-07-14 04:00,157244763.0,1,0,0,0,0.0,0
6700,2024-07-14 05:00,353323725.0,1,0,0,0,0.0,0
6701,2024-07-14 06:00,592340474.0,1,1,0,0,0.4166666666666667,0
6702,2024-07-14 07:00,802765969.0,1,0,0,0,0.0,0
6703,2024-07-14 08:00,652498551.0,1,1,0,0,0.4166666666666667,0
6704,2024-07-14 09:00,505924394.0,1,0,0,0,0.0,0
6705,2024-07-14 10:00,713334283.0,1,0,0,0,0.0,0
6706,2024-07-14 11:00,328487583.0,1,0,0,0,0.0,0
6707,2024-07-14 12:00,717601119.0,1,0,0,0,0.0,0
6708,2024-07-14 13:00,728679426.0,1,0,0,0,0.0,0
6709,2024-07-14 14:00,356563366.0,1,0,0,0,0.0,0
6710,2024-07-14 15:00,351969284.0,1,0,0,0,0.0,0
6711,2024-07-14 16:00,220927161.0,1,0,0,0,0.0,0
6712,2024-07-14 17:00,313309105.0,1,0,0,0,0.0,0
6713,2024-07-14 18:00,334508024.0,1,0,0,0,0.0,0
6714,2024-07-14 19:00,618062425.0,1,1,0,0,0.4166666666666667,0
6715,2024-07-14 20:00,243506836.0,1,0,0,0,0.0,0
6716,2024-07-14 21:00,251783627.0,1,0,0,0,0.0,0
