index,timestamp,value,is_weekend_or_holiday,signal_earthgeckoSkyline,signal_echoStateNetwork,signal_bayesChangePt,cwde_score,cwde_alert
0,2023-10-09 00:00,6701.0,0,0,0,0,0.0,0
1,2023-10-09 01:00,9398.0,0,0,0,0,0.0,0
2,2023-10-09 02:00,15859.0,0,0,0,0,0.0,0
3,2023-10-09 03:00,19217.0,0,0,0,0,0.0,0
4,2023-10-09 04:00,15196.0,0,0,0,0,0.0,0
5,2023-10-09 05:00,12097.0,0,0,0,0,0.0,0
6,2023-10-09 06:00,11701.0,0,0,0,0,0.0,0
7,2023-10-09 07:00,13549.0,0,0,0,0,0.0,0
8,2023-10-09 08:00,12705.0,0,0,0,0,0.0,0
9,2023-10-09 09:00,13787.0,0,0,0,0,0.0,0
10,2023-10-09 10:00,12764.0,0,0,0,0,0.0,0
11,2023-10-09 11:00,8580.0,0,0,0,0,0.0,0
12,2023-10-09 12:00,7498.0,0,0,1,0,0.375,0
13,2023-10-09 13:00,7420.0,0,0,1,0,0.375,0
14,2023-10-09 14:00,6670.0,0,0,0,0,0.0,0
15,2023-10-09 15:00,6083.0,0,0,0,0,0.0,0
16,2023-10-09 16:00,5883.0,0,0,0,0,0.0,0
17,2023-10-09 17:00,5945.0,0,0,0,0,0.0,0
18,2023-10-09 18:00,6637.0,0,0,0,0,0.0,0
19,2023-10-09 19:00,6000.0,0,0,0,0,0.0,0
20,2023-10-09 20:00,5782.0,0,0,0,0,0.0,0
21,2023-10-09 21:00,5692.0,0,0,0,0,0.0,0
22,2023-10-09 22:00,5447.0,0,0,0,0,0.0,0
23,2023-10-09 23:00,5917.0,0,0,0,0,0.0,0
24,2023-10-10 00:00,5032.0,0,0,0,1,0.16666666666666666,0
25,2023-10-10 01:00,6522.0,0,0,0,0,0.0,0
26,2023-10-10 02:00,11173.0,0,0,0,0,0.0,0
27,2023-10-10 03:00,13211.0,0,0,0,0,0.0,0
28,2023-10-10 04:00,11720.0,0,0,0,0,0.0,0
29,2023-10-10 05:00,11340.0,0,0,0,0,0.0,0
30,2023-10-10 06:00,12034.0,0,0,0,0,0.0,0
31,2023-10-10 07:00,11547.0,0,0,0,0,0.0,0
32,2023-10-10 08:00,12440.0,0,0,0,0,0.0,0
33,2023-10-10 09:00,10982.0,0,0,0,0,0.0,0
34,2023-10-10 10:00,11181.0,0,0,0,0,0.0,0
35,2023-10-10 11:00,7310.0,0,0,0,0,0.0,0
36,2023-10-10 12:00,6274.0,0,0,0,0,0.0,0
37,2023-10-10 13:00,6448.0,0,0,0,0,0.0,0
38,2023-10-10 14:00,5786.0,0,0,0,0,0.0,0
39,2023-10-10 15:00,5967.0,0,0,0,0,0.0,0
40,2023-10-10 16:00,6383.0,0,0,0,0,0.0,0
41,2023-10-10 17:00,6606.0,0,0,0,0,0.0,0
42,2023-10-10 18:00,5630.0,0,0,0,0,0.0,0
43,2023-10-10 19:00,5197.0,0,0,0,0,0.0,0
44,2023-10-10 20:00,6068.0,0,0,0,0,0.0,0
45,2023-10-10 21:00,7023.0,0,0,0,0,0.0,0
46,2023-10-10 22:00,5394.0,0,0,0,0,0.0,0
47,2023-10-10 23:00,5916.0,0,0,0,0,0.0,0
48,2023-10-11 00:00,6695.0,0,0,0,0,0.0,0
49,2023-10-11 01:00,7303.0,0,0,0,0,0.0,0
50,2023-10-11 02:00,12259.0,0,0,0,0,0.0,0
51,2023-10-11 03:00,17481.0,0,0,0,0,0.0,0
52,2023-10-11 04:00,12546.0,0,0,0,0,0.0,0
53,2023-10-11 05:00,12997.0,0,0,0,0,0.0,0
54,2023-10-11 06:00,11093.0,0,0,0,0,0.0,0
55,2023-10-11 07:00,11836.0,0,0,0,0,0.0,0
56,2023-10-11 08:00,12357.0,0,0,0,0,0.0,0
57,2023-10-11 09:00,11330.0,0,0,0,0,0.0,0
58,2023-10-11 10:00,11076.0,0,0,0,0,0.0,0
59,2023-10-11 11:00,7808.0,0,0,0,0,0.0,0
60,2023-10-11 12:00,7439.0,0,0,0,0,0.0,0
61,2023-10-11 13:00,7839.0,0,0,0,0,0.0,0
62,2023-10-11 14:00,7093.0,0,0,0,0,0.0,0
63,2023-10-11 15:00,7751.0,0,0,0,0,0.0,0
64,2023-10-11 16:00,7113.0,0,0,0,0,0.0,0
65,2023-10-11 17:00,8402.0,0,0,0,0,0.0,0
66,2023-10-11 18:00,8026.0,0,0,0,0,0.0,0
67,2023-10-11 19:00,7801.0,0,0,0,0,0.0,0
68,2023-10-11 20:00,7030.0,0,0,0,0,0.0,0
69,2023-10-11 21:00,5838.0,0,0,0,0,0.0,0
70,2023-10-11 22:00,5916.0,0,0,0,0,0.0,0
71,2023-10-11 23:00,6458.0,0,0,0,0,0.0,0
72,2023-10-12 00:00,6747.0,0,0,0,0,0.0,0
73,2023-10-12 01:00,8825.0,0,0,0,0,0.0,0
74,2023-10-12 02:00,14037.0,0,0,0,0,0.0,0
75,2023-10-12 03:00,16133.0,0,0,0,0,0.0,0
76,2023-10-12 04:00,13617.0,0,0,0,0,0.0,0
77,2023-10-12 05:00,23289.0,0,0,1,0,0.375,0
78,2023-10-12 06:00,12882.0,0,0,0,0,0.0,0
79,2023-10-12 07:00,13921.0,0,0,0,0,0.0,0
80,2023-10-12 08:00,14484.0,0,0,0,0,0.0,0
81,2023-10-12 09:00,12699.0,0,0,0,0,0.0,0
82,2023-10-12 10:00,12522.0,0,0,0,0,0.0,0
83,2023-10-12 11:00,9371.0,0,0,0,0,0.0,0
84,2023-10-12 12:00,9255.0,0,0,0,0,0.0,0
85,2023-10-12 13:00,7422.0,0,0,0,0,0.0,0
86,2023-10-12 14:00,7653.0,0,0,0,0,0.0,0
87,2023-10-12 15:00,9174.0,0,0,0,0,0.0,0
88,2023-10-12 16:00,8898.0,0,0,0,0,0.0,0
89,2023-10-12 17:00,7707.0,0,0,0,0,0.0,0
90,2023-10-12 18:00,7330.0,0,0,0,0,0.0,0
91,2023-10-12 19:00,5751.0,0,0,0,0,0.0,0
92,2023-10-12 20:00,5916.0,0,0,0,0,0.0,0
93,2023-10-12 21:00,4816.0,0,0,0,0,0.0,0
94,2023-10-12 22:00,6448.0,0,0,0,0,0.0,0
95,2023-10-12 23:00,5156.0,0,0,0,0,0.0,0
96,2023-10-13 00:00,6760.0,0,0,0,0,0.0,0
97,2023-10-13 01:00,7347.0,0,0,0,0,0.0,0
98,2023-10-13 02:00,12812.0,0,0,0,0,0.0,0
99,2023-10-13 03:00,16765.0,0,0,0,0,0.0,0
100,2023-10-13 04:00,14809.0,0,0,0,0,0.0,0
101,2023-10-13 05:00,12747.0,0,0,0,0,0.0,0
102,2023-10-13 06:00,13239.0,0,0,0,0,0.0,0
103,2023-10-13 07:00,12057.0,0,0,0,0,0.0,0
104,2023-10-13 08:00,13289.0,0,0,0,0,0.0,0
105,2023-10-13 09:00,14214.0,0,0,0,0,0.0,0
106,2023-10-13 10:00,12499.0,0,0,0,0,0.0,0
107,2023-10-13 11:00,10425.0,0,0,0,0,0.0,0
108,2023-10-13 12:00,8402.0,0,0,0,0,0.0,0
109,2023-10-13 13:00,7834.0,0,0,0,0,0.0,0
110,2023-10-13 14:00,8209.0,0,0,0,0,0.0,0
111,2023-10-13 15:00,8856.0,0,0,0,0,0.0,0
112,2023-10-13 16:00,7536.0,0,0,0,0,0.0,0
113,2023-10-13 17:00,6895.0,0,0,0,0,0.0,0
114,2023-10-13 18:00,7687.0,0,0,0,0,0.0,0
115,2023-10-13 19:00,7633.0,0,0,0,0,0.0,0
116,2023-10-13 20:00,6799.0,0,0,0,0,0.0,0
117,2023-10-13 21:00,4994.0,0,0,0,0,0.0,0
118,2023-10-13 22:00,4936.0,0,0,0,0,0.0,0
119,2023-10-13 23:00,4706.0,0,0,0,0,0.0,0
120,2023-10-14 00:00,5655.0,1,0,0,0,0.0,0
121,2023-10-14 01:00,6598.0,1,0,0,0,0.0,0
122,2023-10-14 02:00,5610.0,1,0,0,0,0.0,0
123,2023-10-14 03:00,7270.0,1,0,0,0,0.0,0
124,2023-10-14 04:00,6429.0,1,0,0,0,0.0,0
125,2023-10-14 05:00,7192.0,1,0,0,0,0.0,0
126,2023-10-14 06:00,7927.0,1,0,0,0,0.0,0
127,2023-10-14 07:00,7672.0,1,0,0,0,0.0,0
128,2023-10-14 08:00,7729.0,1,0,0,0,0.0,0
129,2023-10-14 09:00,8170.0,1,0,0,0,0.0,0
130,2023-10-14 10:00,7957.0,1,0,0,0,0.0,0
131,2023-10-14 11:00,7870.0,1,0,0,0,0.0,0
132,2023-10-14 12:00,7697.0,1,0,0,0,0.0,0
133,2023-10-14 13:00,7272.0,1,0,0,0,0.0,0
134,2023-10-14 14:00,7570.0,1,0,0,1,0.16666666666666666,0
135,2023-10-14 15:00,8457.0,1,0,0,0,0.0,0
136,2023-10-14 16:00,7841.0,1,0,0,0,0.0,0
137,2023-10-14 17:00,7551.0,1,0,0,0,0.0,0
138,2023-10-14 18:00,8025.0,1,0,0,0,0.0,0
139,2023-10-14 19:00,8508.0,1,0,1,0,0.375,0
140,2023-10-14 20:00,8643.0,1,0,1,0,0.375,0
141,2023-10-14 21:00,7070.0,1,0,0,0,0.0,0
142,2023-10-14 22:00,6411.0,1,0,0,0,0.0,0
143,2023-10-14 23:00,6378.0,1,0,0,0,0.0,0
144,2023-10-15 00:00,6060.0,1,0,0,0,0.0,0
145,2023-10-15 01:00,7213.0,1,0,0,0,0.0,0
146,2023-10-15 02:00,8769.0,1,0,1,0,0.375,0
147,2023-10-15 03:00,9552.0,1,0,0,0,0.0,0
148,2023-10-15 04:00,9628.0,1,0,0,0,0.0,0
149,2023-10-15 05:00,10286.0,1,0,0,0,0.0,0
150,2023-10-15 06:00,10341.0,1,0,0,0,0.0,0
151,2023-10-15 07:00,10446.0,1,0,0,0,0.0,0
152,2023-10-15 08:00,10352.0,1,0,0,0,0.0,0
153,2023-10-15 09:00,10830.0,1,0,0,0,0.0,0
154,2023-10-15 10:00,10393.0,1,0,0,0,0.0,0
155,2023-10-15 11:00,11627.0,1,0,0,0,0.0,0
156,2023-10-15 12:00,10078.0,1,0,0,0,0.0,0
157,2023-10-15 13:00,9344.0,1,0,0,0,0.0,0
158,2023-10-15 14:00,8268.0,1,0,0,0,0.0,0
159,2023-10-15 15:00,9311.0,1,0,0,0,0.0,0
160,2023-10-15 16:00,8074.0,1,0,0,0,0.0,0
161,2023-10-15 17:00,8366.0,1,0,0,0,0.0,0
162,2023-10-15 18:00,7704.0,1,0,0,0,0.0,0
163,2023-10-15 19:00,7813.0,1,0,0,0,0.0,0
164,2023-10-15 20:00,8413.0,1,0,0,0,0.0,0
165,2023-10-15 21:00,7459.0,1,0,0,0,0.0,0
166,2023-10-15 22:00,6626.0,1,0,0,0,0.0,0
167,2023-10-15 23:00,6583.0,1,0,0,0,0.0,0
168,2023-10-16 00:00,6874.0,0,0,0,0,0.0,0
169,2023-10-16 01:00,9077.0,0,0,0,0,0.0,0
170,2023-10-16 02:00,15398.0,0,0,1,0,0.375,0
171,2023-10-16 03:00,21576.0,0,0,1,1,0.5416666666666666,0
172,2023-10-16 04:00,15641.0,0,0,1,0,0.375,0
173,2023-10-16 05:00,14342.0,0,0,1,0,0.375,0
174,2023-10-16 06:00,12885.0,0,0,0,0,0.0,0
175,2023-10-16 07:00,13650.0,0,0,0,0,0.0,0
176,2023-10-16 08:00,14709.0,0,0,1,0,0.375,0
177,2023-10-16 09:00,13065.0,0,0,0,0,0.0,0
178,2023-10-16 10:00,12403.0,0,0,0,0,0.0,0
179,2023-10-16 11:00,8739.0,0,0,0,0,0.0,0
180,2023-10-16 12:00,8661.0,0,0,0,0,0.0,0
181,2023-10-16 13:00,7011.0,0,0,0,0,0.0,0
182,2023-10-16 14:00,8021.0,0,0,0,0,0.0,0
183,2023-10-16 15:00,7878.0,0,0,0,0,0.0,0
184,2023-10-16 16:00,8378.0,0,0,0,0,0.0,0
185,2023-10-16 17:00,8572.0,0,0,0,0,0.0,0
186,2023-10-16 18:00,8184.0,0,0,0,0,0.0,0
187,2023-10-16 19:00,8648.0,0,0,0,0,0.0,0
188,2023-10-16 20:00,7650.0,0,0,0,0,0.0,0
189,2023-10-16 21:00,7194.0,0,0,0,0,0.0,0
190,2023-10-16 22:00,6088.0,0,0,0,0,0.0,0
191,2023-10-16 23:00,6177.0,0,0,0,0,0.0,0
192,2023-10-17 00:00,6945.0,0,0,0,0,0.0,0
193,2023-10-17 01:00,9058.0,0,0,1,0,0.375,0
194,2023-10-17 02:00,14299.0,0,0,1,0,0.375,0
195,2023-10-17 03:00,18013.0,0,0,1,0,0.375,0
196,2023-10-17 04:00,15432.0,0,0,1,0,0.375,0
197,2023-10-17 05:00,14209.0,0,0,1,0,0.375,0
198,2023-10-17 06:00,14661.0,0,0,1,1,0.5416666666666666,0
199,2023-10-17 07:00,13585.0,0,0,0,0,0.0,0
200,2023-10-17 08:00,13370.0,0,0,0,0,0.0,0
201,2023-10-17 09:00,13037.0,0,0,0,0,0.0,0
202,2023-10-17 10:00,11869.0,0,0,0,0,0.0,0
203,2023-10-17 11:00,8185.0,0,0,0,0,0.0,0
204,2023-10-17 12:00,8001.0,0,0,0,0,0.0,0
205,2023-10-17 13:00,5893.0,0,0,0,0,0.0,0
206,2023-10-17 14:00,5085.0,0,0,0,0,0.0,0
207,2023-10-17 15:00,5438.0,0,0,0,0,0.0,0
208,2023-10-17 16:00,5209.0,0,0,0,0,0.0,0
209,2023-10-17 17:00,5115.0,0,0,0,0,0.0,0
210,2023-10-17 18:00,4540.0,0,0,1,0,0.375,0
211,2023-10-17 19:00,5092.0,0,0,0,0,0.0,0
212,2023-10-17 20:00,4706.0,0,0,0,0,0.0,0
213,2023-10-17 21:00,4544.0,0,0,0,0,0.0,0
214,2023-10-17 22:00,4390.0,0,0,0,1,0.16666666666666666,0
215,2023-10-17 23:00,4290.0,0,0,0,0,0.0,0
216,2023-10-18 00:00,4020.0,0,0,1,0,0.375,0
217,2023-10-18 01:00,5132.0,0,0,0,0,0.0,0
218,2023-10-18 02:00,8782.0,0,0,0,0,0.0,0
219,2023-10-18 03:00,12255.0,0,0,0,0,0.0,0
220,2023-10-18 04:00,11114.0,0,0,0,0,0.0,0
221,2023-10-18 05:00,10013.0,0,0,0,0,0.0,0
222,2023-10-18 06:00,9858.0,0,0,0,0,0.0,0
223,2023-10-18 07:00,10637.0,0,0,0,0,0.0,0
224,2023-10-18 08:00,8443.0,0,0,0,0,0.0,0
225,2023-10-18 09:00,7772.0,0,0,0,0,0.0,0
226,2023-10-18 10:00,7868.0,0,0,0,0,0.0,0
227,2023-10-18 11:00,5704.0,0,0,0,0,0.0,0
228,2023-10-18 12:00,5865.0,0,0,0,0,0.0,0
229,2023-10-18 13:00,5248.0,0,0,0,0,0.0,0
230,2023-10-18 14:00,5034.0,0,0,0,0,0.0,0
231,2023-10-18 15:00,5014.0,0,0,0,0,0.0,0
232,2023-10-18 16:00,5027.0,0,0,0,0,0.0,0
233,2023-10-18 17:00,4807.0,0,0,0,0,0.0,0
234,2023-10-18 18:00,4829.0,0,0,0,1,0.16666666666666666,0
235,2023-10-18 19:00,4311.0,0,0,0,0,0.0,0
236,2023-10-18 20:00,3996.0,0,0,0,0,0.0,0
237,2023-10-18 21:00,4018.0,0,0,0,0,0.0,0
238,2023-10-18 22:00,4155.0,0,0,0,0,0.0,0
239,2023-10-18 23:00,3802.0,0,0,0,0,0.0,0
240,2023-10-19 00:00,3737.0,0,0,0,0,0.0,0
241,2023-10-19 01:00,4804.0,0,0,0,1,0.16666666666666666,0
242,2023-10-19 02:00,8248.0,0,0,1,0,0.375,0
243,2023-10-19 03:00,10996.0,0,0,0,0,0.0,0
244,2023-10-19 04:00,10032.0,0,0,0,0,0.0,0
245,2023-10-19 05:00,9031.0,0,0,0,0,0.0,0
246,2023-10-19 06:00,8031.0,0,0,1,0,0.375,0
247,2023-10-19 07:00,8881.0,0,0,1,0,0.375,0
248,2023-10-19 08:00,9567.0,0,0,0,0,0.0,0
249,2023-10-19 09:00,10931.0,0,0,0,0,0.0,0
250,2023-10-19 10:00,8462.0,0,0,1,0,0.375,0
251,2023-10-19 11:00,6197.0,0,0,0,0,0.0,0
252,2023-10-19 12:00,6314.0,0,0,0,0,0.0,0
253,2023-10-19 13:00,6728.0,0,0,0,0,0.0,0
254,2023-10-19 14:00,6360.0,0,0,0,0,0.0,0
255,2023-10-19 15:00,5809.0,0,0,0,0,0.0,0
256,2023-10-19 16:00,6212.0,0,0,0,0,0.0,0
257,2023-10-19 17:00,5540.0,0,0,0,0,0.0,0
258,2023-10-19 18:00,5197.0,0,0,0,0,0.0,0
259,2023-10-19 19:00,5069.0,0,0,0,0,0.0,0
260,2023-10-19 20:00,4974.0,0,0,0,0,0.0,0
261,2023-10-19 21:00,4744.0,0,0,0,0,0.0,0
262,2023-10-19 22:00,3824.0,0,0,0,0,0.0,0
263,2023-10-19 23:00,3512.0,0,0,0,0,0.0,0
264,2023-10-20 00:00,3911.0,0,0,0,0,0.0,0
265,2023-10-20 01:00,5538.0,0,0,0,0,0.0,0
266,2023-10-20 02:00,9836.0,0,0,0,0,0.0,0
267,2023-10-20 03:00,12434.0,0,0,0,0,0.0,0
268,2023-10-20 04:00,10006.0,0,0,0,0,0.0,0
269,2023-10-20 05:00,10639.0,0,0,0,0,0.0,0
270,2023-10-20 06:00,9684.0,0,0,0,0,0.0,0
271,2023-10-20 07:00,9151.0,0,0,1,0,0.375,0
272,2023-10-20 08:00,10132.0,0,0,0,0,0.0,0
273,2023-10-20 09:00,9784.0,0,0,0,0,0.0,0
274,2023-10-20 10:00,7698.0,0,0,1,0,0.375,0
275,2023-10-20 11:00,6155.0,0,0,0,0,0.0,0
276,2023-10-20 12:00,5367.0,0,0,0,0,0.0,0
277,2023-10-20 13:00,4974.0,0,0,0,0,0.0,0
278,2023-10-20 14:00,5088.0,0,0,0,0,0.0,0
279,2023-10-20 15:00,5210.0,0,0,0,0,0.0,0
280,2023-10-20 16:00,4940.0,0,0,0,0,0.0,0
281,2023-10-20 17:00,4957.0,0,0,0,0,0.0,0
282,2023-10-20 18:00,5088.0,0,0,0,0,0.0,0
283,2023-10-20 19:00,4876.0,0,0,0,0,0.0,0
284,2023-10-20 20:00,4272.0,0,0,0,0,0.0,0
285,2023-10-20 21:00,4061.0,0,0,0,0,0.0,0
286,2023-10-20 22:00,3825.0,0,0,0,0,0.0,0
287,2023-10-20 23:00,3799.0,0,0,0,0,0.0,0
288,2023-10-21 00:00,3735.0,1,0,0,0,0.0,0
289,2023-10-21 01:00,4551.0,1,0,0,0,0.0,0
290,2023-10-21 02:00,5422.0,1,0,0,0,0.0,0
291,2023-10-21 03:00,5052.0,1,0,0,0,0.0,0
292,2023-10-21 04:00,5698.0,1,0,0,0,0.0,0
293,2023-10-21 05:00,5283.0,1,0,0,0,0.0,0
294,2023-10-21 06:00,5534.0,1,0,0,0,0.0,0
295,2023-10-21 07:00,5918.0,1,0,0,0,0.0,0
296,2023-10-21 08:00,4770.0,1,0,0,0,0.0,0
297,2023-10-21 09:00,5605.0,1,0,0,0,0.0,0
298,2023-10-21 10:00,5833.0,1,0,0,0,0.0,0
299,2023-10-21 11:00,5747.0,1,0,0,1,0.16666666666666666,0
300,2023-10-21 12:00,5032.0,1,0,0,0,0.0,0
301,2023-10-21 13:00,5185.0,1,0,0,0,0.0,0
302,2023-10-21 14:00,5795.0,1,0,0,0,0.0,0
303,2023-10-21 15:00,6624.0,1,0,1,0,0.375,0
304,2023-10-21 16:00,7998.0,1,0,1,0,0.375,0
305,2023-10-21 17:00,8044.0,1,0,1,0,0.375,0
306,2023-10-21 18:00,6709.0,1,0,1,0,0.375,0
307,2023-10-21 19:00,5923.0,1,0,0,0,0.0,0
308,2023-10-21 20:00,5236.0,1,0,0,0,0.0,0
309,2023-10-21 21:00,5145.0,1,0,0,0,0.0,0
310,2023-10-21 22:00,4709.0,1,0,0,1,0.16666666666666666,0
311,2023-10-21 23:00,4389.0,1,0,0,0,0.0,0
312,2023-10-22 00:00,4522.0,1,0,0,0,0.0,0
313,2023-10-22 01:00,5479.0,1,0,0,0,0.0,0
314,2023-10-22 02:00,7011.0,1,0,1,0,0.375,0
315,2023-10-22 03:00,7254.0,1,0,1,0,0.375,0
316,2023-10-22 04:00,7165.0,1,0,1,0,0.375,0
317,2023-10-22 05:00,7136.0,1,0,1,0,0.375,0
318,2023-10-22 06:00,7479.0,1,0,1,0,0.375,0
319,2023-10-22 07:00,7021.0,1,0,1,0,0.375,0
320,2023-10-22 08:00,7343.0,1,0,1,0,0.375,0
321,2023-10-22 09:00,7036.0,1,0,1,0,0.375,0
322,2023-10-22 10:00,6355.0,1,0,0,0,0.0,0
323,2023-10-22 11:00,7242.0,1,0,1,0,0.375,0
324,2023-10-22 12:00,5884.0,1,0,0,0,0.0,0
325,2023-10-22 13:00,6141.0,1,0,0,0,0.0,0
326,2023-10-22 14:00,6612.0,1,0,1,1,0.5416666666666666,0
327,2023-10-22 15:00,6326.0,1,0,0,0,0.0,0
328,2023-10-22 16:00,6243.0,1,0,0,0,0.0,0
329,2023-10-22 17:00,6333.0,1,0,0,0,0.0,0
330,2023-10-22 18:00,6267.0,1,0,0,0,0.0,0
331,2023-10-22 19:00,6029.0,1,0,0,0,0.0,0
332,2023-10-22 20:00,4829.0,1,0,0,0,0.0,0
333,2023-10-22 21:00,4904.0,1,0,0,0,0.0,0
334,2023-10-22 22:00,4604.0,1,0,0,0,0.0,0
335,2023-10-22 23:00,4065.0,1,0,0,0,0.0,0
336,2023-10-23 00:00,5343.0,0,0,0,0,0.0,0
337,2023-10-23 01:00,7136.0,0,0,1,0,0.375,0
338,2023-10-23 02:00,13330.0,0,0,1,0,0.375,0
339,2023-10-23 03:00,17307.0,0,0,1,1,0.5416666666666666,0
340,2023-10-23 04:00,14661.0,0,0,1,0,0.375,0
341,2023-10-23 05:00,11918.0,0,0,1,0,0.375,0
342,2023-10-23 06:00,11254.0,0,0,0,0,0.0,0
343,2023-10-23 07:00,11664.0,0,0,0,0,0.0,0
344,2023-10-23 08:00,10559.0,0,0,0,0,0.0,0
345,2023-10-23 09:00,9719.0,0,0,0,0,0.0,0
346,2023-10-23 10:00,8636.0,0,0,0,0,0.0,0
347,2023-10-23 11:00,6732.0,0,0,0,0,0.0,0
348,2023-10-23 12:00,5759.0,0,0,0,0,0.0,0
349,2023-10-23 13:00,5670.0,0,0,0,0,0.0,0
350,2023-10-23 14:00,5848.0,0,0,0,0,0.0,0
351,2023-10-23 15:00,6591.0,0,0,0,0,0.0,0
352,2023-10-23 16:00,5950.0,0,0,0,0,0.0,0
353,2023-10-23 17:00,6387.0,0,0,0,0,0.0,0
354,2023-10-23 18:00,6209.0,0,0,0,0,0.0,0
355,2023-10-23 19:00,6065.0,0,0,0,0,0.0,0
356,2023-10-23 20:00,5888.0,0,0,0,0,0.0,0
357,2023-10-23 21:00,6287.0,0,0,0,0,0.0,0
358,2023-10-23 22:00,5220.0,0,0,0,0,0.0,0
359,2023-10-23 23:00,5409.0,0,0,0,0,0.0,0
360,2023-10-24 00:00,5747.0,0,0,0,1,0.16666666666666666,0
361,2023-10-24 01:00,6694.0,0,0,0,0,0.0,0
362,2023-10-24 02:00,12232.0,0,0,1,0,0.375,0
363,2023-10-24 03:00,17189.0,0,0,1,0,0.375,0
364,2023-10-24 04:00,13816.0,0,0,1,0,0.375,0
365,2023-10-24 05:00,13796.0,0,0,1,0,0.375,0
366,2023-10-24 06:00,11750.0,0,0,0,0,0.0,0
367,2023-10-24 07:00,12352.0,0,0,1,0,0.375,0
368,2023-10-24 08:00,11514.0,0,0,0,0,0.0,0
369,2023-10-24 09:00,12877.0,0,0,1,0,0.375,0
370,2023-10-24 10:00,11051.0,0,0,0,0,0.0,0
371,2023-10-24 11:00,8165.0,0,0,0,0,0.0,0
372,2023-10-24 12:00,6837.0,0,0,0,0,0.0,0
373,2023-10-24 13:00,7006.0,0,0,0,0,0.0,0
374,2023-10-24 14:00,6828.0,0,0,0,0,0.0,0
375,2023-10-24 15:00,7746.0,0,0,1,0,0.375,0
376,2023-10-24 16:00,8718.0,0,0,0,0,0.0,0
377,2023-10-24 17:00,8321.0,0,0,0,0,0.0,0
378,2023-10-24 18:00,7011.0,0,0,0,0,0.0,0
379,2023-10-24 19:00,6297.0,0,0,0,0,0.0,0
380,2023-10-24 20:00,6189.0,0,0,0,0,0.0,0
381,2023-10-24 21:00,5599.0,0,0,0,0,0.0,0
382,2023-10-24 22:00,5445.0,0,0,0,0,0.0,0
383,2023-10-24 23:00,4797.0,0,0,0,0,0.0,0
384,2023-10-25 00:00,4990.0,0,0,0,0,0.0,0
385,2023-10-25 01:00,6406.0,0,0,0,0,0.0,0
386,2023-10-25 02:00,10713.0,0,0,0,0,0.0,0
387,2023-10-25 03:00,13722.0,0,0,1,0,0.375,0
388,2023-10-25 04:00,11804.0,0,0,0,0,0.0,0
389,2023-10-25 05:00,11015.0,0,0,0,0,0.0,0
390,2023-10-25 06:00,11232.0,0,0,0,0,0.0,0
391,2023-10-25 07:00,12289.0,0,0,1,0,0.375,0
392,2023-10-25 08:00,12035.0,0,0,0,0,0.0,0
393,2023-10-25 09:00,11075.0,0,0,0,0,0.0,0
394,2023-10-25 10:00,10589.0,0,0,0,0,0.0,0
395,2023-10-25 11:00,7444.0,0,0,0,0,0.0,0
396,2023-10-25 12:00,7271.0,0,0,0,0,0.0,0
397,2023-10-25 13:00,6940.0,0,0,0,0,0.0,0
398,2023-10-25 14:00,6221.0,0,0,0,0,0.0,0
399,2023-10-25 15:00,7318.0,0,0,0,0,0.0,0
400,2023-10-25 16:00,8074.0,0,0,0,0,0.0,0
401,2023-10-25 17:00,7589.0,0,0,0,0,0.0,0
402,2023-10-25 18:00,8547.0,0,0,0,0,0.0,0
403,2023-10-25 19:00,8546.0,0,0,0,0,0.0,0
404,2023-10-25 20:00,8026.0,0,0,0,0,0.0,0
405,2023-10-25 21:00,7531.0,0,0,0,0,0.0,0
406,2023-10-25 22:00,6589.0,0,0,0,0,0.0,0
407,2023-10-25 23:00,5442.0,0,0,0,0,0.0,0
408,2023-10-26 00:00,6256.0,0,0,0,0,0.0,0
409,2023-10-26 01:00,8371.0,0,0,0,0,0.0,0
410,2023-10-26 02:00,14986.0,0,0,1,0,0.375,0
411,2023-10-26 03:00,17111.0,0,0,1,0,0.375,0
412,2023-10-26 04:00,14049.0,0,0,1,0,0.375,0
413,2023-10-26 05:00,13258.0,0,0,1,0,0.375,0
414,2023-10-26 06:00,13105.0,0,0,1,0,0.375,0
415,2023-10-26 07:00,13588.0,0,0,1,0,0.375,0
416,2023-10-26 08:00,13218.0,0,0,1,0,0.375,0
417,2023-10-26 09:00,13053.0,0,0,0,0,0.0,0
418,2023-10-26 10:00,13514.0,0,0,1,0,0.375,0
419,2023-10-26 11:00,8954.0,0,0,0,0,0.0,0
420,2023-10-26 12:00,7605.0,0,0,0,0,0.0,0
421,2023-10-26 13:00,8171.0,0,0,0,0,0.0,0
422,2023-10-26 14:00,7623.0,0,0,0,0,0.0,0
423,2023-10-26 15:00,8629.0,0,0,0,0,0.0,0
424,2023-10-26 16:00,7900.0,0,0,0,0,0.0,0
425,2023-10-26 17:00,8500.0,0,0,0,0,0.0,0
426,2023-10-26 18:00,7530.0,0,0,0,0,0.0,0
427,2023-10-26 19:00,6808.0,0,0,0,0,0.0,0
428,2023-10-26 20:00,6855.0,0,0,0,0,0.0,0
429,2023-10-26 21:00,7164.0,0,0,0,0,0.0,0
430,2023-10-26 22:00,6121.0,0,0,0,0,0.0,0
431,2023-10-26 23:00,6324.0,0,0,0,0,0.0,0
432,2023-10-27 00:00,6346.0,0,0,0,0,0.0,0
433,2023-10-27 01:00,7704.0,0,0,0,0,0.0,0
434,2023-10-27 02:00,12917.0,0,0,0,0,0.0,0
435,2023-10-27 03:00,15817.0,0,0,1,0,0.375,0
436,2023-10-27 04:00,15033.0,0,0,1,0,0.375,0
437,2023-10-27 05:00,13895.0,0,0,1,0,0.375,0
438,2023-10-27 06:00,12327.0,0,0,0,0,0.0,0
439,2023-10-27 07:00,14428.0,0,0,1,0,0.375,0
440,2023-10-27 08:00,13498.0,0,0,1,0,0.375,0
441,2023-10-27 09:00,13901.0,0,0,1,0,0.375,0
442,2023-10-27 10:00,12197.0,0,0,0,0,0.0,0
443,2023-10-27 11:00,8426.0,0,0,0,0,0.0,0
444,2023-10-27 12:00,7283.0,0,0,0,0,0.0,0
445,2023-10-27 13:00,7433.0,0,0,0,0,0.0,0
446,2023-10-27 14:00,7655.0,0,0,0,0,0.0,0
447,2023-10-27 15:00,7721.0,0,0,0,0,0.0,0
448,2023-10-27 16:00,7065.0,0,0,0,0,0.0,0
449,2023-10-27 17:00,7039.0,0,0,0,0,0.0,0
450,2023-10-27 18:00,7464.0,0,0,0,0,0.0,0
451,2023-10-27 19:00,7235.0,0,0,0,0,0.0,0
452,2023-10-27 20:00,6731.0,0,0,0,0,0.0,0
453,2023-10-27 21:00,6541.0,0,0,0,0,0.0,0
454,2023-10-27 22:00,6253.0,0,0,0,0,0.0,0
455,2023-10-27 23:00,6034.0,0,0,0,0,0.0,0
456,2023-10-28 00:00,5739.0,1,0,0,0,0.0,0
457,2023-10-28 01:00,6307.0,1,0,0,0,0.0,0
458,2023-10-28 02:00,7548.0,1,0,0,0,0.0,0
459,2023-10-28 03:00,8387.0,1,0,0,0,0.0,0
460,2023-10-28 04:00,8444.0,1,0,0,0,0.0,0
461,2023-10-28 05:00,8533.0,1,0,0,0,0.0,0
462,2023-10-28 06:00,8694.0,1,0,0,0,0.0,0
463,2023-10-28 07:00,7749.0,1,0,0,0,0.0,0
464,2023-10-28 08:00,8703.0,1,0,0,0,0.0,0
465,2023-10-28 09:00,9161.0,1,0,0,0,0.0,0
466,2023-10-28 10:00,9134.0,1,0,0,0,0.0,0
467,2023-10-28 11:00,8786.0,1,0,0,0,0.0,0
468,2023-10-28 12:00,9123.0,1,0,0,0,0.0,0
469,2023-10-28 13:00,8366.0,1,0,0,0,0.0,0
470,2023-10-28 14:00,7227.0,1,0,0,0,0.0,0
471,2023-10-28 15:00,6874.0,1,0,0,0,0.0,0
472,2023-10-28 16:00,7494.0,1,0,0,0,0.0,0
473,2023-10-28 17:00,8873.0,1,0,0,0,0.0,0
474,2023-10-28 18:00,8675.0,1,0,0,0,0.0,0
475,2023-10-28 19:00,8394.0,1,0,0,0,0.0,0
476,2023-10-28 20:00,7235.0,1,0,0,1,0.16666666666666666,0
477,2023-10-28 21:00,6653.0,1,0,0,0,0.0,0
478,2023-10-28 22:00,6207.0,1,0,0,0,0.0,0
479,2023-10-28 23:00,6659.0,1,0,0,0,0.0,0
480,2023-10-29 01:00,6971.0,1,0,0,0,0.0,0
481,2023-10-29 02:00,7055.0,1,0,0,0,0.0,0
482,2023-10-29 03:00,9152.0,1,0,0,0,0.0,0
483,2023-10-29 04:00,9254.0,1,0,0,0,0.0,0
484,2023-10-29 05:00,9999.0,1,0,0,0,0.0,0
485,2023-10-29 06:00,10027.0,1,0,0,0,0.0,0
486,2023-10-29 07:00,9508.0,1,0,0,0,0.0,0
487,2023-10-29 08:00,8660.0,1,0,0,0,0.0,0
488,2023-10-29 09:00,9480.0,1,0,0,0,0.0,0
489,2023-10-29 10:00,9185.0,1,0,0,0,0.0,0
490,2023-10-29 11:00,8108.0,1,0,0,0,0.0,0
491,2023-10-29 12:00,7919.0,1,0,0,0,0.0,0
492,2023-10-29 13:00,8703.0,1,0,0,0,0.0,0
493,2023-10-29 14:00,8923.0,1,0,0,0,0.0,0
494,2023-10-29 15:00,7929.0,1,0,0,0,0.0,0
495,2023-10-29 16:00,7090.0,1,0,0,0,0.0,0
496,2023-10-29 17:00,7433.0,1,0,0,0,0.0,0
497,2023-10-29 18:00,7427.0,1,0,0,0,0.0,0
498,2023-10-29 19:00,7388.0,1,0,0,0,0.0,0
499,2023-10-29 20:00,6882.0,1,0,0,0,0.0,0
500,2023-10-29 21:00,6743.0,1,0,0,0,0.0,0
501,2023-10-29 22:00,6478.0,1,0,0,0,0.0,0
502,2023-10-29 23:00,6537.0,1,0,0,0,0.0,0
503,2023-10-30 00:00,6947.0,0,0,0,0,0.0,0
504,2023-10-30 01:00,6616.0,0,0,0,0,0.0,0
505,2023-10-30 02:00,7074.0,0,0,0,0,0.0,0
506,2023-10-30 03:00,8659.0,0,0,0,0,0.0,0
507,2023-10-30 04:00,16042.0,0,0,1,1,0.5416666666666666,0
508,2023-10-30 05:00,20727.0,0,0,1,0,0.375,0
509,2023-10-30 06:00,15520.0,0,0,1,0,0.375,0
510,2023-10-30 07:00,13839.0,0,0,1,0,0.375,0
511,2023-10-30 08:00,13048.0,0,0,1,0,0.375,0
512,2023-10-30 09:00,11995.0,0,0,0,0,0.0,0
513,2023-10-30 10:00,14301.0,0,0,1,0,0.375,0
514,2023-10-30 11:00,13065.0,0,0,1,0,0.375,0
515,2023-10-30 12:00,12370.0,0,0,0,0,0.0,0
516,2023-10-30 13:00,8097.0,0,0,0,0,0.0,0
517,2023-10-30 14:00,6934.0,0,0,0,0,0.0,0
518,2023-10-30 15:00,5993.0,0,0,0,0,0.0,0
519,2023-10-30 16:00,6690.0,0,0,0,0,0.0,0
520,2023-10-30 17:00,6906.0,0,0,0,0,0.0,0
521,2023-10-30 18:00,8321.0,0,0,0,0,0.0,0
522,2023-10-30 19:00,6442.0,0,0,0,0,0.0,0
523,2023-10-30 20:00,6504.0,0,0,0,0,0.0,0
524,2023-10-30 21:00,7148.0,0,0,0,0,0.0,0
525,2023-10-30 22:00,7296.0,0,0,0,0,0.0,0
526,2023-10-30 23:00,6124.0,0,0,0,0,0.0,0
527,2023-10-31 00:00,5667.0,0,0,0,0,0.0,0
528,2023-10-31 01:00,5748.0,0,0,0,1,0.16666666666666666,0
529,2023-10-31 02:00,5795.0,0,0,0,0,0.0,0
530,2023-10-31 03:00,7635.0,0,0,0,0,0.0,0
531,2023-10-31 04:00,13762.0,0,0,1,0,0.375,0
532,2023-10-31 05:00,18163.0,0,0,1,0,0.375,0
533,2023-10-31 06:00,14213.0,0,0,1,0,0.375,0
534,2023-10-31 07:00,12703.0,0,0,0,0,0.0,0
535,2023-10-31 08:00,12590.0,0,0,0,0,0.0,0
536,2023-10-31 09:00,13168.0,0,0,1,0,0.375,0
537,2023-10-31 10:00,15122.0,0,0,1,0,0.375,0
538,2023-10-31 11:00,13071.0,0,0,0,0,0.0,0
539,2023-10-31 12:00,13249.0,0,0,1,0,0.375,0
540,2023-10-31 13:00,8464.0,0,0,0,0,0.0,0
541,2023-10-31 14:00,7522.0,0,0,0,0,0.0,0
542,2023-10-31 15:00,7056.0,0,0,0,0,0.0,0
543,2023-10-31 16:00,7012.0,0,0,0,0,0.0,0
544,2023-10-31 17:00,8114.0,0,0,0,0,0.0,0
545,2023-10-31 18:00,7914.0,0,0,0,0,0.0,0
546,2023-10-31 19:00,7204.0,0,0,0,0,0.0,0
547,2023-10-31 20:00,7891.0,0,0,0,0,0.0,0
548,2023-10-31 21:00,7007.0,0,0,0,0,0.0,0
549,2023-10-31 22:00,8063.0,0,0,0,0,0.0,0
550,2023-10-31 23:00,6793.0,0,0,0,0,0.0,0
551,2023-11-01 00:00,5384.0,0,0,0,0,0.0,0
552,2023-11-01 01:00,4968.0,0,0,0,0,0.0,0
553,2023-11-01 02:00,5100.0,0,0,0,0,0.0,0
554,2023-11-01 03:00,8044.0,0,0,0,0,0.0,0
555,2023-11-01 04:00,12017.0,0,0,0,0,0.0,0
556,2023-11-01 05:00,15089.0,0,0,1,0,0.375,0
557,2023-11-01 06:00,12454.0,0,0,0,0,0.0,0
558,2023-11-01 07:00,10883.0,0,0,0,0,0.0,0
559,2023-11-01 08:00,10939.0,0,0,0,0,0.0,0
560,2023-11-01 09:00,12009.0,0,0,0,0,0.0,0
561,2023-11-01 10:00,13300.0,0,0,0,0,0.0,0
562,2023-11-01 11:00,14004.0,0,0,1,0,0.375,0
563,2023-11-01 12:00,13312.0,0,0,0,0,0.0,0
564,2023-11-01 13:00,9554.0,0,0,0,0,0.0,0
565,2023-11-01 14:00,10003.0,0,0,0,0,0.0,0
566,2023-11-01 15:00,8377.0,0,0,0,0,0.0,0
567,2023-11-01 16:00,7782.0,0,0,0,0,0.0,0
568,2023-11-01 17:00,7682.0,0,0,0,0,0.0,0
569,2023-11-01 18:00,8926.0,0,0,0,0,0.0,0
570,2023-11-01 19:00,8056.0,0,0,0,0,0.0,0
571,2023-11-01 20:00,7048.0,0,0,0,0,0.0,0
572,2023-11-01 21:00,7187.0,0,0,0,0,0.0,0
573,2023-11-01 22:00,6915.0,0,0,0,0,0.0,0
574,2023-11-01 23:00,6792.0,0,0,0,0,0.0,0
575,2023-11-02 00:00,5938.0,0,0,0,0,0.0,0
576,2023-11-02 01:00,6065.0,0,0,0,0,0.0,0
577,2023-11-02 02:00,6474.0,0,0,0,0,0.0,0
578,2023-11-02 03:00,7563.0,0,0,0,0,0.0,0
579,2023-11-02 04:00,14287.0,0,0,1,0,0.375,0
580,2023-11-02 05:00,15228.0,0,0,1,0,0.375,0
581,2023-11-02 06:00,14134.0,0,0,1,0,0.375,0
582,2023-11-02 07:00,12661.0,0,0,0,0,0.0,0
583,2023-11-02 08:00,12547.0,0,0,0,0,0.0,0
584,2023-11-02 09:00,12772.0,0,0,0,0,0.0,0
585,2023-11-02 10:00,13612.0,0,0,0,0,0.0,0
586,2023-11-02 11:00,13288.0,0,0,0,0,0.0,0
587,2023-11-02 12:00,13832.0,0,0,0,0,0.0,0
588,2023-11-02 13:00,11085.0,0,0,0,0,0.0,0
589,2023-11-02 14:00,8804.0,0,0,0,0,0.0,0
590,2023-11-02 15:00,9431.0,0,0,0,0,0.0,0
591,2023-11-02 16:00,8067.0,0,0,0,0,0.0,0
592,2023-11-02 17:00,9044.0,0,0,0,0,0.0,0
593,2023-11-02 18:00,9053.0,0,0,0,0,0.0,0
594,2023-11-02 19:00,8917.0,0,0,0,0,0.0,0
595,2023-11-02 20:00,8829.0,0,0,0,0,0.0,0
596,2023-11-02 21:00,8016.0,0,0,0,0,0.0,0
597,2023-11-02 22:00,8335.0,0,0,0,0,0.0,0
598,2023-11-02 23:00,7464.0,0,0,0,0,0.0,0
599,2023-11-03 00:00,7391.0,0,0,0,0,0.0,0
600,2023-11-03 01:00,6762.0,0,0,0,0,0.0,0
601,2023-11-03 02:00,7025.0,0,0,0,0,0.0,0
602,2023-11-03 03:00,8294.0,0,0,0,0,0.0,0
603,2023-11-03 04:00,13129.0,0,0,0,0,0.0,0
604,2023-11-03 05:00,16877.0,0,0,1,0,0.375,0
605,2023-11-03 06:00,16295.0,0,0,1,0,0.375,0
606,2023-11-03 07:00,15215.0,0,0,1,0,0.375,0
607,2023-11-03 08:00,16488.0,0,0,1,0,0.375,0
608,2023-11-03 09:00,16272.0,0,0,1,0,0.375,0
609,2023-11-03 10:00,15989.0,0,0,1,0,0.375,0
610,2023-11-03 11:00,16069.0,0,0,1,0,0.375,0
611,2023-11-03 12:00,14520.0,0,0,1,0,0.375,0
612,2023-11-03 13:00,10199.0,0,0,0,0,0.0,0
613,2023-11-03 14:00,9398.0,0,0,0,0,0.0,0
614,2023-11-03 15:00,9127.0,0,0,0,0,0.0,0
615,2023-11-03 16:00,8757.0,0,0,0,0,0.0,0
616,2023-11-03 17:00,9526.0,0,0,0,0,0.0,0
617,2023-11-03 18:00,8976.0,0,0,0,0,0.0,0
618,2023-11-03 19:00,9574.0,0,0,0,0,0.0,0
619,2023-11-03 20:00,9346.0,0,0,0,0,0.0,0
620,2023-11-03 21:00,8654.0,0,0,0,0,0.0,0
621,2023-11-03 22:00,8187.0,0,0,0,0,0.0,0
622,2023-11-03 23:00,8757.0,0,0,0,0,0.0,0
623,2023-11-04 00:00,8343.0,1,0,0,0,0.0,0
624,2023-11-04 01:00,6767.0,1,0,0,0,0.0,0
625,2023-11-04 02:00,6649.0,1,0,0,0,0.0,0
626,2023-11-04 03:00,7616.0,1,0,0,0,0.0,0
627,2023-11-04 04:00,7896.0,1,0,0,0,0.0,0
628,2023-11-04 05:00,8645.0,1,0,0,0,0.0,0
629,2023-11-04 06:00,7947.0,1,0,0,0,0.0,0
630,2023-11-04 07:00,7714.0,1,0,0,0,0.0,0
631,2023-11-04 08:00,7379.0,1,0,0,0,0.0,0
632,2023-11-04 09:00,7047.0,1,0,0,0,0.0,0
633,2023-11-04 10:00,7284.0,1,0,0,0,0.0,0
634,2023-11-04 11:00,8110.0,1,0,0,0,0.0,0
635,2023-11-04 12:00,10043.0,1,0,0,0,0.0,0
636,2023-11-04 13:00,10783.0,1,0,0,0,0.0,0
637,2023-11-04 14:00,10309.0,1,0,0,0,0.0,0
638,2023-11-04 15:00,9303.0,1,0,0,0,0.0,0
639,2023-11-04 16:00,10515.0,1,0,0,0,0.0,0
640,2023-11-04 17:00,11152.0,1,0,0,0,0.0,0
641,2023-11-04 18:00,10846.0,1,0,0,0,0.0,0
642,2023-11-04 19:00,10397.0,1,0,0,0,0.0,0
643,2023-11-04 20:00,10944.0,1,0,0,0,0.0,0
644,2023-11-04 21:00,11114.0,1,0,0,0,0.0,0
645,2023-11-04 22:00,9222.0,1,0,0,0,0.0,0
646,2023-11-04 23:00,7819.0,1,0,0,0,0.0,0
647,2023-11-05 00:00,7541.0,1,0,0,0,0.0,0
648,2023-11-05 01:00,8223.0,1,0,0,0,0.0,0
649,2023-11-05 02:00,8243.0,1,0,0,0,0.0,0
650,2023-11-05 03:00,9885.0,1,0,0,0,0.0,0
651,2023-11-05 04:00,10651.0,1,0,0,0,0.0,0
652,2023-11-05 05:00,12330.0,1,0,0,0,0.0,0
653,2023-11-05 06:00,12727.0,1,0,0,0,0.0,0
654,2023-11-05 07:00,12841.0,1,0,0,0,0.0,0
655,2023-11-05 08:00,11199.0,1,0,0,0,0.0,0
656,2023-11-05 09:00,11128.0,1,0,0,0,0.0,0
657,2023-11-05 10:00,11390.0,1,0,0,0,0.0,0
658,2023-11-05 11:00,12264.0,1,0,0,0,0.0,0
659,2023-11-05 12:00,12880.0,1,0,0,0,0.0,0
660,2023-11-05 13:00,12668.0,1,0,0,0,0.0,0
661,2023-11-05 14:00,11746.0,1,0,0,0,0.0,0
662,2023-11-05 15:00,10839.0,1,0,0,0,0.0,0
663,2023-11-05 16:00,10479.0,1,0,0,0,0.0,0
664,2023-11-05 17:00,11514.0,1,0,0,0,0.0,0
665,2023-11-05 18:00,11466.0,1,0,0,0,0.0,0
666,2023-11-05 19:00,10430.0,1,0,0,0,0.0,0
667,2023-11-05 20:00,10181.0,1,0,0,0,0.0,0
668,2023-11-05 21:00,11325.0,1,0,0,0,0.0,0
669,2023-11-05 22:00,10501.0,1,0,0,0,0.0,0
670,2023-11-05 23:00,9007.0,1,0,0,0,0.0,0
671,2023-11-06 00:00,9560.0,0,0,0,0,0.0,0
672,2023-11-06 01:00,9443.0,0,0,0,0,0.0,0
673,2023-11-06 02:00,8168.0,0,0,0,0,0.0,0
674,2023-11-06 03:00,10973.0,0,0,0,0,0.0,0
675,2023-11-06 04:00,17782.0,0,0,1,0,0.375,0
676,2023-11-06 05:00,21374.0,0,0,1,0,0.375,0
677,2023-11-06 06:00,16162.0,0,0,1,0,0.375,0
678,2023-11-06 07:00,14913.0,0,0,1,0,0.375,0
679,2023-11-06 08:00,15373.0,0,0,1,0,0.375,0
680,2023-11-06 09:00,12970.0,0,0,0,0,0.0,0
681,2023-11-06 10:00,14457.0,0,0,1,0,0.375,0
682,2023-11-06 11:00,13942.0,0,0,0,0,0.0,0
683,2023-11-06 12:00,13660.0,0,0,0,0,0.0,0
684,2023-11-06 13:00,9265.0,0,0,0,0,0.0,0
685,2023-11-06 14:00,7908.0,0,0,0,0,0.0,0
686,2023-11-06 15:00,6974.0,0,0,0,0,0.0,0
687,2023-11-06 16:00,6495.0,0,0,0,0,0.0,0
688,2023-11-06 17:00,6425.0,0,0,0,0,0.0,0
689,2023-11-06 18:00,7357.0,0,0,0,0,0.0,0
690,2023-11-06 19:00,7194.0,0,0,0,0,0.0,0
691,2023-11-06 20:00,7119.0,0,0,0,0,0.0,0
692,2023-11-06 21:00,6959.0,0,0,0,0,0.0,0
693,2023-11-06 22:00,6590.0,0,0,0,0,0.0,0
694,2023-11-06 23:00,6922.0,0,0,0,0,0.0,0
695,2023-11-07 00:00,7001.0,0,0,0,0,0.0,0
696,2023-11-07 01:00,6869.0,0,0,0,0,0.0,0
697,2023-11-07 02:00,6986.0,0,0,0,0,0.0,0
698,2023-11-07 03:00,8778.0,0,0,0,0,0.0,0
699,2023-11-07 04:00,16567.0,0,0,1,0,0.375,0
700,2023-11-07 05:00,20606.0,0,0,1,0,0.375,0
701,2023-11-07 06:00,16469.0,0,0,1,0,0.375,0
702,2023-11-07 07:00,14411.0,0,0,0,0,0.0,0
703,2023-11-07 08:00,14545.0,0,0,0,0,0.0,0
704,2023-11-07 09:00,13350.0,0,0,0,0,0.0,0
705,2023-11-07 10:00,13777.0,0,0,0,0,0.0,0
706,2023-11-07 11:00,13474.0,0,0,0,0,0.0,0
707,2023-11-07 12:00,13112.0,0,0,0,0,0.0,0
708,2023-11-07 13:00,9141.0,0,0,0,0,0.0,0
709,2023-11-07 14:00,9019.0,0,0,0,0,0.0,0
710,2023-11-07 15:00,8146.0,0,0,0,0,0.0,0
711,2023-11-07 16:00,7867.0,0,0,0,0,0.0,0
712,2023-11-07 17:00,8236.0,0,0,0,0,0.0,0
713,2023-11-07 18:00,8418.0,0,0,0,0,0.0,0
714,2023-11-07 19:00,8564.0,0,0,0,0,0.0,0
715,2023-11-07 20:00,10106.0,0,0,0,0,0.0,0
716,2023-11-07 21:00,8719.0,0,0,0,0,0.0,0
717,2023-11-07 22:00,8303.0,0,0,0,0,0.0,0
718,2023-11-07 23:00,7377.0,0,0,0,0,0.0,0
719,2023-11-08 00:00,7061.0,0,0,0,0,0.0,0
720,2023-11-08 01:00,6752.0,0,0,0,0,0.0,0
721,2023-11-08 02:00,7503.0,0,0,0,0,0.0,0
722,2023-11-08 03:00,9845.0,0,0,0,0,0.0,0
723,2023-11-08 04:00,16014.0,0,0,1,0,0.375,0
724,2023-11-08 05:00,18704.0,0,0,1,0,0.375,0
725,2023-11-08 06:00,15304.0,0,0,1,0,0.375,0
726,2023-11-08 07:00,14617.0,0,0,0,0,0.0,0
727,2023-11-08 08:00,13611.0,0,0,0,0,0.0,0
728,2023-11-08 09:00,15066.0,0,0,1,0,0.375,0
729,2023-11-08 10:00,14546.0,0,0,0,0,0.0,0
730,2023-11-08 11:00,15964.0,0,0,1,0,0.375,0
731,2023-11-08 12:00,13548.0,0,0,0,0,0.0,0
732,2023-11-08 13:00,10247.0,0,0,0,0,0.0,0
733,2023-11-08 14:00,8013.0,0,0,0,0,0.0,0
734,2023-11-08 15:00,8868.0,0,0,0,0,0.0,0
735,2023-11-08 16:00,9025.0,0,0,0,0,0.0,0
736,2023-11-08 17:00,8561.0,0,0,0,0,0.0,0
737,2023-11-08 18:00,9369.0,0,0,0,0,0.0,0
738,2023-11-08 19:00,8925.0,0,0,0,0,0.0,0
739,2023-11-08 20:00,9854.0,0,0,0,0,0.0,0
740,2023-11-08 21:00,9438.0,0,0,0,0,0.0,0
741,2023-11-08 22:00,8198.0,0,0,0,0,0.0,0
742,2023-11-08 23:00,7892.0,0,0,0,0,0.0,0
743,2023-11-09 00:00,7373.0,0,0,0,0,0.0,0
744,2023-11-09 01:00,6993.0,0,0,0,0,0.0,0
745,2023-11-09 02:00,6953.0,0,0,0,0,0.0,0
746,2023-11-09 03:00,9135.0,0,0,0,0,0.0,0
747,2023-11-09 04:00,14997.0,0,0,0,0,0.0,0
748,2023-11-09 05:00,19117.0,0,0,1,0,0.375,0
749,2023-11-09 06:00,16178.0,0,0,1,0,0.375,0
750,2023-11-09 07:00,14035.0,0,0,0,0,0.0,0
751,2023-11-09 08:00,13495.0,0,0,0,0,0.0,0
752,2023-11-09 09:00,14246.0,0,0,0,0,0.0,0
753,2023-11-09 10:00,15081.0,0,0,0,0,0.0,0
754,2023-11-09 11:00,14404.0,0,0,0,0,0.0,0
755,2023-11-09 12:00,12946.0,0,0,0,0,0.0,0
756,2023-11-09 13:00,9183.0,0,0,0,0,0.0,0
757,2023-11-09 14:00,8957.0,0,0,0,0,0.0,0
758,2023-11-09 15:00,6596.0,0,0,0,0,0.0,0
759,2023-11-09 16:00,8461.0,0,0,0,0,0.0,0
760,2023-11-09 17:00,7816.0,0,0,0,0,0.0,0
761,2023-11-09 18:00,9205.0,0,0,0,0,0.0,0
762,2023-11-09 19:00,9899.0,0,0,0,0,0.0,0
763,2023-11-09 20:00,9846.0,0,0,0,0,0.0,0
764,2023-11-09 21:00,8936.0,0,0,0,0,0.0,0
765,2023-11-09 22:00,9825.0,0,0,0,0,0.0,0
766,2023-11-09 23:00,7636.0,0,0,0,0,0.0,0
767,2023-11-10 00:00,7182.0,0,0,0,0,0.0,0
768,2023-11-10 01:00,7291.0,0,0,0,0,0.0,0
769,2023-11-10 02:00,6939.0,0,0,0,0,0.0,0
770,2023-11-10 03:00,9720.0,0,0,0,0,0.0,0
771,2023-11-10 04:00,14189.0,0,0,0,0,0.0,0
772,2023-11-10 05:00,18253.0,0,0,1,0,0.375,0
773,2023-11-10 06:00,16428.0,0,0,1,0,0.375,0
774,2023-11-10 07:00,14130.0,0,0,0,0,0.0,0
775,2023-11-10 08:00,14084.0,0,0,0,0,0.0,0
776,2023-11-10 09:00,14469.0,0,0,0,0,0.0,0
777,2023-11-10 10:00,13402.0,0,0,0,0,0.0,0
778,2023-11-10 11:00,13794.0,0,0,0,0,0.0,0
779,2023-11-10 12:00,12259.0,0,0,0,0,0.0,0
780,2023-11-10 13:00,8900.0,0,0,0,0,0.0,0
781,2023-11-10 14:00,8083.0,0,0,0,0,0.0,0
782,2023-11-10 15:00,8360.0,0,0,0,0,0.0,0
783,2023-11-10 16:00,7744.0,0,0,0,0,0.0,0
784,2023-11-10 17:00,8149.0,0,0,0,0,0.0,0
785,2023-11-10 18:00,8778.0,0,0,0,0,0.0,0
786,2023-11-10 19:00,9682.0,0,0,0,0,0.0,0
787,2023-11-10 20:00,8269.0,0,0,0,0,0.0,0
788,2023-11-10 21:00,8606.0,0,0,0,0,0.0,0
789,2023-11-10 22:00,7612.0,0,0,0,0,0.0,0
790,2023-11-10 23:00,7803.0,0,0,0,0,0.0,0
791,2023-11-11 00:00,7456.0,1,0,0,0,0.0,0
792,2023-11-11 01:00,7027.0,1,0,0,0,0.0,0
793,2023-11-11 02:00,7174.0,1,0,0,0,0.0,0
794,2023-11-11 03:00,8117.0,1,0,0,0,0.0,0
795,2023-11-11 04:00,8707.0,1,0,0,0,0.0,0
796,2023-11-11 05:00,9442.0,1,0,0,0,0.0,0
797,2023-11-11 06:00,9378.0,1,0,0,0,0.0,0
798,2023-11-11 07:00,9117.0,1,0,0,0,0.0,0
799,2023-11-11 08:00,9700.0,1,0,0,0,0.0,0
800,2023-11-11 09:00,10134.0,1,0,0,0,0.0,0
801,2023-11-11 10:00,10038.0,1,0,0,0,0.0,0
802,2023-11-11 11:00,10144.0,1,0,0,0,0.0,0
803,2023-11-11 12:00,10823.0,1,0,0,0,0.0,0
804,2023-11-11 13:00,9596.0,1,0,0,0,0.0,0
805,2023-11-11 14:00,9119.0,1,0,0,0,0.0,0
806,2023-11-11 15:00,8052.0,1,0,0,0,0.0,0
807,2023-11-11 16:00,7873.0,1,0,0,0,0.0,0
808,2023-11-11 17:00,7940.0,1,0,0,0,0.0,0
809,2023-11-11 18:00,7877.0,1,0,0,0,0.0,0
810,2023-11-11 19:00,8027.0,1,0,0,0,0.0,0
811,2023-11-11 20:00,7972.0,1,0,0,0,0.0,0
812,2023-11-11 21:00,7506.0,1,0,0,0,0.0,0
813,2023-11-11 22:00,7461.0,1,0,0,1,0.16666666666666666,0
814,2023-11-11 23:00,6686.0,1,0,0,0,0.0,0
815,2023-11-12 00:00,6713.0,1,0,0,0,0.0,0
816,2023-11-12 01:00,6250.0,1,0,0,0,0.0,0
817,2023-11-12 02:00,6280.0,1,0,0,0,0.0,0
818,2023-11-12 03:00,7393.0,1,0,0,0,0.0,0
819,2023-11-12 04:00,8735.0,1,0,0,0,0.0,0
820,2023-11-12 05:00,9372.0,1,0,0,0,0.0,0
821,2023-11-12 06:00,9493.0,1,0,0,0,0.0,0
822,2023-11-12 07:00,9560.0,1,0,0,0,0.0,0
823,2023-11-12 08:00,10229.0,1,0,0,0,0.0,0
824,2023-11-12 09:00,10664.0,1,0,0,0,0.0,0
825,2023-11-12 10:00,9682.0,1,0,0,0,0.0,0
826,2023-11-12 11:00,9662.0,1,0,0,0,0.0,0
827,2023-11-12 12:00,9471.0,1,0,0,0,0.0,0
828,2023-11-12 13:00,9892.0,1,0,0,0,0.0,0
829,2023-11-12 14:00,9584.0,1,0,0,0,0.0,0
830,2023-11-12 15:00,9538.0,1,0,0,0,0.0,0
831,2023-11-12 16:00,9616.0,1,0,0,0,0.0,0
832,2023-11-12 17:00,8633.0,1,0,0,0,0.0,0
833,2023-11-12 18:00,8102.0,1,0,0,0,0.0,0
834,2023-11-12 19:00,7889.0,1,0,0,0,0.0,0
835,2023-11-12 20:00,8739.0,1,0,0,0,0.0,0
836,2023-11-12 21:00,7826.0,1,0,0,0,0.0,0
837,2023-11-12 22:00,7706.0,1,0,0,0,0.0,0
838,2023-11-12 23:00,6571.0,1,0,0,0,0.0,0
839,2023-11-13 00:00,6594.0,0,0,0,0,0.0,0
840,2023-11-13 01:00,6456.0,0,0,0,0,0.0,0
841,2023-11-13 02:00,7358.0,0,0,0,0,0.0,0
842,2023-11-13 03:00,10107.0,0,0,0,0,0.0,0
843,2023-11-13 04:00,14323.0,0,0,1,0,0.375,0
844,2023-11-13 05:00,16786.0,0,0,1,1,0.5416666666666666,0
845,2023-11-13 06:00,15797.0,0,0,1,0,0.375,0
846,2023-11-13 07:00,14585.0,0,0,1,0,0.375,0
847,2023-11-13 08:00,13970.0,0,0,0,0,0.0,0
848,2023-11-13 09:00,15241.0,0,0,1,0,0.375,0
849,2023-11-13 10:00,14368.0,0,0,1,0,0.375,0
850,2023-11-13 11:00,15144.0,0,0,1,0,0.375,0
851,2023-11-13 12:00,12880.0,0,0,0,0,0.0,0
852,2023-11-13 13:00,9808.0,0,0,0,0,0.0,0
853,2023-11-13 14:00,7975.0,0,0,0,0,0.0,0
854,2023-11-13 15:00,6915.0,0,0,0,0,0.0,0
855,2023-11-13 16:00,8186.0,0,0,0,0,0.0,0
856,2023-11-13 17:00,8804.0,0,0,0,0,0.0,0
857,2023-11-13 18:00,8757.0,0,0,0,0,0.0,0
858,2023-11-13 19:00,8040.0,0,0,0,0,0.0,0
859,2023-11-13 20:00,9860.0,0,0,0,0,0.0,0
860,2023-11-13 21:00,7871.0,0,0,0,0,0.0,0
861,2023-11-13 22:00,7290.0,0,0,0,0,0.0,0
862,2023-11-13 23:00,7676.0,0,0,0,0,0.0,0
863,2023-11-14 00:00,7314.0,0,0,0,0,0.0,0
864,2023-11-14 01:00,7108.0,0,0,0,0,0.0,0
865,2023-11-14 02:00,7260.0,0,0,0,0,0.0,0
866,2023-11-14 03:00,9049.0,0,0,0,0,0.0,0
867,2023-11-14 04:00,14809.0,0,0,1,0,0.375,0
868,2023-11-14 05:00,18909.0,0,0,1,0,0.375,0
869,2023-11-14 06:00,13898.0,0,0,0,0,0.0,0
870,2023-11-14 07:00,14119.0,0,0,1,0,0.375,0
871,2023-11-14 08:00,14129.0,0,0,1,0,0.375,0
872,2023-11-14 09:00,13382.0,0,0,0,0,0.0,0
873,2023-11-14 10:00,14466.0,0,0,1,0,0.375,0
874,2023-11-14 11:00,13846.0,0,0,1,0,0.375,0
875,2023-11-14 12:00,13750.0,0,0,0,0,0.0,0
876,2023-11-14 13:00,8953.0,0,0,0,0,0.0,0
877,2023-11-14 14:00,8465.0,0,0,0,0,0.0,0
878,2023-11-14 15:00,8280.0,0,0,0,0,0.0,0
879,2023-11-14 16:00,7987.0,0,0,0,0,0.0,0
880,2023-11-14 17:00,7918.0,0,0,0,0,0.0,0
881,2023-11-14 18:00,8647.0,0,0,0,0,0.0,0
882,2023-11-14 19:00,9483.0,0,0,0,0,0.0,0
883,2023-11-14 20:00,7234.0,0,0,0,0,0.0,0
884,2023-11-14 21:00,7612.0,0,0,0,0,0.0,0
885,2023-11-14 22:00,6890.0,0,0,0,0,0.0,0
886,2023-11-14 23:00,6468.0,0,0,0,0,0.0,0
887,2023-11-15 00:00,6566.0,0,0,0,0,0.0,0
888,2023-11-15 01:00,5565.0,0,0,0,0,0.0,0
889,2023-11-15 02:00,5947.0,0,0,0,0,0.0,0
890,2023-11-15 03:00,7704.0,0,0,0,0,0.0,0
891,2023-11-15 04:00,12973.0,0,0,0,0,0.0,0
892,2023-11-15 05:00,16366.0,0,0,1,0,0.375,0
893,2023-11-15 06:00,13528.0,0,0,0,0,0.0,0
894,2023-11-15 07:00,12575.0,0,0,0,0,0.0,0
895,2023-11-15 08:00,12104.0,0,0,0,0,0.0,0
896,2023-11-15 09:00,11947.0,0,0,0,0,0.0,0
897,2023-11-15 10:00,11210.0,0,0,0,0,0.0,0
898,2023-11-15 11:00,11591.0,0,0,0,0,0.0,0
899,2023-11-15 12:00,11139.0,0,0,0,0,0.0,0
900,2023-11-15 13:00,8374.0,0,0,0,0,0.0,0
901,2023-11-15 14:00,8523.0,0,0,0,0,0.0,0
902,2023-11-15 15:00,9698.0,0,0,1,0,0.375,0
903,2023-11-15 16:00,9257.0,0,0,0,0,0.0,0
904,2023-11-15 17:00,8435.0,0,0,0,0,0.0,0
905,2023-11-15 18:00,9609.0,0,0,1,0,0.375,0
906,2023-11-15 19:00,10405.0,0,0,0,0,0.0,0
907,2023-11-15 20:00,10074.0,0,0,0,0,0.0,0
908,2023-11-15 21:00,9270.0,0,0,0,0,0.0,0
909,2023-11-15 22:00,8683.0,0,0,0,0,0.0,0
910,2023-11-15 23:00,7871.0,0,0,0,0,0.0,0
911,2023-11-16 00:00,7445.0,0,0,0,0,0.0,0
912,2023-11-16 01:00,7488.0,0,0,0,0,0.0,0
913,2023-11-16 02:00,8018.0,0,0,0,0,0.0,0
914,2023-11-16 03:00,9140.0,0,0,0,0,0.0,0
915,2023-11-16 04:00,15006.0,0,0,1,0,0.375,0
916,2023-11-16 05:00,20140.0,0,0,1,0,0.375,0
917,2023-11-16 06:00,16334.0,0,0,1,1,0.5416666666666666,0
918,2023-11-16 07:00,14995.0,0,0,1,0,0.375,0
919,2023-11-16 08:00,13549.0,0,0,0,0,0.0,0
920,2023-11-16 09:00,13662.0,0,0,0,0,0.0,0
921,2023-11-16 10:00,14177.0,0,0,0,0,0.0,0
922,2023-11-16 11:00,12677.0,0,0,0,0,0.0,0
923,2023-11-16 12:00,12687.0,0,0,0,0,0.0,0
924,2023-11-16 13:00,8812.0,0,0,0,0,0.0,0
925,2023-11-16 14:00,8376.0,0,0,0,0,0.0,0
926,2023-11-16 15:00,9818.0,0,0,0,0,0.0,0
927,2023-11-16 16:00,9056.0,0,0,0,0,0.0,0
928,2023-11-16 17:00,9066.0,0,0,0,0,0.0,0
929,2023-11-16 18:00,9339.0,0,0,0,0,0.0,0
930,2023-11-16 19:00,10033.0,0,0,0,0,0.0,0
931,2023-11-16 20:00,8773.0,0,0,0,0,0.0,0
932,2023-11-16 21:00,7786.0,0,0,0,0,0.0,0
933,2023-11-16 22:00,7511.0,0,0,0,0,0.0,0
934,2023-11-16 23:00,8331.0,0,0,0,0,0.0,0
935,2023-11-17 00:00,8200.0,1,0,0,0,0.0,0
936,2023-11-17 01:00,6814.0,1,0,0,0,0.0,0
937,2023-11-17 02:00,8140.0,1,0,0,0,0.0,0
938,2023-11-17 03:00,8175.0,1,0,0,0,0.0,0
939,2023-11-17 04:00,10698.0,1,0,0,0,0.0,0
940,2023-11-17 05:00,11791.0,1,0,0,0,0.0,0
941,2023-11-17 06:00,10210.0,1,0,0,0,0.0,0
942,2023-11-17 07:00,11286.0,1,0,0,0,0.0,0
943,2023-11-17 08:00,11201.0,1,0,0,0,0.0,0
944,2023-11-17 09:00,10456.0,1,0,0,0,0.0,0
945,2023-11-17 10:00,10709.0,1,0,0,0,0.0,0
946,2023-11-17 11:00,9926.0,1,0,0,0,0.0,0
947,2023-11-17 12:00,10280.0,1,0,0,0,0.0,0
948,2023-11-17 13:00,9456.0,1,0,0,0,0.0,0
949,2023-11-17 14:00,10654.0,1,0,0,0,0.0,0
950,2023-11-17 15:00,9788.0,1,0,0,0,0.0,0
951,2023-11-17 16:00,10062.0,1,0,0,0,0.0,0
952,2023-11-17 17:00,10449.0,1,0,0,0,0.0,0
953,2023-11-17 18:00,10557.0,1,0,0,0,0.0,0
954,2023-11-17 19:00,9871.0,1,0,0,0,0.0,0
955,2023-11-17 20:00,9577.0,1,0,0,0,0.0,0
956,2023-11-17 21:00,9440.0,1,0,0,0,0.0,0
957,2023-11-17 22:00,9260.0,1,0,0,0,0.0,0
958,2023-11-17 23:00,8616.0,1,0,0,0,0.0,0
959,2023-11-18 00:00,8408.0,1,0,0,0,0.0,0
960,2023-11-18 01:00,7650.0,1,0,0,0,0.0,0
961,2023-11-18 02:00,8147.0,1,0,0,0,0.0,0
962,2023-11-18 03:00,9791.0,1,0,0,0,0.0,0
963,2023-11-18 04:00,10706.0,1,0,0,0,0.0,0
964,2023-11-18 05:00,12986.0,1,0,0,0,0.0,0
965,2023-11-18 06:00,14133.0,1,0,1,0,0.375,0
966,2023-11-18 07:00,12831.0,1,0,0,0,0.0,0
967,2023-11-18 08:00,12391.0,1,0,0,0,0.0,0
968,2023-11-18 09:00,12534.0,1,0,0,0,0.0,0
969,2023-11-18 10:00,11394.0,1,0,0,0,0.0,0
970,2023-11-18 11:00,12167.0,1,0,0,0,0.0,0
971,2023-11-18 12:00,11572.0,1,0,0,0,0.0,0
972,2023-11-18 13:00,10967.0,1,0,0,0,0.0,0
973,2023-11-18 14:00,9853.0,1,0,0,0,0.0,0
974,2023-11-18 15:00,10873.0,1,0,0,0,0.0,0
975,2023-11-18 16:00,11142.0,1,0,0,0,0.0,0
976,2023-11-18 17:00,10581.0,1,0,0,0,0.0,0
977,2023-11-18 18:00,9456.0,1,0,0,0,0.0,0
978,2023-11-18 19:00,9442.0,1,0,0,0,0.0,0
979,2023-11-18 20:00,10711.0,1,0,0,0,0.0,0
980,2023-11-18 21:00,9679.0,1,0,0,0,0.0,0
981,2023-11-18 22:00,9120.0,1,0,0,0,0.0,0
982,2023-11-18 23:00,7461.0,1,0,0,0,0.0,0
983,2023-11-19 00:00,7748.0,1,0,0,0,0.0,0
984,2023-11-19 01:00,7423.0,1,0,0,0,0.0,0
985,2023-11-19 02:00,7181.0,1,0,0,0,0.0,0
986,2023-11-19 03:00,7976.0,1,0,0,0,0.0,0
987,2023-11-19 04:00,9908.0,1,0,0,0,0.0,0
988,2023-11-19 05:00,12128.0,1,0,0,0,0.0,0
989,2023-11-19 06:00,11117.0,1,0,0,0,0.0,0
990,2023-11-19 07:00,11504.0,1,0,0,0,0.0,0
991,2023-11-19 08:00,11720.0,1,0,0,0,0.0,0
992,2023-11-19 09:00,11683.0,1,0,0,0,0.0,0
993,2023-11-19 10:00,11509.0,1,0,0,1,0.16666666666666666,0
994,2023-11-19 11:00,10967.0,1,0,0,0,0.0,0
995,2023-11-19 12:00,10503.0,1,0,0,0,0.0,0
996,2023-11-19 13:00,10133.0,1,0,0,0,0.0,0
997,2023-11-19 14:00,9893.0,1,0,0,0,0.0,0
998,2023-11-19 15:00,10203.0,1,0,0,0,0.0,0
999,2023-11-19 16:00,9185.0,1,0,0,0,0.0,0
1000,2023-11-19 17:00,8940.0,1,0,0,0,0.0,0
1001,2023-11-19 18:00,8328.0,1,0,0,0,0.0,0
1002,2023-11-19 19:00,8889.0,1,0,0,0,0.0,0
1003,2023-11-19 20:00,8966.0,1,0,0,0,0.0,0
1004,2023-11-19 21:00,8937.0,1,0,0,1,0.16666666666666666,0
1005,2023-11-19 22:00,8878.0,1,0,0,0,0.0,0
1006,2023-11-19 23:00,8376.0,1,0,0,0,0.0,0
1007,2023-11-20 00:00,8785.0,0,0,0,0,0.0,0
1008,2023-11-20 01:00,8218.0,0,0,0,0,0.0,0
1009,2023-11-20 02:00,8978.0,0,0,0,0,0.0,0
1010,2023-11-20 03:00,11104.0,0,0,0,0,0.0,0
1011,2023-11-20 04:00,19860.0,0,0,1,0,0.375,0
1012,2023-11-20 05:00,20511.0,0,0,1,1,0.5416666666666666,0
1013,2023-11-20 06:00,15755.0,0,0,1,0,0.375,0
1014,2023-11-20 07:00,14474.0,0,0,1,0,0.375,0
1015,2023-11-20 08:00,12459.0,0,0,0,0,0.0,0
1016,2023-11-20 09:00,13555.0,0,0,0,0,0.0,0
1017,2023-11-20 10:00,14245.0,0,0,1,0,0.375,0
1018,2023-11-20 11:00,13321.0,0,0,0,0,0.0,0
1019,2023-11-20 12:00,12118.0,0,0,0,0,0.0,0
1020,2023-11-20 13:00,7729.0,0,0,0,0,0.0,0
1021,2023-11-20 14:00,7067.0,0,0,0,0,0.0,0
1022,2023-11-20 15:00,6980.0,0,0,0,0,0.0,0
1023,2023-11-20 16:00,7960.0,0,0,0,0,0.0,0
1024,2023-11-20 17:00,7467.0,0,0,0,0,0.0,0
1025,2023-11-20 18:00,8354.0,0,0,0,0,0.0,0
1026,2023-11-20 19:00,7598.0,0,0,0,0,0.0,0
1027,2023-11-20 20:00,7953.0,0,0,0,0,0.0,0
1028,2023-11-20 21:00,7495.0,0,0,0,0,0.0,0
1029,2023-11-20 22:00,7277.0,0,0,0,0,0.0,0
1030,2023-11-20 23:00,7624.0,0,0,0,0,0.0,0
1031,2023-11-21 00:00,6797.0,0,0,0,0,0.0,0
1032,2023-11-21 01:00,7094.0,0,0,0,0,0.0,0
1033,2023-11-21 02:00,7028.0,0,0,0,0,0.0,0
1034,2023-11-21 03:00,8932.0,0,0,0,0,0.0,0
1035,2023-11-21 04:00,16794.0,0,0,1,0,0.375,0
1036,2023-11-21 05:00,22676.0,0,0,1,0,0.375,0
1037,2023-11-21 06:00,17266.0,0,0,1,1,0.5416666666666666,0
1038,2023-11-21 07:00,16308.0,0,0,1,0,0.375,0
1039,2023-11-21 08:00,14610.0,0,0,1,0,0.375,0
1040,2023-11-21 09:00,15736.0,0,0,1,0,0.375,0
1041,2023-11-21 10:00,14375.0,0,0,0,0,0.0,0
1042,2023-11-21 11:00,14636.0,0,0,0,0,0.0,0
1043,2023-11-21 12:00,13480.0,0,0,0,0,0.0,0
1044,2023-11-21 13:00,9875.0,0,0,0,0,0.0,0
1045,2023-11-21 14:00,9794.0,0,0,0,0,0.0,0
1046,2023-11-21 15:00,9020.0,0,0,0,0,0.0,0
1047,2023-11-21 16:00,8700.0,0,0,0,0,0.0,0
1048,2023-11-21 17:00,9516.0,0,0,0,0,0.0,0
1049,2023-11-21 18:00,9534.0,0,0,0,0,0.0,0
1050,2023-11-21 19:00,9503.0,0,0,0,0,0.0,0
1051,2023-11-21 20:00,10568.0,0,0,0,0,0.0,0
1052,2023-11-21 21:00,9208.0,0,0,0,0,0.0,0
1053,2023-11-21 22:00,8361.0,0,0,0,0,0.0,0
1054,2023-11-21 23:00,8428.0,0,0,0,0,0.0,0
1055,2023-11-22 00:00,8325.0,0,0,0,0,0.0,0
1056,2023-11-22 01:00,7507.0,0,0,0,0,0.0,0
1057,2023-11-22 02:00,7807.0,0,0,0,0,0.0,0
1058,2023-11-22 03:00,10036.0,0,0,0,0,0.0,0
1059,2023-11-22 04:00,15540.0,0,0,1,0,0.375,0
1060,2023-11-22 05:00,19554.0,0,0,1,0,0.375,0
1061,2023-11-22 06:00,15713.0,0,0,1,0,0.375,0
1062,2023-11-22 07:00,16064.0,0,0,1,0,0.375,0
1063,2023-11-22 08:00,14964.0,0,0,0,0,0.0,0
1064,2023-11-22 09:00,14731.0,0,0,0,0,0.0,0
1065,2023-11-22 10:00,14152.0,0,0,0,0,0.0,0
1066,2023-11-22 11:00,14457.0,0,0,0,0,0.0,0
1067,2023-11-22 12:00,14213.0,0,0,0,1,0.16666666666666666,0
1068,2023-11-22 13:00,9674.0,0,0,0,0,0.0,0
1069,2023-11-22 14:00,10040.0,0,0,0,0,0.0,0
1070,2023-11-22 15:00,9539.0,0,0,0,0,0.0,0
1071,2023-11-22 16:00,8793.0,0,0,0,0,0.0,0
1072,2023-11-22 17:00,7239.0,0,0,0,0,0.0,0
1073,2023-11-22 18:00,8404.0,0,0,0,0,0.0,0
1074,2023-11-22 19:00,9934.0,0,0,0,0,0.0,0
1075,2023-11-22 20:00,9875.0,0,0,0,0,0.0,0
1076,2023-11-22 21:00,9167.0,0,0,0,0,0.0,0
1077,2023-11-22 22:00,9188.0,0,0,0,0,0.0,0
1078,2023-11-22 23:00,7636.0,0,0,0,0,0.0,0
1079,2023-11-23 00:00,8322.0,0,0,0,0,0.0,0
1080,2023-11-23 01:00,7895.0,0,0,0,0,0.0,0
1081,2023-11-23 02:00,7931.0,0,0,0,0,0.0,0
1082,2023-11-23 03:00,9074.0,0,0,0,0,0.0,0
1083,2023-11-23 04:00,16142.0,0,0,1,0,0.375,0
1084,2023-11-23 05:00,20204.0,0,0,1,0,0.375,0
1085,2023-11-23 06:00,15556.0,0,0,0,0,0.0,0
1086,2023-11-23 07:00,13293.0,0,0,0,0,0.0,0
1087,2023-11-23 08:00,13550.0,0,0,0,0,0.0,0
1088,2023-11-23 09:00,14805.0,0,0,0,0,0.0,0
1089,2023-11-23 10:00,14887.0,0,0,0,0,0.0,0
1090,2023-11-23 11:00,14051.0,0,0,0,0,0.0,0
1091,2023-11-23 12:00,13731.0,0,0,0,0,0.0,0
1092,2023-11-23 13:00,10224.0,0,0,0,0,0.0,0
1093,2023-11-23 14:00,9304.0,0,0,0,0,0.0,0
1094,2023-11-23 15:00,8459.0,0,0,0,0,0.0,0
1095,2023-11-23 16:00,9167.0,0,0,0,0,0.0,0
1096,2023-11-23 17:00,9864.0,0,0,0,0,0.0,0
1097,2023-11-23 18:00,9761.0,0,0,0,0,0.0,0
1098,2023-11-23 19:00,10349.0,0,0,0,0,0.0,0
1099,2023-11-23 20:00,9907.0,0,0,0,0,0.0,0
1100,2023-11-23 21:00,8889.0,0,0,0,0,0.0,0
1101,2023-11-23 22:00,7635.0,0,0,0,0,0.0,0
1102,2023-11-23 23:00,8096.0,0,0,0,0,0.0,0
1103,2023-11-24 00:00,7337.0,0,0,0,0,0.0,0
1104,2023-11-24 01:00,6783.0,0,0,0,0,0.0,0
1105,2023-11-24 02:00,7467.0,0,0,0,0,0.0,0
1106,2023-11-24 03:00,9349.0,0,0,0,0,0.0,0
1107,2023-11-24 04:00,14784.0,0,0,0,0,0.0,0
1108,2023-11-24 05:00,19710.0,0,0,1,0,0.375,0
1109,2023-11-24 06:00,16134.0,0,0,0,0,0.0,0
1110,2023-11-24 07:00,15351.0,0,0,0,0,0.0,0
1111,2023-11-24 08:00,14970.0,0,0,0,0,0.0,0
1112,2023-11-24 09:00,16743.0,0,0,1,0,0.375,0
1113,2023-11-24 10:00,16769.0,0,0,1,0,0.375,0
1114,2023-11-24 11:00,16618.0,0,0,1,1,0.5416666666666666,0
1115,2023-11-24 12:00,13761.0,0,0,0,0,0.0,0
1116,2023-11-24 13:00,10585.0,0,0,0,0,0.0,0
1117,2023-11-24 14:00,9168.0,0,0,0,0,0.0,0
1118,2023-11-24 15:00,9043.0,0,0,0,0,0.0,0
1119,2023-11-24 16:00,9774.0,0,0,0,0,0.0,0
1120,2023-11-24 17:00,8239.0,0,0,0,0,0.0,0
1121,2023-11-24 18:00,8476.0,0,0,0,0,0.0,0
1122,2023-11-24 19:00,8001.0,0,0,0,0,0.0,0
1123,2023-11-24 20:00,8821.0,0,0,0,0,0.0,0
1124,2023-11-24 21:00,8035.0,0,0,0,0,0.0,0
1125,2023-11-24 22:00,7444.0,0,0,0,0,0.0,0
1126,2023-11-24 23:00,6934.0,0,0,0,0,0.0,0
1127,2023-11-25 00:00,6607.0,1,0,0,0,0.0,0
1128,2023-11-25 01:00,6635.0,1,0,0,0,0.0,0
1129,2023-11-25 02:00,6658.0,1,0,0,0,0.0,0
1130,2023-11-25 03:00,8289.0,1,0,0,0,0.0,0
1131,2023-11-25 04:00,9068.0,1,0,0,0,0.0,0
1132,2023-11-25 05:00,10360.0,1,0,0,0,0.0,0
1133,2023-11-25 06:00,9258.0,1,0,0,0,0.0,0
1134,2023-11-25 07:00,9057.0,1,0,0,0,0.0,0
1135,2023-11-25 08:00,9334.0,1,0,0,0,0.0,0
1136,2023-11-25 09:00,9707.0,1,0,0,0,0.0,0
1137,2023-11-25 10:00,10366.0,1,0,0,0,0.0,0
1138,2023-11-25 11:00,9599.0,1,0,0,0,0.0,0
1139,2023-11-25 12:00,8633.0,1,0,0,0,0.0,0
1140,2023-11-25 13:00,7933.0,1,0,0,0,0.0,0
1141,2023-11-25 14:00,8953.0,1,0,0,0,0.0,0
1142,2023-11-25 15:00,8340.0,1,0,0,0,0.0,0
1143,2023-11-25 16:00,7273.0,1,0,0,0,0.0,0
1144,2023-11-25 17:00,8530.0,1,0,0,0,0.0,0
1145,2023-11-25 18:00,8563.0,1,0,0,0,0.0,0
1146,2023-11-25 19:00,8382.0,1,0,0,0,0.0,0
1147,2023-11-25 20:00,8168.0,1,0,0,1,0.16666666666666666,0
1148,2023-11-25 21:00,8229.0,1,0,0,0,0.0,0
1149,2023-11-25 22:00,8163.0,1,0,0,0,0.0,0
1150,2023-11-25 23:00,6588.0,1,0,0,0,0.0,0
1151,2023-11-26 00:00,7114.0,1,0,0,0,0.0,0
1152,2023-11-26 01:00,6797.0,1,0,0,0,0.0,0
1153,2023-11-26 02:00,5164.0,1,0,0,0,0.0,0
1154,2023-11-26 03:00,6165.0,1,0,0,0,0.0,0
1155,2023-11-26 04:00,7556.0,1,0,0,0,0.0,0
1156,2023-11-26 05:00,7623.0,1,0,0,0,0.0,0
1157,2023-11-26 06:00,7082.0,1,0,0,0,0.0,0
1158,2023-11-26 07:00,5731.0,1,0,0,0,0.0,0
1159,2023-11-26 08:00,6418.0,1,0,0,0,0.0,0
1160,2023-11-26 09:00,6172.0,1,0,0,0,0.0,0
1161,2023-11-26 10:00,6321.0,1,0,0,0,0.0,0
1162,2023-11-26 11:00,6312.0,1,0,0,0,0.0,0
1163,2023-11-26 12:00,6087.0,1,0,0,0,0.0,0
1164,2023-11-26 13:00,6368.0,1,0,0,0,0.0,0
1165,2023-11-26 14:00,5553.0,1,0,0,0,0.0,0
1166,2023-11-26 15:00,6002.0,1,0,0,0,0.0,0
1167,2023-11-26 16:00,5839.0,1,0,0,0,0.0,0
1168,2023-11-26 17:00,5308.0,1,0,0,0,0.0,0
1169,2023-11-26 18:00,5850.0,1,0,0,0,0.0,0
1170,2023-11-26 19:00,6641.0,1,0,0,0,0.0,0
1171,2023-11-26 20:00,5882.0,1,0,0,0,0.0,0
1172,2023-11-26 21:00,5612.0,1,0,0,0,0.0,0
1173,2023-11-26 22:00,5123.0,1,0,0,0,0.0,0
1174,2023-11-26 23:00,4131.0,1,0,1,0,0.375,0
1175,2023-11-27 00:00,3794.0,0,0,1,0,0.375,0
1176,2023-11-27 01:00,4128.0,0,0,1,0,0.375,0
1177,2023-11-27 02:00,3984.0,0,0,1,0,0.375,0
1178,2023-11-27 03:00,5559.0,0,0,0,0,0.0,0
1179,2023-11-27 04:00,10837.0,0,0,0,0,0.0,0
1180,2023-11-27 05:00,13866.0,0,0,0,0,0.0,0
1181,2023-11-27 06:00,11261.0,0,0,0,0,0.0,0
1182,2023-11-27 07:00,14933.0,0,0,0,1,0.16666666666666666,0
1183,2023-11-27 08:00,13915.0,0,0,0,0,0.0,0
1184,2023-11-27 09:00,13265.0,0,0,0,0,0.0,0
1185,2023-11-27 10:00,14952.0,0,0,1,0,0.375,0
1186,2023-11-27 11:00,14689.0,0,0,0,0,0.0,0
1187,2023-11-27 12:00,13900.0,0,0,0,0,0.0,0
1188,2023-11-27 13:00,9127.0,0,0,0,0,0.0,0
1189,2023-11-27 14:00,8601.0,0,0,0,0,0.0,0
1190,2023-11-27 15:00,8361.0,0,0,0,0,0.0,0
1191,2023-11-27 16:00,8852.0,0,0,0,0,0.0,0
1192,2023-11-27 17:00,6374.0,0,0,0,0,0.0,0
1193,2023-11-27 18:00,6371.0,0,0,0,0,0.0,0
1194,2023-11-27 19:00,6888.0,0,0,0,0,0.0,0
1195,2023-11-27 20:00,7305.0,0,0,0,0,0.0,0
1196,2023-11-27 21:00,7548.0,0,0,0,0,0.0,0
1197,2023-11-27 22:00,7004.0,0,0,0,0,0.0,0
1198,2023-11-27 23:00,6311.0,0,0,0,0,0.0,0
1199,2023-11-28 00:00,6053.0,0,0,0,0,0.0,0
1200,2023-11-28 01:00,5830.0,0,0,0,0,0.0,0
1201,2023-11-28 02:00,5966.0,0,0,0,0,0.0,0
1202,2023-11-28 03:00,7419.0,0,0,0,0,0.0,0
1203,2023-11-28 04:00,12448.0,0,0,0,0,0.0,0
1204,2023-11-28 05:00,16500.0,0,0,1,0,0.375,0
1205,2023-11-28 06:00,13471.0,0,0,0,0,0.0,0
1206,2023-11-28 07:00,12608.0,0,0,0,0,0.0,0
1207,2023-11-28 08:00,12511.0,0,0,0,0,0.0,0
1208,2023-11-28 09:00,12454.0,0,0,0,0,0.0,0
1209,2023-11-28 10:00,10917.0,0,0,0,0,0.0,0
1210,2023-11-28 11:00,11624.0,0,0,0,0,0.0,0
1211,2023-11-28 12:00,11305.0,0,0,0,0,0.0,0
1212,2023-11-28 13:00,8875.0,0,0,1,0,0.375,0
1213,2023-11-28 14:00,8602.0,0,0,0,0,0.0,0
1214,2023-11-28 15:00,8788.0,0,0,0,0,0.0,0
1215,2023-11-28 16:00,7667.0,0,0,0,0,0.0,0
1216,2023-11-28 17:00,6677.0,0,0,0,0,0.0,0
1217,2023-11-28 18:00,7245.0,0,0,0,0,0.0,0
1218,2023-11-28 19:00,6403.0,0,0,0,0,0.0,0
1219,2023-11-28 20:00,8036.0,0,0,0,0,0.0,0
1220,2023-11-28 21:00,8661.0,0,0,1,0,0.375,0
1221,2023-11-28 22:00,8856.0,0,0,1,0,0.375,0
1222,2023-11-28 23:00,8142.0,0,0,0,0,0.0,0
1223,2023-11-29 00:00,7659.0,0,0,0,0,0.0,0
1224,2023-11-29 01:00,7506.0,0,0,0,0,0.0,0
1225,2023-11-29 02:00,7630.0,0,0,0,0,0.0,0
1226,2023-11-29 03:00,10211.0,0,0,1,0,0.375,0
1227,2023-11-29 04:00,17009.0,0,0,1,0,0.375,0
1228,2023-11-29 05:00,20843.0,0,0,1,0,0.375,0
1229,2023-11-29 06:00,16911.0,0,0,1,0,0.375,0
1230,2023-11-29 07:00,16226.0,0,0,1,0,0.375,0
1231,2023-11-29 08:00,14324.0,0,0,0,0,0.0,0
1232,2023-11-29 09:00,14715.0,0,0,0,0,0.0,0
1233,2023-11-29 10:00,15615.0,0,0,1,0,0.375,0
1234,2023-11-29 11:00,14890.0,0,0,0,0,0.0,0
1235,2023-11-29 12:00,15082.0,0,0,0,0,0.0,0
1236,2023-11-29 13:00,9980.0,0,0,1,0,0.375,0
1237,2023-11-29 14:00,9847.0,0,0,1,0,0.375,0
1238,2023-11-29 15:00,9163.0,0,0,1,0,0.375,0
1239,2023-11-29 16:00,9992.0,0,0,1,0,0.375,0
1240,2023-11-29 17:00,10377.0,0,0,1,0,0.375,0
1241,2023-11-29 18:00,10133.0,0,0,1,0,0.375,0
1242,2023-11-29 19:00,11279.0,0,0,0,0,0.0,0
1243,2023-11-29 20:00,10444.0,0,0,1,0,0.375,0
1244,2023-11-29 21:00,10237.0,0,0,1,0,0.375,0
1245,2023-11-29 22:00,9044.0,0,0,1,0,0.375,0
1246,2023-11-29 23:00,9659.0,0,0,1,0,0.375,0
1247,2023-11-30 00:00,9826.0,0,0,1,0,0.375,0
1248,2023-11-30 01:00,8720.0,0,0,0,0,0.0,0
1249,2023-11-30 02:00,8987.0,0,0,0,0,0.0,0
1250,2023-11-30 03:00,11041.0,0,0,0,0,0.0,0
1251,2023-11-30 04:00,16299.0,0,0,1,0,0.375,0
1252,2023-11-30 05:00,20994.0,0,0,1,0,0.375,0
1253,2023-11-30 06:00,17743.0,0,0,1,0,0.375,0
1254,2023-11-30 07:00,15764.0,0,0,1,0,0.375,0
1255,2023-11-30 08:00,15369.0,0,0,0,0,0.0,0
1256,2023-11-30 09:00,18603.0,0,0,1,0,0.375,0
1257,2023-11-30 10:00,17522.0,0,0,1,0,0.375,0
1258,2023-11-30 11:00,16479.0,0,0,1,0,0.375,0
1259,2023-11-30 12:00,14943.0,0,0,0,0,0.0,0
1260,2023-11-30 13:00,11131.0,0,0,0,0,0.0,0
1261,2023-11-30 14:00,9514.0,0,0,1,0,0.375,0
1262,2023-11-30 15:00,8940.0,0,0,0,0,0.0,0
1263,2023-11-30 16:00,7080.0,0,0,0,0,0.0,0
1264,2023-11-30 17:00,7748.0,0,0,0,0,0.0,0
1265,2023-11-30 18:00,6623.0,0,0,0,0,0.0,0
1266,2023-11-30 19:00,7677.0,0,0,0,0,0.0,0
1267,2023-11-30 20:00,7369.0,0,0,0,0,0.0,0
1268,2023-11-30 21:00,7321.0,0,0,0,0,0.0,0
1269,2023-11-30 22:00,5891.0,0,0,0,0,0.0,0
1270,2023-11-30 23:00,5948.0,0,0,0,0,0.0,0
1271,2023-12-01 00:00,6101.0,0,0,0,0,0.0,0
1272,2023-12-01 01:00,6163.0,0,0,0,0,0.0,0
1273,2023-12-01 02:00,6246.0,0,0,0,0,0.0,0
1274,2023-12-01 03:00,8378.0,0,0,0,0,0.0,0
1275,2023-12-01 04:00,14538.0,0,0,0,0,0.0,0
1276,2023-12-01 05:00,18758.0,0,0,1,0,0.375,0
1277,2023-12-01 06:00,17454.0,0,0,1,0,0.375,0
1278,2023-12-01 07:00,16189.0,0,0,1,0,0.375,0
1279,2023-12-01 08:00,14816.0,0,0,0,0,0.0,0
1280,2023-12-01 09:00,15675.0,0,0,0,0,0.0,0
1281,2023-12-01 10:00,15266.0,0,0,0,0,0.0,0
1282,2023-12-01 11:00,15496.0,0,0,0,0,0.0,0
1283,2023-12-01 12:00,13748.0,0,0,0,0,0.0,0
1284,2023-12-01 13:00,10753.0,0,0,0,0,0.0,0
1285,2023-12-01 14:00,9944.0,0,0,1,0,0.375,0
1286,2023-12-01 15:00,10171.0,0,0,1,0,0.375,0
1287,2023-12-01 16:00,9052.0,0,0,0,0,0.0,0
1288,2023-12-01 17:00,9521.0,0,0,0,0,0.0,0
1289,2023-12-01 18:00,9642.0,0,0,0,0,0.0,0
1290,2023-12-01 19:00,10673.0,0,0,0,0,0.0,0
1291,2023-12-01 20:00,9778.0,0,0,0,0,0.0,0
1292,2023-12-01 21:00,8559.0,0,0,0,0,0.0,0
1293,2023-12-01 22:00,8808.0,0,0,0,0,0.0,0
1294,2023-12-01 23:00,8255.0,0,0,0,0,0.0,0
1295,2023-12-02 00:00,7628.0,1,0,0,0,0.0,0
1296,2023-12-02 01:00,6902.0,1,0,0,0,0.0,0
1297,2023-12-02 02:00,6338.0,1,0,0,0,0.0,0
1298,2023-12-02 03:00,8196.0,1,0,0,0,0.0,0
1299,2023-12-02 04:00,8343.0,1,0,0,0,0.0,0
1300,2023-12-02 05:00,8023.0,1,0,0,0,0.0,0
1301,2023-12-02 06:00,6627.0,1,0,0,0,0.0,0
1302,2023-12-02 07:00,8987.0,1,0,0,0,0.0,0
1303,2023-12-02 08:00,9254.0,1,0,0,0,0.0,0
1304,2023-12-02 09:00,8358.0,1,0,0,0,0.0,0
1305,2023-12-02 10:00,9567.0,1,0,0,0,0.0,0
1306,2023-12-02 11:00,8326.0,1,0,0,0,0.0,0
1307,2023-12-02 12:00,6890.0,1,0,0,0,0.0,0
1308,2023-12-02 13:00,9800.0,1,0,0,0,0.0,0
1309,2023-12-02 14:00,8346.0,1,0,0,0,0.0,0
1310,2023-12-02 15:00,7691.0,1,0,0,0,0.0,0
1311,2023-12-02 16:00,2251.0,1,0,1,0,0.375,0
1312,2023-12-02 17:00,8141.0,1,0,0,0,0.0,0
1313,2023-12-02 18:00,7310.0,1,0,0,0,0.0,0
1314,2023-12-02 19:00,7520.0,1,0,0,0,0.0,0
1315,2023-12-02 20:00,6860.0,1,0,0,1,0.16666666666666666,0
1316,2023-12-02 21:00,7703.0,1,0,0,0,0.0,0
1317,2023-12-02 22:00,6962.0,1,0,0,0,0.0,0
1318,2023-12-02 23:00,5598.0,1,0,0,0,0.0,0
1319,2023-12-03 00:00,6097.0,1,0,0,0,0.0,0
1320,2023-12-03 01:00,5637.0,1,0,0,0,0.0,0
1321,2023-12-03 02:00,5710.0,1,0,0,1,0.16666666666666666,0
1322,2023-12-03 03:00,7451.0,1,0,0,0,0.0,0
1323,2023-12-03 04:00,6729.0,1,0,0,0,0.0,0
1324,2023-12-03 05:00,8117.0,1,0,0,0,0.0,0
1325,2023-12-03 06:00,7727.0,1,0,0,0,0.0,0
1326,2023-12-03 07:00,6291.0,1,0,0,1,0.16666666666666666,0
1327,2023-12-03 08:00,7709.0,1,0,0,0,0.0,0
1328,2023-12-03 09:00,7179.0,1,0,0,0,0.0,0
1329,2023-12-03 10:00,7856.0,1,0,0,0,0.0,0
1330,2023-12-03 11:00,8609.0,1,0,0,0,0.0,0
1331,2023-12-03 12:00,8467.0,1,0,0,0,0.0,0
1332,2023-12-03 13:00,8149.0,1,0,0,0,0.0,0
1333,2023-12-03 14:00,9474.0,1,0,0,0,0.0,0
1334,2023-12-03 15:00,10694.0,1,0,0,0,0.0,0
1335,2023-12-03 16:00,1770.0,1,0,1,1,0.5416666666666666,0
1336,2023-12-03 17:00,7938.0,1,0,0,0,0.0,0
1337,2023-12-03 18:00,7995.0,1,0,0,0,0.0,0
1338,2023-12-03 19:00,9330.0,1,0,0,0,0.0,0
1339,2023-12-03 20:00,8573.0,1,0,0,0,0.0,0
1340,2023-12-03 21:00,8283.0,1,0,0,0,0.0,0
1341,2023-12-03 22:00,8542.0,1,0,0,0,0.0,0
1342,2023-12-03 23:00,6618.0,1,0,0,0,0.0,0
1343,2023-12-04 00:00,7821.0,0,0,0,0,0.0,0
1344,2023-12-04 01:00,6276.0,0,0,0,1,0.16666666666666666,0
1345,2023-12-04 02:00,6712.0,0,0,0,0,0.0,0
1346,2023-12-04 03:00,10627.0,0,0,0,0,0.0,0
1347,2023-12-04 04:00,16594.0,0,0,1,0,0.375,0
1348,2023-12-04 05:00,20713.0,0,0,1,1,0.5416666666666666,0
1349,2023-12-04 06:00,16045.0,0,0,1,0,0.375,0
1350,2023-12-04 07:00,15712.0,0,0,0,0,0.0,0
1351,2023-12-04 08:00,13891.0,0,0,0,0,0.0,0
1352,2023-12-04 09:00,14869.0,0,0,0,0,0.0,0
1353,2023-12-04 10:00,15610.0,0,0,1,0,0.375,0
1354,2023-12-04 11:00,11450.0,0,0,0,0,0.0,0
1355,2023-12-04 12:00,3683.0,0,0,1,0,0.375,0
1356,2023-12-04 13:00,8390.0,0,0,0,0,0.0,0
1357,2023-12-04 14:00,5794.0,0,0,0,0,0.0,0
1358,2023-12-04 15:00,6084.0,0,0,0,0,0.0,0
1359,2023-12-04 16:00,6791.0,0,0,0,0,0.0,0
1360,2023-12-04 17:00,6839.0,0,0,0,0,0.0,0
1361,2023-12-04 18:00,6721.0,0,0,0,0,0.0,0
1362,2023-12-04 19:00,7875.0,0,0,0,0,0.0,0
1363,2023-12-04 20:00,8310.0,0,0,0,0,0.0,0
1364,2023-12-04 21:00,6735.0,0,0,0,0,0.0,0
1365,2023-12-04 22:00,6587.0,0,0,0,0,0.0,0
1366,2023-12-04 23:00,6077.0,0,0,0,0,0.0,0
1367,2023-12-05 00:00,5947.0,0,0,0,1,0.16666666666666666,0
1368,2023-12-05 01:00,5827.0,0,0,0,0,0.0,0
1369,2023-12-05 02:00,7102.0,0,0,0,0,0.0,0
1370,2023-12-05 03:00,7874.0,0,0,0,0,0.0,0
1371,2023-12-05 04:00,12384.0,0,0,0,0,0.0,0
1372,2023-12-05 05:00,17244.0,0,0,1,0,0.375,0
1373,2023-12-05 06:00,12987.0,0,0,0,0,0.0,0
1374,2023-12-05 07:00,11883.0,0,0,0,0,0.0,0
1375,2023-12-05 08:00,10171.0,0,0,1,0,0.375,0
1376,2023-12-05 09:00,5616.0,0,0,0,0,0.0,0
1377,2023-12-05 10:00,12353.0,0,0,0,0,0.0,0
1378,2023-12-05 11:00,12388.0,0,0,0,0,0.0,0
1379,2023-12-05 12:00,11980.0,0,0,0,0,0.0,0
1380,2023-12-05 13:00,9300.0,0,0,0,0,0.0,0
1381,2023-12-05 14:00,8623.0,0,0,0,0,0.0,0
1382,2023-12-05 15:00,8380.0,0,0,0,0,0.0,0
1383,2023-12-05 16:00,7678.0,0,0,0,0,0.0,0
1384,2023-12-05 17:00,7130.0,0,0,0,0,0.0,0
1385,2023-12-05 18:00,7023.0,0,0,0,0,0.0,0
1386,2023-12-05 19:00,8357.0,0,0,0,0,0.0,0
1387,2023-12-05 20:00,9431.0,0,0,1,0,0.375,0
1388,2023-12-05 21:00,8115.0,0,0,0,0,0.0,0
1389,2023-12-05 22:00,7736.0,0,0,0,0,0.0,0
1390,2023-12-05 23:00,6845.0,0,0,0,0,0.0,0
1391,2023-12-06 00:00,6886.0,0,0,0,0,0.0,0
1392,2023-12-06 01:00,7273.0,0,0,0,0,0.0,0
1393,2023-12-06 02:00,7199.0,0,0,0,0,0.0,0
1394,2023-12-06 03:00,9819.0,0,0,1,0,0.375,0
1395,2023-12-06 04:00,16683.0,0,0,1,0,0.375,0
1396,2023-12-06 05:00,19261.0,0,0,1,0,0.375,0
1397,2023-12-06 06:00,14122.0,0,0,0,0,0.0,0
1398,2023-12-06 07:00,15198.0,0,0,1,0,0.375,0
1399,2023-12-06 08:00,14612.0,0,0,0,0,0.0,0
1400,2023-12-06 09:00,15281.0,0,0,1,0,0.375,0
1401,2023-12-06 10:00,14728.0,0,0,0,0,0.0,0
1402,2023-12-06 11:00,14174.0,0,0,0,0,0.0,0
1403,2023-12-06 12:00,12572.0,0,0,0,0,0.0,0
1404,2023-12-06 13:00,8391.0,0,0,0,0,0.0,0
1405,2023-12-06 14:00,8654.0,0,0,0,0,0.0,0
1406,2023-12-06 15:00,8370.0,0,0,0,0,0.0,0
1407,2023-12-06 16:00,7361.0,0,0,0,0,0.0,0
1408,2023-12-06 17:00,7641.0,0,0,0,0,0.0,0
1409,2023-12-06 18:00,7464.0,0,0,0,0,0.0,0
1410,2023-12-06 19:00,8115.0,0,0,0,0,0.0,0
1411,2023-12-06 20:00,7725.0,0,0,0,0,0.0,0
1412,2023-12-06 21:00,7260.0,0,0,0,0,0.0,0
1413,2023-12-06 22:00,6566.0,0,0,0,0,0.0,0
1414,2023-12-06 23:00,5814.0,0,0,0,0,0.0,0
1415,2023-12-07 00:00,5681.0,0,0,0,0,0.0,0
1416,2023-12-07 01:00,5513.0,0,0,0,0,0.0,0
1417,2023-12-07 02:00,6266.0,0,0,0,0,0.0,0
1418,2023-12-07 03:00,6934.0,0,0,0,0,0.0,0
1419,2023-12-07 04:00,11683.0,0,0,0,0,0.0,0
1420,2023-12-07 05:00,15953.0,0,0,1,0,0.375,0
1421,2023-12-07 06:00,11863.0,0,0,0,0,0.0,0
1422,2023-12-07 07:00,11382.0,0,0,0,0,0.0,0
1423,2023-12-07 08:00,11728.0,0,0,0,0,0.0,0
1424,2023-12-07 09:00,12041.0,0,0,0,0,0.0,0
1425,2023-12-07 10:00,12328.0,0,0,0,0,0.0,0
1426,2023-12-07 11:00,15016.0,0,0,0,0,0.0,0
1427,2023-12-07 12:00,12193.0,0,0,0,0,0.0,0
1428,2023-12-07 13:00,9036.0,0,0,0,0,0.0,0
1429,2023-12-07 14:00,8011.0,0,0,0,0,0.0,0
1430,2023-12-07 15:00,6880.0,0,0,0,0,0.0,0
1431,2023-12-07 16:00,7531.0,0,0,0,0,0.0,0
1432,2023-12-07 17:00,8102.0,0,0,0,0,0.0,0
1433,2023-12-07 18:00,7594.0,0,0,0,0,0.0,0
1434,2023-12-07 19:00,9287.0,0,0,1,0,0.375,0
1435,2023-12-07 20:00,8620.0,0,0,0,0,0.0,0
1436,2023-12-07 21:00,7394.0,0,0,0,0,0.0,0
1437,2023-12-07 22:00,7455.0,0,0,0,0,0.0,0
1438,2023-12-07 23:00,7125.0,0,0,0,0,0.0,0
1439,2023-12-08 00:00,6445.0,0,0,0,0,0.0,0
1440,2023-12-08 01:00,5509.0,0,0,0,0,0.0,0
1441,2023-12-08 02:00,5385.0,0,0,0,0,0.0,0
1442,2023-12-08 03:00,7859.0,0,0,0,0,0.0,0
1443,2023-12-08 04:00,14507.0,0,0,0,0,0.0,0
1444,2023-12-08 05:00,17946.0,0,0,1,0,0.375,0
1445,2023-12-08 06:00,15883.0,0,0,1,0,0.375,0
1446,2023-12-08 07:00,15188.0,0,0,0,0,0.0,0
1447,2023-12-08 08:00,14218.0,0,0,0,0,0.0,0
1448,2023-12-08 09:00,16006.0,0,0,1,0,0.375,0
1449,2023-12-08 10:00,16383.0,0,0,1,0,0.375,0
1450,2023-12-08 11:00,15319.0,0,0,1,0,0.375,0
1451,2023-12-08 12:00,13451.0,0,0,0,0,0.0,0
1452,2023-12-08 13:00,9542.0,0,0,1,0,0.375,0
1453,2023-12-08 14:00,9106.0,0,0,1,0,0.375,0
1454,2023-12-08 15:00,8253.0,0,0,0,0,0.0,0
1455,2023-12-08 16:00,8660.0,0,0,0,0,0.0,0
1456,2023-12-08 17:00,8597.0,0,0,0,0,0.0,0
1457,2023-12-08 18:00,9696.0,0,0,1,0,0.375,0
1458,2023-12-08 19:00,9094.0,0,0,1,0,0.375,0
1459,2023-12-08 20:00,8266.0,0,0,0,0,0.0,0
1460,2023-12-08 21:00,6747.0,0,0,0,0,0.0,0
1461,2023-12-08 22:00,7088.0,0,0,0,0,0.0,0
1462,2023-12-08 23:00,6548.0,0,0,0,0,0.0,0
1463,2023-12-09 00:00,6010.0,1,0,0,0,0.0,0
1464,2023-12-09 01:00,6447.0,1,0,0,0,0.0,0
1465,2023-12-09 02:00,6075.0,1,0,0,0,0.0,0
1466,2023-12-09 03:00,7525.0,1,0,0,0,0.0,0
1467,2023-12-09 04:00,8746.0,1,0,0,0,0.0,0
1468,2023-12-09 05:00,10200.0,1,0,1,0,0.375,0
1469,2023-12-09 06:00,9605.0,1,0,1,0,0.375,0
1470,2023-12-09 07:00,9874.0,1,0,1,0,0.375,0
1471,2023-12-09 08:00,9152.0,1,0,1,0,0.375,0
1472,2023-12-09 09:00,9513.0,1,0,1,0,0.375,0
1473,2023-12-09 10:00,10344.0,1,0,1,0,0.375,0
1474,2023-12-09 11:00,11394.0,1,0,0,0,0.0,0
1475,2023-12-09 12:00,10559.0,1,0,0,0,0.0,0
1476,2023-12-09 13:00,9905.0,1,0,1,0,0.375,0
1477,2023-12-09 14:00,9091.0,1,0,0,0,0.0,0
1478,2023-12-09 15:00,8420.0,1,0,0,0,0.0,0
1479,2023-12-09 16:00,8839.0,1,0,0,0,0.0,0
1480,2023-12-09 17:00,8925.0,1,0,0,0,0.0,0
1481,2023-12-09 18:00,8338.0,1,0,0,0,0.0,0
1482,2023-12-09 19:00,9425.0,1,0,1,0,0.375,0
1483,2023-12-09 20:00,10591.0,1,0,0,0,0.0,0
1484,2023-12-09 21:00,11093.0,1,0,0,0,0.0,0
1485,2023-12-09 22:00,8481.0,1,0,0,0,0.0,0
1486,2023-12-09 23:00,7948.0,1,0,0,0,0.0,0
1487,2023-12-10 00:00,7744.0,1,0,0,0,0.0,0
1488,2023-12-10 01:00,7588.0,1,0,0,0,0.0,0
1489,2023-12-10 02:00,7241.0,1,0,0,0,0.0,0
1490,2023-12-10 03:00,8212.0,1,0,0,0,0.0,0
1491,2023-12-10 04:00,8332.0,1,0,0,1,0.16666666666666666,0
1492,2023-12-10 05:00,10167.0,1,0,0,0,0.0,0
1493,2023-12-10 06:00,9981.0,1,0,1,0,0.375,0
1494,2023-12-10 07:00,10657.0,1,0,0,0,0.0,0
1495,2023-12-10 08:00,10311.0,1,0,0,0,0.0,0
1496,2023-12-10 09:00,10261.0,1,0,0,0,0.0,0
1497,2023-12-10 10:00,10006.0,1,0,1,0,0.375,0
1498,2023-12-10 11:00,9871.0,1,0,1,0,0.375,0
1499,2023-12-10 12:00,10453.0,1,0,0,0,0.0,0
1500,2023-12-10 13:00,8695.0,1,0,0,0,0.0,0
1501,2023-12-10 14:00,9846.0,1,0,1,0,0.375,0
1502,2023-12-10 15:00,9532.0,1,0,0,0,0.0,0
1503,2023-12-10 16:00,9506.0,1,0,0,0,0.0,0
1504,2023-12-10 17:00,9328.0,1,0,0,0,0.0,0
1505,2023-12-10 18:00,8543.0,1,0,0,0,0.0,0
1506,2023-12-10 19:00,8988.0,1,0,0,0,0.0,0
1507,2023-12-10 20:00,8372.0,1,0,0,0,0.0,0
1508,2023-12-10 21:00,8017.0,1,0,0,0,0.0,0
1509,2023-12-10 22:00,7864.0,1,0,0,0,0.0,0
1510,2023-12-10 23:00,6951.0,1,0,0,0,0.0,0
1511,2023-12-11 00:00,7274.0,0,0,0,0,0.0,0
1512,2023-12-11 01:00,6654.0,0,0,0,0,0.0,0
1513,2023-12-11 02:00,6947.0,0,0,0,0,0.0,0
1514,2023-12-11 03:00,8975.0,0,0,0,0,0.0,0
1515,2023-12-11 04:00,16434.0,0,0,1,0,0.375,0
1516,2023-12-11 05:00,18716.0,0,0,1,1,0.5416666666666666,0
1517,2023-12-11 06:00,13629.0,0,0,0,0,0.0,0
1518,2023-12-11 07:00,13482.0,0,0,0,0,0.0,0
1519,2023-12-11 08:00,13043.0,0,0,0,0,0.0,0
1520,2023-12-11 09:00,13221.0,0,0,0,0,0.0,0
1521,2023-12-11 10:00,13598.0,0,0,0,0,0.0,0
1522,2023-12-11 11:00,14064.0,0,0,0,0,0.0,0
1523,2023-12-11 12:00,12286.0,0,0,0,0,0.0,0
1524,2023-12-11 13:00,8701.0,0,0,0,0,0.0,0
1525,2023-12-11 14:00,8666.0,0,0,0,0,0.0,0
1526,2023-12-11 15:00,8390.0,0,0,0,0,0.0,0
1527,2023-12-11 16:00,8826.0,0,0,0,0,0.0,0
1528,2023-12-11 17:00,8386.0,0,0,0,0,0.0,0
1529,2023-12-11 18:00,8445.0,0,0,0,0,0.0,0
1530,2023-12-11 19:00,8493.0,0,0,0,0,0.0,0
1531,2023-12-11 20:00,9287.0,0,0,0,0,0.0,0
1532,2023-12-11 21:00,8482.0,0,0,0,0,0.0,0
1533,2023-12-11 22:00,7095.0,0,0,0,0,0.0,0
1534,2023-12-11 23:00,7798.0,0,0,0,0,0.0,0
1535,2023-12-12 00:00,7283.0,0,0,0,0,0.0,0
1536,2023-12-12 01:00,7258.0,0,0,0,0,0.0,0
1537,2023-12-12 02:00,6559.0,0,0,0,0,0.0,0
1538,2023-12-12 03:00,8866.0,0,0,0,0,0.0,0
1539,2023-12-12 04:00,16747.0,0,0,1,0,0.375,0
1540,2023-12-12 05:00,18808.0,0,0,1,0,0.375,0
1541,2023-12-12 06:00,17643.0,0,0,1,0,0.375,0
1542,2023-12-12 07:00,15715.0,0,0,1,0,0.375,0
1543,2023-12-12 08:00,13222.0,0,0,0,0,0.0,0
1544,2023-12-12 09:00,15031.0,0,0,1,1,0.5416666666666666,0
1545,2023-12-12 10:00,14461.0,0,0,1,0,0.375,0
1546,2023-12-12 11:00,13587.0,0,0,0,0,0.0,0
1547,2023-12-12 12:00,14721.0,0,0,1,0,0.375,0
1548,2023-12-12 13:00,11815.0,0,0,0,0,0.0,0
1549,2023-12-12 14:00,10147.0,0,0,0,0,0.0,0
1550,2023-12-12 15:00,9328.0,0,0,0,0,0.0,0
1551,2023-12-12 16:00,9646.0,0,0,0,0,0.0,0
1552,2023-12-12 17:00,10108.0,0,0,0,0,0.0,0
1553,2023-12-12 18:00,10214.0,0,0,0,0,0.0,0
1554,2023-12-12 19:00,9977.0,0,0,0,0,0.0,0
1555,2023-12-12 20:00,10669.0,0,0,0,0,0.0,0
1556,2023-12-12 21:00,9419.0,0,0,0,0,0.0,0
1557,2023-12-12 22:00,9144.0,0,0,0,0,0.0,0
1558,2023-12-12 23:00,9979.0,0,0,0,0,0.0,0
1559,2023-12-13 00:00,8117.0,0,0,0,0,0.0,0
1560,2023-12-13 01:00,7498.0,0,0,0,0,0.0,0
1561,2023-12-13 02:00,7753.0,0,0,0,0,0.0,0
1562,2023-12-13 03:00,10063.0,0,0,0,0,0.0,0
1563,2023-12-13 04:00,16226.0,0,0,1,0,0.375,0
1564,2023-12-13 05:00,19595.0,0,0,1,0,0.375,0
1565,2023-12-13 06:00,16531.0,0,0,1,1,0.5416666666666666,0
1566,2023-12-13 07:00,17560.0,0,0,1,0,0.375,0
1567,2023-12-13 08:00,16585.0,0,0,1,0,0.375,0
1568,2023-12-13 09:00,16067.0,0,0,1,0,0.375,0
1569,2023-12-13 10:00,16622.0,0,0,1,0,0.375,0
1570,2023-12-13 11:00,16553.0,0,0,1,0,0.375,0
1571,2023-12-13 12:00,15195.0,0,0,1,0,0.375,0
1572,2023-12-13 13:00,9511.0,0,0,0,0,0.0,0
1573,2023-12-13 14:00,8904.0,0,0,0,0,0.0,0
1574,2023-12-13 15:00,9637.0,0,0,0,0,0.0,0
1575,2023-12-13 16:00,10006.0,0,0,0,0,0.0,0
1576,2023-12-13 17:00,10691.0,0,0,0,0,0.0,0
1577,2023-12-13 18:00,9957.0,0,0,0,0,0.0,0
1578,2023-12-13 19:00,11900.0,0,0,0,0,0.0,0
1579,2023-12-13 20:00,11346.0,0,0,0,0,0.0,0
1580,2023-12-13 21:00,10663.0,0,0,0,0,0.0,0
1581,2023-12-13 22:00,10210.0,0,0,0,0,0.0,0
1582,2023-12-13 23:00,8816.0,0,0,0,0,0.0,0
1583,2023-12-14 00:00,6331.0,0,0,0,0,0.0,0
1584,2023-12-14 01:00,6742.0,0,0,0,0,0.0,0
1585,2023-12-14 02:00,7466.0,0,0,0,0,0.0,0
1586,2023-12-14 03:00,10549.0,0,0,0,0,0.0,0
1587,2023-12-14 04:00,17800.0,0,0,1,0,0.375,0
1588,2023-12-14 05:00,23642.0,0,0,1,0,0.375,0
1589,2023-12-14 06:00,18131.0,0,0,1,0,0.375,0
1590,2023-12-14 07:00,15799.0,0,0,0,0,0.0,0
1591,2023-12-14 08:00,15605.0,0,0,0,0,0.0,0
1592,2023-12-14 09:00,14662.0,0,0,0,0,0.0,0
1593,2023-12-14 10:00,13728.0,0,0,0,0,0.0,0
1594,2023-12-14 11:00,13177.0,0,0,0,0,0.0,0
1595,2023-12-14 12:00,13124.0,0,0,0,0,0.0,0
1596,2023-12-14 13:00,9180.0,0,0,0,0,0.0,0
1597,2023-12-14 14:00,7784.0,0,0,0,0,0.0,0
1598,2023-12-14 15:00,8051.0,0,0,0,0,0.0,0
1599,2023-12-14 16:00,7625.0,0,0,0,0,0.0,0
1600,2023-12-14 17:00,7881.0,0,0,0,0,0.0,0
1601,2023-12-14 18:00,8252.0,0,0,0,0,0.0,0
1602,2023-12-14 19:00,8929.0,0,0,0,0,0.0,0
1603,2023-12-14 20:00,8724.0,0,0,0,0,0.0,0
1604,2023-12-14 21:00,9463.0,0,0,0,0,0.0,0
1605,2023-12-14 22:00,8388.0,0,0,0,0,0.0,0
1606,2023-12-14 23:00,7255.0,0,0,0,0,0.0,0
1607,2023-12-15 00:00,6189.0,0,0,0,0,0.0,0
1608,2023-12-15 01:00,6024.0,0,0,0,0,0.0,0
1609,2023-12-15 02:00,5656.0,0,0,0,0,0.0,0
1610,2023-12-15 03:00,7683.0,0,0,0,0,0.0,0
1611,2023-12-15 04:00,12165.0,0,0,0,0,0.0,0
1612,2023-12-15 05:00,14846.0,0,0,0,0,0.0,0
1613,2023-12-15 06:00,13186.0,0,0,0,0,0.0,0
1614,2023-12-15 07:00,14268.0,0,0,0,0,0.0,0
1615,2023-12-15 08:00,14857.0,0,0,0,0,0.0,0
1616,2023-12-15 09:00,12833.0,0,0,0,0,0.0,0
1617,2023-12-15 10:00,13333.0,0,0,0,0,0.0,0
1618,2023-12-15 11:00,13590.0,0,0,0,0,0.0,0
1619,2023-12-15 12:00,11242.0,0,0,0,0,0.0,0
1620,2023-12-15 13:00,8834.0,0,0,0,0,0.0,0
1621,2023-12-15 14:00,7961.0,0,0,0,0,0.0,0
1622,2023-12-15 15:00,8088.0,0,0,0,0,0.0,0
1623,2023-12-15 16:00,8772.0,0,0,0,0,0.0,0
1624,2023-12-15 17:00,9391.0,0,0,0,0,0.0,0
1625,2023-12-15 18:00,8905.0,0,0,0,0,0.0,0
1626,2023-12-15 19:00,8886.0,0,0,0,0,0.0,0
1627,2023-12-15 20:00,9394.0,0,0,0,0,0.0,0
1628,2023-12-15 21:00,8305.0,0,0,0,0,0.0,0
1629,2023-12-15 22:00,7764.0,0,0,0,0,0.0,0
1630,2023-12-15 23:00,6329.0,0,0,0,0,0.0,0
1631,2023-12-16 00:00,6511.0,1,0,0,0,0.0,0
1632,2023-12-16 01:00,6137.0,1,0,0,0,0.0,0
1633,2023-12-16 02:00,6219.0,1,0,0,0,0.0,0
1634,2023-12-16 03:00,6162.0,1,0,0,0,0.0,0
1635,2023-12-16 04:00,7712.0,1,0,0,0,0.0,0
1636,2023-12-16 05:00,8700.0,1,0,0,0,0.0,0
1637,2023-12-16 06:00,8328.0,1,0,0,0,0.0,0
1638,2023-12-16 07:00,8947.0,1,0,0,0,0.0,0
1639,2023-12-16 08:00,9690.0,1,0,0,0,0.0,0
1640,2023-12-16 09:00,11411.0,1,0,0,0,0.0,0
1641,2023-12-16 10:00,10167.0,1,0,0,0,0.0,0
1642,2023-12-16 11:00,10128.0,1,0,0,0,0.0,0
1643,2023-12-16 12:00,9914.0,1,0,0,0,0.0,0
1644,2023-12-16 13:00,8991.0,1,0,0,0,0.0,0
1645,2023-12-16 14:00,8504.0,1,0,0,0,0.0,0
1646,2023-12-16 15:00,8513.0,1,0,0,0,0.0,0
1647,2023-12-16 16:00,8368.0,1,0,0,0,0.0,0
1648,2023-12-16 17:00,8751.0,1,0,0,1,0.16666666666666666,0
1649,2023-12-16 18:00,7724.0,1,0,0,0,0.0,0
1650,2023-12-16 19:00,8166.0,1,0,0,0,0.0,0
1651,2023-12-16 20:00,8040.0,1,0,0,0,0.0,0
1652,2023-12-16 21:00,8345.0,1,0,0,0,0.0,0
1653,2023-12-16 22:00,8748.0,1,0,0,0,0.0,0
1654,2023-12-16 23:00,7699.0,1,0,0,0,0.0,0
1655,2023-12-17 00:00,7233.0,1,0,0,0,0.0,0
1656,2023-12-17 01:00,6927.0,1,0,0,0,0.0,0
1657,2023-12-17 02:00,5286.0,1,0,0,0,0.0,0
1658,2023-12-17 03:00,5476.0,1,0,0,0,0.0,0
1659,2023-12-17 04:00,6436.0,1,0,0,0,0.0,0
1660,2023-12-17 05:00,7889.0,1,0,0,0,0.0,0
1661,2023-12-17 06:00,9348.0,1,0,0,0,0.0,0
1662,2023-12-17 07:00,8011.0,1,0,0,0,0.0,0
1663,2023-12-17 08:00,8630.0,1,0,0,0,0.0,0
1664,2023-12-17 09:00,8551.0,1,0,0,0,0.0,0
1665,2023-12-17 10:00,7829.0,1,0,0,0,0.0,0
1666,2023-12-17 11:00,8356.0,1,0,0,0,0.0,0
1667,2023-12-17 12:00,10023.0,1,0,0,0,0.0,0
1668,2023-12-17 13:00,8395.0,1,0,0,0,0.0,0
1669,2023-12-17 14:00,7613.0,1,0,0,0,0.0,0
1670,2023-12-17 15:00,9693.0,1,0,0,0,0.0,0
1671,2023-12-17 16:00,9418.0,1,0,0,0,0.0,0
1672,2023-12-17 17:00,9340.0,1,0,0,0,0.0,0
1673,2023-12-17 18:00,9229.0,1,0,0,0,0.0,0
1674,2023-12-17 19:00,8327.0,1,0,0,0,0.0,0
1675,2023-12-17 20:00,8728.0,1,0,0,0,0.0,0
1676,2023-12-17 21:00,8297.0,1,0,0,0,0.0,0
1677,2023-12-17 22:00,8891.0,1,0,0,0,0.0,0
1678,2023-12-17 23:00,6604.0,1,0,0,0,0.0,0
1679,2023-12-18 00:00,6522.0,0,0,0,0,0.0,0
1680,2023-12-18 01:00,6167.0,0,0,0,0,0.0,0
1681,2023-12-18 02:00,6461.0,0,0,0,0,0.0,0
1682,2023-12-18 03:00,9079.0,0,0,0,0,0.0,0
1683,2023-12-18 04:00,16109.0,0,0,1,0,0.375,0
1684,2023-12-18 05:00,21716.0,0,0,1,1,0.5416666666666666,0
1685,2023-12-18 06:00,18231.0,0,0,1,0,0.375,0
1686,2023-12-18 07:00,14983.0,0,0,0,0,0.0,0
1687,2023-12-18 08:00,12105.0,0,0,0,0,0.0,0
1688,2023-12-18 09:00,12826.0,0,0,0,0,0.0,0
1689,2023-12-18 10:00,12925.0,0,0,0,0,0.0,0
1690,2023-12-18 11:00,12967.0,0,0,0,0,0.0,0
1691,2023-12-18 12:00,14445.0,0,0,1,0,0.375,0
1692,2023-12-18 13:00,11979.0,0,0,0,0,0.0,0
1693,2023-12-18 14:00,9883.0,0,0,1,0,0.375,0
1694,2023-12-18 15:00,8383.0,0,0,0,0,0.0,0
1695,2023-12-18 16:00,9196.0,0,0,0,0,0.0,0
1696,2023-12-18 17:00,9479.0,0,0,0,0,0.0,0
1697,2023-12-18 18:00,9698.0,0,0,0,0,0.0,0
1698,2023-12-18 19:00,9600.0,0,0,0,0,0.0,0
1699,2023-12-18 20:00,8324.0,0,0,0,0,0.0,0
1700,2023-12-18 21:00,9395.0,0,0,0,0,0.0,0
1701,2023-12-18 22:00,8720.0,0,0,0,0,0.0,0
1702,2023-12-18 23:00,8144.0,0,0,0,0,0.0,0
1703,2023-12-19 00:00,7228.0,0,0,0,0,0.0,0
1704,2023-12-19 01:00,5743.0,0,0,0,0,0.0,0
1705,2023-12-19 02:00,5963.0,0,0,0,0,0.0,0
1706,2023-12-19 03:00,7188.0,0,0,0,0,0.0,0
1707,2023-12-19 04:00,11901.0,0,0,0,0,0.0,0
1708,2023-12-19 05:00,16644.0,0,0,1,0,0.375,0
1709,2023-12-19 06:00,17818.0,0,0,1,0,0.375,0
1710,2023-12-19 07:00,16071.0,0,0,1,0,0.375,0
1711,2023-12-19 08:00,14053.0,0,0,0,0,0.0,0
1712,2023-12-19 09:00,13965.0,0,0,0,0,0.0,0
1713,2023-12-19 10:00,14064.0,0,0,0,0,0.0,0
1714,2023-12-19 11:00,14663.0,0,0,1,0,0.375,0
1715,2023-12-19 12:00,13144.0,0,0,0,0,0.0,0
1716,2023-12-19 13:00,10363.0,0,0,0,0,0.0,0
1717,2023-12-19 14:00,7571.0,0,0,0,0,0.0,0
1718,2023-12-19 15:00,7913.0,0,0,0,0,0.0,0
1719,2023-12-19 16:00,7794.0,0,0,0,0,0.0,0
1720,2023-12-19 17:00,8053.0,0,0,0,0,0.0,0
1721,2023-12-19 18:00,8873.0,0,0,0,0,0.0,0
1722,2023-12-19 19:00,9812.0,0,0,0,0,0.0,0
1723,2023-12-19 20:00,10311.0,0,0,0,0,0.0,0
1724,2023-12-19 21:00,10081.0,0,0,0,0,0.0,0
1725,2023-12-19 22:00,9875.0,0,0,0,0,0.0,0
1726,2023-12-19 23:00,9956.0,0,0,0,0,0.0,0
1727,2023-12-20 00:00,8601.0,0,0,0,0,0.0,0
1728,2023-12-20 01:00,8549.0,0,0,0,0,0.0,0
1729,2023-12-20 02:00,9318.0,0,0,0,0,0.0,0
1730,2023-12-20 03:00,9769.0,0,0,0,0,0.0,0
1731,2023-12-20 04:00,12901.0,0,0,0,0,0.0,0
1732,2023-12-20 05:00,16888.0,0,0,1,0,0.375,0
1733,2023-12-20 06:00,15518.0,0,0,1,0,0.375,0
1734,2023-12-20 07:00,14839.0,0,0,1,0,0.375,0
1735,2023-12-20 08:00,15823.0,0,0,1,0,0.375,0
1736,2023-12-20 09:00,12510.0,0,0,0,0,0.0,0
1737,2023-12-20 10:00,10988.0,0,0,0,0,0.0,0
1738,2023-12-20 11:00,11593.0,0,0,0,0,0.0,0
1739,2023-12-20 12:00,13199.0,0,0,0,0,0.0,0
1740,2023-12-20 13:00,8821.0,0,0,0,0,0.0,0
1741,2023-12-20 14:00,7071.0,0,0,0,0,0.0,0
1742,2023-12-20 15:00,6724.0,0,0,0,0,0.0,0
1743,2023-12-20 16:00,6978.0,0,0,0,0,0.0,0
1744,2023-12-20 17:00,7600.0,0,0,0,0,0.0,0
1745,2023-12-20 18:00,7333.0,0,0,0,0,0.0,0
1746,2023-12-20 19:00,8392.0,0,0,0,0,0.0,0
1747,2023-12-20 20:00,9302.0,0,0,0,0,0.0,0
1748,2023-12-20 21:00,8465.0,0,0,0,0,0.0,0
1749,2023-12-20 22:00,7728.0,0,0,0,0,0.0,0
1750,2023-12-20 23:00,8420.0,0,0,0,0,0.0,0
1751,2023-12-21 00:00,8206.0,0,0,0,0,0.0,0
1752,2023-12-21 01:00,7498.0,0,0,0,0,0.0,0
1753,2023-12-21 02:00,8349.0,0,0,0,0,0.0,0
1754,2023-12-21 03:00,10677.0,0,0,0,0,0.0,0
1755,2023-12-21 04:00,12709.0,0,0,0,0,0.0,0
1756,2023-12-21 05:00,16013.0,0,0,1,0,0.375,0
1757,2023-12-21 06:00,14830.0,0,0,0,0,0.0,0
1758,2023-12-21 07:00,14647.0,0,0,0,0,0.0,0
1759,2023-12-21 08:00,12758.0,0,0,0,0,0.0,0
1760,2023-12-21 09:00,14571.0,0,0,0,0,0.0,0
1761,2023-12-21 10:00,13562.0,0,0,0,0,0.0,0
1762,2023-12-21 11:00,13716.0,0,0,0,0,0.0,0
1763,2023-12-21 12:00,13658.0,0,0,0,0,0.0,0
1764,2023-12-21 13:00,9373.0,0,0,0,0,0.0,0
1765,2023-12-21 14:00,9627.0,0,0,0,0,0.0,0
1766,2023-12-21 15:00,9551.0,0,0,0,0,0.0,0
1767,2023-12-21 16:00,9382.0,0,0,0,0,0.0,0
1768,2023-12-21 17:00,9155.0,0,0,0,0,0.0,0
1769,2023-12-21 18:00,8872.0,0,0,0,0,0.0,0
1770,2023-12-21 19:00,9665.0,0,0,0,0,0.0,0
1771,2023-12-21 20:00,9665.0,0,0,0,0,0.0,0
1772,2023-12-21 21:00,9139.0,0,0,0,0,0.0,0
1773,2023-12-21 22:00,7552.0,0,0,0,0,0.0,0
1774,2023-12-21 23:00,8633.0,0,0,0,0,0.0,0
1775,2023-12-22 00:00,6743.0,0,0,0,0,0.0,0
1776,2023-12-22 01:00,5970.0,0,0,0,0,0.0,0
1777,2023-12-22 02:00,5839.0,0,0,0,0,0.0,0
1778,2023-12-22 03:00,7433.0,0,0,0,0,0.0,0
1779,2023-12-22 04:00,11553.0,0,0,0,0,0.0,0
1780,2023-12-22 05:00,15480.0,0,0,1,0,0.375,0
1781,2023-12-22 06:00,15090.0,0,0,0,0,0.0,0
1782,2023-12-22 07:00,14747.0,0,0,0,0,0.0,0
1783,2023-12-22 08:00,14481.0,0,0,0,0,0.0,0
1784,2023-12-22 09:00,11458.0,0,0,0,0,0.0,0
1785,2023-12-22 10:00,8464.0,0,0,0,0,0.0,0
1786,2023-12-22 11:00,8704.0,0,0,0,0,0.0,0
1787,2023-12-22 12:00,9065.0,0,0,0,0,0.0,0
1788,2023-12-22 13:00,7760.0,0,0,0,0,0.0,0
1789,2023-12-22 14:00,8760.0,0,0,0,0,0.0,0
1790,2023-12-22 15:00,8292.0,0,0,0,0,0.0,0
1791,2023-12-22 16:00,8654.0,0,0,0,0,0.0,0
1792,2023-12-22 17:00,8788.0,0,0,0,0,0.0,0
1793,2023-12-22 18:00,9476.0,0,0,0,0,0.0,0
1794,2023-12-22 19:00,10000.0,0,0,1,0,0.375,0
1795,2023-12-22 20:00,9800.0,0,0,1,0,0.375,0
1796,2023-12-22 21:00,8688.0,0,0,0,0,0.0,0
1797,2023-12-22 22:00,7516.0,0,0,0,0,0.0,0
1798,2023-12-22 23:00,7075.0,0,0,0,0,0.0,0
1799,2023-12-23 00:00,6241.0,1,0,0,0,0.0,0
1800,2023-12-23 01:00,4322.0,1,0,1,0,0.375,0
1801,2023-12-23 02:00,5931.0,1,0,0,0,0.0,0
1802,2023-12-23 03:00,6967.0,1,0,0,0,0.0,0
1803,2023-12-23 04:00,6860.0,1,0,0,0,0.0,0
1804,2023-12-23 05:00,8467.0,1,0,0,0,0.0,0
1805,2023-12-23 06:00,9159.0,1,0,0,0,0.0,0
1806,2023-12-23 07:00,8093.0,1,0,0,0,0.0,0
1807,2023-12-23 08:00,8307.0,1,0,0,0,0.0,0
1808,2023-12-23 09:00,8286.0,1,0,0,0,0.0,0
1809,2023-12-23 10:00,8348.0,1,0,0,0,0.0,0
1810,2023-12-23 11:00,8168.0,1,0,0,0,0.0,0
1811,2023-12-23 12:00,9300.0,1,0,0,0,0.0,0
1812,2023-12-23 13:00,6620.0,1,0,0,0,0.0,0
1813,2023-12-23 14:00,6305.0,1,0,0,1,0.16666666666666666,0
1814,2023-12-23 15:00,6373.0,1,0,0,0,0.0,0
1815,2023-12-23 16:00,5763.0,1,0,1,0,0.375,0
1816,2023-12-23 17:00,6297.0,1,0,0,0,0.0,0
1817,2023-12-23 18:00,7355.0,1,0,0,0,0.0,0
1818,2023-12-23 19:00,8989.0,1,0,0,0,0.0,0
1819,2023-12-23 20:00,9710.0,1,0,1,0,0.375,0
1820,2023-12-23 21:00,9019.0,1,0,0,0,0.0,0
1821,2023-12-23 22:00,8496.0,1,0,0,0,0.0,0
1822,2023-12-23 23:00,6689.0,1,0,0,0,0.0,0
1823,2023-12-24 00:00,6764.0,1,0,0,0,0.0,0
1824,2023-12-24 01:00,6272.0,1,0,0,0,0.0,0
1825,2023-12-24 02:00,5313.0,1,0,1,0,0.375,0
1826,2023-12-24 03:00,6039.0,1,0,0,0,0.0,0
1827,2023-12-24 04:00,7446.0,1,0,0,0,0.0,0
1828,2023-12-24 05:00,7930.0,1,0,0,0,0.0,0
1829,2023-12-24 06:00,8262.0,1,0,0,0,0.0,0
1830,2023-12-24 07:00,10094.0,1,0,1,0,0.375,0
1831,2023-12-24 08:00,9463.0,1,0,1,0,0.375,0
1832,2023-12-24 09:00,6757.0,1,0,0,0,0.0,0
1833,2023-12-24 10:00,5690.0,1,0,1,0,0.375,0
1834,2023-12-24 11:00,6003.0,1,0,0,0,0.0,0
1835,2023-12-24 12:00,5927.0,1,0,0,0,0.0,0
1836,2023-12-24 13:00,7009.0,1,0,0,0,0.0,0
1837,2023-12-24 14:00,7562.0,1,0,0,0,0.0,0
1838,2023-12-24 15:00,7666.0,1,0,0,0,0.0,0
1839,2023-12-24 16:00,9452.0,1,0,1,0,0.375,0
1840,2023-12-24 17:00,10050.0,1,0,1,0,0.375,0
1841,2023-12-24 18:00,9117.0,1,0,0,0,0.0,0
1842,2023-12-24 19:00,9207.0,1,0,0,0,0.0,0
1843,2023-12-24 20:00,8669.0,1,0,0,0,0.0,0
1844,2023-12-24 21:00,8037.0,1,0,0,0,0.0,0
1845,2023-12-24 22:00,8339.0,1,0,0,0,0.0,0
1846,2023-12-24 23:00,7200.0,1,0,0,0,0.0,0
1847,2023-12-25 00:00,5523.0,1,0,1,0,0.375,0
1848,2023-12-25 01:00,5520.0,1,0,1,0,0.375,0
1849,2023-12-25 02:00,5547.0,1,0,1,0,0.375,0
1850,2023-12-25 03:00,7076.0,1,0,0,0,0.0,0
1851,2023-12-25 04:00,8232.0,1,0,0,0,0.0,0
1852,2023-12-25 05:00,9497.0,1,0,1,0,0.375,0
1853,2023-12-25 06:00,9719.0,1,0,1,0,0.375,0
1854,2023-12-25 07:00,9362.0,1,0,1,0,0.375,0
1855,2023-12-25 08:00,9851.0,1,0,1,0,0.375,0
1856,2023-12-25 09:00,9444.0,1,0,1,0,0.375,0
1857,2023-12-25 10:00,8817.0,1,0,0,0,0.0,0
1858,2023-12-25 11:00,9090.0,1,0,0,0,0.0,0
1859,2023-12-25 12:00,9585.0,1,0,1,0,0.375,0
1860,2023-12-25 13:00,10019.0,1,0,1,0,0.375,0
1861,2023-12-25 14:00,8353.0,1,0,0,0,0.0,0
1862,2023-12-25 15:00,8173.0,1,0,0,0,0.0,0
1863,2023-12-25 16:00,7782.0,1,0,0,0,0.0,0
1864,2023-12-25 17:00,7638.0,1,0,0,0,0.0,0
1865,2023-12-25 18:00,7349.0,1,0,0,0,0.0,0
1866,2023-12-25 19:00,8302.0,1,0,0,0,0.0,0
1867,2023-12-25 20:00,8342.0,1,0,0,0,0.0,0
1868,2023-12-25 21:00,7397.0,1,0,0,0,0.0,0
1869,2023-12-25 22:00,7244.0,1,0,0,0,0.0,0
1870,2023-12-25 23:00,6920.0,1,0,0,0,0.0,0
1871,2023-12-26 00:00,6880.0,1,0,0,0,0.0,0
1872,2023-12-26 01:00,6167.0,1,0,0,0,0.0,0
1873,2023-12-26 02:00,5064.0,1,0,1,0,0.375,0
1874,2023-12-26 03:00,6777.0,1,0,0,0,0.0,0
1875,2023-12-26 04:00,7259.0,1,0,0,0,0.0,0
1876,2023-12-26 05:00,7548.0,1,0,0,0,0.0,0
1877,2023-12-26 06:00,8063.0,1,0,0,0,0.0,0
1878,2023-12-26 07:00,8472.0,1,0,0,0,0.0,0
1879,2023-12-26 08:00,8057.0,1,0,0,0,0.0,0
1880,2023-12-26 09:00,8901.0,1,0,0,0,0.0,0
1881,2023-12-26 10:00,9901.0,1,0,1,0,0.375,0
1882,2023-12-26 11:00,9744.0,1,0,1,0,0.375,0
1883,2023-12-26 12:00,9730.0,1,0,1,0,0.375,0
1884,2023-12-26 13:00,8364.0,1,0,0,0,0.0,0
1885,2023-12-26 14:00,6993.0,1,0,0,0,0.0,0
1886,2023-12-26 15:00,7780.0,1,0,0,0,0.0,0
1887,2023-12-26 16:00,7037.0,1,0,0,0,0.0,0
1888,2023-12-26 17:00,7878.0,1,0,0,0,0.0,0
1889,2023-12-26 18:00,7239.0,1,0,0,0,0.0,0
1890,2023-12-26 19:00,9379.0,1,0,1,0,0.375,0
1891,2023-12-26 20:00,8935.0,1,0,0,0,0.0,0
1892,2023-12-26 21:00,7768.0,1,0,0,0,0.0,0
1893,2023-12-26 22:00,6955.0,1,0,0,0,0.0,0
1894,2023-12-26 23:00,6889.0,1,0,0,0,0.0,0
1895,2023-12-27 00:00,5236.0,0,0,1,0,0.375,0
1896,2023-12-27 01:00,5415.0,0,0,1,0,0.375,0
1897,2023-12-27 02:00,5254.0,0,0,1,0,0.375,0
1898,2023-12-27 03:00,6141.0,0,0,0,0,0.0,0
1899,2023-12-27 04:00,8925.0,0,0,0,0,0.0,0
1900,2023-12-27 05:00,12508.0,0,0,0,0,0.0,0
1901,2023-12-27 06:00,10401.0,0,0,0,0,0.0,0
1902,2023-12-27 07:00,10999.0,0,0,0,0,0.0,0
1903,2023-12-27 08:00,13020.0,0,0,0,0,0.0,0
1904,2023-12-27 09:00,13035.0,0,0,0,0,0.0,0
1905,2023-12-27 10:00,12002.0,0,0,0,1,0.16666666666666666,0
1906,2023-12-27 11:00,13139.0,0,0,0,0,0.0,0
1907,2023-12-27 12:00,12216.0,0,0,0,0,0.0,0
1908,2023-12-27 13:00,7216.0,0,0,0,0,0.0,0
1909,2023-12-27 14:00,6647.0,0,0,0,0,0.0,0
1910,2023-12-27 15:00,6504.0,0,0,0,0,0.0,0
1911,2023-12-27 16:00,5597.0,0,0,1,0,0.375,0
1912,2023-12-27 17:00,5458.0,0,0,1,0,0.375,0
1913,2023-12-27 18:00,6536.0,0,0,0,0,0.0,0
1914,2023-12-27 19:00,7851.0,0,0,0,0,0.0,0
1915,2023-12-27 20:00,6643.0,0,0,0,0,0.0,0
1916,2023-12-27 21:00,6116.0,0,0,0,0,0.0,0
1917,2023-12-27 22:00,6094.0,0,0,0,0,0.0,0
1918,2023-12-27 23:00,5342.0,0,0,1,0,0.375,0
1919,2023-12-28 00:00,5324.0,0,0,1,0,0.375,0
1920,2023-12-28 01:00,4147.0,0,0,1,0,0.375,0
1921,2023-12-28 02:00,4074.0,0,0,1,0,0.375,0
1922,2023-12-28 03:00,5864.0,0,0,0,0,0.0,0
1923,2023-12-28 04:00,9356.0,0,0,1,0,0.375,0
1924,2023-12-28 05:00,13625.0,0,0,0,1,0.16666666666666666,0
1925,2023-12-28 06:00,15023.0,0,0,1,0,0.375,0
1926,2023-12-28 07:00,14184.0,0,0,1,0,0.375,0
1927,2023-12-28 08:00,14262.0,0,0,1,0,0.375,0
1928,2023-12-28 09:00,12757.0,0,0,0,0,0.0,0
1929,2023-12-28 10:00,11701.0,0,0,0,0,0.0,0
1930,2023-12-28 11:00,11139.0,0,0,0,0,0.0,0
1931,2023-12-28 12:00,10081.0,0,0,1,0,0.375,0
1932,2023-12-28 13:00,7684.0,0,0,0,0,0.0,0
1933,2023-12-28 14:00,7255.0,0,0,0,0,0.0,0
1934,2023-12-28 15:00,6871.0,0,0,0,0,0.0,0
1935,2023-12-28 16:00,6544.0,0,0,0,0,0.0,0
1936,2023-12-28 17:00,8031.0,0,0,0,0,0.0,0
1937,2023-12-28 18:00,8546.0,0,0,0,0,0.0,0
1938,2023-12-28 19:00,9295.0,0,0,1,0,0.375,0
1939,2023-12-28 20:00,10537.0,0,0,0,0,0.0,0
1940,2023-12-28 21:00,9634.0,0,0,1,0,0.375,0
1941,2023-12-28 22:00,7932.0,0,0,0,0,0.0,0
1942,2023-12-28 23:00,6269.0,0,0,0,0,0.0,0
1943,2023-12-29 00:00,5356.0,0,0,1,0,0.375,0
1944,2023-12-29 01:00,4493.0,0,0,1,0,0.375,0
1945,2023-12-29 02:00,4336.0,0,0,1,0,0.375,0
1946,2023-12-29 03:00,5517.0,0,0,0,0,0.0,0
1947,2023-12-29 04:00,8358.0,0,0,0,0,0.0,0
1948,2023-12-29 05:00,13210.0,0,0,0,0,0.0,0
1949,2023-12-29 06:00,11765.0,0,0,0,0,0.0,0
1950,2023-12-29 07:00,11682.0,0,0,0,0,0.0,0
1951,2023-12-29 08:00,11139.0,0,0,0,0,0.0,0
1952,2023-12-29 09:00,10367.0,0,0,0,0,0.0,0
1953,2023-12-29 10:00,8330.0,0,0,0,0,0.0,0
1954,2023-12-29 11:00,6252.0,0,0,0,0,0.0,0
1955,2023-12-29 12:00,6624.0,0,0,0,0,0.0,0
1956,2023-12-29 13:00,7700.0,0,0,0,0,0.0,0
1957,2023-12-29 14:00,7634.0,0,0,0,0,0.0,0
1958,2023-12-29 15:00,7158.0,0,0,0,0,0.0,0
1959,2023-12-29 16:00,7975.0,0,0,0,0,0.0,0
1960,2023-12-29 17:00,8704.0,0,0,0,0,0.0,0
1961,2023-12-29 18:00,8079.0,0,0,0,0,0.0,0
1962,2023-12-29 19:00,8414.0,0,0,0,0,0.0,0
1963,2023-12-29 20:00,8547.0,0,0,0,0,0.0,0
1964,2023-12-29 21:00,7451.0,0,0,0,0,0.0,0
1965,2023-12-29 22:00,7367.0,0,0,0,0,0.0,0
1966,2023-12-29 23:00,7255.0,0,0,0,0,0.0,0
1967,2023-12-30 00:00,6602.0,1,0,0,0,0.0,0
1968,2023-12-30 01:00,6720.0,1,0,0,0,0.0,0
1969,2023-12-30 02:00,4277.0,1,0,1,0,0.375,0
1970,2023-12-30 03:00,5408.0,1,0,1,0,0.375,0
1971,2023-12-30 04:00,7010.0,1,0,0,0,0.0,0
1972,2023-12-30 05:00,8593.0,1,0,0,0,0.0,0
1973,2023-12-30 06:00,8487.0,1,0,0,0,0.0,0
1974,2023-12-30 07:00,8303.0,1,0,0,0,0.0,0
1975,2023-12-30 08:00,8056.0,1,0,0,0,0.0,0
1976,2023-12-30 09:00,8807.0,1,0,1,0,0.375,0
1977,2023-12-30 10:00,8367.0,1,0,0,0,0.0,0
1978,2023-12-30 11:00,8424.0,1,0,0,0,0.0,0
1979,2023-12-30 12:00,7538.0,1,0,0,0,0.0,0
1980,2023-12-30 13:00,6997.0,1,0,0,0,0.0,0
1981,2023-12-30 14:00,6150.0,1,0,0,0,0.0,0
1982,2023-12-30 15:00,7852.0,1,0,0,0,0.0,0
1983,2023-12-30 16:00,8369.0,1,0,0,0,0.0,0
1984,2023-12-30 17:00,8967.0,1,0,1,0,0.375,0
1985,2023-12-30 18:00,6828.0,1,0,0,0,0.0,0
1986,2023-12-30 19:00,7363.0,1,0,0,0,0.0,0
1987,2023-12-30 20:00,7462.0,1,0,0,0,0.0,0
1988,2023-12-30 21:00,7022.0,1,0,0,0,0.0,0
1989,2023-12-30 22:00,6941.0,1,0,0,0,0.0,0
1990,2023-12-30 23:00,5494.0,1,0,0,0,0.0,0
1991,2023-12-31 00:00,5995.0,1,0,0,0,0.0,0
1992,2023-12-31 01:00,5726.0,1,0,0,0,0.0,0
1993,2023-12-31 02:00,6118.0,1,0,0,0,0.0,0
1994,2023-12-31 03:00,6230.0,1,0,0,0,0.0,0
1995,2023-12-31 04:00,6282.0,1,0,0,0,0.0,0
1996,2023-12-31 05:00,6617.0,1,0,0,0,0.0,0
1997,2023-12-31 06:00,5753.0,1,0,0,1,0.16666666666666666,0
1998,2023-12-31 07:00,5727.0,1,0,0,0,0.0,0
1999,2023-12-31 08:00,6049.0,1,0,0,0,0.0,0
2000,2023-12-31 09:00,6281.0,1,0,0,0,0.0,0
2001,2023-12-31 10:00,6850.0,1,0,0,0,0.0,0
2002,2023-12-31 11:00,6442.0,1,0,0,0,0.0,0
2003,2023-12-31 12:00,6421.0,1,0,0,0,0.0,0
2004,2023-12-31 13:00,6809.0,1,0,0,0,0.0,0
2005,2023-12-31 14:00,7369.0,1,0,0,0,0.0,0
2006,2023-12-31 15:00,7523.0,1,0,0,0,0.0,0
2007,2023-12-31 16:00,8354.0,1,0,0,0,0.0,0
2008,2023-12-31 17:00,7701.0,1,0,0,0,0.0,0
2009,2023-12-31 18:00,7359.0,1,0,0,0,0.0,0
2010,2023-12-31 19:00,7516.0,1,0,0,0,0.0,0
2011,2023-12-31 20:00,7847.0,1,0,0,0,0.0,0
2012,2023-12-31 21:00,7418.0,1,0,0,0,0.0,0
2013,2023-12-31 22:00,7505.0,1,0,0,0,0.0,0
2014,2023-12-31 23:00,6614.0,1,0,0,0,0.0,0
2015,2024-01-01 00:00,7195.0,1,0,0,0,0.0,0
2016,2024-01-01 01:00,6643.0,1,0,0,0,0.0,0
2017,2024-01-01 02:00,6412.0,1,0,0,0,0.0,0
2018,2024-01-01 03:00,7370.0,1,0,0,0,0.0,0
2019,2024-01-01 04:00,7028.0,1,0,0,0,0.0,0
2020,2024-01-01 05:00,7832.0,1,0,0,0,0.0,0
2021,2024-01-01 06:00,7608.0,1,0,0,0,0.0,0
2022,2024-01-01 07:00,8872.0,1,0,1,0,0.375,0
2023,2024-01-01 08:00,9093.0,1,0,1,0,0.375,0
2024,2024-01-01 09:00,7515.0,1,0,0,0,0.0,0
2025,2024-01-01 10:00,6622.0,1,0,0,0,0.0,0
2026,2024-01-01 11:00,6008.0,1,0,0,0,0.0,0
2027,2024-01-01 12:00,7839.0,1,0,0,0,0.0,0
2028,2024-01-01 13:00,6987.0,1,0,0,0,0.0,0
2029,2024-01-01 14:00,5513.0,1,0,1,0,0.375,0
2030,2024-01-01 15:00,7844.0,1,0,0,0,0.0,0
2031,2024-01-01 16:00,7368.0,1,0,0,0,0.0,0
2032,2024-01-01 17:00,7971.0,1,0,0,0,0.0,0
2033,2024-01-01 18:00,8208.0,1,0,0,0,0.0,0
2034,2024-01-01 19:00,7850.0,1,0,0,0,0.0,0
2035,2024-01-01 20:00,8213.0,1,0,0,0,0.0,0
2036,2024-01-01 21:00,5787.0,1,0,1,0,0.375,0
2037,2024-01-01 22:00,5486.0,1,0,1,0,0.375,0
2038,2024-01-01 23:00,5236.0,1,0,1,0,0.375,0
2039,2024-01-02 00:00,4288.0,0,0,1,0,0.375,0
2040,2024-01-02 01:00,4011.0,0,0,1,0,0.375,0
2041,2024-01-02 02:00,3600.0,0,0,1,0,0.375,0
2042,2024-01-02 03:00,4386.0,0,0,1,0,0.375,0
2043,2024-01-02 04:00,9328.0,0,0,1,0,0.375,0
2044,2024-01-02 05:00,13101.0,0,0,0,1,0.16666666666666666,0
2045,2024-01-02 06:00,10963.0,0,0,0,0,0.0,0
2046,2024-01-02 07:00,9745.0,0,0,1,0,0.375,0
2047,2024-01-02 08:00,10526.0,0,0,0,0,0.0,0
2048,2024-01-02 09:00,9292.0,0,0,1,0,0.375,0
2049,2024-01-02 10:00,10086.0,0,0,1,0,0.375,0
2050,2024-01-02 11:00,9359.0,0,0,1,0,0.375,0
2051,2024-01-02 12:00,10894.0,0,0,0,0,0.0,0
2052,2024-01-02 13:00,6457.0,0,0,0,0,0.0,0
2053,2024-01-02 14:00,6257.0,0,0,0,0,0.0,0
2054,2024-01-02 15:00,6563.0,0,0,0,0,0.0,0
2055,2024-01-02 16:00,5262.0,0,0,1,0,0.375,0
2056,2024-01-02 17:00,4217.0,0,0,1,0,0.375,0
2057,2024-01-02 18:00,5216.0,0,0,1,0,0.375,0
2058,2024-01-02 19:00,5131.0,0,0,1,0,0.375,0
2059,2024-01-02 20:00,4531.0,0,0,1,0,0.375,0
2060,2024-01-02 21:00,5577.0,0,0,0,0,0.0,0
2061,2024-01-02 22:00,4172.0,0,0,1,0,0.375,0
2062,2024-01-02 23:00,4749.0,0,0,1,0,0.375,0
2063,2024-01-03 00:00,4472.0,0,0,1,0,0.375,0
2064,2024-01-03 01:00,4077.0,0,0,1,0,0.375,0
2065,2024-01-03 02:00,4765.0,0,0,1,0,0.375,0
2066,2024-01-03 03:00,5307.0,0,0,0,0,0.0,0
2067,2024-01-03 04:00,9618.0,0,0,1,0,0.375,0
2068,2024-01-03 05:00,13041.0,0,0,0,0,0.0,0
2069,2024-01-03 06:00,11442.0,0,0,0,0,0.0,0
2070,2024-01-03 07:00,10740.0,0,0,0,0,0.0,0
2071,2024-01-03 08:00,11078.0,0,0,0,0,0.0,0
2072,2024-01-03 09:00,10931.0,0,0,0,0,0.0,0
2073,2024-01-03 10:00,9328.0,0,0,1,0,0.375,0
2074,2024-01-03 11:00,10321.0,0,0,1,0,0.375,0
2075,2024-01-03 12:00,10317.0,0,0,1,0,0.375,0
2076,2024-01-03 13:00,5543.0,0,0,0,0,0.0,0
2077,2024-01-03 14:00,5592.0,0,0,0,0,0.0,0
2078,2024-01-03 15:00,5921.0,0,0,0,0,0.0,0
2079,2024-01-03 16:00,5961.0,0,0,0,0,0.0,0
2080,2024-01-03 17:00,5253.0,0,0,0,0,0.0,0
2081,2024-01-03 18:00,5509.0,0,0,0,0,0.0,0
2082,2024-01-03 19:00,5860.0,0,0,0,0,0.0,0
2083,2024-01-03 20:00,4752.0,0,0,1,0,0.375,0
2084,2024-01-03 21:00,5298.0,0,0,0,0,0.0,0
2085,2024-01-03 22:00,4993.0,0,0,0,0,0.0,0
2086,2024-01-03 23:00,3444.0,0,0,1,0,0.375,0
2087,2024-01-04 00:00,4217.0,0,0,1,0,0.375,0
2088,2024-01-04 01:00,4452.0,0,0,1,0,0.375,0
2089,2024-01-04 02:00,3085.0,0,0,1,0,0.375,0
2090,2024-01-04 03:00,4815.0,0,0,0,0,0.0,0
2091,2024-01-04 04:00,6832.0,0,0,0,0,0.0,0
2092,2024-01-04 05:00,8249.0,0,0,1,0,0.375,0
2093,2024-01-04 06:00,8955.0,0,0,1,0,0.375,0
2094,2024-01-04 07:00,9970.0,0,0,1,0,0.375,0
2095,2024-01-04 08:00,13225.0,0,0,0,0,0.0,0
2096,2024-01-04 09:00,10483.0,0,0,0,0,0.0,0
2097,2024-01-04 10:00,10404.0,0,0,0,0,0.0,0
2098,2024-01-04 11:00,10672.0,0,0,0,0,0.0,0
2099,2024-01-04 12:00,9845.0,0,0,1,0,0.375,0
2100,2024-01-04 13:00,7365.0,0,0,0,0,0.0,0
2101,2024-01-04 14:00,6050.0,0,0,0,0,0.0,0
2102,2024-01-04 15:00,6330.0,0,0,0,0,0.0,0
2103,2024-01-04 16:00,5943.0,0,0,0,0,0.0,0
2104,2024-01-04 17:00,6217.0,0,0,0,0,0.0,0
2105,2024-01-04 18:00,5608.0,0,0,0,0,0.0,0
2106,2024-01-04 19:00,5219.0,0,0,0,0,0.0,0
2107,2024-01-04 20:00,5235.0,0,0,0,0,0.0,0
2108,2024-01-04 21:00,4663.0,0,0,0,0,0.0,0
2109,2024-01-04 22:00,4552.0,0,0,1,0,0.375,0
2110,2024-01-04 23:00,4295.0,0,0,1,0,0.375,0
2111,2024-01-05 00:00,3828.0,0,0,1,0,0.375,0
2112,2024-01-05 01:00,4135.0,0,0,1,0,0.375,0
2113,2024-01-05 02:00,4313.0,0,0,1,0,0.375,0
2114,2024-01-05 03:00,5147.0,0,0,0,0,0.0,0
2115,2024-01-05 04:00,9820.0,0,0,1,0,0.375,0
2116,2024-01-05 05:00,12178.0,0,0,0,0,0.0,0
2117,2024-01-05 06:00,9479.0,0,0,1,0,0.375,0
2118,2024-01-05 07:00,10596.0,0,0,0,0,0.0,0
2119,2024-01-05 08:00,9140.0,0,0,1,0,0.375,0
2120,2024-01-05 09:00,10029.0,0,0,1,0,0.375,0
2121,2024-01-05 10:00,10935.0,0,0,0,0,0.0,0
2122,2024-01-05 11:00,10317.0,0,0,0,0,0.0,0
2123,2024-01-05 12:00,8292.0,0,0,0,0,0.0,0
2124,2024-01-05 13:00,5860.0,0,0,0,0,0.0,0
2125,2024-01-05 14:00,4893.0,0,0,0,0,0.0,0
2126,2024-01-05 15:00,5036.0,0,0,0,0,0.0,0
2127,2024-01-05 16:00,4888.0,0,0,0,0,0.0,0
2128,2024-01-05 17:00,5626.0,0,0,0,0,0.0,0
2129,2024-01-05 18:00,5562.0,0,0,0,0,0.0,0
2130,2024-01-05 19:00,5422.0,0,0,0,0,0.0,0
2131,2024-01-05 20:00,4824.0,0,0,0,0,0.0,0
2132,2024-01-05 21:00,4674.0,0,0,0,0,0.0,0
2133,2024-01-05 22:00,4871.0,0,0,0,0,0.0,0
2134,2024-01-05 23:00,5050.0,0,0,0,0,0.0,0
2135,2024-01-06 00:00,4133.0,1,0,0,0,0.0,0
2136,2024-01-06 01:00,3561.0,1,0,1,0,0.375,0
2137,2024-01-06 02:00,3817.0,1,0,1,0,0.375,0
2138,2024-01-06 03:00,3723.0,1,0,1,0,0.375,0
2139,2024-01-06 04:00,4201.0,1,0,0,0,0.0,0
2140,2024-01-06 05:00,4741.0,1,0,0,1,0.16666666666666666,0
2141,2024-01-06 06:00,5780.0,1,0,0,0,0.0,0
2142,2024-01-06 07:00,5033.0,1,0,0,0,0.0,0
2143,2024-01-06 08:00,6404.0,1,0,0,0,0.0,0
2144,2024-01-06 09:00,6239.0,1,0,0,0,0.0,0
2145,2024-01-06 10:00,5707.0,1,0,0,0,0.0,0
2146,2024-01-06 11:00,5978.0,1,0,0,0,0.0,0
2147,2024-01-06 12:00,5645.0,1,0,0,0,0.0,0
2148,2024-01-06 13:00,5628.0,1,0,0,0,0.0,0
2149,2024-01-06 14:00,6051.0,1,0,0,0,0.0,0
2150,2024-01-06 15:00,6173.0,1,0,0,0,0.0,0
2151,2024-01-06 16:00,6341.0,1,0,0,0,0.0,0
2152,2024-01-06 17:00,6123.0,1,0,0,0,0.0,0
2153,2024-01-06 18:00,5297.0,1,0,0,0,0.0,0
2154,2024-01-06 19:00,5154.0,1,0,0,0,0.0,0
2155,2024-01-06 20:00,5069.0,1,0,0,0,0.0,0
2156,2024-01-06 21:00,4510.0,1,0,0,0,0.0,0
2157,2024-01-06 22:00,4184.0,1,0,0,0,0.0,0
2158,2024-01-06 23:00,3948.0,1,0,0,0,0.0,0
2159,2024-01-07 00:00,3580.0,1,0,1,0,0.375,0
2160,2024-01-07 01:00,3578.0,1,0,1,0,0.375,0
2161,2024-01-07 02:00,3789.0,1,0,1,0,0.375,0
2162,2024-01-07 03:00,3386.0,1,0,1,0,0.375,0
2163,2024-01-07 04:00,3930.0,1,0,0,0,0.0,0
2164,2024-01-07 05:00,4316.0,1,0,0,0,0.0,0
2165,2024-01-07 06:00,5311.0,1,0,0,0,0.0,0
2166,2024-01-07 07:00,5330.0,1,0,0,0,0.0,0
2167,2024-01-07 08:00,5883.0,1,0,0,0,0.0,0
2168,2024-01-07 09:00,6852.0,1,0,0,0,0.0,0
2169,2024-01-07 10:00,6202.0,1,0,0,0,0.0,0
2170,2024-01-07 11:00,6672.0,1,0,0,0,0.0,0
2171,2024-01-07 12:00,5921.0,1,0,0,0,0.0,0
2172,2024-01-07 13:00,5635.0,1,0,0,0,0.0,0
2173,2024-01-07 14:00,5420.0,1,0,0,0,0.0,0
2174,2024-01-07 15:00,4628.0,1,0,0,0,0.0,0
2175,2024-01-07 16:00,5384.0,1,0,0,0,0.0,0
2176,2024-01-07 17:00,5095.0,1,0,0,0,0.0,0
2177,2024-01-07 18:00,4824.0,1,0,0,0,0.0,0
2178,2024-01-07 19:00,5351.0,1,0,0,0,0.0,0
2179,2024-01-07 20:00,5255.0,1,0,0,0,0.0,0
2180,2024-01-07 21:00,5182.0,1,0,0,0,0.0,0
2181,2024-01-07 22:00,4451.0,1,0,0,0,0.0,0
2182,2024-01-07 23:00,4357.0,1,0,0,0,0.0,0
2183,2024-01-08 00:00,4032.0,0,0,0,0,0.0,0
2184,2024-01-08 01:00,4008.0,0,0,0,0,0.0,0
2185,2024-01-08 02:00,4514.0,0,0,0,0,0.0,0
2186,2024-01-08 03:00,5436.0,0,0,0,0,0.0,0
2187,2024-01-08 04:00,10902.0,0,0,1,1,0.5416666666666666,0
2188,2024-01-08 05:00,13908.0,0,0,0,0,0.0,0
2189,2024-01-08 06:00,12450.0,0,0,0,0,0.0,0
2190,2024-01-08 07:00,9558.0,0,0,1,0,0.375,0
2191,2024-01-08 08:00,10203.0,0,0,1,0,0.375,0
2192,2024-01-08 09:00,10304.0,0,0,1,0,0.375,0
2193,2024-01-08 10:00,10173.0,0,0,1,0,0.375,0
2194,2024-01-08 11:00,9707.0,0,0,1,0,0.375,0
2195,2024-01-08 12:00,10172.0,0,0,1,0,0.375,0
2196,2024-01-08 13:00,7141.0,0,0,0,0,0.0,0
2197,2024-01-08 14:00,5732.0,0,0,0,0,0.0,0
2198,2024-01-08 15:00,5737.0,0,0,0,0,0.0,0
2199,2024-01-08 16:00,5384.0,0,0,0,0,0.0,0
2200,2024-01-08 17:00,5802.0,0,0,0,0,0.0,0
2201,2024-01-08 18:00,5617.0,0,0,0,0,0.0,0
2202,2024-01-08 19:00,5810.0,0,0,0,0,0.0,0
2203,2024-01-08 20:00,5786.0,0,0,0,0,0.0,0
2204,2024-01-08 21:00,2975.0,0,0,1,0,0.375,0
2205,2024-01-08 22:00,1411.0,0,0,1,0,0.375,0
2206,2024-01-08 23:00,1157.0,0,0,1,0,0.375,0
2207,2024-01-09 00:00,1265.0,0,0,1,0,0.375,0
2208,2024-01-09 01:00,1118.0,0,0,1,1,0.5416666666666666,0
2209,2024-01-09 02:00,1158.0,0,0,1,0,0.375,0
2210,2024-01-09 03:00,3650.0,0,0,0,0,0.0,0
2211,2024-01-09 04:00,10299.0,0,0,1,0,0.375,0
2212,2024-01-09 05:00,13034.0,0,0,0,0,0.0,0
2213,2024-01-09 06:00,10377.0,0,0,1,0,0.375,0
2214,2024-01-09 07:00,9967.0,0,0,1,0,0.375,0
2215,2024-01-09 08:00,9077.0,0,0,1,0,0.375,0
2216,2024-01-09 09:00,9142.0,0,0,1,0,0.375,0
2217,2024-01-09 10:00,10573.0,0,0,1,0,0.375,0
2218,2024-01-09 11:00,10449.0,0,0,1,0,0.375,0
2219,2024-01-09 12:00,8510.0,0,0,1,0,0.375,0
2220,2024-01-09 13:00,5423.0,0,0,0,0,0.0,0
2221,2024-01-09 14:00,5067.0,0,0,0,0,0.0,0
2222,2024-01-09 15:00,6058.0,0,0,0,0,0.0,0
2223,2024-01-09 16:00,6974.0,0,0,0,0,0.0,0
2224,2024-01-09 17:00,7568.0,0,0,1,0,0.375,0
2225,2024-01-09 18:00,8112.0,0,0,1,0,0.375,0
2226,2024-01-09 19:00,8574.0,0,0,1,0,0.375,0
2227,2024-01-09 20:00,6887.0,0,0,0,0,0.0,0
2228,2024-01-09 21:00,5547.0,0,0,0,0,0.0,0
2229,2024-01-09 22:00,4984.0,0,0,0,0,0.0,0
2230,2024-01-09 23:00,4676.0,0,0,0,0,0.0,0
2231,2024-01-10 00:00,4871.0,0,0,0,0,0.0,0
2232,2024-01-10 01:00,5071.0,0,0,0,0,0.0,0
2233,2024-01-10 02:00,4317.0,0,0,0,0,0.0,0
2234,2024-01-10 03:00,5907.0,0,0,0,0,0.0,0
2235,2024-01-10 04:00,12085.0,0,0,0,0,0.0,0
2236,2024-01-10 05:00,13143.0,0,0,0,0,0.0,0
2237,2024-01-10 06:00,13182.0,0,0,0,0,0.0,0
2238,2024-01-10 07:00,13214.0,0,0,0,0,0.0,0
2239,2024-01-10 08:00,11695.0,0,0,0,0,0.0,0
2240,2024-01-10 09:00,11669.0,0,0,0,0,0.0,0
2241,2024-01-10 10:00,11381.0,0,0,0,0,0.0,0
2242,2024-01-10 11:00,10896.0,0,0,0,0,0.0,0
2243,2024-01-10 12:00,9660.0,0,0,1,0,0.375,0
2244,2024-01-10 13:00,7408.0,0,0,0,0,0.0,0
2245,2024-01-10 14:00,6072.0,0,0,0,0,0.0,0
2246,2024-01-10 15:00,6133.0,0,0,0,0,0.0,0
2247,2024-01-10 16:00,5572.0,0,0,0,0,0.0,0
2248,2024-01-10 17:00,6154.0,0,0,0,0,0.0,0
2249,2024-01-10 18:00,5443.0,0,0,0,0,0.0,0
2250,2024-01-10 19:00,5955.0,0,0,0,0,0.0,0
2251,2024-01-10 20:00,5480.0,0,0,0,0,0.0,0
2252,2024-01-10 21:00,5660.0,0,0,0,0,0.0,0
2253,2024-01-10 22:00,5394.0,0,0,0,0,0.0,0
2254,2024-01-10 23:00,4331.0,0,0,0,0,0.0,0
2255,2024-01-11 00:00,4487.0,0,0,0,0,0.0,0
2256,2024-01-11 01:00,3923.0,0,0,0,0,0.0,0
2257,2024-01-11 02:00,3659.0,0,0,0,0,0.0,0
2258,2024-01-11 03:00,4908.0,0,0,0,0,0.0,0
2259,2024-01-11 04:00,8617.0,0,0,1,0,0.375,0
2260,2024-01-11 05:00,11602.0,0,0,0,0,0.0,0
2261,2024-01-11 06:00,10277.0,0,0,0,0,0.0,0
2262,2024-01-11 07:00,9317.0,0,0,1,0,0.375,0
2263,2024-01-11 08:00,9640.0,0,0,1,0,0.375,0
2264,2024-01-11 09:00,9348.0,0,0,1,0,0.375,0
2265,2024-01-11 10:00,9825.0,0,0,1,0,0.375,0
2266,2024-01-11 11:00,11213.0,0,0,0,0,0.0,0
2267,2024-01-11 12:00,9695.0,0,0,1,0,0.375,0
2268,2024-01-11 13:00,5766.0,0,0,0,0,0.0,0
2269,2024-01-11 14:00,5705.0,0,0,0,0,0.0,0
2270,2024-01-11 15:00,5093.0,0,0,0,0,0.0,0
2271,2024-01-11 16:00,4846.0,0,0,0,0,0.0,0
2272,2024-01-11 17:00,4018.0,0,0,0,0,0.0,0
2273,2024-01-11 18:00,7322.0,0,0,0,0,0.0,0
2274,2024-01-11 19:00,9653.0,0,0,1,0,0.375,0
2275,2024-01-11 20:00,8684.0,0,0,1,0,0.375,0
2276,2024-01-11 21:00,7949.0,0,0,0,0,0.0,0
2277,2024-01-11 22:00,8515.0,0,0,1,0,0.375,0
2278,2024-01-11 23:00,6475.0,0,0,0,0,0.0,0
2279,2024-01-12 00:00,6828.0,0,0,0,0,0.0,0
2280,2024-01-12 01:00,6578.0,0,0,0,0,0.0,0
2281,2024-01-12 02:00,7229.0,0,0,0,0,0.0,0
2282,2024-01-12 03:00,8995.0,0,0,1,0,0.375,0
2283,2024-01-12 04:00,13935.0,0,0,0,0,0.0,0
2284,2024-01-12 05:00,14889.0,0,0,1,0,0.375,0
2285,2024-01-12 06:00,13209.0,0,0,0,0,0.0,0
2286,2024-01-12 07:00,12761.0,0,0,0,0,0.0,0
2287,2024-01-12 08:00,11879.0,0,0,0,0,0.0,0
2288,2024-01-12 09:00,13171.0,0,0,0,0,0.0,0
2289,2024-01-12 10:00,13693.0,0,0,0,0,0.0,0
2290,2024-01-12 11:00,12216.0,0,0,0,0,0.0,0
2291,2024-01-12 12:00,10883.0,0,0,0,0,0.0,0
2292,2024-01-12 13:00,8646.0,0,0,1,0,0.375,0
2293,2024-01-12 14:00,6882.0,0,0,0,0,0.0,0
2294,2024-01-12 15:00,7119.0,0,0,0,0,0.0,0
2295,2024-01-12 16:00,7418.0,0,0,0,0,0.0,0
2296,2024-01-12 17:00,8423.0,0,0,1,0,0.375,0
2297,2024-01-12 18:00,8528.0,0,0,1,0,0.375,0
2298,2024-01-12 19:00,8584.0,0,0,1,0,0.375,0
2299,2024-01-12 20:00,7075.0,0,0,0,0,0.0,0
2300,2024-01-12 21:00,7224.0,0,0,0,0,0.0,0
2301,2024-01-12 22:00,6524.0,0,0,0,0,0.0,0
2302,2024-01-12 23:00,5667.0,0,0,0,0,0.0,0
2303,2024-01-13 00:00,5213.0,1,0,0,0,0.0,0
2304,2024-01-13 01:00,4474.0,1,0,0,0,0.0,0
2305,2024-01-13 02:00,4410.0,1,0,0,0,0.0,0
2306,2024-01-13 03:00,5557.0,1,0,0,0,0.0,0
2307,2024-01-13 04:00,6826.0,1,0,0,0,0.0,0
2308,2024-01-13 05:00,7738.0,1,0,0,0,0.0,0
2309,2024-01-13 06:00,8564.0,1,0,1,0,0.375,0
2310,2024-01-13 07:00,9033.0,1,0,1,0,0.375,0
2311,2024-01-13 08:00,8259.0,1,0,1,0,0.375,0
2312,2024-01-13 09:00,8472.0,1,0,1,0,0.375,0
2313,2024-01-13 10:00,8791.0,1,0,1,0,0.375,0
2314,2024-01-13 11:00,8851.0,1,0,1,0,0.375,0
2315,2024-01-13 12:00,8466.0,1,0,1,0,0.375,0
2316,2024-01-13 13:00,7472.0,1,0,0,0,0.0,0
2317,2024-01-13 14:00,6783.0,1,0,0,0,0.0,0
2318,2024-01-13 15:00,6722.0,1,0,0,0,0.0,0
2319,2024-01-13 16:00,6169.0,1,0,0,0,0.0,0
2320,2024-01-13 17:00,5732.0,1,0,0,0,0.0,0
2321,2024-01-13 18:00,7085.0,1,0,0,0,0.0,0
2322,2024-01-13 19:00,7687.0,1,0,0,0,0.0,0
2323,2024-01-13 20:00,6680.0,1,0,0,0,0.0,0
2324,2024-01-13 21:00,6813.0,1,0,0,0,0.0,0
2325,2024-01-13 22:00,5872.0,1,0,0,0,0.0,0
2326,2024-01-13 23:00,5867.0,1,0,0,0,0.0,0
2327,2024-01-14 00:00,6085.0,1,0,0,0,0.0,0
2328,2024-01-14 01:00,6249.0,1,0,0,0,0.0,0
2329,2024-01-14 02:00,5356.0,1,0,0,0,0.0,0
2330,2024-01-14 03:00,6482.0,1,0,0,0,0.0,0
2331,2024-01-14 04:00,7003.0,1,0,0,0,0.0,0
2332,2024-01-14 05:00,6128.0,1,0,0,0,0.0,0
2333,2024-01-14 06:00,5683.0,1,0,0,0,0.0,0
2334,2024-01-14 07:00,5969.0,1,0,0,1,0.16666666666666666,0
2335,2024-01-14 08:00,6137.0,1,0,0,0,0.0,0
2336,2024-01-14 09:00,6100.0,1,0,0,0,0.0,0
2337,2024-01-14 10:00,6245.0,1,0,0,0,0.0,0
2338,2024-01-14 11:00,6692.0,1,0,0,0,0.0,0
2339,2024-01-14 12:00,6778.0,1,0,0,0,0.0,0
2340,2024-01-14 13:00,6723.0,1,0,0,0,0.0,0
2341,2024-01-14 14:00,6850.0,1,0,0,0,0.0,0
2342,2024-01-14 15:00,6359.0,1,0,0,0,0.0,0
2343,2024-01-14 16:00,5817.0,1,0,0,0,0.0,0
2344,2024-01-14 17:00,6936.0,1,0,0,0,0.0,0
2345,2024-01-14 18:00,6406.0,1,0,0,0,0.0,0
2346,2024-01-14 19:00,7410.0,1,0,0,0,0.0,0
2347,2024-01-14 20:00,5943.0,1,0,0,0,0.0,0
2348,2024-01-14 21:00,5241.0,1,0,0,0,0.0,0
2349,2024-01-14 22:00,4338.0,1,0,1,0,0.375,0
2350,2024-01-14 23:00,4301.0,1,0,1,0,0.375,0
2351,2024-01-15 00:00,4124.0,0,0,1,0,0.375,0
2352,2024-01-15 01:00,4148.0,0,0,1,0,0.375,0
2353,2024-01-15 02:00,3906.0,0,0,1,0,0.375,0
2354,2024-01-15 03:00,5437.0,0,0,0,0,0.0,0
2355,2024-01-15 04:00,8824.0,0,0,1,0,0.375,0
2356,2024-01-15 05:00,11283.0,0,0,0,0,0.0,0
2357,2024-01-15 06:00,9907.0,0,0,0,0,0.0,0
2358,2024-01-15 07:00,8808.0,0,0,1,0,0.375,0
2359,2024-01-15 08:00,9178.0,0,0,1,0,0.375,0
2360,2024-01-15 09:00,10355.0,0,0,0,0,0.0,0
2361,2024-01-15 10:00,9847.0,0,0,0,0,0.0,0
2362,2024-01-15 11:00,10020.0,0,0,0,0,0.0,0
2363,2024-01-15 12:00,11144.0,0,0,0,0,0.0,0
2364,2024-01-15 13:00,7414.0,0,0,0,0,0.0,0
2365,2024-01-15 14:00,5932.0,0,0,0,0,0.0,0
2366,2024-01-15 15:00,5852.0,0,0,0,0,0.0,0
2367,2024-01-15 16:00,5449.0,0,0,0,0,0.0,0
2368,2024-01-15 17:00,5280.0,0,0,0,0,0.0,0
2369,2024-01-15 18:00,5778.0,0,0,0,0,0.0,0
2370,2024-01-15 19:00,5412.0,0,0,0,0,0.0,0
2371,2024-01-15 20:00,5281.0,0,0,0,0,0.0,0
2372,2024-01-15 21:00,5236.0,0,0,0,0,0.0,0
2373,2024-01-15 22:00,5186.0,0,0,0,0,0.0,0
2374,2024-01-15 23:00,4755.0,0,0,1,0,0.375,0
2375,2024-01-16 00:00,4640.0,0,0,1,0,0.375,0
2376,2024-01-16 01:00,4373.0,0,0,1,0,0.375,0
2377,2024-01-16 02:00,4301.0,0,0,1,0,0.375,0
2378,2024-01-16 03:00,4968.0,0,0,0,0,0.0,0
2379,2024-01-16 04:00,10008.0,0,0,0,0,0.0,0
2380,2024-01-16 05:00,10456.0,0,0,0,0,0.0,0
2381,2024-01-16 06:00,9466.0,0,0,1,0,0.375,0
2382,2024-01-16 07:00,8889.0,0,0,1,0,0.375,0
2383,2024-01-16 08:00,9639.0,0,0,0,0,0.0,0
2384,2024-01-16 09:00,9851.0,0,0,0,0,0.0,0
2385,2024-01-16 10:00,9347.0,0,0,1,0,0.375,0
2386,2024-01-16 11:00,9595.0,0,0,0,0,0.0,0
2387,2024-01-16 12:00,10132.0,0,0,0,0,0.0,0
2388,2024-01-16 13:00,6717.0,0,0,0,0,0.0,0
2389,2024-01-16 14:00,5041.0,0,0,0,0,0.0,0
2390,2024-01-16 15:00,6097.0,0,0,0,0,0.0,0
2391,2024-01-16 16:00,5225.0,0,0,0,0,0.0,0
2392,2024-01-16 17:00,5278.0,0,0,0,0,0.0,0
2393,2024-01-16 18:00,6109.0,0,0,0,0,0.0,0
2394,2024-01-16 19:00,5372.0,0,0,0,0,0.0,0
2395,2024-01-16 20:00,5140.0,0,0,0,0,0.0,0
2396,2024-01-16 21:00,5747.0,0,0,0,0,0.0,0
2397,2024-01-16 22:00,7556.0,0,0,0,0,0.0,0
2398,2024-01-16 23:00,7133.0,0,0,0,0,0.0,0
2399,2024-01-17 00:00,6966.0,0,0,0,0,0.0,0
2400,2024-01-17 01:00,5602.0,0,0,0,0,0.0,0
2401,2024-01-17 02:00,5898.0,0,0,0,0,0.0,0
2402,2024-01-17 03:00,6914.0,0,0,0,0,0.0,0
2403,2024-01-17 04:00,10559.0,0,0,0,0,0.0,0
2404,2024-01-17 05:00,12860.0,0,0,1,0,0.375,0
2405,2024-01-17 06:00,11678.0,0,0,0,0,0.0,0
2406,2024-01-17 07:00,11871.0,0,0,0,0,0.0,0
2407,2024-01-17 08:00,11602.0,0,0,0,0,0.0,0
2408,2024-01-17 09:00,12567.0,0,0,0,0,0.0,0
2409,2024-01-17 10:00,11191.0,0,0,0,0,0.0,0
2410,2024-01-17 11:00,9542.0,0,0,1,0,0.375,0
2411,2024-01-17 12:00,8932.0,0,0,1,0,0.375,0
2412,2024-01-17 13:00,6164.0,0,0,0,0,0.0,0
2413,2024-01-17 14:00,4997.0,0,0,0,0,0.0,0
2414,2024-01-17 15:00,5210.0,0,0,0,0,0.0,0
2415,2024-01-17 16:00,5112.0,0,0,0,0,0.0,0
2416,2024-01-17 17:00,5463.0,0,0,0,0,0.0,0
2417,2024-01-17 18:00,6521.0,0,0,0,0,0.0,0
2418,2024-01-17 19:00,6127.0,0,0,0,0,0.0,0
2419,2024-01-17 20:00,6164.0,0,0,0,0,0.0,0
2420,2024-01-17 21:00,5540.0,0,0,0,0,0.0,0
2421,2024-01-17 22:00,5474.0,0,0,0,0,0.0,0
2422,2024-01-17 23:00,5622.0,0,0,0,0,0.0,0
2423,2024-01-18 00:00,5348.0,0,0,0,0,0.0,0
2424,2024-01-18 01:00,5363.0,0,0,0,1,0.16666666666666666,0
2425,2024-01-18 02:00,5947.0,0,0,0,0,0.0,0
2426,2024-01-18 03:00,6901.0,0,0,0,0,0.0,0
2427,2024-01-18 04:00,9627.0,0,0,1,0,0.375,0
2428,2024-01-18 05:00,12954.0,0,0,1,0,0.375,0
2429,2024-01-18 06:00,10700.0,0,0,0,0,0.0,0
2430,2024-01-18 07:00,9471.0,0,0,1,0,0.375,0
2431,2024-01-18 08:00,8872.0,0,0,1,0,0.375,0
2432,2024-01-18 09:00,7476.0,0,0,0,0,0.0,0
2433,2024-01-18 10:00,9441.0,0,0,1,0,0.375,0
2434,2024-01-18 11:00,11069.0,0,0,0,0,0.0,0
2435,2024-01-18 12:00,9472.0,0,0,1,0,0.375,0
2436,2024-01-18 13:00,7958.0,0,0,1,0,0.375,0
2437,2024-01-18 14:00,6138.0,0,0,0,0,0.0,0
2438,2024-01-18 15:00,6387.0,0,0,0,0,0.0,0
2439,2024-01-18 16:00,6259.0,0,0,0,0,0.0,0
2440,2024-01-18 17:00,6559.0,0,0,0,0,0.0,0
2441,2024-01-18 18:00,7299.0,0,0,0,0,0.0,0
2442,2024-01-18 19:00,7196.0,0,0,0,0,0.0,0
2443,2024-01-18 20:00,6329.0,0,0,0,0,0.0,0
2444,2024-01-18 21:00,6932.0,0,0,0,0,0.0,0
2445,2024-01-18 22:00,6950.0,0,0,0,1,0.16666666666666666,0
2446,2024-01-18 23:00,6866.0,0,0,0,0,0.0,0
2447,2024-01-19 00:00,6605.0,0,0,0,0,0.0,0
2448,2024-01-19 01:00,5876.0,0,0,0,0,0.0,0
2449,2024-01-19 02:00,6103.0,0,0,0,0,0.0,0
2450,2024-01-19 03:00,6386.0,0,0,0,0,0.0,0
2451,2024-01-19 04:00,9457.0,0,0,1,0,0.375,0
2452,2024-01-19 05:00,13249.0,0,0,1,0,0.375,0
2453,2024-01-19 06:00,11381.0,0,0,0,0,0.0,0
2454,2024-01-19 07:00,11489.0,0,0,0,0,0.0,0
2455,2024-01-19 08:00,11423.0,0,0,0,0,0.0,0
2456,2024-01-19 09:00,8910.0,0,0,1,0,0.375,0
2457,2024-01-19 10:00,6571.0,0,0,0,0,0.0,0
2458,2024-01-19 11:00,7397.0,0,0,0,0,0.0,0
2459,2024-01-19 12:00,7618.0,0,0,0,0,0.0,0
2460,2024-01-19 13:00,6079.0,0,0,0,0,0.0,0
2461,2024-01-19 14:00,4893.0,0,0,1,0,0.375,0
2462,2024-01-19 15:00,4488.0,0,0,1,0,0.375,0
2463,2024-01-19 16:00,4168.0,0,0,1,0,0.375,0
2464,2024-01-19 17:00,4079.0,0,0,1,0,0.375,0
2465,2024-01-19 18:00,4013.0,0,0,1,0,0.375,0
2466,2024-01-19 19:00,4883.0,0,0,0,0,0.0,0
2467,2024-01-19 20:00,4957.0,0,0,0,0,0.0,0
2468,2024-01-19 21:00,4626.0,0,0,1,0,0.375,0
2469,2024-01-19 22:00,4093.0,0,0,1,0,0.375,0
2470,2024-01-19 23:00,4050.0,0,0,1,0,0.375,0
2471,2024-01-20 00:00,3437.0,1,0,1,0,0.375,0
2472,2024-01-20 01:00,3583.0,1,0,1,1,0.5416666666666666,0
2473,2024-01-20 02:00,3033.0,1,0,1,0,0.375,0
2474,2024-01-20 03:00,2322.0,1,0,1,0,0.375,0
2475,2024-01-20 04:00,3104.0,1,0,1,0,0.375,0
2476,2024-01-20 05:00,4535.0,1,0,0,0,0.0,0
2477,2024-01-20 06:00,4972.0,1,0,0,0,0.0,0
2478,2024-01-20 07:00,4690.0,1,0,0,0,0.0,0
2479,2024-01-20 08:00,4502.0,1,0,0,0,0.0,0
2480,2024-01-20 09:00,4878.0,1,0,0,0,0.0,0
2481,2024-01-20 10:00,4544.0,1,0,0,0,0.0,0
2482,2024-01-20 11:00,5000.0,1,0,0,0,0.0,0
2483,2024-01-20 12:00,4257.0,1,0,1,0,0.375,0
2484,2024-01-20 13:00,3810.0,1,0,1,0,0.375,0
2485,2024-01-20 14:00,3999.0,1,0,1,0,0.375,0
2486,2024-01-20 15:00,4414.0,1,0,0,0,0.0,0
2487,2024-01-20 16:00,4162.0,1,0,0,0,0.0,0
2488,2024-01-20 17:00,6192.0,1,0,0,0,0.0,0
2489,2024-01-20 18:00,3959.0,1,0,1,0,0.375,0
2490,2024-01-20 19:00,4328.0,1,0,0,0,0.0,0
2491,2024-01-20 20:00,4222.0,1,0,0,0,0.0,0
2492,2024-01-20 21:00,4069.0,1,0,0,0,0.0,0
2493,2024-01-20 22:00,4039.0,1,0,0,0,0.0,0
2494,2024-01-20 23:00,3723.0,1,0,1,0,0.375,0
2495,2024-01-21 00:00,3599.0,1,0,1,0,0.375,0
2496,2024-01-21 01:00,3425.0,1,0,1,0,0.375,0
2497,2024-01-21 02:00,3057.0,1,0,1,0,0.375,0
2498,2024-01-21 03:00,3170.0,1,0,1,0,0.375,0
2499,2024-01-21 04:00,3317.0,1,0,1,0,0.375,0
2500,2024-01-21 05:00,4235.0,1,0,0,0,0.0,0
2501,2024-01-21 06:00,5141.0,1,0,0,0,0.0,0
2502,2024-01-21 07:00,4887.0,1,0,0,0,0.0,0
2503,2024-01-21 08:00,4585.0,1,0,0,0,0.0,0
2504,2024-01-21 09:00,5243.0,1,0,0,0,0.0,0
2505,2024-01-21 10:00,5099.0,1,0,0,0,0.0,0
2506,2024-01-21 11:00,5529.0,1,0,0,0,0.0,0
2507,2024-01-21 12:00,4568.0,1,0,0,0,0.0,0
2508,2024-01-21 13:00,3719.0,1,0,0,0,0.0,0
2509,2024-01-21 14:00,3183.0,1,0,1,0,0.375,0
2510,2024-01-21 15:00,3348.0,1,0,1,0,0.375,0
2511,2024-01-21 16:00,3161.0,1,0,1,0,0.375,0
2512,2024-01-21 17:00,3141.0,1,0,1,0,0.375,0
2513,2024-01-21 18:00,3630.0,1,0,0,0,0.0,0
2514,2024-01-21 19:00,3965.0,1,0,0,0,0.0,0
2515,2024-01-21 20:00,3780.0,1,0,0,0,0.0,0
2516,2024-01-21 21:00,4179.0,1,0,0,0,0.0,0
2517,2024-01-21 22:00,4203.0,1,0,0,0,0.0,0
2518,2024-01-21 23:00,3387.0,1,0,0,0,0.0,0
2519,2024-01-22 00:00,2565.0,0,0,1,0,0.375,0
2520,2024-01-22 01:00,2998.0,0,0,1,0,0.375,0
2521,2024-01-22 02:00,3024.0,0,0,1,0,0.375,0
2522,2024-01-22 03:00,3478.0,0,0,0,0,0.0,0
2523,2024-01-22 04:00,7168.0,0,0,1,0,0.375,0
2524,2024-01-22 05:00,9742.0,0,0,1,1,0.5416666666666666,0
2525,2024-01-22 06:00,7859.0,0,0,1,0,0.375,0
2526,2024-01-22 07:00,8600.0,0,0,1,0,0.375,0
2527,2024-01-22 08:00,10541.0,0,0,0,0,0.0,0
2528,2024-01-22 09:00,10221.0,0,0,0,0,0.0,0
2529,2024-01-22 10:00,11862.0,0,0,0,0,0.0,0
2530,2024-01-22 11:00,11550.0,0,0,0,0,0.0,0
2531,2024-01-22 12:00,10736.0,0,0,0,0,0.0,0
2532,2024-01-22 13:00,9399.0,0,0,1,0,0.375,0
2533,2024-01-22 14:00,7724.0,0,0,1,0,0.375,0
2534,2024-01-22 15:00,7640.0,0,0,1,0,0.375,0
2535,2024-01-22 16:00,6770.0,0,0,1,0,0.375,0
2536,2024-01-22 17:00,7313.0,0,0,1,0,0.375,0
2537,2024-01-22 18:00,6863.0,0,0,1,0,0.375,0
2538,2024-01-22 19:00,7459.0,0,0,1,0,0.375,0
2539,2024-01-22 20:00,6455.0,0,0,0,0,0.0,0
2540,2024-01-22 21:00,7044.0,0,0,1,0,0.375,0
2541,2024-01-22 22:00,6349.0,0,0,0,0,0.0,0
2542,2024-01-22 23:00,6672.0,0,0,0,0,0.0,0
2543,2024-01-23 00:00,6108.0,0,0,0,0,0.0,0
2544,2024-01-23 01:00,3319.0,0,0,0,0,0.0,0
2545,2024-01-23 02:00,4262.0,0,0,0,0,0.0,0
2546,2024-01-23 03:00,4911.0,0,0,0,0,0.0,0
2547,2024-01-23 04:00,10829.0,0,0,0,0,0.0,0
2548,2024-01-23 05:00,14319.0,0,0,1,0,0.375,0
2549,2024-01-23 06:00,12448.0,0,0,0,0,0.0,0
2550,2024-01-23 07:00,10223.0,0,0,1,0,0.375,0
2551,2024-01-23 08:00,10456.0,0,0,0,0,0.0,0
2552,2024-01-23 09:00,10778.0,0,0,0,0,0.0,0
2553,2024-01-23 10:00,9498.0,0,0,1,0,0.375,0
2554,2024-01-23 11:00,9329.0,0,0,1,0,0.375,0
2555,2024-01-23 12:00,11186.0,0,0,0,0,0.0,0
2556,2024-01-23 13:00,7406.0,0,0,1,0,0.375,0
2557,2024-01-23 14:00,6975.0,0,0,1,0,0.375,0
2558,2024-01-23 15:00,6732.0,0,0,1,0,0.375,0
2559,2024-01-23 16:00,7270.0,0,0,1,0,0.375,0
2560,2024-01-23 17:00,9863.0,0,0,1,0,0.375,0
2561,2024-01-23 18:00,8397.0,0,0,1,0,0.375,0
2562,2024-01-23 19:00,8898.0,0,0,1,0,0.375,0
2563,2024-01-23 20:00,7756.0,0,0,1,0,0.375,0
2564,2024-01-23 21:00,8072.0,0,0,1,0,0.375,0
2565,2024-01-23 22:00,6959.0,0,0,0,0,0.0,0
2566,2024-01-23 23:00,6614.0,0,0,0,0,0.0,0
2567,2024-01-24 00:00,4751.0,0,0,0,0,0.0,0
2568,2024-01-24 01:00,4184.0,0,0,0,0,0.0,0
2569,2024-01-24 02:00,4729.0,0,0,0,0,0.0,0
2570,2024-01-24 03:00,5718.0,0,0,0,0,0.0,0
2571,2024-01-24 04:00,8782.0,0,0,1,0,0.375,0
2572,2024-01-24 05:00,12003.0,0,0,0,0,0.0,0
2573,2024-01-24 06:00,10281.0,0,0,0,0,0.0,0
2574,2024-01-24 07:00,10223.0,0,0,0,0,0.0,0
2575,2024-01-24 08:00,9992.0,0,0,0,0,0.0,0
2576,2024-01-24 09:00,9792.0,0,0,0,0,0.0,0
2577,2024-01-24 10:00,12888.0,0,0,0,0,0.0,0
2578,2024-01-24 11:00,12516.0,0,0,0,0,0.0,0
2579,2024-01-24 12:00,11902.0,0,0,0,0,0.0,0
2580,2024-01-24 13:00,9464.0,0,0,1,0,0.375,0
2581,2024-01-24 14:00,8896.0,0,0,1,0,0.375,0
2582,2024-01-24 15:00,9769.0,0,0,0,0,0.0,0
2583,2024-01-24 16:00,9754.0,0,0,0,0,0.0,0
2584,2024-01-24 17:00,8643.0,0,0,1,0,0.375,0
2585,2024-01-24 18:00,8799.0,0,0,1,0,0.375,0
2586,2024-01-24 19:00,8121.0,0,0,1,0,0.375,0
2587,2024-01-24 20:00,6296.0,0,0,0,0,0.0,0
2588,2024-01-24 21:00,5853.0,0,0,0,0,0.0,0
2589,2024-01-24 22:00,5193.0,0,0,0,0,0.0,0
2590,2024-01-24 23:00,4633.0,0,0,0,0,0.0,0
2591,2024-01-25 00:00,5070.0,0,0,0,0,0.0,0
2592,2024-01-25 01:00,5165.0,0,0,0,0,0.0,0
2593,2024-01-25 02:00,5323.0,0,0,0,0,0.0,0
2594,2024-01-25 03:00,6475.0,0,0,0,0,0.0,0
2595,2024-01-25 04:00,8658.0,0,0,1,0,0.375,0
2596,2024-01-25 05:00,13735.0,0,0,1,0,0.375,0
2597,2024-01-25 06:00,12072.0,0,0,0,0,0.0,0
2598,2024-01-25 07:00,10486.0,0,0,0,0,0.0,0
2599,2024-01-25 08:00,9036.0,0,0,1,0,0.375,0
2600,2024-01-25 09:00,8319.0,0,0,1,0,0.375,0
2601,2024-01-25 10:00,8523.0,0,0,1,0,0.375,0
2602,2024-01-25 11:00,7534.0,0,0,0,0,0.0,0
2603,2024-01-25 12:00,7657.0,0,0,0,0,0.0,0
2604,2024-01-25 13:00,6001.0,0,0,0,0,0.0,0
2605,2024-01-25 14:00,4731.0,0,0,0,0,0.0,0
2606,2024-01-25 15:00,4804.0,0,0,0,0,0.0,0
2607,2024-01-25 16:00,6322.0,0,0,0,0,0.0,0
2608,2024-01-25 17:00,7638.0,0,0,0,0,0.0,0
2609,2024-01-25 18:00,7343.0,0,0,0,0,0.0,0
2610,2024-01-25 19:00,7873.0,0,0,0,0,0.0,0
2611,2024-01-25 20:00,8871.0,0,0,1,0,0.375,0
2612,2024-01-25 21:00,7753.0,0,0,0,0,0.0,0
2613,2024-01-25 22:00,7720.0,0,0,0,0,0.0,0
2614,2024-01-25 23:00,7173.0,0,0,0,0,0.0,0
2615,2024-01-26 00:00,6879.0,0,0,0,0,0.0,0
2616,2024-01-26 01:00,4860.0,0,0,0,0,0.0,0
2617,2024-01-26 02:00,4002.0,0,0,1,0,0.375,0
2618,2024-01-26 03:00,5287.0,0,0,0,0,0.0,0
2619,2024-01-26 04:00,7406.0,0,0,0,0,0.0,0
2620,2024-01-26 05:00,11008.0,0,0,0,0,0.0,0
2621,2024-01-26 06:00,9528.0,0,0,0,0,0.0,0
2622,2024-01-26 07:00,8365.0,0,0,1,0,0.375,0
2623,2024-01-26 08:00,9347.0,0,0,0,0,0.0,0
2624,2024-01-26 09:00,9267.0,0,0,0,0,0.0,0
2625,2024-01-26 10:00,8940.0,0,0,0,0,0.0,0
2626,2024-01-26 11:00,9569.0,0,0,0,0,0.0,0
2627,2024-01-26 12:00,8955.0,0,0,0,0,0.0,0
2628,2024-01-26 13:00,7379.0,0,0,0,0,0.0,0
2629,2024-01-26 14:00,6230.0,0,0,0,0,0.0,0
2630,2024-01-26 15:00,5715.0,0,0,0,0,0.0,0
2631,2024-01-26 16:00,5726.0,0,0,0,0,0.0,0
2632,2024-01-26 17:00,6516.0,0,0,0,0,0.0,0
2633,2024-01-26 18:00,8191.0,0,0,1,0,0.375,0
2634,2024-01-26 19:00,7405.0,0,0,0,0,0.0,0
2635,2024-01-26 20:00,7436.0,0,0,0,0,0.0,0
2636,2024-01-26 21:00,6780.0,0,0,0,0,0.0,0
2637,2024-01-26 22:00,8254.0,0,0,1,0,0.375,0
2638,2024-01-26 23:00,7096.0,0,0,0,0,0.0,0
2639,2024-01-27 00:00,5192.0,1,0,0,0,0.0,0
2640,2024-01-27 01:00,4924.0,1,0,0,0,0.0,0
2641,2024-01-27 02:00,4802.0,1,0,1,0,0.375,0
2642,2024-01-27 03:00,6246.0,1,0,0,0,0.0,0
2643,2024-01-27 04:00,7318.0,1,0,0,0,0.0,0
2644,2024-01-27 05:00,9242.0,1,0,0,0,0.0,0
2645,2024-01-27 06:00,8432.0,1,0,1,0,0.375,0
2646,2024-01-27 07:00,6934.0,1,0,0,0,0.0,0
2647,2024-01-27 08:00,8499.0,1,0,1,0,0.375,0
2648,2024-01-27 09:00,8155.0,1,0,0,0,0.0,0
2649,2024-01-27 10:00,7482.0,1,0,0,0,0.0,0
2650,2024-01-27 11:00,8369.0,1,0,1,0,0.375,0
2651,2024-01-27 12:00,7623.0,1,0,0,0,0.0,0
2652,2024-01-27 13:00,7686.0,1,0,0,0,0.0,0
2653,2024-01-27 14:00,7284.0,1,0,0,0,0.0,0
2654,2024-01-27 15:00,9141.0,1,0,0,0,0.0,0
2655,2024-01-27 16:00,9028.0,1,0,0,0,0.0,0
2656,2024-01-27 17:00,9640.0,1,0,0,0,0.0,0
2657,2024-01-27 18:00,9122.0,1,0,0,0,0.0,0
2658,2024-01-27 19:00,9202.0,1,0,0,0,0.0,0
2659,2024-01-27 20:00,8922.0,1,0,0,0,0.0,0
2660,2024-01-27 21:00,8916.0,1,0,0,0,0.0,0
2661,2024-01-27 22:00,9149.0,1,0,0,0,0.0,0
2662,2024-01-27 23:00,7890.0,1,0,0,0,0.0,0
2663,2024-01-28 00:00,8299.0,1,0,0,0,0.0,0
2664,2024-01-28 01:00,7527.0,1,0,0,0,0.0,0
2665,2024-01-28 02:00,7310.0,1,0,0,0,0.0,0
2666,2024-01-28 03:00,5321.0,1,0,0,0,0.0,0
2667,2024-01-28 04:00,4809.0,1,0,1,0,0.375,0
2668,2024-01-28 05:00,8487.0,1,0,1,0,0.375,0
2669,2024-01-28 06:00,10963.0,1,0,0,0,0.0,0
2670,2024-01-28 07:00,10346.0,1,0,0,0,0.0,0
2671,2024-01-28 08:00,11810.0,1,0,1,0,0.375,0
2672,2024-01-28 09:00,11446.0,1,0,0,0,0.0,0
2673,2024-01-28 10:00,7269.0,1,0,0,0,0.0,0
2674,2024-01-28 11:00,5491.0,1,0,0,0,0.0,0
2675,2024-01-28 12:00,5603.0,1,0,0,0,0.0,0
2676,2024-01-28 13:00,5888.0,1,0,0,0,0.0,0
2677,2024-01-28 14:00,5465.0,1,0,0,0,0.0,0
2678,2024-01-28 15:00,5483.0,1,0,0,0,0.0,0
2679,2024-01-28 16:00,4911.0,1,0,1,0,0.375,0
2680,2024-01-28 17:00,5010.0,1,0,1,0,0.375,0
2681,2024-01-28 18:00,5827.0,1,0,0,0,0.0,0
2682,2024-01-28 19:00,8643.0,1,0,0,0,0.0,0
2683,2024-01-28 20:00,8949.0,1,0,0,0,0.0,0
2684,2024-01-28 21:00,9263.0,1,0,0,0,0.0,0
2685,2024-01-28 22:00,7347.0,1,0,0,0,0.0,0
2686,2024-01-28 23:00,6548.0,1,0,0,0,0.0,0
2687,2024-01-29 00:00,5764.0,0,0,0,0,0.0,0
2688,2024-01-29 01:00,4484.0,0,0,1,0,0.375,0
2689,2024-01-29 02:00,4584.0,0,0,1,0,0.375,0
2690,2024-01-29 03:00,5644.0,0,0,0,0,0.0,0
2691,2024-01-29 04:00,10310.0,0,0,0,0,0.0,0
2692,2024-01-29 05:00,10786.0,0,0,0,0,0.0,0
2693,2024-01-29 06:00,8884.0,0,0,0,0,0.0,0
2694,2024-01-29 07:00,8914.0,0,0,0,0,0.0,0
2695,2024-01-29 08:00,11995.0,0,0,1,0,0.375,0
2696,2024-01-29 09:00,14574.0,0,0,1,0,0.375,0
2697,2024-01-29 10:00,14266.0,0,0,1,0,0.375,0
2698,2024-01-29 11:00,10242.0,0,0,0,0,0.0,0
2699,2024-01-29 12:00,8587.0,0,0,0,0,0.0,0
2700,2024-01-29 13:00,6845.0,0,0,0,0,0.0,0
2701,2024-01-29 14:00,7093.0,0,0,0,0,0.0,0
2702,2024-01-29 15:00,6049.0,0,0,0,0,0.0,0
2703,2024-01-29 16:00,6651.0,0,0,0,0,0.0,0
2704,2024-01-29 17:00,6349.0,0,0,0,0,0.0,0
2705,2024-01-29 18:00,5948.0,0,0,0,0,0.0,0
2706,2024-01-29 19:00,7316.0,0,0,0,0,0.0,0
2707,2024-01-29 20:00,7964.0,0,0,0,0,0.0,0
2708,2024-01-29 21:00,6372.0,0,0,0,0,0.0,0
2709,2024-01-29 22:00,6486.0,0,0,0,0,0.0,0
2710,2024-01-29 23:00,6876.0,0,0,0,0,0.0,0
2711,2024-01-30 00:00,6079.0,0,0,0,0,0.0,0
2712,2024-01-30 01:00,4736.0,0,0,1,0,0.375,0
2713,2024-01-30 02:00,4218.0,0,0,1,0,0.375,0
2714,2024-01-30 03:00,6012.0,0,0,0,0,0.0,0
2715,2024-01-30 04:00,10075.0,0,0,0,0,0.0,0
2716,2024-01-30 05:00,12134.0,0,0,1,0,0.375,0
2717,2024-01-30 06:00,10514.0,0,0,0,0,0.0,0
2718,2024-01-30 07:00,10165.0,0,0,0,0,0.0,0
2719,2024-01-30 08:00,10142.0,0,0,0,0,0.0,0
2720,2024-01-30 09:00,12975.0,0,0,1,0,0.375,0
2721,2024-01-30 10:00,14179.0,0,0,1,0,0.375,0
2722,2024-01-30 11:00,9877.0,0,0,0,0,0.0,0
2723,2024-01-30 12:00,9836.0,0,0,0,0,0.0,0
2724,2024-01-30 13:00,7640.0,0,0,0,0,0.0,0
2725,2024-01-30 14:00,7200.0,0,0,0,0,0.0,0
2726,2024-01-30 15:00,6762.0,0,0,0,0,0.0,0
2727,2024-01-30 16:00,7087.0,0,0,0,0,0.0,0
2728,2024-01-30 17:00,6522.0,0,0,0,0,0.0,0
2729,2024-01-30 18:00,6545.0,0,0,0,0,0.0,0
2730,2024-01-30 19:00,7967.0,0,0,0,0,0.0,0
2731,2024-01-30 20:00,10186.0,0,0,0,0,0.0,0
2732,2024-01-30 21:00,9370.0,0,0,0,0,0.0,0
2733,2024-01-30 22:00,8692.0,0,0,1,0,0.375,0
2734,2024-01-30 23:00,7936.0,0,0,0,0,0.0,0
2735,2024-01-31 00:00,4926.0,0,0,1,0,0.375,0
2736,2024-01-31 01:00,4152.0,0,0,1,0,0.375,0
2737,2024-01-31 02:00,4174.0,0,0,1,0,0.375,0
2738,2024-01-31 03:00,5322.0,0,0,0,0,0.0,0
2739,2024-01-31 04:00,8859.0,0,0,0,0,0.0,0
2740,2024-01-31 05:00,11042.0,0,0,0,0,0.0,0
2741,2024-01-31 06:00,11461.0,0,0,0,0,0.0,0
2742,2024-01-31 07:00,10589.0,0,0,0,0,0.0,0
2743,2024-01-31 08:00,10249.0,0,0,0,0,0.0,0
2744,2024-01-31 09:00,10763.0,0,0,0,0,0.0,0
2745,2024-01-31 10:00,13576.0,0,0,1,0,0.375,0
2746,2024-01-31 11:00,10764.0,0,0,0,0,0.0,0
2747,2024-01-31 12:00,9580.0,0,0,0,0,0.0,0
2748,2024-01-31 13:00,5642.0,0,0,0,0,0.0,0
2749,2024-01-31 14:00,5329.0,0,0,0,0,0.0,0
2750,2024-01-31 15:00,6038.0,0,0,0,0,0.0,0
2751,2024-01-31 16:00,6459.0,0,0,0,0,0.0,0
2752,2024-01-31 17:00,5817.0,0,0,0,0,0.0,0
2753,2024-01-31 18:00,6497.0,0,0,0,0,0.0,0
2754,2024-01-31 19:00,6856.0,0,0,0,0,0.0,0
2755,2024-01-31 20:00,6124.0,0,0,0,0,0.0,0
2756,2024-01-31 21:00,5479.0,0,0,0,0,0.0,0
2757,2024-01-31 22:00,5994.0,0,0,0,0,0.0,0
2758,2024-01-31 23:00,4348.0,0,0,1,0,0.375,0
2759,2024-02-01 00:00,3694.0,0,0,1,0,0.375,0
2760,2024-02-01 01:00,2876.0,0,0,1,0,0.375,0
2761,2024-02-01 02:00,3068.0,0,0,1,0,0.375,0
2762,2024-02-01 03:00,3744.0,0,0,1,0,0.375,0
2763,2024-02-01 04:00,5962.0,0,0,0,0,0.0,0
2764,2024-02-01 05:00,8780.0,0,0,1,0,0.375,0
2765,2024-02-01 06:00,7972.0,0,0,1,0,0.375,0
2766,2024-02-01 07:00,7658.0,0,0,1,0,0.375,0
2767,2024-02-01 08:00,6963.0,0,0,0,0,0.0,0
2768,2024-02-01 09:00,7303.0,0,0,0,0,0.0,0
2769,2024-02-01 10:00,7439.0,0,0,0,0,0.0,0
2770,2024-02-01 11:00,7933.0,0,0,1,0,0.375,0
2771,2024-02-01 12:00,10268.0,0,0,0,0,0.0,0
2772,2024-02-01 13:00,8089.0,0,0,1,0,0.375,0
2773,2024-02-01 14:00,6695.0,0,0,0,0,0.0,0
2774,2024-02-01 15:00,6146.0,0,0,0,0,0.0,0
2775,2024-02-01 16:00,6124.0,0,0,0,0,0.0,0
2776,2024-02-01 17:00,6133.0,0,0,0,0,0.0,0
2777,2024-02-01 18:00,5959.0,0,0,0,0,0.0,0
2778,2024-02-01 19:00,6253.0,0,0,0,0,0.0,0
2779,2024-02-01 20:00,7192.0,0,0,0,0,0.0,0
2780,2024-02-01 21:00,7173.0,0,0,0,0,0.0,0
2781,2024-02-01 22:00,6777.0,0,0,0,0,0.0,0
2782,2024-02-01 23:00,6625.0,0,0,0,0,0.0,0
2783,2024-02-02 00:00,6931.0,0,0,0,0,0.0,0
2784,2024-02-02 01:00,3748.0,0,0,1,0,0.375,0
2785,2024-02-02 02:00,3765.0,0,0,1,0,0.375,0
2786,2024-02-02 03:00,3965.0,0,0,1,0,0.375,0
2787,2024-02-02 04:00,6306.0,0,0,0,0,0.0,0
2788,2024-02-02 05:00,10313.0,0,0,0,0,0.0,0
2789,2024-02-02 06:00,9942.0,0,0,0,0,0.0,0
2790,2024-02-02 07:00,8205.0,0,0,1,0,0.375,0
2791,2024-02-02 08:00,8745.0,0,0,1,0,0.375,0
2792,2024-02-02 09:00,9510.0,0,0,0,0,0.0,0
2793,2024-02-02 10:00,8907.0,0,0,1,0,0.375,0
2794,2024-02-02 11:00,7450.0,0,0,0,0,0.0,0
2795,2024-02-02 12:00,6598.0,0,0,0,0,0.0,0
2796,2024-02-02 13:00,5667.0,0,0,0,0,0.0,0
2797,2024-02-02 14:00,4686.0,0,0,0,0,0.0,0
2798,2024-02-02 15:00,4991.0,0,0,0,0,0.0,0
2799,2024-02-02 16:00,4250.0,0,0,1,0,0.375,0
2800,2024-02-02 17:00,4506.0,0,0,1,0,0.375,0
2801,2024-02-02 18:00,4459.0,0,0,1,0,0.375,0
2802,2024-02-02 19:00,4685.0,0,0,0,0,0.0,0
2803,2024-02-02 20:00,4981.0,0,0,0,0,0.0,0
2804,2024-02-02 21:00,5360.0,0,0,0,0,0.0,0
2805,2024-02-02 22:00,6254.0,0,0,0,0,0.0,0
2806,2024-02-02 23:00,6238.0,0,0,0,0,0.0,0
2807,2024-02-03 00:00,5059.0,1,0,0,0,0.0,0
2808,2024-02-03 01:00,3787.0,1,0,1,1,0.5416666666666666,0
2809,2024-02-03 02:00,3570.0,1,0,1,0,0.375,0
2810,2024-02-03 03:00,3532.0,1,0,1,0,0.375,0
2811,2024-02-03 04:00,3774.0,1,0,1,0,0.375,0
2812,2024-02-03 05:00,4564.0,1,0,0,1,0.16666666666666666,0
2813,2024-02-03 06:00,4146.0,1,0,1,0,0.375,0
2814,2024-02-03 07:00,4572.0,1,0,0,0,0.0,0
2815,2024-02-03 08:00,5445.0,1,0,0,0,0.0,0
2816,2024-02-03 09:00,5865.0,1,0,0,0,0.0,0
2817,2024-02-03 10:00,7180.0,1,0,0,0,0.0,0
2818,2024-02-03 11:00,6567.0,1,0,0,0,0.0,0
2819,2024-02-03 12:00,5143.0,1,0,0,0,0.0,0
2820,2024-02-03 13:00,3807.0,1,0,1,1,0.5416666666666666,0
2821,2024-02-03 14:00,4073.0,1,0,1,0,0.375,0
2822,2024-02-03 15:00,3803.0,1,0,1,0,0.375,0
2823,2024-02-03 16:00,5084.0,1,0,0,0,0.0,0
2824,2024-02-03 17:00,5454.0,1,0,0,0,0.0,0
2825,2024-02-03 18:00,4824.0,1,0,0,0,0.0,0
2826,2024-02-03 19:00,5375.0,1,0,0,0,0.0,0
2827,2024-02-03 20:00,5553.0,1,0,0,0,0.0,0
2828,2024-02-03 21:00,7131.0,1,0,0,0,0.0,0
2829,2024-02-03 22:00,6678.0,1,0,0,0,0.0,0
2830,2024-02-03 23:00,5946.0,1,0,0,0,0.0,0
2831,2024-02-04 00:00,5693.0,1,0,0,0,0.0,0
2832,2024-02-04 01:00,6347.0,1,0,0,0,0.0,0
2833,2024-02-04 02:00,3400.0,1,0,1,0,0.375,0
2834,2024-02-04 03:00,3001.0,1,0,1,0,0.375,0
2835,2024-02-04 04:00,3159.0,1,0,1,0,0.375,0
2836,2024-02-04 05:00,3841.0,1,0,1,0,0.375,0
2837,2024-02-04 06:00,3963.0,1,0,1,0,0.375,0
2838,2024-02-04 07:00,3472.0,1,0,1,0,0.375,0
2839,2024-02-04 08:00,4066.0,1,0,0,0,0.0,0
2840,2024-02-04 09:00,4612.0,1,0,0,0,0.0,0
2841,2024-02-04 10:00,4518.0,1,0,0,0,0.0,0
2842,2024-02-04 11:00,4654.0,1,0,0,0,0.0,0
2843,2024-02-04 12:00,5373.0,1,0,0,0,0.0,0
2844,2024-02-04 13:00,4336.0,1,0,0,0,0.0,0
2845,2024-02-04 14:00,3869.0,1,0,0,0,0.0,0
2846,2024-02-04 15:00,3932.0,1,0,0,0,0.0,0
2847,2024-02-04 16:00,5781.0,1,0,0,0,0.0,0
2848,2024-02-04 17:00,5556.0,1,0,0,0,0.0,0
2849,2024-02-04 18:00,5045.0,1,0,0,0,0.0,0
2850,2024-02-04 19:00,4869.0,1,0,0,0,0.0,0
2851,2024-02-04 20:00,5971.0,1,0,0,0,0.0,0
2852,2024-02-04 21:00,4863.0,1,0,0,0,0.0,0
2853,2024-02-04 22:00,4961.0,1,0,0,0,0.0,0
2854,2024-02-04 23:00,4499.0,1,0,0,0,0.0,0
2855,2024-02-05 00:00,4926.0,0,0,0,0,0.0,0
2856,2024-02-05 01:00,4224.0,0,0,0,0,0.0,0
2857,2024-02-05 02:00,4849.0,0,0,0,0,0.0,0
2858,2024-02-05 03:00,4646.0,0,0,0,0,0.0,0
2859,2024-02-05 04:00,10629.0,0,0,0,1,0.16666666666666666,0
2860,2024-02-05 05:00,15567.0,0,0,1,0,0.375,0
2861,2024-02-05 06:00,12400.0,0,0,0,0,0.0,0
2862,2024-02-05 07:00,10958.0,0,0,0,0,0.0,0
2863,2024-02-05 08:00,9425.0,0,0,1,0,0.375,0
2864,2024-02-05 09:00,8709.0,0,0,1,0,0.375,0
2865,2024-02-05 10:00,8323.0,0,0,1,0,0.375,0
2866,2024-02-05 11:00,7696.0,0,0,1,0,0.375,0
2867,2024-02-05 12:00,7095.0,0,0,1,0,0.375,0
2868,2024-02-05 13:00,5334.0,0,0,0,0,0.0,0
2869,2024-02-05 14:00,5848.0,0,0,0,0,0.0,0
2870,2024-02-05 15:00,4883.0,0,0,0,0,0.0,0
2871,2024-02-05 16:00,5926.0,0,0,0,0,0.0,0
2872,2024-02-05 17:00,5916.0,0,0,0,0,0.0,0
2873,2024-02-05 18:00,5441.0,0,0,0,0,0.0,0
2874,2024-02-05 19:00,5520.0,0,0,0,0,0.0,0
2875,2024-02-05 20:00,6071.0,0,0,0,0,0.0,0
2876,2024-02-05 21:00,5870.0,0,0,0,0,0.0,0
2877,2024-02-05 22:00,5374.0,0,0,0,0,0.0,0
2878,2024-02-05 23:00,3176.0,0,0,1,0,0.375,0
2879,2024-02-06 00:00,3463.0,0,0,1,0,0.375,0
2880,2024-02-06 01:00,3166.0,0,0,1,0,0.375,0
2881,2024-02-06 02:00,3200.0,0,0,1,0,0.375,0
2882,2024-02-06 03:00,3701.0,0,0,0,0,0.0,0
2883,2024-02-06 04:00,6024.0,0,0,0,0,0.0,0
2884,2024-02-06 05:00,9383.0,0,0,1,0,0.375,0
2885,2024-02-06 06:00,7587.0,0,0,1,0,0.375,0
2886,2024-02-06 07:00,8952.0,0,0,1,0,0.375,0
2887,2024-02-06 08:00,9563.0,0,0,1,0,0.375,0
2888,2024-02-06 09:00,9099.0,0,0,1,0,0.375,0
2889,2024-02-06 10:00,10606.0,0,0,0,0,0.0,0
2890,2024-02-06 11:00,10339.0,0,0,0,0,0.0,0
2891,2024-02-06 12:00,10006.0,0,0,0,0,0.0,0
2892,2024-02-06 13:00,7866.0,0,0,1,0,0.375,0
2893,2024-02-06 14:00,6949.0,0,0,1,0,0.375,0
2894,2024-02-06 15:00,6172.0,0,0,0,0,0.0,0
2895,2024-02-06 16:00,5700.0,0,0,0,0,0.0,0
2896,2024-02-06 17:00,5885.0,0,0,0,0,0.0,0
2897,2024-02-06 18:00,5488.0,0,0,0,0,0.0,0
2898,2024-02-06 19:00,5997.0,0,0,0,0,0.0,0
2899,2024-02-06 20:00,5906.0,0,0,0,0,0.0,0
2900,2024-02-06 21:00,5567.0,0,0,0,0,0.0,0
2901,2024-02-06 22:00,5324.0,0,0,0,0,0.0,0
2902,2024-02-06 23:00,4406.0,0,0,0,0,0.0,0
2903,2024-02-07 00:00,4696.0,0,0,0,0,0.0,0
2904,2024-02-07 01:00,3338.0,0,0,1,0,0.375,0
2905,2024-02-07 02:00,3076.0,0,0,1,0,0.375,0
2906,2024-02-07 03:00,4686.0,0,0,0,0,0.0,0
2907,2024-02-07 04:00,8094.0,0,0,1,0,0.375,0
2908,2024-02-07 05:00,11241.0,0,0,0,0,0.0,0
2909,2024-02-07 06:00,9493.0,0,0,1,0,0.375,0
2910,2024-02-07 07:00,8604.0,0,0,1,0,0.375,0
2911,2024-02-07 08:00,10666.0,0,0,0,0,0.0,0
2912,2024-02-07 09:00,9768.0,0,0,0,0,0.0,0
2913,2024-02-07 10:00,11910.0,0,0,0,0,0.0,0
2914,2024-02-07 11:00,10539.0,0,0,0,0,0.0,0
2915,2024-02-07 12:00,6464.0,0,0,0,0,0.0,0
2916,2024-02-07 13:00,5193.0,0,0,0,0,0.0,0
2917,2024-02-07 14:00,4254.0,0,0,0,0,0.0,0
2918,2024-02-07 15:00,3847.0,0,0,0,0,0.0,0
2919,2024-02-07 16:00,3818.0,0,0,0,0,0.0,0
2920,2024-02-07 17:00,4101.0,0,0,0,0,0.0,0
2921,2024-02-07 18:00,3877.0,0,0,0,0,0.0,0
2922,2024-02-07 19:00,3799.0,0,0,0,0,0.0,0
2923,2024-02-07 20:00,6127.0,0,0,0,0,0.0,0
2924,2024-02-07 21:00,6037.0,0,0,0,0,0.0,0
2925,2024-02-07 22:00,5459.0,0,0,0,0,0.0,0
2926,2024-02-07 23:00,5301.0,0,0,0,0,0.0,0
2927,2024-02-08 00:00,4911.0,0,0,0,0,0.0,0
2928,2024-02-08 01:00,4564.0,0,0,0,0,0.0,0
2929,2024-02-08 02:00,3421.0,0,0,1,0,0.375,0
2930,2024-02-08 03:00,5214.0,0,0,0,0,0.0,0
2931,2024-02-08 04:00,9684.0,0,0,0,0,0.0,0
2932,2024-02-08 05:00,9455.0,0,0,1,0,0.375,0
2933,2024-02-08 06:00,9315.0,0,0,1,0,0.375,0
2934,2024-02-08 07:00,8488.0,0,0,1,0,0.375,0
2935,2024-02-08 08:00,10178.0,0,0,0,0,0.0,0
2936,2024-02-08 09:00,7756.0,0,0,1,0,0.375,0
2937,2024-02-08 10:00,8993.0,0,0,1,0,0.375,0
2938,2024-02-08 11:00,7952.0,0,0,1,0,0.375,0
2939,2024-02-08 12:00,9586.0,0,0,0,0,0.0,0
2940,2024-02-08 13:00,7599.0,0,0,1,0,0.375,0
2941,2024-02-08 14:00,6541.0,0,0,0,0,0.0,0
2942,2024-02-08 15:00,6034.0,0,0,0,0,0.0,0
2943,2024-02-08 16:00,6453.0,0,0,0,0,0.0,0
2944,2024-02-08 17:00,6450.0,0,0,0,0,0.0,0
2945,2024-02-08 18:00,7068.0,0,0,0,0,0.0,0
2946,2024-02-08 19:00,7259.0,0,0,1,0,0.375,0
2947,2024-02-08 20:00,7740.0,0,0,1,0,0.375,0
2948,2024-02-08 21:00,7455.0,0,0,1,0,0.375,0
2949,2024-02-08 22:00,7094.0,0,0,0,0,0.0,0
2950,2024-02-08 23:00,6587.0,0,0,0,0,0.0,0
2951,2024-02-09 00:00,7445.0,0,0,1,0,0.375,0
2952,2024-02-09 01:00,6914.0,0,0,0,0,0.0,0
2953,2024-02-09 02:00,6572.0,0,0,0,0,0.0,0
2954,2024-02-09 03:00,7329.0,0,0,0,0,0.0,0
2955,2024-02-09 04:00,12525.0,0,0,1,0,0.375,0
2956,2024-02-09 05:00,14583.0,0,0,1,0,0.375,0
2957,2024-02-09 06:00,11821.0,0,0,0,0,0.0,0
2958,2024-02-09 07:00,10098.0,0,0,0,0,0.0,0
2959,2024-02-09 08:00,7348.0,0,0,0,0,0.0,0
2960,2024-02-09 09:00,6871.0,0,0,0,0,0.0,0
2961,2024-02-09 10:00,7361.0,0,0,0,0,0.0,0
2962,2024-02-09 11:00,7518.0,0,0,0,0,0.0,0
2963,2024-02-09 12:00,6850.0,0,0,0,0,0.0,0
2964,2024-02-09 13:00,5598.0,0,0,0,0,0.0,0
2965,2024-02-09 14:00,3967.0,0,0,1,0,0.375,0
2966,2024-02-09 15:00,4635.0,0,0,0,0,0.0,0
2967,2024-02-09 16:00,6122.0,0,0,0,0,0.0,0
2968,2024-02-09 17:00,6632.0,0,0,0,0,0.0,0
2969,2024-02-09 18:00,7206.0,0,0,0,0,0.0,0
2970,2024-02-09 19:00,6787.0,0,0,0,0,0.0,0
2971,2024-02-09 20:00,6721.0,0,0,0,0,0.0,0
2972,2024-02-09 21:00,6457.0,0,0,0,0,0.0,0
2973,2024-02-09 22:00,6212.0,0,0,0,0,0.0,0
2974,2024-02-09 23:00,6029.0,0,0,0,0,0.0,0
2975,2024-02-10 00:00,5312.0,1,0,0,0,0.0,0
2976,2024-02-10 01:00,4899.0,1,0,0,0,0.0,0
2977,2024-02-10 02:00,3479.0,1,0,1,0,0.375,0
2978,2024-02-10 03:00,3161.0,1,0,1,0,0.375,0
2979,2024-02-10 04:00,4086.0,1,0,1,0,0.375,0
2980,2024-02-10 05:00,3952.0,1,0,1,0,0.375,0
2981,2024-02-10 06:00,4138.0,1,0,1,0,0.375,0
2982,2024-02-10 07:00,4760.0,1,0,0,0,0.0,0
2983,2024-02-10 08:00,5199.0,1,0,0,0,0.0,0
2984,2024-02-10 09:00,4516.0,1,0,0,0,0.0,0
2985,2024-02-10 10:00,6229.0,1,0,0,0,0.0,0
2986,2024-02-10 11:00,6890.0,1,0,0,0,0.0,0
2987,2024-02-10 12:00,7688.0,1,0,1,0,0.375,0
2988,2024-02-10 13:00,7571.0,1,0,1,0,0.375,0
2989,2024-02-10 14:00,7335.0,1,0,0,0,0.0,0
2990,2024-02-10 15:00,7053.0,1,0,0,0,0.0,0
2991,2024-02-10 16:00,7082.0,1,0,0,0,0.0,0
2992,2024-02-10 17:00,6556.0,1,0,0,0,0.0,0
2993,2024-02-10 18:00,6183.0,1,0,0,0,0.0,0
2994,2024-02-10 19:00,7407.0,1,0,0,0,0.0,0
2995,2024-02-10 20:00,6598.0,1,0,0,0,0.0,0
2996,2024-02-10 21:00,6848.0,1,0,0,0,0.0,0
2997,2024-02-10 22:00,6260.0,1,0,0,0,0.0,0
2998,2024-02-10 23:00,6136.0,1,0,0,0,0.0,0
2999,2024-02-11 00:00,5596.0,1,0,0,0,0.0,0
3000,2024-02-11 01:00,4608.0,1,0,0,0,0.0,0
3001,2024-02-11 02:00,2611.0,1,0,1,0,0.375,0
3002,2024-02-11 03:00,3148.0,1,0,1,0,0.375,0
3003,2024-02-11 04:00,3731.0,1,0,1,0,0.375,0
3004,2024-02-11 05:00,4465.0,1,0,0,0,0.0,0
3005,2024-02-11 06:00,4213.0,1,0,0,0,0.0,0
3006,2024-02-11 07:00,4742.0,1,0,0,0,0.0,0
3007,2024-02-11 08:00,5528.0,1,0,0,0,0.0,0
3008,2024-02-11 09:00,5617.0,1,0,0,0,0.0,0
3009,2024-02-11 10:00,6986.0,1,0,0,0,0.0,0
3010,2024-02-11 11:00,6792.0,1,0,0,0,0.0,0
3011,2024-02-11 12:00,6387.0,1,0,0,1,0.16666666666666666,0
3012,2024-02-11 13:00,7423.0,1,0,1,0,0.375,0
3013,2024-02-11 14:00,6011.0,1,0,0,1,0.16666666666666666,0
3014,2024-02-11 15:00,5508.0,1,0,0,0,0.0,0
3015,2024-02-11 16:00,4797.0,1,0,0,0,0.0,0
3016,2024-02-11 17:00,5730.0,1,0,0,0,0.0,0
3017,2024-02-11 18:00,4979.0,1,0,0,0,0.0,0
3018,2024-02-11 19:00,4897.0,1,0,0,0,0.0,0
3019,2024-02-11 20:00,5109.0,1,0,0,0,0.0,0
3020,2024-02-11 21:00,4445.0,1,0,0,0,0.0,0
3021,2024-02-11 22:00,4376.0,1,0,0,0,0.0,0
3022,2024-02-11 23:00,3944.0,1,0,1,0,0.375,0
3023,2024-02-12 00:00,3818.0,0,0,1,0,0.375,0
3024,2024-02-12 01:00,3302.0,0,0,1,0,0.375,0
3025,2024-02-12 02:00,3072.0,0,0,1,0,0.375,0
3026,2024-02-12 03:00,4031.0,0,0,1,0,0.375,0
3027,2024-02-12 04:00,7236.0,0,0,0,0,0.0,0
3028,2024-02-12 05:00,9870.0,0,0,0,0,0.0,0
3029,2024-02-12 06:00,9096.0,0,0,0,0,0.0,0
3030,2024-02-12 07:00,6938.0,0,0,0,0,0.0,0
3031,2024-02-12 08:00,6832.0,0,0,0,0,0.0,0
3032,2024-02-12 09:00,7530.0,0,0,1,0,0.375,0
3033,2024-02-12 10:00,7929.0,0,0,1,0,0.375,0
3034,2024-02-12 11:00,8317.0,0,0,1,0,0.375,0
3035,2024-02-12 12:00,8721.0,0,0,0,0,0.0,0
3036,2024-02-12 13:00,6891.0,0,0,0,0,0.0,0
3037,2024-02-12 14:00,4314.0,0,0,0,0,0.0,0
3038,2024-02-12 15:00,4161.0,0,0,0,0,0.0,0
3039,2024-02-12 16:00,4001.0,0,0,1,0,0.375,0
3040,2024-02-12 17:00,4939.0,0,0,0,0,0.0,0
3041,2024-02-12 18:00,4035.0,0,0,1,0,0.375,0
3042,2024-02-12 19:00,4841.0,0,0,0,1,0.16666666666666666,0
3043,2024-02-12 20:00,4965.0,0,0,0,0,0.0,0
3044,2024-02-12 21:00,4149.0,0,0,0,0,0.0,0
3045,2024-02-12 22:00,4653.0,0,0,0,0,0.0,0
3046,2024-02-12 23:00,5131.0,0,0,0,0,0.0,0
3047,2024-02-13 00:00,4704.0,0,0,0,0,0.0,0
3048,2024-02-13 01:00,3236.0,0,0,1,0,0.375,0
3049,2024-02-13 02:00,2829.0,0,0,1,0,0.375,0
3050,2024-02-13 03:00,3433.0,0,0,1,0,0.375,0
3051,2024-02-13 04:00,5596.0,0,0,0,0,0.0,0
3052,2024-02-13 05:00,8072.0,0,0,1,0,0.375,0
3053,2024-02-13 06:00,7469.0,0,0,1,0,0.375,0
3054,2024-02-13 07:00,7125.0,0,0,0,0,0.0,0
3055,2024-02-13 08:00,6593.0,0,0,0,0,0.0,0
3056,2024-02-13 09:00,8341.0,0,0,1,0,0.375,0
3057,2024-02-13 10:00,9281.0,0,0,0,0,0.0,0
3058,2024-02-13 11:00,8052.0,0,0,1,0,0.375,0
3059,2024-02-13 12:00,8956.0,0,0,0,0,0.0,0
3060,2024-02-13 13:00,6569.0,0,0,0,0,0.0,0
3061,2024-02-13 14:00,4974.0,0,0,0,0,0.0,0
3062,2024-02-13 15:00,5434.0,0,0,0,0,0.0,0
3063,2024-02-13 16:00,5264.0,0,0,0,0,0.0,0
3064,2024-02-13 17:00,4463.0,0,0,0,0,0.0,0
3065,2024-02-13 18:00,4850.0,0,0,0,0,0.0,0
3066,2024-02-13 19:00,4877.0,0,0,0,0,0.0,0
3067,2024-02-13 20:00,5345.0,0,0,0,0,0.0,0
3068,2024-02-13 21:00,4802.0,0,0,0,0,0.0,0
3069,2024-02-13 22:00,4482.0,0,0,0,0,0.0,0
3070,2024-02-13 23:00,5173.0,0,0,0,0,0.0,0
3071,2024-02-14 00:00,4849.0,0,0,0,0,0.0,0
3072,2024-02-14 01:00,4328.0,0,0,0,1,0.16666666666666666,0
3073,2024-02-14 02:00,4641.0,0,0,0,0,0.0,0
3074,2024-02-14 03:00,5331.0,0,0,0,0,0.0,0
3075,2024-02-14 04:00,9301.0,0,0,0,0,0.0,0
3076,2024-02-14 05:00,11797.0,0,0,0,0,0.0,0
3077,2024-02-14 06:00,9746.0,0,0,0,0,0.0,0
3078,2024-02-14 07:00,9091.0,0,0,0,0,0.0,0
3079,2024-02-14 08:00,8676.0,0,0,1,0,0.375,0
3080,2024-02-14 09:00,7510.0,0,0,1,0,0.375,0
3081,2024-02-14 10:00,7907.0,0,0,1,0,0.375,0
3082,2024-02-14 11:00,6861.0,0,0,0,0,0.0,0
3083,2024-02-14 12:00,8485.0,0,0,1,0,0.375,0
3084,2024-02-14 13:00,7013.0,0,0,0,0,0.0,0
3085,2024-02-14 14:00,5162.0,0,0,0,0,0.0,0
3086,2024-02-14 15:00,6210.0,0,0,0,0,0.0,0
3087,2024-02-14 16:00,5695.0,0,0,0,0,0.0,0
3088,2024-02-14 17:00,5886.0,0,0,0,0,0.0,0
3089,2024-02-14 18:00,7122.0,0,0,0,0,0.0,0
3090,2024-02-14 19:00,7105.0,0,0,0,0,0.0,0
3091,2024-02-14 20:00,7124.0,0,0,0,0,0.0,0
3092,2024-02-14 21:00,6885.0,0,0,0,0,0.0,0
3093,2024-02-14 22:00,6979.0,0,0,0,0,0.0,0
3094,2024-02-14 23:00,6195.0,0,0,0,0,0.0,0
3095,2024-02-15 00:00,4484.0,0,0,0,0,0.0,0
3096,2024-02-15 01:00,3616.0,0,0,1,0,0.375,0
3097,2024-02-15 02:00,4063.0,0,0,0,0,0.0,0
3098,2024-02-15 03:00,4197.0,0,0,0,0,0.0,0
3099,2024-02-15 04:00,7494.0,0,0,1,0,0.375,0
3100,2024-02-15 05:00,10789.0,0,0,0,0,0.0,0
3101,2024-02-15 06:00,9280.0,0,0,0,0,0.0,0
3102,2024-02-15 07:00,7670.0,0,0,1,0,0.375,0
3103,2024-02-15 08:00,8471.0,0,0,1,0,0.375,0
3104,2024-02-15 09:00,13725.0,0,0,1,0,0.375,0
3105,2024-02-15 10:00,10548.0,0,0,0,0,0.0,0
3106,2024-02-15 11:00,10159.0,0,0,0,0,0.0,0
3107,2024-02-15 12:00,8833.0,0,0,0,0,0.0,0
3108,2024-02-15 13:00,7080.0,0,0,0,0,0.0,0
3109,2024-02-15 14:00,5430.0,0,0,0,0,0.0,0
3110,2024-02-15 15:00,5666.0,0,0,0,0,0.0,0
3111,2024-02-15 16:00,5403.0,0,0,0,0,0.0,0
3112,2024-02-15 17:00,6231.0,0,0,0,0,0.0,0
3113,2024-02-15 18:00,7268.0,0,0,0,0,0.0,0
3114,2024-02-15 19:00,8078.0,0,0,1,0,0.375,0
3115,2024-02-15 20:00,7980.0,0,0,1,0,0.375,0
3116,2024-02-15 21:00,7255.0,0,0,0,0,0.0,0
3117,2024-02-15 22:00,14746.0,0,0,1,0,0.375,0
3118,2024-02-15 23:00,7093.0,0,0,0,0,0.0,0
3119,2024-02-16 00:00,5803.0,0,0,0,0,0.0,0
3120,2024-02-16 01:00,3849.0,0,0,1,0,0.375,0
3121,2024-02-16 02:00,3381.0,0,0,1,0,0.375,0
3122,2024-02-16 03:00,3884.0,0,0,1,0,0.375,0
3123,2024-02-16 04:00,8075.0,0,0,1,0,0.375,0
3124,2024-02-16 05:00,11788.0,0,0,0,0,0.0,0
3125,2024-02-16 06:00,9941.0,0,0,0,0,0.0,0
3126,2024-02-16 07:00,8826.0,0,0,0,0,0.0,0
3127,2024-02-16 08:00,7879.0,0,0,1,0,0.375,0
3128,2024-02-16 09:00,9600.0,0,0,0,0,0.0,0
3129,2024-02-16 10:00,10429.0,0,0,0,0,0.0,0
3130,2024-02-16 11:00,7633.0,0,0,1,0,0.375,0
3131,2024-02-16 12:00,6657.0,0,0,0,0,0.0,0
3132,2024-02-16 13:00,6951.0,0,0,0,0,0.0,0
3133,2024-02-16 14:00,6021.0,0,0,0,0,0.0,0
3134,2024-02-16 15:00,6035.0,0,0,0,0,0.0,0
3135,2024-02-16 16:00,5505.0,0,0,0,0,0.0,0
3136,2024-02-16 17:00,5589.0,0,0,0,0,0.0,0
3137,2024-02-16 18:00,5587.0,0,0,0,0,0.0,0
3138,2024-02-16 19:00,6213.0,0,0,0,0,0.0,0
3139,2024-02-16 20:00,6191.0,0,0,0,0,0.0,0
3140,2024-02-16 21:00,5875.0,0,0,0,0,0.0,0
3141,2024-02-16 22:00,5535.0,0,0,0,0,0.0,0
3142,2024-02-16 23:00,4616.0,0,0,0,0,0.0,0
3143,2024-02-17 00:00,4922.0,1,0,0,0,0.0,0
3144,2024-02-17 01:00,4926.0,1,0,0,0,0.0,0
3145,2024-02-17 02:00,3896.0,1,0,1,0,0.375,0
3146,2024-02-17 03:00,3110.0,1,0,1,0,0.375,0
3147,2024-02-17 04:00,3487.0,1,0,1,0,0.375,0
3148,2024-02-17 05:00,4321.0,1,0,0,0,0.0,0
3149,2024-02-17 06:00,4447.0,1,0,0,0,0.0,0
3150,2024-02-17 07:00,4590.0,1,0,0,0,0.0,0
3151,2024-02-17 08:00,4256.0,1,0,0,0,0.0,0
3152,2024-02-17 09:00,4681.0,1,0,0,0,0.0,0
3153,2024-02-17 10:00,5092.0,1,0,0,0,0.0,0
3154,2024-02-17 11:00,6607.0,1,0,0,0,0.0,0
3155,2024-02-17 12:00,6104.0,1,0,0,0,0.0,0
3156,2024-02-17 13:00,5199.0,1,0,0,0,0.0,0
3157,2024-02-17 14:00,4017.0,1,0,1,0,0.375,0
3158,2024-02-17 15:00,4621.0,1,0,0,0,0.0,0
3159,2024-02-17 16:00,4377.0,1,0,0,0,0.0,0
3160,2024-02-17 17:00,4911.0,1,0,0,1,0.16666666666666666,0
3161,2024-02-17 18:00,4569.0,1,0,0,0,0.0,0
3162,2024-02-17 19:00,4855.0,1,0,0,0,0.0,0
3163,2024-02-17 20:00,4293.0,1,0,0,0,0.0,0
3164,2024-02-17 21:00,4487.0,1,0,0,0,0.0,0
3165,2024-02-17 22:00,5763.0,1,0,0,0,0.0,0
3166,2024-02-17 23:00,5178.0,1,0,0,0,0.0,0
3167,2024-02-18 00:00,5062.0,1,0,0,0,0.0,0
3168,2024-02-18 01:00,5233.0,1,0,0,0,0.0,0
3169,2024-02-18 02:00,4414.0,1,0,0,0,0.0,0
3170,2024-02-18 03:00,3620.0,1,0,1,0,0.375,0
3171,2024-02-18 04:00,4236.0,1,0,0,0,0.0,0
3172,2024-02-18 05:00,4439.0,1,0,0,0,0.0,0
3173,2024-02-18 06:00,4830.0,1,0,0,0,0.0,0
3174,2024-02-18 07:00,4933.0,1,0,0,0,0.0,0
3175,2024-02-18 08:00,4989.0,1,0,0,0,0.0,0
3176,2024-02-18 09:00,4094.0,1,0,0,0,0.0,0
3177,2024-02-18 10:00,5179.0,1,0,0,0,0.0,0
3178,2024-02-18 11:00,6548.0,1,0,0,0,0.0,0
3179,2024-02-18 12:00,7309.0,1,0,1,0,0.375,0
3180,2024-02-18 13:00,7312.0,1,0,1,0,0.375,0
3181,2024-02-18 14:00,6319.0,1,0,0,0,0.0,0
3182,2024-02-18 15:00,5753.0,1,0,0,0,0.0,0
3183,2024-02-18 16:00,6261.0,1,0,0,0,0.0,0
3184,2024-02-18 17:00,5800.0,1,0,0,0,0.0,0
3185,2024-02-18 18:00,5398.0,1,0,0,0,0.0,0
3186,2024-02-18 19:00,6313.0,1,0,0,0,0.0,0
3187,2024-02-18 20:00,5703.0,1,0,0,0,0.0,0
3188,2024-02-18 21:00,6666.0,1,0,0,0,0.0,0
3189,2024-02-18 22:00,6177.0,1,0,0,0,0.0,0
3190,2024-02-18 23:00,5330.0,1,0,0,0,0.0,0
3191,2024-02-19 00:00,4048.0,0,0,0,0,0.0,0
3192,2024-02-19 01:00,4163.0,0,0,0,0,0.0,0
3193,2024-02-19 02:00,4208.0,0,0,0,0,0.0,0
3194,2024-02-19 03:00,5237.0,0,0,0,0,0.0,0
3195,2024-02-19 04:00,10440.0,0,0,0,0,0.0,0
3196,2024-02-19 05:00,14513.0,0,0,1,1,0.5416666666666666,0
3197,2024-02-19 06:00,12641.0,0,0,1,0,0.375,0
3198,2024-02-19 07:00,9097.0,0,0,0,0,0.0,0
3199,2024-02-19 08:00,9005.0,0,0,0,0,0.0,0
3200,2024-02-19 09:00,10269.0,0,0,0,0,0.0,0
3201,2024-02-19 10:00,12574.0,0,0,1,0,0.375,0
3202,2024-02-19 11:00,11743.0,0,0,0,0,0.0,0
3203,2024-02-19 12:00,9700.0,0,0,0,0,0.0,0
3204,2024-02-19 13:00,7074.0,0,0,1,0,0.375,0
3205,2024-02-19 14:00,6300.0,0,0,0,0,0.0,0
3206,2024-02-19 15:00,6548.0,0,0,0,0,0.0,0
3207,2024-02-19 16:00,6392.0,0,0,0,0,0.0,0
3208,2024-02-19 17:00,6524.0,0,0,0,0,0.0,0
3209,2024-02-19 18:00,6083.0,0,0,0,0,0.0,0
3210,2024-02-19 19:00,7081.0,0,0,1,0,0.375,0
3211,2024-02-19 20:00,6741.0,0,0,0,0,0.0,0
3212,2024-02-19 21:00,6934.0,0,0,1,0,0.375,0
3213,2024-02-19 22:00,6455.0,0,0,0,0,0.0,0
3214,2024-02-19 23:00,6071.0,0,0,0,0,0.0,0
3215,2024-02-20 00:00,6200.0,0,0,0,0,0.0,0
3216,2024-02-20 01:00,5200.0,0,0,0,0,0.0,0
3217,2024-02-20 02:00,3716.0,0,0,1,0,0.375,0
3218,2024-02-20 03:00,4416.0,0,0,0,0,0.0,0
3219,2024-02-20 04:00,7137.0,0,0,1,0,0.375,0
3220,2024-02-20 05:00,9697.0,0,0,0,0,0.0,0
3221,2024-02-20 06:00,8352.0,0,0,1,0,0.375,0
3222,2024-02-20 07:00,8847.0,0,0,1,0,0.375,0
3223,2024-02-20 08:00,8535.0,0,0,1,0,0.375,0
3224,2024-02-20 09:00,8905.0,0,0,0,0,0.0,0
3225,2024-02-20 10:00,12926.0,0,0,1,0,0.375,0
3226,2024-02-20 11:00,11332.0,0,0,0,0,0.0,0
3227,2024-02-20 12:00,9443.0,0,0,0,0,0.0,0
3228,2024-02-20 13:00,5934.0,0,0,0,0,0.0,0
3229,2024-02-20 14:00,4409.0,0,0,0,0,0.0,0
3230,2024-02-20 15:00,4373.0,0,0,0,0,0.0,0
3231,2024-02-20 16:00,3835.0,0,0,1,0,0.375,0
3232,2024-02-20 17:00,3894.0,0,0,0,0,0.0,0
3233,2024-02-20 18:00,4267.0,0,0,0,0,0.0,0
3234,2024-02-20 19:00,4181.0,0,0,0,0,0.0,0
3235,2024-02-20 20:00,4671.0,0,0,0,0,0.0,0
3236,2024-02-20 21:00,5616.0,0,0,0,0,0.0,0
3237,2024-02-20 22:00,5789.0,0,0,0,0,0.0,0
3238,2024-02-20 23:00,6020.0,0,0,0,0,0.0,0
3239,2024-02-21 00:00,5457.0,0,0,0,0,0.0,0
3240,2024-02-21 01:00,5340.0,0,0,0,0,0.0,0
3241,2024-02-21 02:00,3782.0,0,0,1,0,0.375,0
3242,2024-02-21 03:00,4018.0,0,0,0,0,0.0,0
3243,2024-02-21 04:00,7209.0,0,0,1,0,0.375,0
3244,2024-02-21 05:00,10405.0,0,0,0,0,0.0,0
3245,2024-02-21 06:00,8867.0,0,0,1,0,0.375,0
3246,2024-02-21 07:00,8657.0,0,0,1,0,0.375,0
3247,2024-02-21 08:00,10318.0,0,0,0,0,0.0,0
3248,2024-02-21 09:00,10523.0,0,0,0,0,0.0,0
3249,2024-02-21 10:00,9279.0,0,0,0,0,0.0,0
3250,2024-02-21 11:00,9482.0,0,0,0,0,0.0,0
3251,2024-02-21 12:00,8322.0,0,0,1,0,0.375,0
3252,2024-02-21 13:00,5408.0,0,0,0,0,0.0,0
3253,2024-02-21 14:00,4086.0,0,0,0,0,0.0,0
3254,2024-02-21 15:00,4544.0,0,0,0,0,0.0,0
3255,2024-02-21 16:00,3909.0,0,0,1,0,0.375,0
3256,2024-02-21 17:00,4730.0,0,0,0,0,0.0,0
3257,2024-02-21 18:00,5248.0,0,0,0,0,0.0,0
3258,2024-02-21 19:00,7166.0,0,0,1,0,0.375,0
3259,2024-02-21 20:00,7370.0,0,0,1,0,0.375,0
3260,2024-02-21 21:00,6617.0,0,0,0,0,0.0,0
3261,2024-02-21 22:00,5774.0,0,0,0,0,0.0,0
3262,2024-02-21 23:00,5749.0,0,0,0,0,0.0,0
3263,2024-02-22 00:00,5843.0,0,0,0,0,0.0,0
3264,2024-02-22 01:00,5093.0,0,0,0,0,0.0,0
3265,2024-02-22 02:00,3800.0,0,0,1,0,0.375,0
3266,2024-02-22 03:00,3780.0,0,0,1,0,0.375,0
3267,2024-02-22 04:00,7007.0,0,0,1,0,0.375,0
3268,2024-02-22 05:00,8080.0,0,0,1,0,0.375,0
3269,2024-02-22 06:00,7673.0,0,0,1,0,0.375,0
3270,2024-02-22 07:00,8515.0,0,0,1,0,0.375,0
3271,2024-02-22 08:00,8263.0,0,0,1,0,0.375,0
3272,2024-02-22 09:00,9559.0,0,0,0,0,0.0,0
3273,2024-02-22 10:00,10608.0,0,0,0,0,0.0,0
3274,2024-02-22 11:00,10832.0,0,0,0,0,0.0,0
3275,2024-02-22 12:00,10161.0,0,0,0,0,0.0,0
3276,2024-02-22 13:00,7439.0,0,0,1,0,0.375,0
3277,2024-02-22 14:00,6603.0,0,0,0,0,0.0,0
3278,2024-02-22 15:00,6640.0,0,0,0,0,0.0,0
3279,2024-02-22 16:00,5935.0,0,0,0,0,0.0,0
3280,2024-02-22 17:00,6098.0,0,0,0,0,0.0,0
3281,2024-02-22 18:00,6908.0,0,0,0,0,0.0,0
3282,2024-02-22 19:00,6413.0,0,0,0,0,0.0,0
3283,2024-02-22 20:00,6596.0,0,0,0,0,0.0,0
3284,2024-02-22 21:00,7380.0,0,0,1,0,0.375,0
3285,2024-02-22 22:00,6735.0,0,0,0,0,0.0,0
3286,2024-02-22 23:00,6659.0,0,0,0,0,0.0,0
3287,2024-02-23 00:00,5947.0,0,0,0,0,0.0,0
3288,2024-02-23 01:00,4984.0,0,0,0,0,0.0,0
3289,2024-02-23 02:00,4826.0,0,0,0,0,0.0,0
3290,2024-02-23 03:00,3511.0,0,0,1,0,0.375,0
3291,2024-02-23 04:00,7604.0,0,0,1,0,0.375,0
3292,2024-02-23 05:00,10708.0,0,0,0,0,0.0,0
3293,2024-02-23 06:00,9641.0,0,0,0,0,0.0,0
3294,2024-02-23 07:00,9517.0,0,0,0,0,0.0,0
3295,2024-02-23 08:00,8904.0,0,0,0,0,0.0,0
3296,2024-02-23 09:00,9909.0,0,0,0,0,0.0,0
3297,2024-02-23 10:00,8791.0,0,0,0,0,0.0,0
3298,2024-02-23 11:00,13037.0,0,0,1,0,0.375,0
3299,2024-02-23 12:00,11271.0,0,0,0,0,0.0,0
3300,2024-02-23 13:00,9141.0,0,0,0,0,0.0,0
3301,2024-02-23 14:00,6192.0,0,0,0,0,0.0,0
3302,2024-02-23 15:00,6008.0,0,0,0,0,0.0,0
3303,2024-02-23 16:00,6808.0,0,0,0,0,0.0,0
3304,2024-02-23 17:00,6929.0,0,0,0,0,0.0,0
3305,2024-02-23 18:00,6510.0,0,0,0,0,0.0,0
3306,2024-02-23 19:00,6431.0,0,0,0,0,0.0,0
3307,2024-02-23 20:00,6845.0,0,0,0,0,0.0,0
3308,2024-02-23 21:00,6141.0,0,0,0,0,0.0,0
3309,2024-02-23 22:00,5608.0,0,0,0,0,0.0,0
3310,2024-02-23 23:00,5465.0,0,0,0,0,0.0,0
3311,2024-02-24 00:00,6328.0,1,0,0,0,0.0,0
3312,2024-02-24 01:00,5713.0,1,0,0,0,0.0,0
3313,2024-02-24 02:00,5101.0,1,0,0,0,0.0,0
3314,2024-02-24 03:00,5348.0,1,0,0,0,0.0,0
3315,2024-02-24 04:00,5901.0,1,0,0,0,0.0,0
3316,2024-02-24 05:00,6725.0,1,0,0,0,0.0,0
3317,2024-02-24 06:00,6947.0,1,0,0,0,0.0,0
3318,2024-02-24 07:00,7194.0,1,0,1,0,0.375,0
3319,2024-02-24 08:00,6849.0,1,0,0,0,0.0,0
3320,2024-02-24 09:00,6428.0,1,0,0,0,0.0,0
3321,2024-02-24 10:00,6171.0,1,0,0,0,0.0,0
3322,2024-02-24 11:00,6423.0,1,0,0,0,0.0,0
3323,2024-02-24 12:00,6628.0,1,0,0,0,0.0,0
3324,2024-02-24 13:00,6298.0,1,0,0,0,0.0,0
3325,2024-02-24 14:00,5510.0,1,0,0,0,0.0,0
3326,2024-02-24 15:00,5352.0,1,0,0,0,0.0,0
3327,2024-02-24 16:00,5414.0,1,0,0,0,0.0,0
3328,2024-02-24 17:00,6272.0,1,0,0,0,0.0,0
3329,2024-02-24 18:00,6279.0,1,0,0,0,0.0,0
3330,2024-02-24 19:00,6276.0,1,0,0,0,0.0,0
3331,2024-02-24 20:00,6275.0,1,0,0,0,0.0,0
3332,2024-02-24 21:00,6950.0,1,0,0,0,0.0,0
3333,2024-02-24 22:00,6570.0,1,0,0,0,0.0,0
3334,2024-02-24 23:00,5607.0,1,0,0,0,0.0,0
3335,2024-02-25 00:00,5504.0,1,0,0,1,0.16666666666666666,0
3336,2024-02-25 01:00,5876.0,1,0,0,0,0.0,0
3337,2024-02-25 02:00,5491.0,1,0,0,0,0.0,0
3338,2024-02-25 03:00,5643.0,1,0,0,0,0.0,0
3339,2024-02-25 04:00,6435.0,1,0,0,0,0.0,0
3340,2024-02-25 05:00,7933.0,1,0,1,0,0.375,0
3341,2024-02-25 06:00,7370.0,1,0,1,0,0.375,0
3342,2024-02-25 07:00,7285.0,1,0,1,0,0.375,0
3343,2024-02-25 08:00,4392.0,1,0,1,0,0.375,0
3344,2024-02-25 09:00,6034.0,1,0,0,0,0.0,0
3345,2024-02-25 10:00,5016.0,1,0,0,0,0.0,0
3346,2024-02-25 11:00,5316.0,1,0,0,0,0.0,0
3347,2024-02-25 12:00,5513.0,1,0,0,0,0.0,0
3348,2024-02-25 13:00,5734.0,1,0,0,0,0.0,0
3349,2024-02-25 14:00,5183.0,1,0,0,0,0.0,0
3350,2024-02-25 15:00,5917.0,1,0,0,0,0.0,0
3351,2024-02-25 16:00,6154.0,1,0,0,0,0.0,0
3352,2024-02-25 17:00,6552.0,1,0,0,0,0.0,0
3353,2024-02-25 18:00,5967.0,1,0,0,0,0.0,0
3354,2024-02-25 19:00,5538.0,1,0,0,0,0.0,0
3355,2024-02-25 20:00,5917.0,1,0,0,0,0.0,0
3356,2024-02-25 21:00,6371.0,1,0,0,0,0.0,0
3357,2024-02-25 22:00,6019.0,1,0,0,0,0.0,0
3358,2024-02-25 23:00,5486.0,1,0,0,0,0.0,0
3359,2024-02-26 00:00,5647.0,0,0,0,0,0.0,0
3360,2024-02-26 01:00,5932.0,0,0,0,0,0.0,0
3361,2024-02-26 02:00,5612.0,0,0,0,0,0.0,0
3362,2024-02-26 03:00,6223.0,0,0,0,0,0.0,0
3363,2024-02-26 04:00,9122.0,0,0,0,0,0.0,0
3364,2024-02-26 05:00,13378.0,0,0,1,1,0.5416666666666666,0
3365,2024-02-26 06:00,11936.0,0,0,1,0,0.375,0
3366,2024-02-26 07:00,9667.0,0,0,0,0,0.0,0
3367,2024-02-26 08:00,10297.0,0,0,0,0,0.0,0
3368,2024-02-26 09:00,9161.0,0,0,0,0,0.0,0
3369,2024-02-26 10:00,7703.0,0,0,1,0,0.375,0
3370,2024-02-26 11:00,8248.0,0,0,1,0,0.375,0
3371,2024-02-26 12:00,7873.0,0,0,1,0,0.375,0
3372,2024-02-26 13:00,5794.0,0,0,0,0,0.0,0
3373,2024-02-26 14:00,4272.0,0,0,1,0,0.375,0
3374,2024-02-26 15:00,4889.0,0,0,0,0,0.0,0
3375,2024-02-26 16:00,4691.0,0,0,1,0,0.375,0
3376,2024-02-26 17:00,4680.0,0,0,1,0,0.375,0
3377,2024-02-26 18:00,5457.0,0,0,0,0,0.0,0
3378,2024-02-26 19:00,7227.0,0,0,1,0,0.375,0
3379,2024-02-26 20:00,6404.0,0,0,0,0,0.0,0
3380,2024-02-26 21:00,6552.0,0,0,0,0,0.0,0
3381,2024-02-26 22:00,5928.0,0,0,0,0,0.0,0
3382,2024-02-26 23:00,6700.0,0,0,0,0,0.0,0
3383,2024-02-27 00:00,5942.0,0,0,0,0,0.0,0
3384,2024-02-27 01:00,5842.0,0,0,0,0,0.0,0
3385,2024-02-27 02:00,5192.0,0,0,0,0,0.0,0
3386,2024-02-27 03:00,5826.0,0,0,0,0,0.0,0
3387,2024-02-27 04:00,10473.0,0,0,0,0,0.0,0
3388,2024-02-27 05:00,13884.0,0,0,1,0,0.375,0
3389,2024-02-27 06:00,10149.0,0,0,0,0,0.0,0
3390,2024-02-27 07:00,7511.0,0,0,1,0,0.375,0
3391,2024-02-27 08:00,8687.0,0,0,0,0,0.0,0
3392,2024-02-27 09:00,8111.0,0,0,1,0,0.375,0
3393,2024-02-27 10:00,7713.0,0,0,1,0,0.375,0
3394,2024-02-27 11:00,7840.0,0,0,1,0,0.375,0
3395,2024-02-27 12:00,8088.0,0,0,1,0,0.375,0
3396,2024-02-27 13:00,5115.0,0,0,0,0,0.0,0
3397,2024-02-27 14:00,4236.0,0,0,1,0,0.375,0
3398,2024-02-27 15:00,6476.0,0,0,0,0,0.0,0
3399,2024-02-27 16:00,6292.0,0,0,0,0,0.0,0
3400,2024-02-27 17:00,6303.0,0,0,0,0,0.0,0
3401,2024-02-27 18:00,5584.0,0,0,0,0,0.0,0
3402,2024-02-27 19:00,6171.0,0,0,0,0,0.0,0
3403,2024-02-27 20:00,6314.0,0,0,0,0,0.0,0
3404,2024-02-27 21:00,6074.0,0,0,0,0,0.0,0
3405,2024-02-27 22:00,5459.0,0,0,0,0,0.0,0
3406,2024-02-27 23:00,5932.0,0,0,0,0,0.0,0
3407,2024-02-28 00:00,5685.0,0,0,0,0,0.0,0
3408,2024-02-28 01:00,6165.0,0,0,0,0,0.0,0
3409,2024-02-28 02:00,5793.0,0,0,0,0,0.0,0
3410,2024-02-28 03:00,4987.0,0,0,0,0,0.0,0
3411,2024-02-28 04:00,8269.0,0,0,1,0,0.375,0
3412,2024-02-28 05:00,11477.0,0,0,1,0,0.375,0
3413,2024-02-28 06:00,10372.0,0,0,0,0,0.0,0
3414,2024-02-28 07:00,10217.0,0,0,0,0,0.0,0
3415,2024-02-28 08:00,9624.0,0,0,0,0,0.0,0
3416,2024-02-28 09:00,8766.0,0,0,0,0,0.0,0
3417,2024-02-28 10:00,7206.0,0,0,1,0,0.375,0
3418,2024-02-28 11:00,8620.0,0,0,0,0,0.0,0
3419,2024-02-28 12:00,9677.0,0,0,0,0,0.0,0
3420,2024-02-28 13:00,6515.0,0,0,0,0,0.0,0
3421,2024-02-28 14:00,3831.0,0,0,1,0,0.375,0
3422,2024-02-28 15:00,3935.0,0,0,1,0,0.375,0
3423,2024-02-28 16:00,3509.0,0,0,1,0,0.375,0
3424,2024-02-28 17:00,4059.0,0,0,1,0,0.375,0
3425,2024-02-28 18:00,4567.0,0,0,0,0,0.0,0
3426,2024-02-28 19:00,5673.0,0,0,0,0,0.0,0
3427,2024-02-28 20:00,5244.0,0,0,0,0,0.0,0
3428,2024-02-28 21:00,5150.0,0,0,0,0,0.0,0
3429,2024-02-28 22:00,5986.0,0,0,0,0,0.0,0
3430,2024-02-28 23:00,5657.0,0,0,0,0,0.0,0
3431,2024-02-29 00:00,5886.0,0,0,0,0,0.0,0
3432,2024-02-29 01:00,5391.0,0,0,0,0,0.0,0
3433,2024-02-29 02:00,4939.0,0,0,0,0,0.0,0
3434,2024-02-29 03:00,3684.0,0,0,1,0,0.375,0
3435,2024-02-29 04:00,6382.0,0,0,0,0,0.0,0
3436,2024-02-29 05:00,10120.0,0,0,0,0,0.0,0
3437,2024-02-29 06:00,8766.0,0,0,0,0,0.0,0
3438,2024-02-29 07:00,8402.0,0,0,0,0,0.0,0
3439,2024-02-29 08:00,8461.0,0,0,0,0,0.0,0
3440,2024-02-29 09:00,8016.0,0,0,1,0,0.375,0
3441,2024-02-29 10:00,7267.0,0,0,1,0,0.375,0
3442,2024-02-29 11:00,9720.0,0,0,0,0,0.0,0
3443,2024-02-29 12:00,10116.0,0,0,0,0,0.0,0
3444,2024-02-29 13:00,7030.0,0,0,0,0,0.0,0
3445,2024-02-29 14:00,6086.0,0,0,0,0,0.0,0
3446,2024-02-29 15:00,6010.0,0,0,0,0,0.0,0
3447,2024-02-29 16:00,5866.0,0,0,0,0,0.0,0
3448,2024-02-29 17:00,6013.0,0,0,0,0,0.0,0
3449,2024-02-29 18:00,6092.0,0,0,0,0,0.0,0
3450,2024-02-29 19:00,6556.0,0,0,0,0,0.0,0
3451,2024-02-29 20:00,6860.0,0,0,0,0,0.0,0
3452,2024-02-29 21:00,6253.0,0,0,0,0,0.0,0
3453,2024-02-29 22:00,5510.0,0,0,0,0,0.0,0
3454,2024-02-29 23:00,5413.0,0,0,0,0,0.0,0
3455,2024-03-01 00:00,5123.0,0,0,0,0,0.0,0
3456,2024-03-01 01:00,4975.0,0,0,0,0,0.0,0
3457,2024-03-01 02:00,5189.0,0,0,0,0,0.0,0
3458,2024-03-01 03:00,6689.0,0,0,0,0,0.0,0
3459,2024-03-01 04:00,10479.0,0,0,0,0,0.0,0
3460,2024-03-01 05:00,13735.0,0,0,1,1,0.5416666666666666,0
3461,2024-03-01 06:00,11569.0,0,0,1,0,0.375,0
3462,2024-03-01 07:00,8875.0,0,0,0,0,0.0,0
3463,2024-03-01 08:00,9059.0,0,0,0,0,0.0,0
3464,2024-03-01 09:00,8839.0,0,0,0,0,0.0,0
3465,2024-03-01 10:00,8091.0,0,0,1,0,0.375,0
3466,2024-03-01 11:00,7352.0,0,0,1,0,0.375,0
3467,2024-03-01 12:00,7036.0,0,0,0,0,0.0,0
3468,2024-03-01 13:00,4908.0,0,0,0,0,0.0,0
3469,2024-03-01 14:00,3847.0,0,0,1,0,0.375,0
3470,2024-03-01 15:00,4000.0,0,0,1,0,0.375,0
3471,2024-03-01 16:00,3664.0,0,0,1,0,0.375,0
3472,2024-03-01 17:00,4001.0,0,0,1,0,0.375,0
3473,2024-03-01 18:00,3750.0,0,0,1,0,0.375,0
3474,2024-03-01 19:00,4196.0,0,0,1,0,0.375,0
3475,2024-03-01 20:00,3904.0,0,0,1,0,0.375,0
3476,2024-03-01 21:00,3380.0,0,0,1,0,0.375,0
3477,2024-03-01 22:00,4810.0,0,0,0,0,0.0,0
3478,2024-03-01 23:00,5625.0,0,0,0,0,0.0,0
3479,2024-03-02 00:00,4776.0,1,0,0,0,0.0,0
3480,2024-03-02 01:00,4923.0,1,0,0,0,0.0,0
3481,2024-03-02 02:00,4334.0,1,0,0,1,0.16666666666666666,0
3482,2024-03-02 03:00,2923.0,1,0,1,0,0.375,0
3483,2024-03-02 04:00,3409.0,1,0,1,0,0.375,0
3484,2024-03-02 05:00,3815.0,1,0,1,0,0.375,0
3485,2024-03-02 06:00,3762.0,1,0,1,0,0.375,0
3486,2024-03-02 07:00,3852.0,1,0,1,0,0.375,0
3487,2024-03-02 08:00,4052.0,1,0,0,0,0.0,0
3488,2024-03-02 09:00,4494.0,1,0,0,0,0.0,0
3489,2024-03-02 10:00,4008.0,1,0,0,0,0.0,0
3490,2024-03-02 11:00,5522.0,1,0,0,0,0.0,0
3491,2024-03-02 12:00,3914.0,1,0,1,0,0.375,0
3492,2024-03-02 13:00,3894.0,1,0,1,0,0.375,0
3493,2024-03-02 14:00,4057.0,1,0,0,0,0.0,0
3494,2024-03-02 15:00,3747.0,1,0,1,0,0.375,0
3495,2024-03-02 16:00,3691.0,1,0,1,0,0.375,0
3496,2024-03-02 17:00,3748.0,1,0,1,0,0.375,0
3497,2024-03-02 18:00,3820.0,1,0,0,0,0.0,0
3498,2024-03-02 19:00,3888.0,1,0,0,0,0.0,0
3499,2024-03-02 20:00,5667.0,1,0,0,0,0.0,0
3500,2024-03-02 21:00,4850.0,1,0,0,0,0.0,0
3501,2024-03-02 22:00,5065.0,1,0,0,0,0.0,0
3502,2024-03-02 23:00,4270.0,1,0,0,0,0.0,0
3503,2024-03-03 00:00,4386.0,1,0,0,0,0.0,0
3504,2024-03-03 01:00,4987.0,1,0,0,0,0.0,0
3505,2024-03-03 02:00,4790.0,1,0,0,0,0.0,0
3506,2024-03-03 03:00,4897.0,1,0,0,0,0.0,0
3507,2024-03-03 04:00,5667.0,1,0,0,0,0.0,0
3508,2024-03-03 05:00,4021.0,1,0,0,0,0.0,0
3509,2024-03-03 06:00,4216.0,1,0,0,0,0.0,0
3510,2024-03-03 07:00,5446.0,1,0,0,0,0.0,0
3511,2024-03-03 08:00,5474.0,1,0,0,0,0.0,0
3512,2024-03-03 09:00,5017.0,1,0,0,0,0.0,0
3513,2024-03-03 10:00,5184.0,1,0,0,0,0.0,0
3514,2024-03-03 11:00,4534.0,1,0,0,0,0.0,0
3515,2024-03-03 12:00,4282.0,1,0,0,0,0.0,0
3516,2024-03-03 13:00,4502.0,1,0,0,0,0.0,0
3517,2024-03-03 14:00,4798.0,1,0,0,0,0.0,0
3518,2024-03-03 15:00,4640.0,1,0,0,0,0.0,0
3519,2024-03-03 16:00,4763.0,1,0,0,0,0.0,0
3520,2024-03-03 17:00,4537.0,1,0,0,0,0.0,0
3521,2024-03-03 18:00,4959.0,1,0,0,0,0.0,0
3522,2024-03-03 19:00,5307.0,1,0,0,0,0.0,0
3523,2024-03-03 20:00,6290.0,1,0,1,0,0.375,0
3524,2024-03-03 21:00,6303.0,1,0,1,0,0.375,0
3525,2024-03-03 22:00,6498.0,1,0,1,0,0.375,0
3526,2024-03-03 23:00,5890.0,1,0,0,0,0.0,0
3527,2024-03-04 00:00,4824.0,0,0,0,0,0.0,0
3528,2024-03-04 01:00,3693.0,0,0,0,0,0.0,0
3529,2024-03-04 02:00,3537.0,0,0,1,0,0.375,0
3530,2024-03-04 03:00,4049.0,0,0,0,0,0.0,0
3531,2024-03-04 04:00,7987.0,0,0,1,0,0.375,0
3532,2024-03-04 05:00,12681.0,0,0,1,1,0.5416666666666666,0
3533,2024-03-04 06:00,8832.0,0,0,1,0,0.375,0
3534,2024-03-04 07:00,8530.0,0,0,1,0,0.375,0
3535,2024-03-04 08:00,8667.0,0,0,1,0,0.375,0
3536,2024-03-04 09:00,11297.0,0,0,0,0,0.0,0
3537,2024-03-04 10:00,13156.0,0,0,1,0,0.375,0
3538,2024-03-04 11:00,12184.0,0,0,1,0,0.375,0
3539,2024-03-04 12:00,11918.0,0,0,1,0,0.375,0
3540,2024-03-04 13:00,6578.0,0,0,1,0,0.375,0
3541,2024-03-04 14:00,5448.0,0,0,0,0,0.0,0
3542,2024-03-04 15:00,5251.0,0,0,0,0,0.0,0
3543,2024-03-04 16:00,6106.0,0,0,0,0,0.0,0
3544,2024-03-04 17:00,5494.0,0,0,0,0,0.0,0
3545,2024-03-04 18:00,5959.0,0,0,0,0,0.0,0
3546,2024-03-04 19:00,5984.0,0,0,0,0,0.0,0
3547,2024-03-04 20:00,5808.0,0,0,0,0,0.0,0
3548,2024-03-04 21:00,5877.0,0,0,0,0,0.0,0
3549,2024-03-04 22:00,5618.0,0,0,0,0,0.0,0
3550,2024-03-04 23:00,5450.0,0,0,0,0,0.0,0
3551,2024-03-05 00:00,5089.0,0,0,0,0,0.0,0
3552,2024-03-05 01:00,4796.0,0,0,0,0,0.0,0
3553,2024-03-05 02:00,4490.0,0,0,0,0,0.0,0
3554,2024-03-05 03:00,5199.0,0,0,0,0,0.0,0
3555,2024-03-05 04:00,9701.0,0,0,0,0,0.0,0
3556,2024-03-05 05:00,12799.0,0,0,1,0,0.375,0
3557,2024-03-05 06:00,11801.0,0,0,0,0,0.0,0
3558,2024-03-05 07:00,10882.0,0,0,0,0,0.0,0
3559,2024-03-05 08:00,12768.0,0,0,1,0,0.375,0
3560,2024-03-05 09:00,10172.0,0,0,0,0,0.0,0
3561,2024-03-05 10:00,7813.0,0,0,1,0,0.375,0
3562,2024-03-05 11:00,7554.0,0,0,1,0,0.375,0
3563,2024-03-05 12:00,7676.0,0,0,1,0,0.375,0
3564,2024-03-05 13:00,5504.0,0,0,0,0,0.0,0
3565,2024-03-05 14:00,4023.0,0,0,0,0,0.0,0
3566,2024-03-05 15:00,4275.0,0,0,0,0,0.0,0
3567,2024-03-05 16:00,3674.0,0,0,0,0,0.0,0
3568,2024-03-05 17:00,4079.0,0,0,0,0,0.0,0
3569,2024-03-05 18:00,4363.0,0,0,0,0,0.0,0
3570,2024-03-05 19:00,4751.0,0,0,0,0,0.0,0
3571,2024-03-05 20:00,4399.0,0,0,0,0,0.0,0
3572,2024-03-05 21:00,5434.0,0,0,0,0,0.0,0
3573,2024-03-05 22:00,4290.0,0,0,0,0,0.0,0
3574,2024-03-05 23:00,4484.0,0,0,0,0,0.0,0
3575,2024-03-06 00:00,4856.0,0,0,0,0,0.0,0
3576,2024-03-06 01:00,4980.0,0,0,0,0,0.0,0
3577,2024-03-06 02:00,3381.0,0,0,1,1,0.5416666666666666,0
3578,2024-03-06 03:00,3449.0,0,0,0,0,0.0,0
3579,2024-03-06 04:00,6481.0,0,0,1,0,0.375,0
3580,2024-03-06 05:00,9617.0,0,0,0,0,0.0,0
3581,2024-03-06 06:00,7975.0,0,0,1,0,0.375,0
3582,2024-03-06 07:00,7438.0,0,0,1,0,0.375,0
3583,2024-03-06 08:00,7649.0,0,0,1,0,0.375,0
3584,2024-03-06 09:00,7297.0,0,0,1,0,0.375,0
3585,2024-03-06 10:00,9051.0,0,0,0,0,0.0,0
3586,2024-03-06 11:00,10704.0,0,0,0,0,0.0,0
3587,2024-03-06 12:00,10536.0,0,0,0,0,0.0,0
3588,2024-03-06 13:00,7311.0,0,0,1,0,0.375,0
3589,2024-03-06 14:00,7107.0,0,0,1,0,0.375,0
3590,2024-03-06 15:00,6739.0,0,0,1,0,0.375,0
3591,2024-03-06 16:00,6363.0,0,0,0,0,0.0,0
3592,2024-03-06 17:00,6492.0,0,0,0,0,0.0,0
3593,2024-03-06 18:00,6354.0,0,0,0,0,0.0,0
3594,2024-03-06 19:00,6897.0,0,0,1,0,0.375,0
3595,2024-03-06 20:00,7181.0,0,0,1,0,0.375,0
3596,2024-03-06 21:00,5911.0,0,0,0,0,0.0,0
3597,2024-03-06 22:00,5521.0,0,0,0,0,0.0,0
3598,2024-03-06 23:00,5558.0,0,0,0,0,0.0,0
3599,2024-03-07 00:00,5413.0,0,0,0,0,0.0,0
3600,2024-03-07 01:00,5364.0,0,0,0,0,0.0,0
3601,2024-03-07 02:00,5387.0,0,0,0,0,0.0,0
3602,2024-03-07 03:00,6345.0,0,0,0,0,0.0,0
3603,2024-03-07 04:00,10705.0,0,0,0,0,0.0,0
3604,2024-03-07 05:00,13988.0,0,0,1,0,0.375,0
3605,2024-03-07 06:00,12340.0,0,0,1,0,0.375,0
3606,2024-03-07 07:00,9249.0,0,0,0,0,0.0,0
3607,2024-03-07 08:00,8267.0,0,0,1,0,0.375,0
3608,2024-03-07 09:00,8349.0,0,0,1,0,0.375,0
3609,2024-03-07 10:00,8541.0,0,0,0,0,0.0,0
3610,2024-03-07 11:00,8118.0,0,0,1,0,0.375,0
3611,2024-03-07 12:00,8229.0,0,0,1,0,0.375,0
3612,2024-03-07 13:00,5594.0,0,0,0,0,0.0,0
3613,2024-03-07 14:00,4277.0,0,0,0,0,0.0,0
3614,2024-03-07 15:00,5253.0,0,0,0,0,0.0,0
3615,2024-03-07 16:00,7034.0,0,0,1,0,0.375,0
3616,2024-03-07 17:00,7729.0,0,0,1,0,0.375,0
3617,2024-03-07 18:00,7522.0,0,0,1,0,0.375,0
3618,2024-03-07 19:00,7580.0,0,0,1,0,0.375,0
3619,2024-03-07 20:00,7677.0,0,0,1,0,0.375,0
3620,2024-03-07 21:00,6798.0,0,0,0,0,0.0,0
3621,2024-03-07 22:00,7090.0,0,0,0,0,0.0,0
3622,2024-03-07 23:00,6819.0,0,0,0,0,0.0,0
3623,2024-03-08 00:00,6634.0,0,0,0,0,0.0,0
3624,2024-03-08 01:00,5884.0,0,0,0,0,0.0,0
3625,2024-03-08 02:00,5318.0,0,0,0,0,0.0,0
3626,2024-03-08 03:00,6893.0,0,0,0,0,0.0,0
3627,2024-03-08 04:00,11343.0,0,0,0,0,0.0,0
3628,2024-03-08 05:00,14747.0,0,0,1,0,0.375,0
3629,2024-03-08 06:00,8509.0,0,0,0,0,0.0,0
3630,2024-03-08 07:00,8057.0,0,0,0,0,0.0,0
3631,2024-03-08 08:00,9780.0,0,0,0,0,0.0,0
3632,2024-03-08 09:00,8976.0,0,0,0,0,0.0,0
3633,2024-03-08 10:00,8727.0,0,0,0,0,0.0,0
3634,2024-03-08 11:00,7753.0,0,0,1,0,0.375,0
3635,2024-03-08 12:00,7005.0,0,0,0,0,0.0,0
3636,2024-03-08 13:00,5164.0,0,0,0,0,0.0,0
3637,2024-03-08 14:00,4091.0,0,0,0,0,0.0,0
3638,2024-03-08 15:00,4028.0,0,0,0,0,0.0,0
3639,2024-03-08 16:00,4475.0,0,0,0,0,0.0,0
3640,2024-03-08 17:00,3974.0,0,0,0,0,0.0,0
3641,2024-03-08 18:00,3839.0,0,0,1,0,0.375,0
3642,2024-03-08 19:00,7261.0,0,0,0,0,0.0,0
3643,2024-03-08 20:00,6262.0,0,0,0,0,0.0,0
3644,2024-03-08 21:00,6248.0,0,0,0,0,0.0,0
3645,2024-03-08 22:00,5588.0,0,0,0,0,0.0,0
3646,2024-03-08 23:00,5363.0,0,0,0,0,0.0,0
3647,2024-03-09 00:00,4863.0,1,0,0,0,0.0,0
3648,2024-03-09 01:00,3786.0,1,0,1,0,0.375,0
3649,2024-03-09 02:00,3306.0,1,0,1,0,0.375,0
3650,2024-03-09 03:00,3656.0,1,0,1,0,0.375,0
3651,2024-03-09 04:00,4206.0,1,0,0,0,0.0,0
3652,2024-03-09 05:00,4952.0,1,0,0,0,0.0,0
3653,2024-03-09 06:00,5188.0,1,0,0,0,0.0,0
3654,2024-03-09 07:00,5116.0,1,0,0,0,0.0,0
3655,2024-03-09 08:00,5207.0,1,0,0,0,0.0,0
3656,2024-03-09 09:00,6191.0,1,0,0,0,0.0,0
3657,2024-03-09 10:00,7049.0,1,0,0,0,0.0,0
3658,2024-03-09 11:00,7017.0,1,0,0,0,0.0,0
3659,2024-03-09 12:00,7318.0,1,0,1,0,0.375,0
3660,2024-03-09 13:00,6686.0,1,0,0,0,0.0,0
3661,2024-03-09 14:00,8125.0,1,0,0,0,0.0,0
3662,2024-03-09 15:00,6886.0,1,0,0,0,0.0,0
3663,2024-03-09 16:00,7525.0,1,0,1,0,0.375,0
3664,2024-03-09 17:00,7091.0,1,0,0,0,0.0,0
3665,2024-03-09 18:00,6648.0,1,0,0,0,0.0,0
3666,2024-03-09 19:00,6643.0,1,0,0,0,0.0,0
3667,2024-03-09 20:00,6916.0,1,0,0,0,0.0,0
3668,2024-03-09 21:00,6518.0,1,0,0,0,0.0,0
3669,2024-03-09 22:00,6514.0,1,0,0,0,0.0,0
3670,2024-03-09 23:00,5900.0,1,0,0,0,0.0,0
3671,2024-03-10 00:00,5237.0,1,0,0,0,0.0,0
3672,2024-03-10 01:00,4564.0,1,0,0,0,0.0,0
3673,2024-03-10 02:00,3581.0,1,0,1,0,0.375,0
3674,2024-03-10 03:00,3084.0,1,0,1,0,0.375,0
3675,2024-03-10 04:00,3827.0,1,0,1,0,0.375,0
3676,2024-03-10 05:00,4673.0,1,0,0,1,0.16666666666666666,0
3677,2024-03-10 06:00,4145.0,1,0,0,0,0.0,0
3678,2024-03-10 07:00,4580.0,1,0,0,0,0.0,0
3679,2024-03-10 08:00,4108.0,1,0,0,0,0.0,0
3680,2024-03-10 09:00,4836.0,1,0,0,0,0.0,0
3681,2024-03-10 10:00,5080.0,1,0,0,0,0.0,0
3682,2024-03-10 11:00,6245.0,1,0,0,0,0.0,0
3683,2024-03-10 12:00,6784.0,1,0,0,0,0.0,0
3684,2024-03-10 13:00,6444.0,1,0,0,0,0.0,0
3685,2024-03-10 14:00,5297.0,1,0,0,0,0.0,0
3686,2024-03-10 15:00,5210.0,1,0,0,0,0.0,0
3687,2024-03-10 16:00,5697.0,1,0,0,0,0.0,0
3688,2024-03-10 17:00,6397.0,1,0,0,0,0.0,0
3689,2024-03-10 18:00,5363.0,1,0,0,0,0.0,0
3690,2024-03-10 19:00,5389.0,1,0,0,0,0.0,0
3691,2024-03-10 20:00,6216.0,1,0,0,0,0.0,0
3692,2024-03-10 21:00,6147.0,1,0,0,0,0.0,0
3693,2024-03-10 22:00,5468.0,1,0,0,0,0.0,0
3694,2024-03-10 23:00,4712.0,1,0,0,0,0.0,0
3695,2024-03-11 00:00,3155.0,0,0,1,0,0.375,0
3696,2024-03-11 01:00,3143.0,0,0,1,0,0.375,0
3697,2024-03-11 02:00,3275.0,0,0,1,0,0.375,0
3698,2024-03-11 03:00,3786.0,0,0,1,0,0.375,0
3699,2024-03-11 04:00,7932.0,0,0,0,0,0.0,0
3700,2024-03-11 05:00,11431.0,0,0,1,0,0.375,0
3701,2024-03-11 06:00,9293.0,0,0,0,0,0.0,0
3702,2024-03-11 07:00,8569.0,0,0,0,0,0.0,0
3703,2024-03-11 08:00,11098.0,0,0,0,1,0.16666666666666666,0
3704,2024-03-11 09:00,11927.0,0,0,1,0,0.375,0
3705,2024-03-11 10:00,11013.0,0,0,0,0,0.0,0
3706,2024-03-11 11:00,11390.0,0,0,1,0,0.375,0
3707,2024-03-11 12:00,11024.0,0,0,0,0,0.0,0
3708,2024-03-11 13:00,7643.0,0,0,1,0,0.375,0
3709,2024-03-11 14:00,6090.0,0,0,0,0,0.0,0
3710,2024-03-11 15:00,5690.0,0,0,0,0,0.0,0
3711,2024-03-11 16:00,6354.0,0,0,0,0,0.0,0
3712,2024-03-11 17:00,6263.0,0,0,0,0,0.0,0
3713,2024-03-11 18:00,6131.0,0,0,0,0,0.0,0
3714,2024-03-11 19:00,5710.0,0,0,0,0,0.0,0
3715,2024-03-11 20:00,5681.0,0,0,0,0,0.0,0
3716,2024-03-11 21:00,6362.0,0,0,0,0,0.0,0
3717,2024-03-11 22:00,6409.0,0,0,0,0,0.0,0
3718,2024-03-11 23:00,6354.0,0,0,0,0,0.0,0
3719,2024-03-12 00:00,4685.0,0,0,0,0,0.0,0
3720,2024-03-12 01:00,2936.0,0,0,1,0,0.375,0
3721,2024-03-12 02:00,3009.0,0,0,1,0,0.375,0
3722,2024-03-12 03:00,3782.0,0,0,0,0,0.0,0
3723,2024-03-12 04:00,7395.0,0,0,1,0,0.375,0
3724,2024-03-12 05:00,9785.0,0,0,0,0,0.0,0
3725,2024-03-12 06:00,8085.0,0,0,0,0,0.0,0
3726,2024-03-12 07:00,7388.0,0,0,1,0,0.375,0
3727,2024-03-12 08:00,7682.0,0,0,1,0,0.375,0
3728,2024-03-12 09:00,10832.0,0,0,0,0,0.0,0
3729,2024-03-12 10:00,10891.0,0,0,0,1,0.16666666666666666,0
3730,2024-03-12 11:00,10386.0,0,0,0,0,0.0,0
3731,2024-03-12 12:00,10407.0,0,0,0,0,0.0,0
3732,2024-03-12 13:00,7879.0,0,0,1,0,0.375,0
3733,2024-03-12 14:00,5913.0,0,0,0,0,0.0,0
3734,2024-03-12 15:00,5159.0,0,0,0,0,0.0,0
3735,2024-03-12 16:00,5416.0,0,0,0,0,0.0,0
3736,2024-03-12 17:00,4948.0,0,0,0,0,0.0,0
3737,2024-03-12 18:00,5482.0,0,0,0,0,0.0,0
3738,2024-03-12 19:00,6792.0,0,0,0,0,0.0,0
3739,2024-03-12 20:00,6586.0,0,0,0,0,0.0,0
3740,2024-03-12 21:00,6039.0,0,0,0,0,0.0,0
3741,2024-03-12 22:00,7422.0,0,0,1,0,0.375,0
3742,2024-03-12 23:00,6024.0,0,0,0,0,0.0,0
3743,2024-03-13 00:00,6175.0,0,0,0,0,0.0,0
3744,2024-03-13 01:00,5971.0,0,0,0,0,0.0,0
3745,2024-03-13 02:00,5334.0,0,0,0,0,0.0,0
3746,2024-03-13 03:00,6024.0,0,0,0,0,0.0,0
3747,2024-03-13 04:00,11435.0,0,0,1,0,0.375,0
3748,2024-03-13 05:00,14430.0,0,0,1,0,0.375,0
3749,2024-03-13 06:00,10651.0,0,0,0,1,0.16666666666666666,0
3750,2024-03-13 07:00,10642.0,0,0,0,0,0.0,0
3751,2024-03-13 08:00,12457.0,0,0,1,0,0.375,0
3752,2024-03-13 09:00,12776.0,0,0,1,0,0.375,0
3753,2024-03-13 10:00,12216.0,0,0,1,0,0.375,0
3754,2024-03-13 11:00,11892.0,0,0,1,0,0.375,0
3755,2024-03-13 12:00,11379.0,0,0,0,0,0.0,0
3756,2024-03-13 13:00,8921.0,0,0,0,0,0.0,0
3757,2024-03-13 14:00,4862.0,0,0,0,0,0.0,0
3758,2024-03-13 15:00,4392.0,0,0,0,0,0.0,0
3759,2024-03-13 16:00,6824.0,0,0,0,0,0.0,0
3760,2024-03-13 17:00,6175.0,0,0,0,0,0.0,0
3761,2024-03-13 18:00,6676.0,0,0,0,0,0.0,0
3762,2024-03-13 19:00,6844.0,0,0,0,0,0.0,0
3763,2024-03-13 20:00,3772.0,0,0,0,0,0.0,0
3764,2024-03-13 21:00,3397.0,0,0,1,0,0.375,0
3765,2024-03-13 22:00,4925.0,0,0,0,0,0.0,0
3766,2024-03-13 23:00,5026.0,0,0,0,0,0.0,0
3767,2024-03-14 00:00,6066.0,0,0,0,0,0.0,0
3768,2024-03-14 01:00,6032.0,0,0,0,0,0.0,0
3769,2024-03-14 02:00,6617.0,0,0,0,0,0.0,0
3770,2024-03-14 03:00,7834.0,0,0,1,0,0.375,0
3771,2024-03-14 04:00,13138.0,0,0,1,0,0.375,0
3772,2024-03-14 05:00,17080.0,0,0,1,0,0.375,0
3773,2024-03-14 06:00,14843.0,0,0,1,0,0.375,0
3774,2024-03-14 07:00,15283.0,0,0,1,0,0.375,0
3775,2024-03-14 08:00,13303.0,0,0,1,0,0.375,0
3776,2024-03-14 09:00,13662.0,0,0,1,0,0.375,0
3777,2024-03-14 10:00,14122.0,0,0,1,0,0.375,0
3778,2024-03-14 11:00,12423.0,0,0,1,0,0.375,0
3779,2024-03-14 12:00,12361.0,0,0,1,1,0.5416666666666666,0
3780,2024-03-14 13:00,7713.0,0,0,1,0,0.375,0
3781,2024-03-14 14:00,5062.0,0,0,0,0,0.0,0
3782,2024-03-14 15:00,4859.0,0,0,0,0,0.0,0
3783,2024-03-14 16:00,4731.0,0,0,0,0,0.0,0
3784,2024-03-14 17:00,4548.0,0,0,0,0,0.0,0
3785,2024-03-14 18:00,4561.0,0,0,0,0,0.0,0
3786,2024-03-14 19:00,4891.0,0,0,0,0,0.0,0
3787,2024-03-14 20:00,5109.0,0,0,0,0,0.0,0
3788,2024-03-14 21:00,4185.0,0,0,0,0,0.0,0
3789,2024-03-14 22:00,6246.0,0,0,0,0,0.0,0
3790,2024-03-14 23:00,6037.0,0,0,0,0,0.0,0
3791,2024-03-15 00:00,6321.0,0,0,0,0,0.0,0
3792,2024-03-15 01:00,5662.0,0,0,0,0,0.0,0
3793,2024-03-15 02:00,4676.0,0,0,0,0,0.0,0
3794,2024-03-15 03:00,4138.0,0,0,0,0,0.0,0
3795,2024-03-15 04:00,6380.0,0,0,0,1,0.16666666666666666,0
3796,2024-03-15 05:00,10642.0,0,0,0,0,0.0,0
3797,2024-03-15 06:00,8538.0,0,0,0,0,0.0,0
3798,2024-03-15 07:00,8760.0,0,0,0,0,0.0,0
3799,2024-03-15 08:00,11255.0,0,0,0,0,0.0,0
3800,2024-03-15 09:00,12846.0,0,0,1,0,0.375,0
3801,2024-03-15 10:00,14906.0,0,0,1,0,0.375,0
3802,2024-03-15 11:00,21316.0,0,0,1,0,0.375,0
3803,2024-03-15 12:00,20017.0,0,1,1,1,0.9999999999999999,1
3804,2024-03-15 13:00,15970.0,0,0,1,0,0.375,0
3805,2024-03-15 14:00,16331.0,0,0,1,0,0.375,0
3806,2024-03-15 15:00,17063.0,0,0,1,0,0.375,0
3807,2024-03-15 16:00,18426.0,0,0,1,0,0.375,0
3808,2024-03-15 17:00,18161.0,0,0,1,0,0.375,0
3809,2024-03-15 18:00,16913.0,0,0,1,0,0.375,0
3810,2024-03-15 19:00,18996.0,0,0,1,0,0.375,0
3811,2024-03-15 20:00,20153.0,0,0,1,0,0.375,0
3812,2024-03-15 21:00,19235.0,0,0,1,0,0.375,0
3813,2024-03-15 22:00,19702.0,0,0,1,0,0.375,0
3814,2024-03-15 23:00,19486.0,0,0,1,0,0.375,0
3815,2024-03-16 00:00,19311.0,1,0,1,0,0.375,0
3816,2024-03-16 01:00,18153.0,1,0,1,0,0.375,0
3817,2024-03-16 02:00,17555.0,1,0,1,0,0.375,0
3818,2024-03-16 03:00,15549.0,1,0,0,0,0.0,0
3819,2024-03-16 04:00,10216.0,1,0,0,0,0.0,0
3820,2024-03-16 05:00,10444.0,1,0,0,0,0.0,0
3821,2024-03-16 06:00,10537.0,1,0,0,0,0.0,0
3822,2024-03-16 07:00,10813.0,1,0,0,0,0.0,0
3823,2024-03-16 08:00,9988.0,1,0,0,0,0.0,0
3824,2024-03-16 09:00,10138.0,1,0,0,0,0.0,0
3825,2024-03-16 10:00,10889.0,1,0,0,0,0.0,0
3826,2024-03-16 11:00,12063.0,1,0,0,0,0.0,0
3827,2024-03-16 12:00,19806.0,1,0,1,0,0.375,0
3828,2024-03-16 13:00,18373.0,1,0,1,0,0.375,0
3829,2024-03-16 14:00,17886.0,1,0,1,0,0.375,0
3830,2024-03-16 15:00,18962.0,1,0,1,0,0.375,0
3831,2024-03-16 16:00,19264.0,1,0,1,0,0.375,0
3832,2024-03-16 17:00,17773.0,1,0,1,0,0.375,0
3833,2024-03-16 18:00,15525.0,1,0,0,0,0.0,0
3834,2024-03-16 19:00,16229.0,1,0,0,0,0.0,0
3835,2024-03-16 20:00,19948.0,1,0,1,0,0.375,0
3836,2024-03-16 21:00,19277.0,1,0,1,0,0.375,0
3837,2024-03-16 22:00,17694.0,1,0,1,0,0.375,0
3838,2024-03-16 23:00,17762.0,1,0,1,0,0.375,0
3839,2024-03-17 00:00,18238.0,1,0,1,0,0.375,0
3840,2024-03-17 01:00,17910.0,1,0,1,0,0.375,0
3841,2024-03-17 02:00,16641.0,1,0,0,0,0.0,0
3842,2024-03-17 03:00,16894.0,1,0,0,0,0.0,0
3843,2024-03-17 04:00,10832.0,1,0,0,0,0.0,0
3844,2024-03-17 05:00,11031.0,1,0,0,0,0.0,0
3845,2024-03-17 06:00,10727.0,1,0,0,0,0.0,0
3846,2024-03-17 07:00,10566.0,1,0,0,0,0.0,0
3847,2024-03-17 08:00,11000.0,1,0,0,0,0.0,0
3848,2024-03-17 09:00,11306.0,1,0,0,0,0.0,0
3849,2024-03-17 10:00,10554.0,1,0,0,0,0.0,0
3850,2024-03-17 11:00,9958.0,1,0,0,0,0.0,0
3851,2024-03-17 12:00,19133.0,1,0,1,0,0.375,0
3852,2024-03-17 13:00,18514.0,1,0,1,0,0.375,0
3853,2024-03-17 14:00,18433.0,1,0,1,0,0.375,0
3854,2024-03-17 15:00,18313.0,1,0,1,0,0.375,0
3855,2024-03-17 16:00,19641.0,1,0,1,0,0.375,0
3856,2024-03-17 17:00,17858.0,1,0,0,0,0.0,0
3857,2024-03-17 18:00,16197.0,1,0,0,0,0.0,0
3858,2024-03-17 19:00,17502.0,1,0,0,0,0.0,0
3859,2024-03-17 20:00,18857.0,1,0,1,0,0.375,0
3860,2024-03-17 21:00,19216.0,1,0,1,0,0.375,0
3861,2024-03-17 22:00,19749.0,1,0,1,0,0.375,0
3862,2024-03-17 23:00,21215.0,1,0,1,0,0.375,0
3863,2024-03-18 00:00,20655.0,0,0,1,0,0.375,0
3864,2024-03-18 01:00,22091.0,0,0,1,0,0.375,0
3865,2024-03-18 02:00,21949.0,0,0,1,0,0.375,0
3866,2024-03-18 03:00,23732.0,0,0,1,0,0.375,0
3867,2024-03-18 04:00,15532.0,0,0,0,0,0.0,0
3868,2024-03-18 05:00,19610.0,0,0,0,0,0.0,0
3869,2024-03-18 06:00,16743.0,0,0,0,0,0.0,0
3870,2024-03-18 07:00,15525.0,0,0,0,0,0.0,0
3871,2024-03-18 08:00,16084.0,0,0,0,0,0.0,0
3872,2024-03-18 09:00,14095.0,0,0,0,0,0.0,0
3873,2024-03-18 10:00,13851.0,0,0,0,0,0.0,0
3874,2024-03-18 11:00,14624.0,0,0,0,0,0.0,0
3875,2024-03-18 12:00,18961.0,0,0,0,0,0.0,0
3876,2024-03-18 13:00,18346.0,0,0,0,0,0.0,0
3877,2024-03-18 14:00,16028.0,0,0,0,0,0.0,0
3878,2024-03-18 15:00,17865.0,0,0,0,0,0.0,0
3879,2024-03-18 16:00,18589.0,0,0,0,0,0.0,0
3880,2024-03-18 17:00,17356.0,0,0,0,0,0.0,0
3881,2024-03-18 18:00,17703.0,0,0,0,0,0.0,0
3882,2024-03-18 19:00,19560.0,0,0,0,0,0.0,0
3883,2024-03-18 20:00,19309.0,0,0,0,0,0.0,0
3884,2024-03-18 21:00,19885.0,0,0,0,0,0.0,0
3885,2024-03-18 22:00,18696.0,0,0,0,0,0.0,0
3886,2024-03-18 23:00,16562.0,0,0,0,0,0.0,0
3887,2024-03-19 00:00,16685.0,0,0,0,0,0.0,0
3888,2024-03-19 01:00,17649.0,0,0,0,0,0.0,0
3889,2024-03-19 02:00,15862.0,0,0,0,0,0.0,0
3890,2024-03-19 03:00,17068.0,0,0,0,0,0.0,0
3891,2024-03-19 04:00,20600.0,0,0,0,0,0.0,0
3892,2024-03-19 05:00,25142.0,0,0,1,0,0.375,0
3893,2024-03-19 06:00,22484.0,0,0,1,0,0.375,0
3894,2024-03-19 07:00,21889.0,0,0,1,0,0.375,0
3895,2024-03-19 08:00,23121.0,0,0,1,0,0.375,0
3896,2024-03-19 09:00,22389.0,0,0,1,0,0.375,0
3897,2024-03-19 10:00,22641.0,0,0,1,0,0.375,0
3898,2024-03-19 11:00,22247.0,0,0,1,0,0.375,0
3899,2024-03-19 12:00,21414.0,0,0,0,0,0.0,0
3900,2024-03-19 13:00,17542.0,0,0,0,0,0.0,0
3901,2024-03-19 14:00,10721.0,0,0,1,0,0.375,0
3902,2024-03-19 15:00,15955.0,0,0,0,0,0.0,0
3903,2024-03-19 16:00,18404.0,0,0,0,0,0.0,0
3904,2024-03-19 17:00,18834.0,0,0,0,0,0.0,0
3905,2024-03-19 18:00,19621.0,0,0,0,0,0.0,0
3906,2024-03-19 19:00,18463.0,0,0,0,0,0.0,0
3907,2024-03-19 20:00,18838.0,0,0,0,0,0.0,0
3908,2024-03-19 21:00,20071.0,0,0,0,0,0.0,0
3909,2024-03-19 22:00,19839.0,0,0,0,0,0.0,0
3910,2024-03-19 23:00,11219.0,0,0,1,0,0.375,0
3911,2024-03-20 00:00,10360.0,0,0,1,0,0.375,0
3912,2024-03-20 01:00,10140.0,0,0,1,0,0.375,0
3913,2024-03-20 02:00,13316.0,0,0,0,0,0.0,0
3914,2024-03-20 03:00,14184.0,0,0,0,0,0.0,0
3915,2024-03-20 04:00,16694.0,0,0,0,0,0.0,0
3916,2024-03-20 05:00,20388.0,0,0,0,0,0.0,0
3917,2024-03-20 06:00,17494.0,0,0,0,0,0.0,0
3918,2024-03-20 07:00,18159.0,0,0,0,0,0.0,0
3919,2024-03-20 08:00,18575.0,0,0,0,0,0.0,0
3920,2024-03-20 09:00,20413.0,0,0,0,0,0.0,0
3921,2024-03-20 10:00,18558.0,0,0,0,0,0.0,0
3922,2024-03-20 11:00,19352.0,0,0,0,0,0.0,0
3923,2024-03-20 12:00,17741.0,0,0,0,0,0.0,0
3924,2024-03-20 13:00,14671.0,0,0,0,0,0.0,0
3925,2024-03-20 14:00,16720.0,0,0,0,0,0.0,0
3926,2024-03-20 15:00,15849.0,0,0,0,0,0.0,0
3927,2024-03-20 16:00,16112.0,0,0,0,0,0.0,0
3928,2024-03-20 17:00,15834.0,0,0,0,0,0.0,0
3929,2024-03-20 18:00,17033.0,0,0,0,0,0.0,0
3930,2024-03-20 19:00,20812.0,0,0,0,0,0.0,0
3931,2024-03-20 20:00,20769.0,0,0,0,0,0.0,0
3932,2024-03-20 21:00,20853.0,0,0,0,0,0.0,0
3933,2024-03-20 22:00,20134.0,0,0,0,0,0.0,0
3934,2024-03-20 23:00,20996.0,0,0,0,0,0.0,0
3935,2024-03-21 00:00,19741.0,0,0,0,0,0.0,0
3936,2024-03-21 01:00,20656.0,0,0,0,0,0.0,0
3937,2024-03-21 02:00,17064.0,0,0,0,0,0.0,0
3938,2024-03-21 03:00,12013.0,0,0,1,0,0.375,0
3939,2024-03-21 04:00,16319.0,0,0,0,0,0.0,0
3940,2024-03-21 05:00,18768.0,0,0,0,0,0.0,0
3941,2024-03-21 06:00,17074.0,0,0,0,0,0.0,0
3942,2024-03-21 07:00,16107.0,0,0,0,0,0.0,0
3943,2024-03-21 08:00,15221.0,0,0,0,0,0.0,0
3944,2024-03-21 09:00,15323.0,0,0,0,0,0.0,0
3945,2024-03-21 10:00,14546.0,0,0,0,0,0.0,0
3946,2024-03-21 11:00,19677.0,0,0,0,0,0.0,0
3947,2024-03-21 12:00,18884.0,0,0,0,0,0.0,0
3948,2024-03-21 13:00,16500.0,0,0,0,0,0.0,0
3949,2024-03-21 14:00,14273.0,0,0,1,0,0.375,0
3950,2024-03-21 15:00,14760.0,0,0,1,0,0.375,0
3951,2024-03-21 16:00,13386.0,0,0,1,0,0.375,0
3952,2024-03-21 17:00,17271.0,0,0,0,0,0.0,0
3953,2024-03-21 18:00,19193.0,0,0,0,0,0.0,0
3954,2024-03-21 19:00,18943.0,0,0,0,0,0.0,0
3955,2024-03-21 20:00,21195.0,0,1,0,0,0.4583333333333333,0
3956,2024-03-21 21:00,22178.0,0,0,1,0,0.375,0
3957,2024-03-21 22:00,22250.0,0,0,1,0,0.375,0
3958,2024-03-21 23:00,22773.0,0,0,1,0,0.375,0
3959,2024-03-22 00:00,21792.0,0,0,0,0,0.0,0
3960,2024-03-22 01:00,16614.0,0,0,0,0,0.0,0
3961,2024-03-22 02:00,15965.0,0,0,0,0,0.0,0
3962,2024-03-22 03:00,16227.0,0,0,0,0,0.0,0
3963,2024-03-22 04:00,19904.0,0,0,0,0,0.0,0
3964,2024-03-22 05:00,25542.0,0,0,1,0,0.375,0
3965,2024-03-22 06:00,23530.0,0,0,1,0,0.375,0
3966,2024-03-22 07:00,22871.0,0,0,1,0,0.375,0
3967,2024-03-22 08:00,22978.0,0,0,1,0,0.375,0
3968,2024-03-22 09:00,20260.0,0,0,0,0,0.0,0
3969,2024-03-22 10:00,23476.0,0,0,1,0,0.375,0
3970,2024-03-22 11:00,18901.0,0,0,0,0,0.0,0
3971,2024-03-22 12:00,17693.0,0,0,0,0,0.0,0
3972,2024-03-22 13:00,13762.0,0,0,1,0,0.375,0
3973,2024-03-22 14:00,11794.0,0,0,1,0,0.375,0
3974,2024-03-22 15:00,12225.0,0,0,1,0,0.375,0
3975,2024-03-22 16:00,12040.0,0,0,1,0,0.375,0
3976,2024-03-22 17:00,12529.0,0,0,1,0,0.375,0
3977,2024-03-22 18:00,16273.0,0,0,0,0,0.0,0
3978,2024-03-22 19:00,15104.0,0,0,0,0,0.0,0
3979,2024-03-22 20:00,13917.0,0,0,1,0,0.375,0
3980,2024-03-22 21:00,13879.0,0,0,1,0,0.375,0
3981,2024-03-22 22:00,13863.0,0,0,1,0,0.375,0
3982,2024-03-22 23:00,13757.0,0,0,1,0,0.375,0
3983,2024-03-23 00:00,12350.0,1,0,1,0,0.375,0
3984,2024-03-23 01:00,9675.0,1,0,1,0,0.375,0
3985,2024-03-23 02:00,7616.0,1,0,1,0,0.375,0
3986,2024-03-23 03:00,7598.0,1,0,1,0,0.375,0
3987,2024-03-23 04:00,7880.0,1,0,1,0,0.375,0
3988,2024-03-23 05:00,8707.0,1,0,1,1,0.5416666666666666,0
3989,2024-03-23 06:00,8962.0,1,0,1,0,0.375,0
3990,2024-03-23 07:00,8478.0,1,0,1,0,0.375,0
3991,2024-03-23 08:00,9026.0,1,0,1,0,0.375,0
3992,2024-03-23 09:00,8924.0,1,0,1,0,0.375,0
3993,2024-03-23 10:00,13178.0,1,0,0,0,0.0,0
3994,2024-03-23 11:00,13943.0,1,0,0,0,0.0,0
3995,2024-03-23 12:00,13440.0,1,0,0,0,0.0,0
3996,2024-03-23 13:00,12924.0,1,0,0,0,0.0,0
3997,2024-03-23 14:00,14228.0,1,0,0,0,0.0,0
3998,2024-03-23 15:00,11819.0,1,0,0,0,0.0,0
3999,2024-03-23 16:00,11725.0,1,0,0,0,0.0,0
4000,2024-03-23 17:00,11545.0,1,0,1,0,0.375,0
4001,2024-03-23 18:00,11554.0,1,0,1,0,0.375,0
4002,2024-03-23 19:00,11044.0,1,0,1,0,0.375,0
4003,2024-03-23 20:00,11602.0,1,0,0,0,0.0,0
4004,2024-03-23 21:00,11533.0,1,0,0,0,0.0,0
4005,2024-03-23 22:00,10804.0,1,0,1,0,0.375,0
4006,2024-03-23 23:00,10369.0,1,0,1,0,0.375,0
4007,2024-03-24 00:00,10222.0,1,0,1,0,0.375,0
4008,2024-03-24 01:00,10641.0,1,0,1,0,0.375,0
4009,2024-03-24 02:00,9906.0,1,0,1,0,0.375,0
4010,2024-03-24 03:00,10636.0,1,0,1,0,0.375,0
4011,2024-03-24 04:00,11289.0,1,0,0,0,0.0,0
4012,2024-03-24 05:00,12045.0,1,0,0,0,0.0,0
4013,2024-03-24 06:00,12063.0,1,0,0,0,0.0,0
4014,2024-03-24 07:00,11890.0,1,0,0,0,0.0,0
4015,2024-03-24 08:00,12559.0,1,0,0,0,0.0,0
4016,2024-03-24 09:00,11743.0,1,0,0,0,0.0,0
4017,2024-03-24 10:00,7947.0,1,0,1,0,0.375,0
4018,2024-03-24 11:00,9173.0,1,0,1,0,0.375,0
4019,2024-03-24 12:00,9272.0,1,0,1,0,0.375,0
4020,2024-03-24 13:00,8468.0,1,0,1,0,0.375,0
4021,2024-03-24 14:00,8434.0,1,0,1,0,0.375,0
4022,2024-03-24 15:00,7970.0,1,0,1,0,0.375,0
4023,2024-03-24 16:00,8192.0,1,0,1,0,0.375,0
4024,2024-03-24 17:00,7772.0,1,0,1,0,0.375,0
4025,2024-03-24 18:00,10215.0,1,0,0,0,0.0,0
4026,2024-03-24 19:00,10056.0,1,0,0,0,0.0,0
4027,2024-03-24 20:00,11319.0,1,0,0,0,0.0,0
4028,2024-03-24 21:00,11361.0,1,0,0,0,0.0,0
4029,2024-03-24 22:00,10738.0,1,0,0,0,0.0,0
4030,2024-03-24 23:00,10127.0,1,0,0,0,0.0,0
4031,2024-03-25 00:00,10843.0,0,0,0,0,0.0,0
4032,2024-03-25 01:00,11028.0,0,0,0,0,0.0,0
4033,2024-03-25 02:00,10898.0,0,0,0,0,0.0,0
4034,2024-03-25 03:00,12520.0,0,0,0,0,0.0,0
4035,2024-03-25 04:00,13571.0,0,0,0,0,0.0,0
4036,2024-03-25 05:00,15433.0,0,0,0,0,0.0,0
4037,2024-03-25 06:00,12956.0,0,0,0,0,0.0,0
4038,2024-03-25 07:00,11793.0,0,0,0,0,0.0,0
4039,2024-03-25 08:00,11391.0,0,0,0,0,0.0,0
4040,2024-03-25 09:00,11314.0,0,0,0,0,0.0,0
4041,2024-03-25 10:00,11499.0,0,0,0,0,0.0,0
4042,2024-03-25 11:00,11317.0,0,0,0,0,0.0,0
4043,2024-03-25 12:00,11304.0,0,0,0,0,0.0,0
4044,2024-03-25 13:00,9599.0,0,0,0,0,0.0,0
4045,2024-03-25 14:00,10890.0,0,0,0,0,0.0,0
4046,2024-03-25 15:00,10961.0,0,0,0,0,0.0,0
4047,2024-03-25 16:00,15718.0,0,0,0,0,0.0,0
4048,2024-03-25 17:00,15829.0,0,0,0,0,0.0,0
4049,2024-03-25 18:00,14700.0,0,0,0,0,0.0,0
4050,2024-03-25 19:00,14969.0,0,0,0,0,0.0,0
4051,2024-03-25 20:00,15491.0,0,0,0,0,0.0,0
4052,2024-03-25 21:00,14531.0,0,0,0,0,0.0,0
4053,2024-03-25 22:00,15493.0,0,0,0,0,0.0,0
4054,2024-03-25 23:00,16725.0,0,0,0,0,0.0,0
4055,2024-03-26 00:00,14051.0,0,0,0,0,0.0,0
4056,2024-03-26 01:00,13927.0,0,0,0,0,0.0,0
4057,2024-03-26 02:00,15116.0,0,0,0,0,0.0,0
4058,2024-03-26 03:00,15881.0,0,0,0,0,0.0,0
4059,2024-03-26 04:00,20296.0,0,0,1,0,0.375,0
4060,2024-03-26 05:00,22711.0,0,0,1,1,0.5416666666666666,0
4061,2024-03-26 06:00,21566.0,0,0,1,0,0.375,0
4062,2024-03-26 07:00,18449.0,0,0,1,0,0.375,0
4063,2024-03-26 08:00,20314.0,0,0,1,0,0.375,0
4064,2024-03-26 09:00,18354.0,0,0,1,0,0.375,0
4065,2024-03-26 10:00,17687.0,0,0,1,0,0.375,0
4066,2024-03-26 11:00,18200.0,0,0,1,0,0.375,0
4067,2024-03-26 12:00,18155.0,0,0,1,0,0.375,0
4068,2024-03-26 13:00,18270.0,0,0,1,0,0.375,0
4069,2024-03-26 14:00,15421.0,0,0,0,0,0.0,0
4070,2024-03-26 15:00,14359.0,0,0,0,0,0.0,0
4071,2024-03-26 16:00,15501.0,0,0,0,0,0.0,0
4072,2024-03-26 17:00,17124.0,0,0,1,0,0.375,0
4073,2024-03-26 18:00,17438.0,0,0,1,0,0.375,0
4074,2024-03-26 19:00,17850.0,0,0,1,0,0.375,0
4075,2024-03-26 20:00,18116.0,0,0,1,0,0.375,0
4076,2024-03-26 21:00,19052.0,0,0,1,0,0.375,0
4077,2024-03-26 22:00,18439.0,0,0,1,0,0.375,0
4078,2024-03-26 23:00,18384.0,0,0,1,0,0.375,0
4079,2024-03-27 00:00,19478.0,0,0,1,0,0.375,0
4080,2024-03-27 01:00,18869.0,0,0,1,0,0.375,0
4081,2024-03-27 02:00,18944.0,0,0,1,0,0.375,0
4082,2024-03-27 03:00,20216.0,0,0,1,0,0.375,0
4083,2024-03-27 04:00,23949.0,0,0,1,0,0.375,0
4084,2024-03-27 05:00,24934.0,0,0,1,0,0.375,0
4085,2024-03-27 06:00,20768.0,0,0,1,0,0.375,0
4086,2024-03-27 07:00,19734.0,0,0,1,0,0.375,0
4087,2024-03-27 08:00,19953.0,0,0,1,0,0.375,0
4088,2024-03-27 09:00,20262.0,0,0,1,0,0.375,0
4089,2024-03-27 10:00,20431.0,0,0,1,0,0.375,0
4090,2024-03-27 11:00,24662.0,0,0,1,0,0.375,0
4091,2024-03-27 12:00,23325.0,0,0,1,0,0.375,0
4092,2024-03-27 13:00,18647.0,0,0,0,0,0.0,0
4093,2024-03-27 14:00,17328.0,0,0,0,0,0.0,0
4094,2024-03-27 15:00,17471.0,0,0,0,0,0.0,0
4095,2024-03-27 16:00,16102.0,0,0,0,0,0.0,0
4096,2024-03-27 17:00,16143.0,0,0,0,0,0.0,0
4097,2024-03-27 18:00,17107.0,0,0,0,0,0.0,0
4098,2024-03-27 19:00,17184.0,0,0,0,0,0.0,0
4099,2024-03-27 20:00,17583.0,0,0,0,0,0.0,0
4100,2024-03-27 21:00,17852.0,0,0,0,0,0.0,0
4101,2024-03-27 22:00,17162.0,0,0,0,0,0.0,0
4102,2024-03-27 23:00,16754.0,0,0,0,0,0.0,0
4103,2024-03-28 00:00,16899.0,0,0,0,0,0.0,0
4104,2024-03-28 01:00,16564.0,0,0,0,0,0.0,0
4105,2024-03-28 02:00,16449.0,0,0,0,0,0.0,0
4106,2024-03-28 03:00,18093.0,0,0,0,0,0.0,0
4107,2024-03-28 04:00,23579.0,0,0,1,0,0.375,0
4108,2024-03-28 05:00,26631.0,0,1,1,0,0.8333333333333333,1
4109,2024-03-28 06:00,22817.0,0,0,1,0,0.375,0
4110,2024-03-28 07:00,22161.0,0,0,1,0,0.375,0
4111,2024-03-28 08:00,21768.0,0,0,1,0,0.375,0
4112,2024-03-28 09:00,20644.0,0,0,0,0,0.0,0
4113,2024-03-28 10:00,17532.0,0,0,0,0,0.0,0
4114,2024-03-28 11:00,16478.0,0,0,0,0,0.0,0
4115,2024-03-28 12:00,17238.0,0,0,0,0,0.0,0
4116,2024-03-28 13:00,18283.0,0,0,0,0,0.0,0
4117,2024-03-28 14:00,17405.0,0,0,0,0,0.0,0
4118,2024-03-28 15:00,15687.0,0,0,0,0,0.0,0
4119,2024-03-28 16:00,17864.0,0,0,0,0,0.0,0
4120,2024-03-28 17:00,18038.0,0,0,0,0,0.0,0
4121,2024-03-28 18:00,16556.0,0,0,0,0,0.0,0
4122,2024-03-28 19:00,17721.0,0,0,0,0,0.0,0
4123,2024-03-28 20:00,17012.0,0,0,0,0,0.0,0
4124,2024-03-28 21:00,17686.0,0,0,0,0,0.0,0
4125,2024-03-28 22:00,17049.0,0,0,0,0,0.0,0
4126,2024-03-28 23:00,16597.0,0,0,0,0,0.0,0
4127,2024-03-29 00:00,16199.0,1,0,0,0,0.0,0
4128,2024-03-29 01:00,16414.0,1,0,0,0,0.0,0
4129,2024-03-29 02:00,16336.0,1,0,0,0,0.0,0
4130,2024-03-29 03:00,17096.0,1,0,0,0,0.0,0
4131,2024-03-29 04:00,18235.0,1,0,0,0,0.0,0
4132,2024-03-29 05:00,19000.0,1,0,0,0,0.0,0
4133,2024-03-29 06:00,17531.0,1,0,0,0,0.0,0
4134,2024-03-29 07:00,17408.0,1,0,0,0,0.0,0
4135,2024-03-29 08:00,18529.0,1,0,0,0,0.0,0
4136,2024-03-29 09:00,16727.0,1,0,0,0,0.0,0
4137,2024-03-29 10:00,16203.0,1,0,0,0,0.0,0
4138,2024-03-29 11:00,17283.0,1,0,0,0,0.0,0
4139,2024-03-29 12:00,18277.0,1,0,0,0,0.0,0
4140,2024-03-29 13:00,17922.0,1,0,0,0,0.0,0
4141,2024-03-29 14:00,17897.0,1,0,0,0,0.0,0
4142,2024-03-29 15:00,17498.0,1,0,0,0,0.0,0
4143,2024-03-29 16:00,16929.0,1,0,0,0,0.0,0
4144,2024-03-29 17:00,17790.0,1,0,0,0,0.0,0
4145,2024-03-29 18:00,16493.0,1,0,0,0,0.0,0
4146,2024-03-29 19:00,16304.0,1,0,0,0,0.0,0
4147,2024-03-29 20:00,11891.0,1,0,1,0,0.375,0
4148,2024-03-29 21:00,9087.0,1,0,1,0,0.375,0
4149,2024-03-29 22:00,8838.0,1,0,1,0,0.375,0
4150,2024-03-29 23:00,8800.0,1,0,1,0,0.375,0
4151,2024-03-30 00:00,9260.0,1,0,1,1,0.5416666666666666,0
4152,2024-03-30 01:00,9191.0,1,0,1,0,0.375,0
4153,2024-03-30 02:00,9096.0,1,0,1,0,0.375,0
4154,2024-03-30 03:00,9427.0,1,0,1,0,0.375,0
4155,2024-03-30 04:00,9714.0,1,0,1,0,0.375,0
4156,2024-03-30 05:00,10268.0,1,0,1,0,0.375,0
4157,2024-03-30 06:00,9958.0,1,0,1,0,0.375,0
4158,2024-03-30 07:00,10259.0,1,0,1,0,0.375,0
4159,2024-03-30 08:00,10307.0,1,0,1,0,0.375,0
4160,2024-03-30 09:00,10581.0,1,0,1,0,0.375,0
4161,2024-03-30 10:00,10290.0,1,0,1,0,0.375,0
4162,2024-03-30 11:00,9851.0,1,0,1,0,0.375,0
4163,2024-03-30 12:00,10147.0,1,0,1,0,0.375,0
4164,2024-03-30 13:00,9502.0,1,0,1,0,0.375,0
4165,2024-03-30 14:00,9077.0,1,0,1,0,0.375,0
4166,2024-03-30 15:00,8806.0,1,0,1,0,0.375,0
4167,2024-03-30 16:00,9499.0,1,0,1,0,0.375,0
4168,2024-03-30 17:00,9475.0,1,0,1,0,0.375,0
4169,2024-03-30 18:00,9320.0,1,0,1,0,0.375,0
4170,2024-03-30 19:00,9228.0,1,0,1,0,0.375,0
4171,2024-03-30 20:00,9341.0,1,0,1,0,0.375,0
4172,2024-03-30 21:00,9727.0,1,0,1,0,0.375,0
4173,2024-03-30 22:00,9012.0,1,0,1,0,0.375,0
4174,2024-03-30 23:00,8078.0,1,0,1,0,0.375,0
4175,2024-03-31 00:00,7888.0,1,0,1,0,0.375,0
4176,2024-03-31 01:00,15015.0,1,0,0,0,0.0,0
4177,2024-03-31 02:00,8381.0,1,0,1,0,0.375,0
4178,2024-03-31 03:00,8656.0,1,0,1,0,0.375,0
4179,2024-03-31 04:00,8708.0,1,0,1,0,0.375,0
4180,2024-03-31 05:00,8770.0,1,0,1,0,0.375,0
4181,2024-03-31 06:00,9419.0,1,0,1,0,0.375,0
4182,2024-03-31 07:00,9887.0,1,0,1,0,0.375,0
4183,2024-03-31 08:00,10118.0,1,0,0,0,0.0,0
4184,2024-03-31 09:00,11874.0,1,0,0,0,0.0,0
4185,2024-03-31 10:00,12638.0,1,0,0,0,0.0,0
4186,2024-03-31 11:00,15460.0,1,0,0,0,0.0,0
4187,2024-03-31 12:00,14157.0,1,0,0,0,0.0,0
4188,2024-03-31 13:00,14917.0,1,0,0,0,0.0,0
4189,2024-03-31 14:00,14395.0,1,0,0,0,0.0,0
4190,2024-03-31 15:00,14311.0,1,0,0,0,0.0,0
4191,2024-03-31 16:00,14029.0,1,0,0,0,0.0,0
4192,2024-03-31 17:00,15530.0,1,0,0,0,0.0,0
4193,2024-03-31 18:00,16695.0,1,0,0,0,0.0,0
4194,2024-03-31 19:00,14694.0,1,0,0,0,0.0,0
4195,2024-03-31 20:00,14972.0,1,0,0,0,0.0,0
4196,2024-03-31 21:00,15034.0,1,0,0,0,0.0,0
4197,2024-03-31 22:00,13556.0,1,0,0,0,0.0,0
4198,2024-03-31 23:00,13386.0,1,0,0,0,0.0,0
4199,2024-04-01 00:00,12772.0,1,0,0,0,0.0,0
4200,2024-04-01 01:00,13150.0,1,0,0,0,0.0,0
4201,2024-04-01 02:00,16259.0,1,0,0,1,0.16666666666666666,0
4202,2024-04-01 03:00,15306.0,1,0,0,0,0.0,0
4203,2024-04-01 04:00,13797.0,1,0,0,0,0.0,0
4204,2024-04-01 05:00,14068.0,1,0,0,0,0.0,0
4205,2024-04-01 06:00,13822.0,1,0,0,0,0.0,0
4206,2024-04-01 07:00,14369.0,1,0,0,0,0.0,0
4207,2024-04-01 08:00,14142.0,1,0,0,0,0.0,0
4208,2024-04-01 09:00,13674.0,1,0,0,0,0.0,0
4209,2024-04-01 10:00,14327.0,1,0,0,0,0.0,0
4210,2024-04-01 11:00,13840.0,1,0,0,0,0.0,0
4211,2024-04-01 12:00,13582.0,1,0,0,0,0.0,0
4212,2024-04-01 13:00,13691.0,1,0,0,0,0.0,0
4213,2024-04-01 14:00,14183.0,1,0,0,0,0.0,0
4214,2024-04-01 15:00,14345.0,1,0,0,0,0.0,0
4215,2024-04-01 16:00,13417.0,1,0,0,0,0.0,0
4216,2024-04-01 17:00,14155.0,1,0,0,0,0.0,0
4217,2024-04-01 18:00,13522.0,1,0,0,0,0.0,0
4218,2024-04-01 19:00,13638.0,1,0,0,0,0.0,0
4219,2024-04-01 20:00,13529.0,1,0,0,0,0.0,0
4220,2024-04-01 21:00,14407.0,1,0,0,0,0.0,0
4221,2024-04-01 22:00,14462.0,1,0,0,0,0.0,0
4222,2024-04-01 23:00,14299.0,1,0,0,0,0.0,0
4223,2024-04-02 00:00,13975.0,0,0,0,0,0.0,0
4224,2024-04-02 01:00,15103.0,0,0,0,0,0.0,0
4225,2024-04-02 02:00,19505.0,0,0,1,0,0.375,0
4226,2024-04-02 03:00,22458.0,0,0,1,0,0.375,0
4227,2024-04-02 04:00,17733.0,0,0,1,0,0.375,0
4228,2024-04-02 05:00,17868.0,0,0,1,0,0.375,0
4229,2024-04-02 06:00,17881.0,0,0,1,0,0.375,0
4230,2024-04-02 07:00,17732.0,0,0,1,0,0.375,0
4231,2024-04-02 08:00,17961.0,0,0,1,0,0.375,0
4232,2024-04-02 09:00,17658.0,0,0,1,0,0.375,0
4233,2024-04-02 10:00,17110.0,0,0,0,0,0.0,0
4234,2024-04-02 11:00,15100.0,0,0,0,0,0.0,0
4235,2024-04-02 12:00,13147.0,0,0,0,0,0.0,0
4236,2024-04-02 13:00,13063.0,0,0,0,0,0.0,0
4237,2024-04-02 14:00,12731.0,0,0,0,0,0.0,0
4238,2024-04-02 15:00,13123.0,0,0,0,0,0.0,0
4239,2024-04-02 16:00,13711.0,0,0,0,0,0.0,0
4240,2024-04-02 17:00,14564.0,0,0,0,0,0.0,0
4241,2024-04-02 18:00,14076.0,0,0,0,0,0.0,0
4242,2024-04-02 19:00,14417.0,0,0,0,0,0.0,0
4243,2024-04-02 20:00,13673.0,0,0,0,0,0.0,0
4244,2024-04-02 21:00,15103.0,0,0,0,0,0.0,0
4245,2024-04-02 22:00,14981.0,0,0,0,0,0.0,0
4246,2024-04-02 23:00,14852.0,0,0,0,0,0.0,0
4247,2024-04-03 00:00,14214.0,0,0,0,0,0.0,0
4248,2024-04-03 01:00,14899.0,0,0,0,0,0.0,0
4249,2024-04-03 02:00,18244.0,0,0,1,0,0.375,0
4250,2024-04-03 03:00,21240.0,0,0,1,0,0.375,0
4251,2024-04-03 04:00,17456.0,0,0,1,0,0.375,0
4252,2024-04-03 05:00,18169.0,0,0,1,0,0.375,0
4253,2024-04-03 06:00,18840.0,0,0,1,0,0.375,0
4254,2024-04-03 07:00,16154.0,0,0,0,0,0.0,0
4255,2024-04-03 08:00,14667.0,0,0,0,0,0.0,0
4256,2024-04-03 09:00,16958.0,0,0,0,0,0.0,0
4257,2024-04-03 10:00,16203.0,0,0,0,0,0.0,0
4258,2024-04-03 11:00,15143.0,0,0,0,0,0.0,0
4259,2024-04-03 12:00,15691.0,0,0,0,0,0.0,0
4260,2024-04-03 13:00,15903.0,0,0,0,0,0.0,0
4261,2024-04-03 14:00,15853.0,0,0,0,0,0.0,0
4262,2024-04-03 15:00,15540.0,0,0,0,0,0.0,0
4263,2024-04-03 16:00,15192.0,0,0,0,0,0.0,0
4264,2024-04-03 17:00,15779.0,0,0,0,0,0.0,0
4265,2024-04-03 18:00,16906.0,0,0,0,0,0.0,0
4266,2024-04-03 19:00,16155.0,0,0,0,0,0.0,0
4267,2024-04-03 20:00,17254.0,0,0,0,0,0.0,0
4268,2024-04-03 21:00,17485.0,0,0,0,0,0.0,0
4269,2024-04-03 22:00,16085.0,0,0,0,0,0.0,0
4270,2024-04-03 23:00,15723.0,0,0,0,0,0.0,0
4271,2024-04-04 00:00,15515.0,0,0,0,0,0.0,0
4272,2024-04-04 01:00,17486.0,0,0,0,0,0.0,0
4273,2024-04-04 02:00,22571.0,0,0,1,0,0.375,0
4274,2024-04-04 03:00,23880.0,0,0,1,0,0.375,0
4275,2024-04-04 04:00,20989.0,0,0,1,0,0.375,0
4276,2024-04-04 05:00,18694.0,0,0,1,0,0.375,0
4277,2024-04-04 06:00,18144.0,0,0,0,0,0.0,0
4278,2024-04-04 07:00,19018.0,0,0,1,0,0.375,0
4279,2024-04-04 08:00,19382.0,0,0,1,0,0.375,0
4280,2024-04-04 09:00,21743.0,0,0,1,0,0.375,0
4281,2024-04-04 10:00,17458.0,0,0,0,0,0.0,0
4282,2024-04-04 11:00,14988.0,0,0,0,0,0.0,0
4283,2024-04-04 12:00,14622.0,0,0,0,0,0.0,0
4284,2024-04-04 13:00,13367.0,0,0,0,0,0.0,0
4285,2024-04-04 14:00,14015.0,0,0,0,0,0.0,0
4286,2024-04-04 15:00,15491.0,0,0,0,0,0.0,0
4287,2024-04-04 16:00,16070.0,0,0,0,0,0.0,0
4288,2024-04-04 17:00,16403.0,0,0,0,0,0.0,0
4289,2024-04-04 18:00,16189.0,0,0,0,0,0.0,0
4290,2024-04-04 19:00,16188.0,0,0,0,0,0.0,0
4291,2024-04-04 20:00,14568.0,0,0,0,0,0.0,0
4292,2024-04-04 21:00,16306.0,0,0,0,0,0.0,0
4293,2024-04-04 22:00,15339.0,0,0,0,0,0.0,0
4294,2024-04-04 23:00,15777.0,0,0,0,0,0.0,0
4295,2024-04-05 00:00,15378.0,0,0,0,0,0.0,0
4296,2024-04-05 01:00,16693.0,0,0,0,0,0.0,0
4297,2024-04-05 02:00,20688.0,0,0,1,0,0.375,0
4298,2024-04-05 03:00,24510.0,0,0,1,0,0.375,0
4299,2024-04-05 04:00,19994.0,0,0,1,0,0.375,0
4300,2024-04-05 05:00,18411.0,0,0,0,0,0.0,0
4301,2024-04-05 06:00,17665.0,0,0,0,0,0.0,0
4302,2024-04-05 07:00,19074.0,0,0,0,0,0.0,0
4303,2024-04-05 08:00,19474.0,0,0,1,0,0.375,0
4304,2024-04-05 09:00,19266.0,0,0,0,0,0.0,0
4305,2024-04-05 10:00,18422.0,0,0,0,0,0.0,0
4306,2024-04-05 11:00,14370.0,0,0,0,0,0.0,0
4307,2024-04-05 12:00,13711.0,0,0,0,0,0.0,0
4308,2024-04-05 13:00,14173.0,0,0,0,0,0.0,0
4309,2024-04-05 14:00,14179.0,0,0,0,0,0.0,0
4310,2024-04-05 15:00,15265.0,0,0,0,0,0.0,0
4311,2024-04-05 16:00,14029.0,0,0,0,0,0.0,0
4312,2024-04-05 17:00,15986.0,0,0,0,0,0.0,0
4313,2024-04-05 18:00,15890.0,0,0,0,0,0.0,0
4314,2024-04-05 19:00,15633.0,0,0,0,0,0.0,0
4315,2024-04-05 20:00,14782.0,0,0,0,0,0.0,0
4316,2024-04-05 21:00,15172.0,0,0,0,0,0.0,0
4317,2024-04-05 22:00,15129.0,0,0,0,0,0.0,0
4318,2024-04-05 23:00,15608.0,0,0,0,0,0.0,0
4319,2024-04-06 00:00,15041.0,1,0,0,0,0.0,0
4320,2024-04-06 01:00,15706.0,1,0,0,0,0.0,0
4321,2024-04-06 02:00,16242.0,1,0,0,0,0.0,0
4322,2024-04-06 03:00,16345.0,1,0,0,0,0.0,0
4323,2024-04-06 04:00,16704.0,1,0,0,0,0.0,0
4324,2024-04-06 05:00,16502.0,1,0,0,0,0.0,0
4325,2024-04-06 06:00,15734.0,1,0,0,0,0.0,0
4326,2024-04-06 07:00,16590.0,1,0,0,0,0.0,0
4327,2024-04-06 08:00,16527.0,1,0,0,0,0.0,0
4328,2024-04-06 09:00,15994.0,1,0,0,0,0.0,0
4329,2024-04-06 10:00,16271.0,1,0,0,0,0.0,0
4330,2024-04-06 11:00,15505.0,1,0,0,0,0.0,0
4331,2024-04-06 12:00,14633.0,1,0,0,0,0.0,0
4332,2024-04-06 13:00,14787.0,1,0,0,0,0.0,0
4333,2024-04-06 14:00,15570.0,1,0,0,0,0.0,0
4334,2024-04-06 15:00,15728.0,1,0,0,0,0.0,0
4335,2024-04-06 16:00,13973.0,1,0,0,0,0.0,0
4336,2024-04-06 17:00,16394.0,1,0,0,0,0.0,0
4337,2024-04-06 18:00,15124.0,1,0,0,0,0.0,0
4338,2024-04-06 19:00,11977.0,1,0,1,0,0.375,0
4339,2024-04-06 20:00,14747.0,1,0,0,0,0.0,0
4340,2024-04-06 21:00,15924.0,1,0,0,0,0.0,0
4341,2024-04-06 22:00,16448.0,1,0,0,0,0.0,0
4342,2024-04-06 23:00,15596.0,1,0,0,0,0.0,0
4343,2024-04-07 00:00,15964.0,1,0,0,0,0.0,0
4344,2024-04-07 01:00,17327.0,1,0,0,0,0.0,0
4345,2024-04-07 02:00,17676.0,1,0,0,0,0.0,0
4346,2024-04-07 03:00,18012.0,1,0,0,0,0.0,0
4347,2024-04-07 04:00,17231.0,1,0,0,0,0.0,0
4348,2024-04-07 05:00,17280.0,1,0,0,0,0.0,0
4349,2024-04-07 06:00,17644.0,1,0,0,0,0.0,0
4350,2024-04-07 07:00,17817.0,1,0,0,0,0.0,0
4351,2024-04-07 08:00,14272.0,1,0,0,0,0.0,0
4352,2024-04-07 09:00,10633.0,1,0,1,0,0.375,0
4353,2024-04-07 10:00,9978.0,1,0,1,0,0.375,0
4354,2024-04-07 11:00,10042.0,1,0,1,0,0.375,0
4355,2024-04-07 12:00,12364.0,1,0,1,0,0.375,0
4356,2024-04-07 13:00,11333.0,1,0,1,0,0.375,0
4357,2024-04-07 14:00,12924.0,1,0,1,0,0.375,0
4358,2024-04-07 15:00,12545.0,1,0,1,0,0.375,0
4359,2024-04-07 16:00,11829.0,1,0,1,0,0.375,0
4360,2024-04-07 17:00,11626.0,1,0,1,0,0.375,0
4361,2024-04-07 18:00,15417.0,1,0,0,0,0.0,0
4362,2024-04-07 19:00,15204.0,1,0,0,0,0.0,0
4363,2024-04-07 20:00,13718.0,1,0,0,0,0.0,0
4364,2024-04-07 21:00,15860.0,1,0,0,0,0.0,0
4365,2024-04-07 22:00,13605.0,1,0,0,0,0.0,0
4366,2024-04-07 23:00,14905.0,1,0,0,0,0.0,0
4367,2024-04-08 00:00,14813.0,0,0,0,0,0.0,0
4368,2024-04-08 01:00,16756.0,0,0,0,0,0.0,0
4369,2024-04-08 02:00,20475.0,0,0,1,0,0.375,0
4370,2024-04-08 03:00,15711.0,0,0,0,0,0.0,0
4371,2024-04-08 04:00,11935.0,0,0,1,0,0.375,0
4372,2024-04-08 05:00,12310.0,0,0,1,0,0.375,0
4373,2024-04-08 06:00,11702.0,0,0,1,0,0.375,0
4374,2024-04-08 07:00,11804.0,0,0,1,0,0.375,0
4375,2024-04-08 08:00,12608.0,0,0,1,0,0.375,0
4376,2024-04-08 09:00,11891.0,0,0,1,0,0.375,0
4377,2024-04-08 10:00,11882.0,0,0,1,0,0.375,0
4378,2024-04-08 11:00,9593.0,0,0,1,0,0.375,0
4379,2024-04-08 12:00,8358.0,0,0,1,0,0.375,0
4380,2024-04-08 13:00,10689.0,0,0,1,0,0.375,0
4381,2024-04-08 14:00,10565.0,0,0,1,0,0.375,0
4382,2024-04-08 15:00,11064.0,0,0,1,0,0.375,0
4383,2024-04-08 16:00,10649.0,0,0,1,0,0.375,0
4384,2024-04-08 17:00,12364.0,0,0,0,0,0.0,0
4385,2024-04-08 18:00,13563.0,0,0,0,0,0.0,0
4386,2024-04-08 19:00,13465.0,0,0,0,0,0.0,0
4387,2024-04-08 20:00,13909.0,0,0,0,0,0.0,0
4388,2024-04-08 21:00,14196.0,0,0,0,0,0.0,0
4389,2024-04-08 22:00,13996.0,0,0,0,0,0.0,0
4390,2024-04-08 23:00,14903.0,0,0,0,0,0.0,0
4391,2024-04-09 00:00,13917.0,0,0,0,0,0.0,0
4392,2024-04-09 01:00,14860.0,0,0,0,0,0.0,0
4393,2024-04-09 02:00,17016.0,0,0,0,0,0.0,0
4394,2024-04-09 03:00,20093.0,0,0,1,0,0.375,0
4395,2024-04-09 04:00,17292.0,0,0,0,0,0.0,0
4396,2024-04-09 05:00,16105.0,0,0,0,0,0.0,0
4397,2024-04-09 06:00,15891.0,0,0,0,0,0.0,0
4398,2024-04-09 07:00,16532.0,0,0,0,0,0.0,0
4399,2024-04-09 08:00,16198.0,0,0,0,0,0.0,0
4400,2024-04-09 09:00,15701.0,0,0,0,0,0.0,0
4401,2024-04-09 10:00,14875.0,0,0,0,0,0.0,0
4402,2024-04-09 11:00,12259.0,0,0,0,0,0.0,0
4403,2024-04-09 12:00,11120.0,0,0,1,0,0.375,0
4404,2024-04-09 13:00,13299.0,0,0,0,0,0.0,0
4405,2024-04-09 14:00,12803.0,0,0,0,0,0.0,0
4406,2024-04-09 15:00,14267.0,0,0,0,0,0.0,0
4407,2024-04-09 16:00,12972.0,0,0,0,0,0.0,0
4408,2024-04-09 17:00,12703.0,0,0,0,0,0.0,0
4409,2024-04-09 18:00,12957.0,0,0,0,0,0.0,0
4410,2024-04-09 19:00,12640.0,0,0,0,0,0.0,0
4411,2024-04-09 20:00,12353.0,0,0,0,0,0.0,0
4412,2024-04-09 21:00,11975.0,0,0,0,0,0.0,0
4413,2024-04-09 22:00,12300.0,0,0,0,0,0.0,0
4414,2024-04-09 23:00,12390.0,0,0,0,0,0.0,0
4415,2024-04-10 00:00,12388.0,0,0,0,0,0.0,0
4416,2024-04-10 01:00,13150.0,0,0,0,0,0.0,0
4417,2024-04-10 02:00,17470.0,0,0,1,0,0.375,0
4418,2024-04-10 03:00,17181.0,0,0,1,0,0.375,0
4419,2024-04-10 04:00,15594.0,0,0,0,0,0.0,0
4420,2024-04-10 05:00,14795.0,0,0,0,0,0.0,0
4421,2024-04-10 06:00,15353.0,0,0,0,0,0.0,0
4422,2024-04-10 07:00,16650.0,0,0,0,0,0.0,0
4423,2024-04-10 08:00,15546.0,0,0,0,0,0.0,0
4424,2024-04-10 09:00,16029.0,0,0,0,0,0.0,0
4425,2024-04-10 10:00,15754.0,0,0,0,0,0.0,0
4426,2024-04-10 11:00,13373.0,0,0,0,0,0.0,0
4427,2024-04-10 12:00,12032.0,0,0,0,0,0.0,0
4428,2024-04-10 13:00,12285.0,0,0,0,0,0.0,0
4429,2024-04-10 14:00,12626.0,0,0,0,0,0.0,0
4430,2024-04-10 15:00,15008.0,0,0,0,0,0.0,0
4431,2024-04-10 16:00,14378.0,0,0,0,0,0.0,0
4432,2024-04-10 17:00,15993.0,0,0,0,0,0.0,0
4433,2024-04-10 18:00,16707.0,0,0,0,0,0.0,0
4434,2024-04-10 19:00,17000.0,0,0,1,0,0.375,0
4435,2024-04-10 20:00,16635.0,0,0,0,0,0.0,0
4436,2024-04-10 21:00,16165.0,0,0,0,0,0.0,0
4437,2024-04-10 22:00,16815.0,0,0,0,0,0.0,0
4438,2024-04-10 23:00,16795.0,0,0,0,0,0.0,0
4439,2024-04-11 00:00,15022.0,0,0,0,0,0.0,0
4440,2024-04-11 01:00,16237.0,0,0,0,0,0.0,0
4441,2024-04-11 02:00,19926.0,0,0,1,0,0.375,0
4442,2024-04-11 03:00,23252.0,0,0,1,0,0.375,0
4443,2024-04-11 04:00,19387.0,0,0,1,0,0.375,0
4444,2024-04-11 05:00,18406.0,0,0,1,0,0.375,0
4445,2024-04-11 06:00,18977.0,0,0,1,0,0.375,0
4446,2024-04-11 07:00,18818.0,0,0,1,0,0.375,0
4447,2024-04-11 08:00,19851.0,0,0,1,0,0.375,0
4448,2024-04-11 09:00,19770.0,0,0,1,0,0.375,0
4449,2024-04-11 10:00,18893.0,0,0,1,0,0.375,0
4450,2024-04-11 11:00,15068.0,0,0,0,0,0.0,0
4451,2024-04-11 12:00,14790.0,0,0,0,0,0.0,0
4452,2024-04-11 13:00,15395.0,0,0,0,0,0.0,0
4453,2024-04-11 14:00,14544.0,0,0,0,0,0.0,0
4454,2024-04-11 15:00,12669.0,0,0,0,0,0.0,0
4455,2024-04-11 16:00,12745.0,0,0,0,0,0.0,0
4456,2024-04-11 17:00,12875.0,0,0,0,0,0.0,0
4457,2024-04-11 18:00,13332.0,0,0,0,0,0.0,0
4458,2024-04-11 19:00,13580.0,0,0,0,0,0.0,0
4459,2024-04-11 20:00,14419.0,0,0,0,0,0.0,0
4460,2024-04-11 21:00,13900.0,0,0,0,0,0.0,0
4461,2024-04-11 22:00,13259.0,0,0,0,0,0.0,0
4462,2024-04-11 23:00,13283.0,0,0,0,0,0.0,0
4463,2024-04-12 00:00,13872.0,0,0,0,0,0.0,0
4464,2024-04-12 01:00,14140.0,0,0,0,0,0.0,0
4465,2024-04-12 02:00,16887.0,0,0,0,0,0.0,0
4466,2024-04-12 03:00,20431.0,0,0,1,0,0.375,0
4467,2024-04-12 04:00,18170.0,0,0,1,0,0.375,0
4468,2024-04-12 05:00,16979.0,0,0,0,0,0.0,0
4469,2024-04-12 06:00,16700.0,0,0,0,0,0.0,0
4470,2024-04-12 07:00,17957.0,0,0,1,0,0.375,0
4471,2024-04-12 08:00,18529.0,0,0,1,0,0.375,0
4472,2024-04-12 09:00,18448.0,0,0,1,0,0.375,0
4473,2024-04-12 10:00,19924.0,0,0,1,0,0.375,0
4474,2024-04-12 11:00,17315.0,0,0,0,0,0.0,0
4475,2024-04-12 12:00,17020.0,0,0,0,0,0.0,0
4476,2024-04-12 13:00,16975.0,0,0,0,0,0.0,0
4477,2024-04-12 14:00,16621.0,0,0,0,0,0.0,0
4478,2024-04-12 15:00,16670.0,0,0,0,0,0.0,0
4479,2024-04-12 16:00,15919.0,0,0,0,0,0.0,0
4480,2024-04-12 17:00,14634.0,0,0,0,0,0.0,0
4481,2024-04-12 18:00,16242.0,0,0,0,0,0.0,0
4482,2024-04-12 19:00,16540.0,0,0,0,0,0.0,0
4483,2024-04-12 20:00,17293.0,0,0,0,0,0.0,0
4484,2024-04-12 21:00,15359.0,0,0,0,0,0.0,0
4485,2024-04-12 22:00,15694.0,0,0,0,0,0.0,0
4486,2024-04-12 23:00,17433.0,0,0,0,0,0.0,0
4487,2024-04-13 00:00,16102.0,1,0,0,0,0.0,0
4488,2024-04-13 01:00,16207.0,1,0,0,0,0.0,0
4489,2024-04-13 02:00,16594.0,1,0,0,0,0.0,0
4490,2024-04-13 03:00,18019.0,1,0,0,0,0.0,0
4491,2024-04-13 04:00,16956.0,1,0,0,0,0.0,0
4492,2024-04-13 05:00,17985.0,1,0,0,0,0.0,0
4493,2024-04-13 06:00,17957.0,1,0,0,0,0.0,0
4494,2024-04-13 07:00,19966.0,1,0,1,0,0.375,0
4495,2024-04-13 08:00,18534.0,1,0,0,0,0.0,0
4496,2024-04-13 09:00,19423.0,1,0,1,0,0.375,0
4497,2024-04-13 10:00,18873.0,1,0,1,0,0.375,0
4498,2024-04-13 11:00,19744.0,1,0,1,0,0.375,0
4499,2024-04-13 12:00,18279.0,1,0,0,0,0.0,0
4500,2024-04-13 13:00,17306.0,1,0,0,0,0.0,0
4501,2024-04-13 14:00,19772.0,1,0,1,0,0.375,0
4502,2024-04-13 15:00,19094.0,1,0,1,0,0.375,0
4503,2024-04-13 16:00,18032.0,1,0,0,0,0.0,0
4504,2024-04-13 17:00,19478.0,1,0,1,0,0.375,0
4505,2024-04-13 18:00,19218.0,1,0,1,0,0.375,0
4506,2024-04-13 19:00,20487.0,1,0,1,0,0.375,0
4507,2024-04-13 20:00,18934.0,1,0,0,0,0.0,0
4508,2024-04-13 21:00,19815.0,1,0,1,0,0.375,0
4509,2024-04-13 22:00,21131.0,1,0,1,0,0.375,0
4510,2024-04-13 23:00,22203.0,1,0,1,0,0.375,0
4511,2024-04-14 00:00,20585.0,1,0,1,0,0.375,0
4512,2024-04-14 01:00,23093.0,1,0,1,0,0.375,0
4513,2024-04-14 02:00,21799.0,1,0,1,0,0.375,0
4514,2024-04-14 03:00,22161.0,1,0,1,0,0.375,0
4515,2024-04-14 04:00,21036.0,1,0,1,0,0.375,0
4516,2024-04-14 05:00,22278.0,1,0,1,1,0.5416666666666666,0
4517,2024-04-14 06:00,21824.0,1,0,1,0,0.375,0
4518,2024-04-14 07:00,21847.0,1,0,1,0,0.375,0
4519,2024-04-14 08:00,20287.0,1,0,0,0,0.0,0
4520,2024-04-14 09:00,22698.0,1,0,1,0,0.375,0
4521,2024-04-14 10:00,23806.0,1,0,1,0,0.375,0
4522,2024-04-14 11:00,21566.0,1,0,1,0,0.375,0
4523,2024-04-14 12:00,20119.0,1,0,0,0,0.0,0
4524,2024-04-14 13:00,21467.0,1,0,1,0,0.375,0
4525,2024-04-14 14:00,20699.0,1,0,0,0,0.0,0
4526,2024-04-14 15:00,20780.0,1,0,0,0,0.0,0
4527,2024-04-14 16:00,19221.0,1,0,0,0,0.0,0
4528,2024-04-14 17:00,21771.0,1,0,1,0,0.375,0
4529,2024-04-14 18:00,20855.0,1,0,0,0,0.0,0
4530,2024-04-14 19:00,21753.0,1,0,1,0,0.375,0
4531,2024-04-14 20:00,21341.0,1,0,0,0,0.0,0
4532,2024-04-14 21:00,20784.0,1,0,0,0,0.0,0
4533,2024-04-14 22:00,18896.0,1,0,0,0,0.0,0
4534,2024-04-14 23:00,16067.0,1,0,0,0,0.0,0
4535,2024-04-15 00:00,16007.0,0,0,0,0,0.0,0
4536,2024-04-15 01:00,17323.0,0,0,0,0,0.0,0
4537,2024-04-15 02:00,21888.0,0,0,1,0,0.375,0
4538,2024-04-15 03:00,24777.0,0,0,1,0,0.375,0
4539,2024-04-15 04:00,20213.0,0,0,0,0,0.0,0
4540,2024-04-15 05:00,19906.0,0,0,0,0,0.0,0
4541,2024-04-15 06:00,18945.0,0,0,0,0,0.0,0
4542,2024-04-15 07:00,20127.0,0,0,0,0,0.0,0
4543,2024-04-15 08:00,17920.0,0,0,0,0,0.0,0
4544,2024-04-15 09:00,18479.0,0,0,0,0,0.0,0
4545,2024-04-15 10:00,17141.0,0,0,0,0,0.0,0
4546,2024-04-15 11:00,12650.0,0,0,1,0,0.375,0
4547,2024-04-15 12:00,13670.0,0,0,1,0,0.375,0
4548,2024-04-15 13:00,14868.0,0,0,1,0,0.375,0
4549,2024-04-15 14:00,15430.0,0,0,0,0,0.0,0
4550,2024-04-15 15:00,15668.0,0,0,0,0,0.0,0
4551,2024-04-15 16:00,14768.0,0,0,1,0,0.375,0
4552,2024-04-15 17:00,16981.0,0,0,0,0,0.0,0
4553,2024-04-15 18:00,16376.0,0,0,0,0,0.0,0
4554,2024-04-15 19:00,15809.0,0,0,0,0,0.0,0
4555,2024-04-15 20:00,16282.0,0,0,0,0,0.0,0
4556,2024-04-15 21:00,18103.0,0,0,0,0,0.0,0
4557,2024-04-15 22:00,18590.0,0,0,0,0,0.0,0
4558,2024-04-15 23:00,20269.0,0,0,0,0,0.0,0
4559,2024-04-16 00:00,18709.0,0,0,0,0,0.0,0
4560,2024-04-16 01:00,18681.0,0,0,0,0,0.0,0
4561,2024-04-16 02:00,23118.0,0,0,1,0,0.375,0
4562,2024-04-16 03:00,25609.0,0,0,1,0,0.375,0
4563,2024-04-16 04:00,19497.0,0,0,0,0,0.0,0
4564,2024-04-16 05:00,19721.0,0,0,0,0,0.0,0
4565,2024-04-16 06:00,19180.0,0,0,0,0,0.0,0
4566,2024-04-16 07:00,18400.0,0,0,0,0,0.0,0
4567,2024-04-16 08:00,17771.0,0,0,0,0,0.0,0
4568,2024-04-16 09:00,19631.0,0,0,0,0,0.0,0
4569,2024-04-16 10:00,17941.0,0,0,0,0,0.0,0
4570,2024-04-16 11:00,17155.0,0,0,0,0,0.0,0
4571,2024-04-16 12:00,15242.0,0,0,1,0,0.375,0
4572,2024-04-16 13:00,16214.0,0,0,0,0,0.0,0
4573,2024-04-16 14:00,16944.0,0,0,0,0,0.0,0
4574,2024-04-16 15:00,16357.0,0,0,0,0,0.0,0
4575,2024-04-16 16:00,19510.0,0,0,0,0,0.0,0
4576,2024-04-16 17:00,18963.0,0,0,0,0,0.0,0
4577,2024-04-16 18:00,17358.0,0,0,0,0,0.0,0
4578,2024-04-16 19:00,19006.0,0,0,0,0,0.0,0
4579,2024-04-16 20:00,18748.0,0,0,0,0,0.0,0
4580,2024-04-16 21:00,18695.0,0,0,0,0,0.0,0
4581,2024-04-16 22:00,17867.0,0,0,0,0,0.0,0
4582,2024-04-16 23:00,18909.0,0,0,0,0,0.0,0
4583,2024-04-17 00:00,18786.0,0,0,0,0,0.0,0
4584,2024-04-17 01:00,19631.0,0,0,0,0,0.0,0
4585,2024-04-17 02:00,23248.0,0,0,1,0,0.375,0
4586,2024-04-17 03:00,23547.0,0,0,1,0,0.375,0
4587,2024-04-17 04:00,20372.0,0,0,0,0,0.0,0
4588,2024-04-17 05:00,20625.0,0,0,0,0,0.0,0
4589,2024-04-17 06:00,20506.0,0,0,0,0,0.0,0
4590,2024-04-17 07:00,20139.0,0,0,0,0,0.0,0
4591,2024-04-17 08:00,19865.0,0,0,0,0,0.0,0
4592,2024-04-17 09:00,19364.0,0,0,0,0,0.0,0
4593,2024-04-17 10:00,19904.0,0,0,0,0,0.0,0
4594,2024-04-17 11:00,18257.0,0,0,0,0,0.0,0
4595,2024-04-17 12:00,16521.0,0,0,1,0,0.375,0
4596,2024-04-17 13:00,17630.0,0,0,0,0,0.0,0
4597,2024-04-17 14:00,19074.0,0,0,0,0,0.0,0
4598,2024-04-17 15:00,17753.0,0,0,0,0,0.0,0
4599,2024-04-17 16:00,17660.0,0,0,0,0,0.0,0
4600,2024-04-17 17:00,19911.0,0,0,0,0,0.0,0
4601,2024-04-17 18:00,19383.0,0,0,0,0,0.0,0
4602,2024-04-17 19:00,19493.0,0,0,0,0,0.0,0
4603,2024-04-17 20:00,19279.0,0,0,0,0,0.0,0
4604,2024-04-17 21:00,21768.0,0,0,0,0,0.0,0
4605,2024-04-17 22:00,22077.0,0,0,0,0,0.0,0
4606,2024-04-17 23:00,23247.0,0,0,1,0,0.375,0
4607,2024-04-18 00:00,20262.0,0,0,0,0,0.0,0
4608,2024-04-18 01:00,22262.0,0,0,0,0,0.0,0
4609,2024-04-18 02:00,24095.0,0,0,1,0,0.375,0
4610,2024-04-18 03:00,27533.0,0,1,1,0,0.8333333333333333,1
4611,2024-04-18 04:00,23378.0,0,0,1,0,0.375,0
4612,2024-04-18 05:00,22176.0,0,0,0,0,0.0,0
4613,2024-04-18 06:00,22089.0,0,0,0,0,0.0,0
4614,2024-04-18 07:00,22546.0,0,0,0,0,0.0,0
4615,2024-04-18 08:00,22127.0,0,0,0,0,0.0,0
4616,2024-04-18 09:00,23685.0,0,0,1,0,0.375,0
4617,2024-04-18 10:00,22284.0,0,0,0,0,0.0,0
4618,2024-04-18 11:00,20026.0,0,0,0,0,0.0,0
4619,2024-04-18 12:00,17530.0,0,0,0,0,0.0,0
4620,2024-04-18 13:00,18540.0,0,0,0,0,0.0,0
4621,2024-04-18 14:00,18643.0,0,0,0,0,0.0,0
4622,2024-04-18 15:00,18397.0,0,0,0,0,0.0,0
4623,2024-04-18 16:00,22039.0,0,0,0,0,0.0,0
4624,2024-04-18 17:00,21517.0,0,0,0,0,0.0,0
4625,2024-04-18 18:00,23529.0,0,0,1,0,0.375,0
4626,2024-04-18 19:00,23599.0,0,0,1,0,0.375,0
4627,2024-04-18 20:00,24294.0,0,0,1,0,0.375,0
4628,2024-04-18 21:00,25265.0,0,0,1,0,0.375,0
4629,2024-04-18 22:00,24166.0,0,0,1,0,0.375,0
4630,2024-04-18 23:00,24048.0,0,0,1,0,0.375,0
4631,2024-04-19 00:00,22756.0,0,0,0,0,0.0,0
4632,2024-04-19 01:00,23716.0,0,0,1,0,0.375,0
4633,2024-04-19 02:00,25078.0,0,0,1,0,0.375,0
4634,2024-04-19 03:00,28368.0,0,0,1,0,0.375,0
4635,2024-04-19 04:00,25074.0,0,0,1,0,0.375,0
4636,2024-04-19 05:00,26980.0,0,0,1,0,0.375,0
4637,2024-04-19 06:00,25681.0,0,0,1,0,0.375,0
4638,2024-04-19 07:00,23536.0,0,0,0,0,0.0,0
4639,2024-04-19 08:00,22577.0,0,0,0,0,0.0,0
4640,2024-04-19 09:00,24370.0,0,0,1,0,0.375,0
4641,2024-04-19 10:00,22675.0,0,0,0,0,0.0,0
4642,2024-04-19 11:00,20388.0,0,0,0,0,0.0,0
4643,2024-04-19 12:00,20714.0,0,0,0,0,0.0,0
4644,2024-04-19 13:00,21096.0,0,0,0,0,0.0,0
4645,2024-04-19 14:00,20594.0,0,0,0,0,0.0,0
4646,2024-04-19 15:00,20985.0,0,0,0,0,0.0,0
4647,2024-04-19 16:00,18169.0,0,0,0,0,0.0,0
4648,2024-04-19 17:00,21395.0,0,0,0,0,0.0,0
4649,2024-04-19 18:00,23664.0,0,0,0,0,0.0,0
4650,2024-04-19 19:00,20595.0,0,0,0,0,0.0,0
4651,2024-04-19 20:00,21691.0,0,0,0,0,0.0,0
4652,2024-04-19 21:00,22722.0,0,0,0,0,0.0,0
4653,2024-04-19 22:00,24923.0,0,0,1,0,0.375,0
4654,2024-04-19 23:00,23334.0,0,0,0,0,0.0,0
4655,2024-04-20 00:00,23274.0,1,0,0,0,0.0,0
4656,2024-04-20 01:00,23111.0,1,0,0,0,0.0,0
4657,2024-04-20 02:00,23265.0,1,0,0,0,0.0,0
4658,2024-04-20 03:00,23251.0,1,0,0,0,0.0,0
4659,2024-04-20 04:00,22784.0,1,0,0,0,0.0,0
4660,2024-04-20 05:00,20505.0,1,0,0,0,0.0,0
4661,2024-04-20 06:00,20568.0,1,0,0,0,0.0,0
4662,2024-04-20 07:00,21118.0,1,0,0,0,0.0,0
4663,2024-04-20 08:00,20724.0,1,0,0,0,0.0,0
4664,2024-04-20 09:00,21175.0,1,0,0,0,0.0,0
4665,2024-04-20 10:00,21156.0,1,0,0,0,0.0,0
4666,2024-04-20 11:00,20514.0,1,0,0,0,0.0,0
4667,2024-04-20 12:00,20375.0,1,0,0,0,0.0,0
4668,2024-04-20 13:00,21457.0,1,0,0,0,0.0,0
4669,2024-04-20 14:00,20326.0,1,0,0,0,0.0,0
4670,2024-04-20 15:00,20233.0,1,0,0,0,0.0,0
4671,2024-04-20 16:00,20777.0,1,0,0,0,0.0,0
4672,2024-04-20 17:00,19897.0,1,0,0,0,0.0,0
4673,2024-04-20 18:00,22640.0,1,0,0,0,0.0,0
4674,2024-04-20 19:00,22597.0,1,0,0,0,0.0,0
4675,2024-04-20 20:00,20888.0,1,0,0,0,0.0,0
4676,2024-04-20 21:00,14845.0,1,0,1,0,0.375,0
4677,2024-04-20 22:00,21692.0,1,0,0,0,0.0,0
4678,2024-04-20 23:00,23129.0,1,0,0,0,0.0,0
4679,2024-04-21 00:00,23065.0,1,0,0,0,0.0,0
4680,2024-04-21 01:00,21698.0,1,0,0,0,0.0,0
4681,2024-04-21 02:00,21602.0,1,0,0,0,0.0,0
4682,2024-04-21 03:00,22436.0,1,0,0,0,0.0,0
4683,2024-04-21 04:00,21853.0,1,0,0,0,0.0,0
4684,2024-04-21 05:00,20927.0,1,0,0,0,0.0,0
4685,2024-04-21 06:00,20681.0,1,0,0,0,0.0,0
4686,2024-04-21 07:00,21341.0,1,0,0,0,0.0,0
4687,2024-04-21 08:00,22042.0,1,0,0,0,0.0,0
4688,2024-04-21 09:00,21634.0,1,0,0,0,0.0,0
4689,2024-04-21 10:00,21430.0,1,0,0,0,0.0,0
4690,2024-04-21 11:00,21372.0,1,0,0,0,0.0,0
4691,2024-04-21 12:00,20776.0,1,0,0,0,0.0,0
4692,2024-04-21 13:00,20727.0,1,0,0,0,0.0,0
4693,2024-04-21 14:00,22238.0,1,0,0,0,0.0,0
4694,2024-04-21 15:00,21907.0,1,0,0,0,0.0,0
4695,2024-04-21 16:00,20497.0,1,0,0,0,0.0,0
4696,2024-04-21 17:00,21576.0,1,0,0,0,0.0,0
4697,2024-04-21 18:00,21461.0,1,0,0,0,0.0,0
4698,2024-04-21 19:00,22490.0,1,0,0,0,0.0,0
4699,2024-04-21 20:00,23708.0,1,0,0,0,0.0,0
4700,2024-04-21 21:00,23517.0,1,0,0,0,0.0,0
4701,2024-04-21 22:00,20656.0,1,0,0,0,0.0,0
4702,2024-04-21 23:00,21307.0,1,0,0,0,0.0,0
4703,2024-04-22 00:00,23015.0,0,0,0,0,0.0,0
4704,2024-04-22 01:00,24595.0,0,0,0,0,0.0,0
4705,2024-04-22 02:00,29241.0,0,0,1,0,0.375,0
4706,2024-04-22 03:00,32413.0,0,0,1,0,0.375,0
4707,2024-04-22 04:00,25977.0,0,0,1,0,0.375,0
4708,2024-04-22 05:00,21960.0,0,0,0,0,0.0,0
4709,2024-04-22 06:00,21292.0,0,0,0,0,0.0,0
4710,2024-04-22 07:00,23049.0,0,0,0,0,0.0,0
4711,2024-04-22 08:00,24382.0,0,0,0,0,0.0,0
4712,2024-04-22 09:00,23556.0,0,0,0,0,0.0,0
4713,2024-04-22 10:00,21780.0,0,0,0,0,0.0,0
4714,2024-04-22 11:00,18072.0,0,0,1,0,0.375,0
4715,2024-04-22 12:00,16283.0,0,0,1,0,0.375,0
4716,2024-04-22 13:00,17437.0,0,0,1,0,0.375,0
4717,2024-04-22 14:00,18286.0,0,0,1,0,0.375,0
4718,2024-04-22 15:00,16207.0,0,0,1,0,0.375,0
4719,2024-04-22 16:00,17162.0,0,0,1,0,0.375,0
4720,2024-04-22 17:00,18547.0,0,0,1,0,0.375,0
4721,2024-04-22 18:00,20598.0,0,0,0,0,0.0,0
4722,2024-04-22 19:00,20647.0,0,0,0,0,0.0,0
4723,2024-04-22 20:00,20605.0,0,0,0,0,0.0,0
4724,2024-04-22 21:00,22222.0,0,0,0,0,0.0,0
4725,2024-04-22 22:00,23290.0,0,0,0,0,0.0,0
4726,2024-04-22 23:00,18254.0,0,0,1,0,0.375,0
4727,2024-04-23 00:00,17969.0,0,0,1,0,0.375,0
4728,2024-04-23 01:00,19477.0,0,0,0,0,0.0,0
4729,2024-04-23 02:00,25489.0,0,0,1,0,0.375,0
4730,2024-04-23 03:00,27764.0,0,0,1,0,0.375,0
4731,2024-04-23 04:00,22355.0,0,0,0,0,0.0,0
4732,2024-04-23 05:00,21136.0,0,0,0,0,0.0,0
4733,2024-04-23 06:00,19382.0,0,0,0,0,0.0,0
4734,2024-04-23 07:00,22938.0,0,0,0,0,0.0,0
4735,2024-04-23 08:00,22091.0,0,0,0,0,0.0,0
4736,2024-04-23 09:00,20764.0,0,0,0,0,0.0,0
4737,2024-04-23 10:00,21699.0,0,0,0,0,0.0,0
4738,2024-04-23 11:00,19972.0,0,0,0,0,0.0,0
4739,2024-04-23 12:00,17327.0,0,0,1,0,0.375,0
4740,2024-04-23 13:00,19481.0,0,0,0,0,0.0,0
4741,2024-04-23 14:00,17628.0,0,0,1,0,0.375,0
4742,2024-04-23 15:00,18373.0,0,0,1,0,0.375,0
4743,2024-04-23 16:00,18033.0,0,0,1,0,0.375,0
4744,2024-04-23 17:00,19552.0,0,0,0,0,0.0,0
4745,2024-04-23 18:00,18224.0,0,0,1,0,0.375,0
4746,2024-04-23 19:00,20020.0,0,0,0,0,0.0,0
4747,2024-04-23 20:00,24579.0,0,0,0,0,0.0,0
4748,2024-04-23 21:00,30575.0,0,0,1,0,0.375,0
4749,2024-04-23 22:00,26968.0,0,0,1,0,0.375,0
4750,2024-04-23 23:00,23801.0,0,0,0,0,0.0,0
4751,2024-04-24 00:00,24621.0,0,0,0,0,0.0,0
4752,2024-04-24 01:00,24505.0,0,0,0,0,0.0,0
4753,2024-04-24 02:00,28509.0,0,0,1,0,0.375,0
4754,2024-04-24 03:00,32822.0,0,1,1,0,0.8333333333333333,1
4755,2024-04-24 04:00,24765.0,0,0,0,0,0.0,0
4756,2024-04-24 05:00,22668.0,0,0,0,0,0.0,0
4757,2024-04-24 06:00,22306.0,0,0,0,0,0.0,0
4758,2024-04-24 07:00,23563.0,0,0,0,0,0.0,0
4759,2024-04-24 08:00,23051.0,0,0,0,0,0.0,0
4760,2024-04-24 09:00,22971.0,0,0,0,0,0.0,0
4761,2024-04-24 10:00,21601.0,0,0,0,0,0.0,0
4762,2024-04-24 11:00,19436.0,0,0,0,0,0.0,0
4763,2024-04-24 12:00,18690.0,0,0,0,0,0.0,0
4764,2024-04-24 13:00,21460.0,0,0,0,0,0.0,0
4765,2024-04-24 14:00,21852.0,0,0,0,0,0.0,0
4766,2024-04-24 15:00,22876.0,0,0,0,0,0.0,0
4767,2024-04-24 16:00,24703.0,0,0,0,0,0.0,0
4768,2024-04-24 17:00,25154.0,0,0,0,0,0.0,0
4769,2024-04-24 18:00,27212.0,0,0,1,0,0.375,0
4770,2024-04-24 19:00,26691.0,0,0,1,0,0.375,0
4771,2024-04-24 20:00,25098.0,0,0,0,0,0.0,0
4772,2024-04-24 21:00,28502.0,0,0,1,0,0.375,0
4773,2024-04-24 22:00,25757.0,0,0,0,0,0.0,0
4774,2024-04-24 23:00,26072.0,0,0,0,0,0.0,0
4775,2024-04-25 00:00,27121.0,0,0,1,0,0.375,0
4776,2024-04-25 01:00,25977.0,0,0,0,1,0.16666666666666666,0
4777,2024-04-25 02:00,28108.0,0,0,1,0,0.375,0
4778,2024-04-25 03:00,31404.0,0,0,1,0,0.375,0
4779,2024-04-25 04:00,24398.0,0,0,0,0,0.0,0
4780,2024-04-25 05:00,22940.0,0,0,0,0,0.0,0
4781,2024-04-25 06:00,23298.0,0,0,0,0,0.0,0
4782,2024-04-25 07:00,25240.0,0,0,0,0,0.0,0
4783,2024-04-25 08:00,23280.0,0,0,0,0,0.0,0
4784,2024-04-25 09:00,24047.0,0,0,0,0,0.0,0
4785,2024-04-25 10:00,23175.0,0,0,0,0,0.0,0
4786,2024-04-25 11:00,20870.0,0,0,0,0,0.0,0
4787,2024-04-25 12:00,21017.0,0,0,0,0,0.0,0
4788,2024-04-25 13:00,21297.0,0,0,0,0,0.0,0
4789,2024-04-25 14:00,21964.0,0,0,0,0,0.0,0
4790,2024-04-25 15:00,22929.0,0,0,0,0,0.0,0
4791,2024-04-25 16:00,20989.0,0,0,0,0,0.0,0
4792,2024-04-25 17:00,23959.0,0,0,0,0,0.0,0
4793,2024-04-25 18:00,22434.0,0,0,0,0,0.0,0
4794,2024-04-25 19:00,23699.0,0,0,0,0,0.0,0
4795,2024-04-25 20:00,24743.0,0,0,0,0,0.0,0
4796,2024-04-25 21:00,25948.0,0,0,0,0,0.0,0
4797,2024-04-25 22:00,26600.0,0,0,0,0,0.0,0
4798,2024-04-25 23:00,28041.0,0,0,1,0,0.375,0
4799,2024-04-26 00:00,23795.0,0,0,0,0,0.0,0
4800,2024-04-26 01:00,24410.0,0,0,0,0,0.0,0
4801,2024-04-26 02:00,27830.0,0,0,1,0,0.375,0
4802,2024-04-26 03:00,31048.0,0,0,1,0,0.375,0
4803,2024-04-26 04:00,26285.0,0,0,0,0,0.0,0
4804,2024-04-26 05:00,22175.0,0,0,0,0,0.0,0
4805,2024-04-26 06:00,18945.0,0,0,1,0,0.375,0
4806,2024-04-26 07:00,20020.0,0,0,0,0,0.0,0
4807,2024-04-26 08:00,19013.0,0,0,1,0,0.375,0
4808,2024-04-26 09:00,19336.0,0,0,0,0,0.0,0
4809,2024-04-26 10:00,19099.0,0,0,0,0,0.0,0
4810,2024-04-26 11:00,16982.0,0,0,1,0,0.375,0
4811,2024-04-26 12:00,15814.0,0,0,1,0,0.375,0
4812,2024-04-26 13:00,16180.0,0,0,1,0,0.375,0
4813,2024-04-26 14:00,16475.0,0,0,1,0,0.375,0
4814,2024-04-26 15:00,16036.0,0,0,1,0,0.375,0
4815,2024-04-26 16:00,16305.0,0,0,1,0,0.375,0
4816,2024-04-26 17:00,15889.0,0,0,1,0,0.375,0
4817,2024-04-26 18:00,18044.0,0,0,1,0,0.375,0
4818,2024-04-26 19:00,17641.0,0,0,1,0,0.375,0
4819,2024-04-26 20:00,19682.0,0,0,0,0,0.0,0
4820,2024-04-26 21:00,19372.0,0,0,0,0,0.0,0
4821,2024-04-26 22:00,17289.0,0,0,1,0,0.375,0
4822,2024-04-26 23:00,17244.0,0,0,1,0,0.375,0
4823,2024-04-27 00:00,18384.0,1,0,0,0,0.0,0
4824,2024-04-27 01:00,19039.0,1,0,0,0,0.0,0
4825,2024-04-27 02:00,20330.0,1,0,0,0,0.0,0
4826,2024-04-27 03:00,20315.0,1,0,0,0,0.0,0
4827,2024-04-27 04:00,18790.0,1,0,0,0,0.0,0
4828,2024-04-27 05:00,18354.0,1,0,0,0,0.0,0
4829,2024-04-27 06:00,16402.0,1,0,1,0,0.375,0
4830,2024-04-27 07:00,17350.0,1,0,1,0,0.375,0
4831,2024-04-27 08:00,16726.0,1,0,1,0,0.375,0
4832,2024-04-27 09:00,17086.0,1,0,1,0,0.375,0
4833,2024-04-27 10:00,17218.0,1,0,1,0,0.375,0
4834,2024-04-27 11:00,22466.0,1,0,0,0,0.0,0
4835,2024-04-27 12:00,21131.0,1,0,0,0,0.0,0
4836,2024-04-27 13:00,23251.0,1,0,0,0,0.0,0
4837,2024-04-27 14:00,22493.0,1,0,0,0,0.0,0
4838,2024-04-27 15:00,22859.0,1,0,0,0,0.0,0
4839,2024-04-27 16:00,21017.0,1,0,0,0,0.0,0
4840,2024-04-27 17:00,23033.0,1,0,0,0,0.0,0
4841,2024-04-27 18:00,23831.0,1,0,0,0,0.0,0
4842,2024-04-27 19:00,22828.0,1,0,0,0,0.0,0
4843,2024-04-27 20:00,23469.0,1,0,0,0,0.0,0
4844,2024-04-27 21:00,24359.0,1,0,0,0,0.0,0
4845,2024-04-27 22:00,23374.0,1,0,0,0,0.0,0
4846,2024-04-27 23:00,24728.0,1,0,0,0,0.0,0
4847,2024-04-28 00:00,23055.0,1,0,0,0,0.0,0
4848,2024-04-28 01:00,22636.0,1,0,0,1,0.16666666666666666,0
4849,2024-04-28 02:00,24626.0,1,0,0,0,0.0,0
4850,2024-04-28 03:00,24842.0,1,0,0,0,0.0,0
4851,2024-04-28 04:00,23393.0,1,0,0,0,0.0,0
4852,2024-04-28 05:00,23427.0,1,0,0,0,0.0,0
4853,2024-04-28 06:00,22403.0,1,0,0,0,0.0,0
4854,2024-04-28 07:00,24882.0,1,0,0,0,0.0,0
4855,2024-04-28 08:00,22542.0,1,0,0,0,0.0,0
4856,2024-04-28 09:00,22873.0,1,0,0,0,0.0,0
4857,2024-04-28 10:00,21925.0,1,0,0,0,0.0,0
4858,2024-04-28 11:00,22875.0,1,0,0,0,0.0,0
4859,2024-04-28 12:00,21429.0,1,0,0,0,0.0,0
4860,2024-04-28 13:00,21276.0,1,0,0,0,0.0,0
4861,2024-04-28 14:00,22787.0,1,0,0,0,0.0,0
4862,2024-04-28 15:00,22561.0,1,0,0,0,0.0,0
4863,2024-04-28 16:00,21606.0,1,0,0,0,0.0,0
4864,2024-04-28 17:00,23767.0,1,0,0,0,0.0,0
4865,2024-04-28 18:00,23159.0,1,0,0,0,0.0,0
4866,2024-04-28 19:00,24663.0,1,0,0,0,0.0,0
4867,2024-04-28 20:00,22449.0,1,0,0,0,0.0,0
4868,2024-04-28 21:00,24352.0,1,0,0,0,0.0,0
4869,2024-04-28 22:00,21680.0,1,0,0,0,0.0,0
4870,2024-04-28 23:00,21889.0,1,0,0,0,0.0,0
4871,2024-04-29 00:00,22240.0,0,0,0,0,0.0,0
4872,2024-04-29 01:00,22691.0,0,0,0,0,0.0,0
4873,2024-04-29 02:00,27702.0,0,0,1,0,0.375,0
4874,2024-04-29 03:00,31939.0,0,0,1,0,0.375,0
4875,2024-04-29 04:00,23385.0,0,0,0,0,0.0,0
4876,2024-04-29 05:00,22659.0,0,0,0,0,0.0,0
4877,2024-04-29 06:00,22447.0,0,0,0,0,0.0,0
4878,2024-04-29 07:00,22938.0,0,0,0,0,0.0,0
4879,2024-04-29 08:00,22806.0,0,0,0,0,0.0,0
4880,2024-04-29 09:00,23554.0,0,0,0,0,0.0,0
4881,2024-04-29 10:00,23289.0,0,0,0,0,0.0,0
4882,2024-04-29 11:00,19649.0,0,0,0,0,0.0,0
4883,2024-04-29 12:00,16871.0,0,0,1,0,0.375,0
4884,2024-04-29 13:00,20425.0,0,0,0,0,0.0,0
4885,2024-04-29 14:00,20298.0,0,0,0,0,0.0,0
4886,2024-04-29 15:00,20036.0,0,0,0,0,0.0,0
4887,2024-04-29 16:00,20649.0,0,0,0,0,0.0,0
4888,2024-04-29 17:00,19647.0,0,0,0,0,0.0,0
4889,2024-04-29 18:00,20790.0,0,0,0,0,0.0,0
4890,2024-04-29 19:00,21854.0,0,0,0,0,0.0,0
4891,2024-04-29 20:00,21153.0,0,0,0,0,0.0,0
4892,2024-04-29 21:00,24655.0,0,0,0,0,0.0,0
4893,2024-04-29 22:00,22031.0,0,0,0,0,0.0,0
4894,2024-04-29 23:00,22181.0,0,0,0,0,0.0,0
4895,2024-04-30 00:00,21275.0,0,0,0,0,0.0,0
4896,2024-04-30 01:00,22182.0,0,0,0,0,0.0,0
4897,2024-04-30 02:00,24862.0,0,0,0,0,0.0,0
4898,2024-04-30 03:00,27162.0,0,0,1,0,0.375,0
4899,2024-04-30 04:00,24373.0,0,0,0,0,0.0,0
4900,2024-04-30 05:00,22523.0,0,0,0,0,0.0,0
4901,2024-04-30 06:00,23094.0,0,0,0,0,0.0,0
4902,2024-04-30 07:00,22039.0,0,0,0,0,0.0,0
4903,2024-04-30 08:00,22809.0,0,0,0,0,0.0,0
4904,2024-04-30 09:00,22129.0,0,0,0,0,0.0,0
4905,2024-04-30 10:00,21798.0,0,0,0,0,0.0,0
4906,2024-04-30 11:00,18720.0,0,0,0,0,0.0,0
4907,2024-04-30 12:00,18380.0,0,0,0,0,0.0,0
4908,2024-04-30 13:00,18473.0,0,0,0,0,0.0,0
4909,2024-04-30 14:00,19119.0,0,0,0,0,0.0,0
4910,2024-04-30 15:00,20309.0,0,0,0,0,0.0,0
4911,2024-04-30 16:00,18995.0,0,0,0,0,0.0,0
4912,2024-04-30 17:00,20064.0,0,0,0,0,0.0,0
4913,2024-04-30 18:00,17851.0,0,0,1,0,0.375,0
4914,2024-04-30 19:00,17788.0,0,0,1,0,0.375,0
4915,2024-04-30 20:00,18954.0,0,0,0,0,0.0,0
4916,2024-04-30 21:00,19732.0,0,0,0,0,0.0,0
4917,2024-04-30 22:00,17752.0,0,0,1,0,0.375,0
4918,2024-04-30 23:00,20227.0,0,0,0,0,0.0,0
4919,2024-05-01 00:00,20582.0,1,0,0,0,0.0,0
4920,2024-05-01 01:00,19627.0,1,0,0,0,0.0,0
4921,2024-05-01 02:00,20102.0,1,0,0,0,0.0,0
4922,2024-05-01 03:00,20185.0,1,0,0,0,0.0,0
4923,2024-05-01 04:00,18404.0,1,0,1,0,0.375,0
4924,2024-05-01 05:00,17358.0,1,0,1,0,0.375,0
4925,2024-05-01 06:00,17365.0,1,0,1,0,0.375,0
4926,2024-05-01 07:00,16685.0,1,0,1,0,0.375,0
4927,2024-05-01 08:00,17050.0,1,0,1,0,0.375,0
4928,2024-05-01 09:00,17086.0,1,0,1,0,0.375,0
4929,2024-05-01 10:00,16967.0,1,0,1,0,0.375,0
4930,2024-05-01 11:00,16887.0,1,0,1,0,0.375,0
4931,2024-05-01 12:00,16710.0,1,0,1,0,0.375,0
4932,2024-05-01 13:00,17051.0,1,0,1,0,0.375,0
4933,2024-05-01 14:00,16690.0,1,0,1,0,0.375,0
4934,2024-05-01 15:00,17833.0,1,0,1,0,0.375,0
4935,2024-05-01 16:00,17389.0,1,0,1,0,0.375,0
4936,2024-05-01 17:00,17513.0,1,0,1,0,0.375,0
4937,2024-05-01 18:00,17609.0,1,0,1,0,0.375,0
4938,2024-05-01 19:00,18135.0,1,0,1,0,0.375,0
4939,2024-05-01 20:00,18712.0,1,0,0,0,0.0,0
4940,2024-05-01 21:00,18114.0,1,0,0,0,0.0,0
4941,2024-05-01 22:00,18390.0,1,0,0,0,0.0,0
4942,2024-05-01 23:00,18349.0,1,0,0,0,0.0,0
4943,2024-05-02 00:00,18894.0,0,0,0,0,0.0,0
4944,2024-05-02 01:00,20289.0,0,0,0,0,0.0,0
4945,2024-05-02 02:00,23695.0,0,0,0,0,0.0,0
4946,2024-05-02 03:00,26881.0,0,0,1,0,0.375,0
4947,2024-05-02 04:00,22861.0,0,0,0,0,0.0,0
4948,2024-05-02 05:00,21087.0,0,0,0,0,0.0,0
4949,2024-05-02 06:00,19463.0,0,0,0,0,0.0,0
4950,2024-05-02 07:00,22514.0,0,0,0,0,0.0,0
4951,2024-05-02 08:00,26760.0,0,0,1,0,0.375,0
4952,2024-05-02 09:00,27586.0,0,0,1,0,0.375,0
4953,2024-05-02 10:00,29640.0,0,1,1,0,0.8333333333333333,1
4954,2024-05-02 11:00,26152.0,0,0,1,0,0.375,0
4955,2024-05-02 12:00,26931.0,0,0,1,0,0.375,0
4956,2024-05-02 13:00,30526.0,0,0,1,0,0.375,0
4957,2024-05-02 14:00,28695.0,0,0,1,0,0.375,0
4958,2024-05-02 15:00,30249.0,0,0,1,1,0.5416666666666666,0
4959,2024-05-02 16:00,28553.0,0,0,1,0,0.375,0
4960,2024-05-02 17:00,30692.0,0,0,1,1,0.5416666666666666,0
4961,2024-05-02 18:00,28803.0,0,0,1,0,0.375,0
4962,2024-05-02 19:00,30471.0,0,0,1,0,0.375,0
4963,2024-05-02 20:00,34648.0,0,0,1,0,0.375,0
4964,2024-05-02 21:00,34426.0,0,0,1,0,0.375,0
4965,2024-05-02 22:00,38226.0,0,0,1,0,0.375,0
4966,2024-05-02 23:00,37597.0,0,0,1,0,0.375,0
4967,2024-05-03 00:00,34131.0,0,0,1,0,0.375,0
4968,2024-05-03 01:00,35660.0,0,0,1,0,0.375,0
4969,2024-05-03 02:00,36414.0,0,0,1,0,0.375,0
4970,2024-05-03 03:00,39900.0,0,0,1,0,0.375,0
4971,2024-05-03 04:00,33835.0,0,0,1,0,0.375,0
4972,2024-05-03 05:00,32209.0,0,0,1,0,0.375,0
4973,2024-05-03 06:00,31319.0,0,0,1,0,0.375,0
4974,2024-05-03 07:00,29838.0,0,0,1,0,0.375,0
4975,2024-05-03 08:00,30794.0,0,0,1,0,0.375,0
4976,2024-05-03 09:00,30980.0,0,0,1,0,0.375,0
4977,2024-05-03 10:00,29739.0,0,0,0,0,0.0,0
4978,2024-05-03 11:00,27250.0,0,0,0,0,0.0,0
4979,2024-05-03 12:00,26122.0,0,0,0,0,0.0,0
4980,2024-05-03 13:00,27991.0,0,0,0,0,0.0,0
4981,2024-05-03 14:00,28818.0,0,0,0,0,0.0,0
4982,2024-05-03 15:00,27791.0,0,0,0,0,0.0,0
4983,2024-05-03 16:00,28649.0,0,0,0,0,0.0,0
4984,2024-05-03 17:00,28610.0,0,0,0,0,0.0,0
4985,2024-05-03 18:00,28431.0,0,0,0,0,0.0,0
4986,2024-05-03 19:00,28473.0,0,0,0,0,0.0,0
4987,2024-05-03 20:00,29179.0,0,0,0,0,0.0,0
4988,2024-05-03 21:00,30710.0,0,0,0,0,0.0,0
4989,2024-05-03 22:00,31645.0,0,0,1,0,0.375,0
4990,2024-05-03 23:00,28857.0,0,0,0,0,0.0,0
4991,2024-05-04 00:00,33142.0,1,0,1,0,0.375,0
4992,2024-05-04 01:00,31093.0,1,0,0,0,0.0,0
4993,2024-05-04 02:00,28612.0,1,0,0,0,0.0,0
4994,2024-05-04 03:00,29996.0,1,0,0,0,0.0,0
4995,2024-05-04 04:00,30364.0,1,0,0,0,0.0,0
4996,2024-05-04 05:00,30114.0,1,0,0,0,0.0,0
4997,2024-05-04 06:00,30251.0,1,0,0,0,0.0,0
4998,2024-05-04 07:00,30819.0,1,0,0,0,0.0,0
4999,2024-05-04 08:00,29384.0,1,0,0,0,0.0,0
5000,2024-05-04 09:00,29040.0,1,0,0,0,0.0,0
5001,2024-05-04 10:00,29762.0,1,0,0,0,0.0,0
5002,2024-05-04 11:00,29152.0,1,0,0,0,0.0,0
5003,2024-05-04 12:00,28282.0,1,0,0,0,0.0,0
5004,2024-05-04 13:00,28696.0,1,0,0,0,0.0,0
5005,2024-05-04 14:00,27255.0,1,0,0,0,0.0,0
5006,2024-05-04 15:00,28521.0,1,0,0,0,0.0,0
5007,2024-05-04 16:00,26042.0,1,0,0,0,0.0,0
5008,2024-05-04 17:00,27749.0,1,0,0,0,0.0,0
5009,2024-05-04 18:00,26844.0,1,0,0,0,0.0,0
5010,2024-05-04 19:00,29189.0,1,0,0,0,0.0,0
5011,2024-05-04 20:00,29161.0,1,0,0,0,0.0,0
5012,2024-05-04 21:00,29694.0,1,0,0,0,0.0,0
5013,2024-05-04 22:00,26727.0,1,0,0,0,0.0,0
5014,2024-05-04 23:00,30206.0,1,0,0,0,0.0,0
5015,2024-05-05 00:00,29411.0,1,0,0,0,0.0,0
5016,2024-05-05 01:00,28726.0,1,0,0,0,0.0,0
5017,2024-05-05 02:00,30467.0,1,0,0,0,0.0,0
5018,2024-05-05 03:00,29855.0,1,0,0,0,0.0,0
5019,2024-05-05 04:00,30096.0,1,0,0,0,0.0,0
5020,2024-05-05 05:00,28634.0,1,0,0,0,0.0,0
5021,2024-05-05 06:00,28214.0,1,0,0,0,0.0,0
5022,2024-05-05 07:00,31135.0,1,0,0,0,0.0,0
5023,2024-05-05 08:00,30373.0,1,0,0,0,0.0,0
5024,2024-05-05 09:00,29619.0,1,0,0,0,0.0,0
5025,2024-05-05 10:00,30155.0,1,0,0,0,0.0,0
5026,2024-05-05 11:00,29359.0,1,0,0,0,0.0,0
5027,2024-05-05 12:00,29958.0,1,0,0,0,0.0,0
5028,2024-05-05 13:00,28918.0,1,0,0,0,0.0,0
5029,2024-05-05 14:00,28755.0,1,0,0,0,0.0,0
5030,2024-05-05 15:00,32203.0,1,0,0,0,0.0,0
5031,2024-05-05 16:00,30460.0,1,0,0,0,0.0,0
5032,2024-05-05 17:00,31435.0,1,0,0,0,0.0,0
5033,2024-05-05 18:00,30828.0,1,0,0,0,0.0,0
5034,2024-05-05 19:00,34880.0,1,0,1,0,0.375,0
5035,2024-05-05 20:00,35276.0,1,0,1,0,0.375,0
5036,2024-05-05 21:00,33736.0,1,0,0,0,0.0,0
5037,2024-05-05 22:00,30322.0,1,0,0,0,0.0,0
5038,2024-05-05 23:00,30503.0,1,0,0,0,0.0,0
5039,2024-05-06 00:00,32141.0,0,0,0,0,0.0,0
5040,2024-05-06 01:00,32584.0,0,0,0,0,0.0,0
5041,2024-05-06 02:00,35815.0,0,0,1,0,0.375,0
5042,2024-05-06 03:00,39064.0,0,0,1,0,0.375,0
5043,2024-05-06 04:00,30172.0,0,0,0,0,0.0,0
5044,2024-05-06 05:00,30139.0,0,0,0,0,0.0,0
5045,2024-05-06 06:00,28759.0,0,0,0,0,0.0,0
5046,2024-05-06 07:00,30157.0,0,0,0,0,0.0,0
5047,2024-05-06 08:00,26760.0,0,0,1,0,0.375,0
5048,2024-05-06 09:00,24786.0,0,0,1,0,0.375,0
5049,2024-05-06 10:00,23641.0,0,0,1,0,0.375,0
5050,2024-05-06 11:00,20773.0,0,0,1,0,0.375,0
5051,2024-05-06 12:00,19697.0,0,0,1,0,0.375,0
5052,2024-05-06 13:00,20803.0,0,0,1,0,0.375,0
5053,2024-05-06 14:00,21524.0,0,0,1,0,0.375,0
5054,2024-05-06 15:00,22077.0,0,0,1,0,0.375,0
5055,2024-05-06 16:00,22976.0,0,0,1,0,0.375,0
5056,2024-05-06 17:00,24237.0,0,0,1,0,0.375,0
5057,2024-05-06 18:00,25008.0,0,0,1,0,0.375,0
5058,2024-05-06 19:00,26888.0,0,0,0,0,0.0,0
5059,2024-05-06 20:00,25705.0,0,0,0,0,0.0,0
5060,2024-05-06 21:00,27133.0,0,0,0,0,0.0,0
5061,2024-05-06 22:00,26474.0,0,0,0,0,0.0,0
5062,2024-05-06 23:00,24758.0,0,0,1,0,0.375,0
5063,2024-05-07 00:00,25995.0,0,0,0,0,0.0,0
5064,2024-05-07 01:00,27752.0,0,0,0,0,0.0,0
5065,2024-05-07 02:00,29779.0,0,0,0,0,0.0,0
5066,2024-05-07 03:00,33689.0,0,0,0,0,0.0,0
5067,2024-05-07 04:00,28901.0,0,0,0,0,0.0,0
5068,2024-05-07 05:00,23585.0,0,0,1,0,0.375,0
5069,2024-05-07 06:00,22444.0,0,0,1,0,0.375,0
5070,2024-05-07 07:00,24749.0,0,0,1,0,0.375,0
5071,2024-05-07 08:00,26914.0,0,0,0,0,0.0,0
5072,2024-05-07 09:00,27171.0,0,0,0,0,0.0,0
5073,2024-05-07 10:00,25969.0,0,0,0,0,0.0,0
5074,2024-05-07 11:00,21558.0,0,0,1,0,0.375,0
5075,2024-05-07 12:00,22950.0,0,0,1,0,0.375,0
5076,2024-05-07 13:00,23334.0,0,0,1,0,0.375,0
5077,2024-05-07 14:00,22996.0,0,0,1,0,0.375,0
5078,2024-05-07 15:00,22998.0,0,0,1,0,0.375,0
5079,2024-05-07 16:00,24924.0,0,0,0,0,0.0,0
5080,2024-05-07 17:00,24205.0,0,0,1,0,0.375,0
5081,2024-05-07 18:00,25148.0,0,0,0,0,0.0,0
5082,2024-05-07 19:00,25519.0,0,0,0,0,0.0,0
5083,2024-05-07 20:00,27464.0,0,0,0,0,0.0,0
5084,2024-05-07 21:00,30263.0,0,0,0,0,0.0,0
5085,2024-05-07 22:00,26705.0,0,0,0,0,0.0,0
5086,2024-05-07 23:00,27155.0,0,0,0,0,0.0,0
5087,2024-05-08 00:00,26848.0,1,0,0,0,0.0,0
5088,2024-05-08 01:00,26425.0,1,0,0,0,0.0,0
5089,2024-05-08 02:00,27839.0,1,0,0,0,0.0,0
5090,2024-05-08 03:00,28494.0,1,0,0,0,0.0,0
5091,2024-05-08 04:00,25854.0,1,0,0,0,0.0,0
5092,2024-05-08 05:00,23852.0,1,0,1,0,0.375,0
5093,2024-05-08 06:00,23866.0,1,0,1,0,0.375,0
5094,2024-05-08 07:00,23527.0,1,0,1,0,0.375,0
5095,2024-05-08 08:00,25209.0,1,0,0,0,0.0,0
5096,2024-05-08 09:00,22921.0,1,0,1,0,0.375,0
5097,2024-05-08 10:00,24081.0,1,0,0,0,0.0,0
5098,2024-05-08 11:00,24012.0,1,0,0,0,0.0,0
5099,2024-05-08 12:00,24443.0,1,0,0,0,0.0,0
5100,2024-05-08 13:00,25240.0,1,0,0,0,0.0,0
5101,2024-05-08 14:00,24304.0,1,0,0,0,0.0,0
5102,2024-05-08 15:00,22487.0,1,0,1,0,0.375,0
5103,2024-05-08 16:00,23842.0,1,0,0,0,0.0,0
5104,2024-05-08 17:00,23143.0,1,0,1,0,0.375,0
5105,2024-05-08 18:00,23460.0,1,0,0,0,0.0,0
5106,2024-05-08 19:00,26353.0,1,0,0,0,0.0,0
5107,2024-05-08 20:00,25383.0,1,0,0,0,0.0,0
5108,2024-05-08 21:00,27158.0,1,0,0,0,0.0,0
5109,2024-05-08 22:00,25261.0,1,0,0,0,0.0,0
5110,2024-05-08 23:00,25860.0,1,0,0,0,0.0,0
5111,2024-05-09 00:00,26213.0,0,0,0,0,0.0,0
5112,2024-05-09 01:00,26400.0,0,0,0,0,0.0,0
5113,2024-05-09 02:00,31540.0,0,0,0,0,0.0,0
5114,2024-05-09 03:00,32718.0,0,0,1,0,0.375,0
5115,2024-05-09 04:00,29055.0,0,0,0,0,0.0,0
5116,2024-05-09 05:00,25242.0,0,0,0,0,0.0,0
5117,2024-05-09 06:00,26590.0,0,0,0,0,0.0,0
5118,2024-05-09 07:00,24851.0,0,0,0,0,0.0,0
5119,2024-05-09 08:00,22420.0,0,0,1,0,0.375,0
5120,2024-05-09 09:00,21782.0,0,0,1,0,0.375,0
5121,2024-05-09 10:00,24161.0,0,0,0,0,0.0,0
5122,2024-05-09 11:00,20628.0,0,0,1,0,0.375,0
5123,2024-05-09 12:00,22254.0,0,0,1,0,0.375,0
5124,2024-05-09 13:00,23497.0,0,0,0,1,0.16666666666666666,0
5125,2024-05-09 14:00,23863.0,0,0,0,0,0.0,0
5126,2024-05-09 15:00,24173.0,0,0,0,0,0.0,0
5127,2024-05-09 16:00,23854.0,0,0,0,0,0.0,0
5128,2024-05-09 17:00,25215.0,0,0,0,0,0.0,0
5129,2024-05-09 18:00,25880.0,0,0,0,0,0.0,0
5130,2024-05-09 19:00,25786.0,0,0,0,0,0.0,0
5131,2024-05-09 20:00,27860.0,0,0,0,0,0.0,0
5132,2024-05-09 21:00,29368.0,0,0,0,0,0.0,0
5133,2024-05-09 22:00,27099.0,0,0,0,0,0.0,0
5134,2024-05-09 23:00,25574.0,0,0,0,0,0.0,0
5135,2024-05-10 00:00,26922.0,0,0,0,0,0.0,0
5136,2024-05-10 01:00,25947.0,0,0,0,0,0.0,0
5137,2024-05-10 02:00,30592.0,0,0,1,0,0.375,0
5138,2024-05-10 03:00,32562.0,0,0,1,0,0.375,0
5139,2024-05-10 04:00,26959.0,0,0,0,0,0.0,0
5140,2024-05-10 05:00,27019.0,0,0,0,0,0.0,0
5141,2024-05-10 06:00,25756.0,0,0,0,0,0.0,0
5142,2024-05-10 07:00,27525.0,0,0,0,0,0.0,0
5143,2024-05-10 08:00,27366.0,0,0,0,0,0.0,0
5144,2024-05-10 09:00,28455.0,0,0,0,0,0.0,0
5145,2024-05-10 10:00,25776.0,0,0,0,0,0.0,0
5146,2024-05-10 11:00,22694.0,0,0,1,0,0.375,0
5147,2024-05-10 12:00,22436.0,0,0,1,0,0.375,0
5148,2024-05-10 13:00,24190.0,0,0,0,0,0.0,0
5149,2024-05-10 14:00,24044.0,0,0,0,0,0.0,0
5150,2024-05-10 15:00,23651.0,0,0,0,0,0.0,0
5151,2024-05-10 16:00,24167.0,0,0,0,0,0.0,0
5152,2024-05-10 17:00,24534.0,0,0,0,0,0.0,0
5153,2024-05-10 18:00,25964.0,0,0,0,0,0.0,0
5154,2024-05-10 19:00,24217.0,0,0,0,0,0.0,0
5155,2024-05-10 20:00,25771.0,0,0,0,0,0.0,0
5156,2024-05-10 21:00,28005.0,0,0,0,0,0.0,0
5157,2024-05-10 22:00,24578.0,0,0,0,0,0.0,0
5158,2024-05-10 23:00,25483.0,0,0,0,0,0.0,0
5159,2024-05-11 00:00,26994.0,1,0,0,0,0.0,0
5160,2024-05-11 01:00,23832.0,1,0,0,0,0.0,0
5161,2024-05-11 02:00,27048.0,1,0,0,0,0.0,0
5162,2024-05-11 03:00,26678.0,1,0,0,0,0.0,0
5163,2024-05-11 04:00,25372.0,1,0,0,0,0.0,0
5164,2024-05-11 05:00,23717.0,1,0,0,0,0.0,0
5165,2024-05-11 06:00,24358.0,1,0,0,0,0.0,0
5166,2024-05-11 07:00,23059.0,1,0,1,0,0.375,0
5167,2024-05-11 08:00,23282.0,1,0,0,0,0.0,0
5168,2024-05-11 09:00,23093.0,1,0,0,0,0.0,0
5169,2024-05-11 10:00,23230.0,1,0,0,0,0.0,0
5170,2024-05-11 11:00,21912.0,1,0,1,0,0.375,0
5171,2024-05-11 12:00,23585.0,1,0,0,0,0.0,0
5172,2024-05-11 13:00,22029.0,1,0,1,0,0.375,0
5173,2024-05-11 14:00,23515.0,1,0,0,0,0.0,0
5174,2024-05-11 15:00,24805.0,1,0,0,0,0.0,0
5175,2024-05-11 16:00,24025.0,1,0,0,0,0.0,0
5176,2024-05-11 17:00,23995.0,1,0,0,0,0.0,0
5177,2024-05-11 18:00,24632.0,1,0,0,0,0.0,0
5178,2024-05-11 19:00,24677.0,1,0,0,0,0.0,0
5179,2024-05-11 20:00,27310.0,1,0,0,0,0.0,0
5180,2024-05-11 21:00,26524.0,1,0,0,0,0.0,0
5181,2024-05-11 22:00,25143.0,1,0,0,0,0.0,0
5182,2024-05-11 23:00,25598.0,1,0,0,0,0.0,0
5183,2024-05-12 00:00,26364.0,1,0,0,0,0.0,0
5184,2024-05-12 01:00,25962.0,1,0,0,0,0.0,0
5185,2024-05-12 02:00,24813.0,1,0,0,0,0.0,0
5186,2024-05-12 03:00,25758.0,1,0,0,0,0.0,0
5187,2024-05-12 04:00,25078.0,1,0,0,0,0.0,0
5188,2024-05-12 05:00,23063.0,1,0,0,0,0.0,0
5189,2024-05-12 06:00,22327.0,1,0,1,0,0.375,0
5190,2024-05-12 07:00,23396.0,1,0,0,0,0.0,0
5191,2024-05-12 08:00,23832.0,1,0,0,0,0.0,0
5192,2024-05-12 09:00,25004.0,1,0,0,0,0.0,0
5193,2024-05-12 10:00,23587.0,1,0,0,0,0.0,0
5194,2024-05-12 11:00,24099.0,1,0,0,0,0.0,0
5195,2024-05-12 12:00,23890.0,1,0,0,0,0.0,0
5196,2024-05-12 13:00,23392.0,1,0,0,0,0.0,0
5197,2024-05-12 14:00,23734.0,1,0,0,0,0.0,0
5198,2024-05-12 15:00,22279.0,1,0,1,0,0.375,0
5199,2024-05-12 16:00,21730.0,1,0,1,0,0.375,0
5200,2024-05-12 17:00,23137.0,1,0,0,0,0.0,0
5201,2024-05-12 18:00,21296.0,1,0,1,0,0.375,0
5202,2024-05-12 19:00,23168.0,1,0,0,0,0.0,0
5203,2024-05-12 20:00,23666.0,1,0,0,0,0.0,0
5204,2024-05-12 21:00,25428.0,1,0,0,0,0.0,0
5205,2024-05-12 22:00,25047.0,1,0,0,0,0.0,0
5206,2024-05-12 23:00,24420.0,1,0,0,0,0.0,0
5207,2024-05-13 00:00,23747.0,0,0,0,0,0.0,0
5208,2024-05-13 01:00,25959.0,0,0,0,0,0.0,0
5209,2024-05-13 02:00,30810.0,0,0,1,0,0.375,0
5210,2024-05-13 03:00,35125.0,0,1,1,0,0.8333333333333333,1
5211,2024-05-13 04:00,26987.0,0,0,0,0,0.0,0
5212,2024-05-13 05:00,25628.0,0,0,0,0,0.0,0
5213,2024-05-13 06:00,24642.0,0,0,0,0,0.0,0
5214,2024-05-13 07:00,25873.0,0,0,0,0,0.0,0
5215,2024-05-13 08:00,25404.0,0,0,0,0,0.0,0
5216,2024-05-13 09:00,23268.0,0,0,0,0,0.0,0
5217,2024-05-13 10:00,25306.0,0,0,0,0,0.0,0
5218,2024-05-13 11:00,21178.0,0,0,1,0,0.375,0
5219,2024-05-13 12:00,21161.0,0,0,1,0,0.375,0
5220,2024-05-13 13:00,21574.0,0,0,1,0,0.375,0
5221,2024-05-13 14:00,21963.0,0,0,1,0,0.375,0
5222,2024-05-13 15:00,24098.0,0,0,0,0,0.0,0
5223,2024-05-13 16:00,24060.0,0,0,0,0,0.0,0
5224,2024-05-13 17:00,22246.0,0,0,1,0,0.375,0
5225,2024-05-13 18:00,24156.0,0,0,0,0,0.0,0
5226,2024-05-13 19:00,24608.0,0,0,0,0,0.0,0
5227,2024-05-13 20:00,25117.0,0,0,0,0,0.0,0
5228,2024-05-13 21:00,27120.0,0,0,0,0,0.0,0
5229,2024-05-13 22:00,24786.0,0,0,0,0,0.0,0
5230,2024-05-13 23:00,25959.0,0,0,0,0,0.0,0
5231,2024-05-14 00:00,24813.0,0,0,0,0,0.0,0
5232,2024-05-14 01:00,25568.0,0,0,0,0,0.0,0
5233,2024-05-14 02:00,29880.0,0,0,1,0,0.375,0
5234,2024-05-14 03:00,33819.0,0,0,1,0,0.375,0
5235,2024-05-14 04:00,27776.0,0,0,0,0,0.0,0
5236,2024-05-14 05:00,27996.0,0,0,0,0,0.0,0
5237,2024-05-14 06:00,27140.0,0,0,0,0,0.0,0
5238,2024-05-14 07:00,27564.0,0,0,0,0,0.0,0
5239,2024-05-14 08:00,27583.0,0,0,0,0,0.0,0
5240,2024-05-14 09:00,27973.0,0,0,1,0,0.375,0
5241,2024-05-14 10:00,28070.0,0,0,1,0,0.375,0
5242,2024-05-14 11:00,26575.0,0,0,0,0,0.0,0
5243,2024-05-14 12:00,20826.0,0,0,1,0,0.375,0
5244,2024-05-14 13:00,21716.0,0,0,1,0,0.375,0
5245,2024-05-14 14:00,21875.0,0,0,1,0,0.375,0
5246,2024-05-14 15:00,22900.0,0,0,0,0,0.0,0
5247,2024-05-14 16:00,22448.0,0,0,0,0,0.0,0
5248,2024-05-14 17:00,25147.0,0,0,0,0,0.0,0
5249,2024-05-14 18:00,23316.0,0,0,0,0,0.0,0
5250,2024-05-14 19:00,24764.0,0,0,0,0,0.0,0
5251,2024-05-14 20:00,27995.0,0,0,1,0,0.375,0
5252,2024-05-14 21:00,29556.0,0,0,1,0,0.375,0
5253,2024-05-14 22:00,28903.0,0,0,1,0,0.375,0
5254,2024-05-14 23:00,27525.0,0,0,0,0,0.0,0
5255,2024-05-15 00:00,28162.0,0,0,1,0,0.375,0
5256,2024-05-15 01:00,28921.0,0,0,1,0,0.375,0
5257,2024-05-15 02:00,31621.0,0,0,1,0,0.375,0
5258,2024-05-15 03:00,33598.0,0,0,1,0,0.375,0
5259,2024-05-15 04:00,28915.0,0,0,1,0,0.375,0
5260,2024-05-15 05:00,26228.0,0,0,0,0,0.0,0
5261,2024-05-15 06:00,26493.0,0,0,0,0,0.0,0
5262,2024-05-15 07:00,24812.0,0,0,0,0,0.0,0
5263,2024-05-15 08:00,25116.0,0,0,0,0,0.0,0
5264,2024-05-15 09:00,28404.0,0,0,0,0,0.0,0
5265,2024-05-15 10:00,25459.0,0,0,0,0,0.0,0
5266,2024-05-15 11:00,23590.0,0,0,0,0,0.0,0
5267,2024-05-15 12:00,22831.0,0,0,0,0,0.0,0
5268,2024-05-15 13:00,21613.0,0,0,1,0,0.375,0
5269,2024-05-15 14:00,23338.0,0,0,0,0,0.0,0
5270,2024-05-15 15:00,21221.0,0,0,1,0,0.375,0
5271,2024-05-15 16:00,24152.0,0,0,0,0,0.0,0
5272,2024-05-15 17:00,26021.0,0,0,0,0,0.0,0
5273,2024-05-15 18:00,26688.0,0,0,0,0,0.0,0
5274,2024-05-15 19:00,27866.0,0,0,0,0,0.0,0
5275,2024-05-15 20:00,29697.0,0,0,1,0,0.375,0
5276,2024-05-15 21:00,30441.0,0,0,1,0,0.375,0
5277,2024-05-15 22:00,27776.0,0,0,0,0,0.0,0
5278,2024-05-15 23:00,27621.0,0,0,0,0,0.0,0
5279,2024-05-16 00:00,28593.0,0,0,0,0,0.0,0
5280,2024-05-16 01:00,27050.0,0,0,0,0,0.0,0
5281,2024-05-16 02:00,32935.0,0,0,1,0,0.375,0
5282,2024-05-16 03:00,36438.0,0,0,1,0,0.375,0
5283,2024-05-16 04:00,31304.0,0,0,1,0,0.375,0
5284,2024-05-16 05:00,26974.0,0,0,0,0,0.0,0
5285,2024-05-16 06:00,28068.0,0,0,0,0,0.0,0
5286,2024-05-16 07:00,28228.0,0,0,0,0,0.0,0
5287,2024-05-16 08:00,29024.0,0,0,0,0,0.0,0
5288,2024-05-16 09:00,29355.0,0,0,0,0,0.0,0
5289,2024-05-16 10:00,28705.0,0,0,0,0,0.0,0
5290,2024-05-16 11:00,24206.0,0,0,0,0,0.0,0
5291,2024-05-16 12:00,23520.0,0,0,0,0,0.0,0
5292,2024-05-16 13:00,22608.0,0,0,0,0,0.0,0
5293,2024-05-16 14:00,23868.0,0,0,0,0,0.0,0
5294,2024-05-16 15:00,25113.0,0,0,0,0,0.0,0
5295,2024-05-16 16:00,27787.0,0,0,0,0,0.0,0
5296,2024-05-16 17:00,26114.0,0,0,0,0,0.0,0
5297,2024-05-16 18:00,28830.0,0,0,0,0,0.0,0
5298,2024-05-16 19:00,28846.0,0,0,0,0,0.0,0
5299,2024-05-16 20:00,28443.0,0,0,0,0,0.0,0
5300,2024-05-16 21:00,27168.0,0,0,0,0,0.0,0
5301,2024-05-16 22:00,23587.0,0,0,0,0,0.0,0
5302,2024-05-16 23:00,25622.0,0,0,0,0,0.0,0
5303,2024-05-17 00:00,23078.0,0,0,0,0,0.0,0
5304,2024-05-17 01:00,24476.0,0,0,0,0,0.0,0
5305,2024-05-17 02:00,29595.0,0,0,0,0,0.0,0
5306,2024-05-17 03:00,33318.0,0,0,1,0,0.375,0
5307,2024-05-17 04:00,28418.0,0,0,0,0,0.0,0
5308,2024-05-17 05:00,26381.0,0,0,0,0,0.0,0
5309,2024-05-17 06:00,26979.0,0,0,0,0,0.0,0
5310,2024-05-17 07:00,26890.0,0,0,0,0,0.0,0
5311,2024-05-17 08:00,25994.0,0,0,0,0,0.0,0
5312,2024-05-17 09:00,27996.0,0,0,0,0,0.0,0
5313,2024-05-17 10:00,25154.0,0,0,0,0,0.0,0
5314,2024-05-17 11:00,21972.0,0,0,1,0,0.375,0
5315,2024-05-17 12:00,23137.0,0,0,0,0,0.0,0
5316,2024-05-17 13:00,23233.0,0,0,0,0,0.0,0
5317,2024-05-17 14:00,23012.0,0,0,0,0,0.0,0
5318,2024-05-17 15:00,23194.0,0,0,0,0,0.0,0
5319,2024-05-17 16:00,22547.0,0,0,1,0,0.375,0
5320,2024-05-17 17:00,23421.0,0,0,0,0,0.0,0
5321,2024-05-17 18:00,25331.0,0,0,0,0,0.0,0
5322,2024-05-17 19:00,25676.0,0,0,0,0,0.0,0
5323,2024-05-17 20:00,26414.0,0,0,0,0,0.0,0
5324,2024-05-17 21:00,26037.0,0,0,0,0,0.0,0
5325,2024-05-17 22:00,26278.0,0,0,0,0,0.0,0
5326,2024-05-17 23:00,24927.0,0,0,0,0,0.0,0
5327,2024-05-18 00:00,25631.0,1,0,0,0,0.0,0
5328,2024-05-18 01:00,25217.0,1,0,0,0,0.0,0
5329,2024-05-18 02:00,25301.0,1,0,0,0,0.0,0
5330,2024-05-18 03:00,25459.0,1,0,0,0,0.0,0
5331,2024-05-18 04:00,24998.0,1,0,0,0,0.0,0
5332,2024-05-18 05:00,25222.0,1,0,0,0,0.0,0
5333,2024-05-18 06:00,25551.0,1,0,0,0,0.0,0
5334,2024-05-18 07:00,25287.0,1,0,0,0,0.0,0
5335,2024-05-18 08:00,25914.0,1,0,0,0,0.0,0
5336,2024-05-18 09:00,24677.0,1,0,0,0,0.0,0
5337,2024-05-18 10:00,24961.0,1,0,0,0,0.0,0
5338,2024-05-18 11:00,25365.0,1,0,0,0,0.0,0
5339,2024-05-18 12:00,26723.0,1,0,0,0,0.0,0
5340,2024-05-18 13:00,25075.0,1,0,0,0,0.0,0
5341,2024-05-18 14:00,26645.0,1,0,0,0,0.0,0
5342,2024-05-18 15:00,26834.0,1,0,0,0,0.0,0
5343,2024-05-18 16:00,25484.0,1,0,0,0,0.0,0
5344,2024-05-18 17:00,27250.0,1,0,0,0,0.0,0
5345,2024-05-18 18:00,28695.0,1,0,0,0,0.0,0
5346,2024-05-18 19:00,27687.0,1,0,0,0,0.0,0
5347,2024-05-18 20:00,27047.0,1,0,0,0,0.0,0
5348,2024-05-18 21:00,27785.0,1,0,0,0,0.0,0
5349,2024-05-18 22:00,26232.0,1,0,0,0,0.0,0
5350,2024-05-18 23:00,27024.0,1,0,0,0,0.0,0
5351,2024-05-19 00:00,26984.0,1,0,0,0,0.0,0
5352,2024-05-19 01:00,26487.0,1,0,0,0,0.0,0
5353,2024-05-19 02:00,26612.0,1,0,0,0,0.0,0
5354,2024-05-19 03:00,26839.0,1,0,0,0,0.0,0
5355,2024-05-19 04:00,27647.0,1,0,0,0,0.0,0
5356,2024-05-19 05:00,26129.0,1,0,0,0,0.0,0
5357,2024-05-19 06:00,27354.0,1,0,0,0,0.0,0
5358,2024-05-19 07:00,27171.0,1,0,0,0,0.0,0
5359,2024-05-19 08:00,25302.0,1,0,0,0,0.0,0
5360,2024-05-19 09:00,28514.0,1,0,0,0,0.0,0
5361,2024-05-19 10:00,27449.0,1,0,0,0,0.0,0
5362,2024-05-19 11:00,26897.0,1,0,0,0,0.0,0
5363,2024-05-19 12:00,23493.0,1,0,1,0,0.375,0
5364,2024-05-19 13:00,22636.0,1,0,1,0,0.375,0
5365,2024-05-19 14:00,21915.0,1,0,1,0,0.375,0
5366,2024-05-19 15:00,23645.0,1,0,0,0,0.0,0
5367,2024-05-19 16:00,21191.0,1,0,1,0,0.375,0
5368,2024-05-19 17:00,21863.0,1,0,1,0,0.375,0
5369,2024-05-19 18:00,23475.0,1,0,0,0,0.0,0
5370,2024-05-19 19:00,24095.0,1,0,0,0,0.0,0
5371,2024-05-19 20:00,24873.0,1,0,0,0,0.0,0
5372,2024-05-19 21:00,25670.0,1,0,0,0,0.0,0
5373,2024-05-19 22:00,22216.0,1,0,1,0,0.375,0
5374,2024-05-19 23:00,21406.0,1,0,1,0,0.375,0
5375,2024-05-20 00:00,22568.0,0,0,1,0,0.375,0
5376,2024-05-20 01:00,23005.0,0,0,1,0,0.375,0
5377,2024-05-20 02:00,28352.0,0,0,0,0,0.0,0
5378,2024-05-20 03:00,29146.0,0,0,0,0,0.0,0
5379,2024-05-20 04:00,26803.0,0,0,0,0,0.0,0
5380,2024-05-20 05:00,24995.0,0,0,0,0,0.0,0
5381,2024-05-20 06:00,25579.0,0,0,0,0,0.0,0
5382,2024-05-20 07:00,27728.0,0,0,0,0,0.0,0
5383,2024-05-20 08:00,27490.0,0,0,0,0,0.0,0
5384,2024-05-20 09:00,25498.0,0,0,0,0,0.0,0
5385,2024-05-20 10:00,23497.0,0,0,0,0,0.0,0
5386,2024-05-20 11:00,21852.0,0,0,1,0,0.375,0
5387,2024-05-20 12:00,21667.0,0,0,1,0,0.375,0
5388,2024-05-20 13:00,22118.0,0,0,1,0,0.375,0
5389,2024-05-20 14:00,22351.0,0,0,1,0,0.375,0
5390,2024-05-20 15:00,21738.0,0,0,1,0,0.375,0
5391,2024-05-20 16:00,21653.0,0,0,1,0,0.375,0
5392,2024-05-20 17:00,21766.0,0,0,1,0,0.375,0
5393,2024-05-20 18:00,20548.0,0,0,1,0,0.375,0
5394,2024-05-20 19:00,21360.0,0,0,1,0,0.375,0
5395,2024-05-20 20:00,24841.0,0,0,0,0,0.0,0
5396,2024-05-20 21:00,27051.0,0,0,0,0,0.0,0
5397,2024-05-20 22:00,24452.0,0,0,0,0,0.0,0
5398,2024-05-20 23:00,25642.0,0,0,0,0,0.0,0
5399,2024-05-21 00:00,25301.0,0,0,0,0,0.0,0
5400,2024-05-21 01:00,23183.0,0,0,0,0,0.0,0
5401,2024-05-21 02:00,29175.0,0,0,1,0,0.375,0
5402,2024-05-21 03:00,30405.0,0,0,1,0,0.375,0
5403,2024-05-21 04:00,28236.0,0,0,0,0,0.0,0
5404,2024-05-21 05:00,22740.0,0,0,1,0,0.375,0
5405,2024-05-21 06:00,21984.0,0,0,1,0,0.375,0
5406,2024-05-21 07:00,23132.0,0,0,0,0,0.0,0
5407,2024-05-21 08:00,23503.0,0,0,0,0,0.0,0
5408,2024-05-21 09:00,23176.0,0,0,0,0,0.0,0
5409,2024-05-21 10:00,22602.0,0,0,1,0,0.375,0
5410,2024-05-21 11:00,18794.0,0,0,1,0,0.375,0
5411,2024-05-21 12:00,5414305.0,0,1,1,1,0.9999999999999999,1
5412,2024-05-21 13:00,20533163.0,0,0,1,0,0.375,0
5413,2024-05-21 14:00,20676539.0,0,0,1,0,0.375,0
5414,2024-05-21 15:00,21930148.0,0,0,1,0,0.375,0
5415,2024-05-21 16:00,21447201.0,0,0,1,0,0.375,0
5416,2024-05-21 17:00,22519493.0,0,0,1,0,0.375,0
5417,2024-05-21 18:00,24019488.0,0,0,1,0,0.375,0
5418,2024-05-21 19:00,24642698.0,0,0,1,0,0.375,0
5419,2024-05-21 20:00,25546328.0,0,0,1,0,0.375,0
5420,2024-05-21 21:00,25658603.0,0,0,1,0,0.375,0
5421,2024-05-21 22:00,25530312.0,0,0,1,0,0.375,0
5422,2024-05-21 23:00,25932022.0,0,0,1,0,0.375,0
5423,2024-05-22 00:00,25937938.0,0,0,1,0,0.375,0
5424,2024-05-22 01:00,25507829.0,0,0,1,0,0.375,0
5425,2024-05-22 02:00,23852159.0,0,0,1,0,0.375,0
5426,2024-05-22 03:00,22469326.0,0,0,1,0,0.375,0
5427,2024-05-22 04:00,20650930.0,0,0,1,0,0.375,0
5428,2024-05-22 05:00,19976302.0,0,0,1,0,0.375,0
5429,2024-05-22 06:00,19298693.0,0,0,1,0,0.375,0
5430,2024-05-22 07:00,19745644.0,0,0,1,0,0.375,0
5431,2024-05-22 08:00,18883281.0,0,0,1,0,0.375,0
5432,2024-05-22 09:00,18466274.0,0,0,1,0,0.375,0
5433,2024-05-22 10:00,14093010.0,0,0,0,0,0.0,0
5434,2024-05-22 11:00,4726371.0,0,0,0,0,0.0,0
5435,2024-05-22 12:00,12586971.0,0,0,0,0,0.0,0
5436,2024-05-22 13:00,16304393.0,0,0,1,0,0.375,0
5437,2024-05-22 14:00,19999446.0,0,0,1,0,0.375,0
5438,2024-05-22 15:00,15221365.0,0,0,0,0,0.0,0
5439,2024-05-22 16:00,20710610.0,0,0,1,0,0.375,0
5440,2024-05-22 17:00,19943855.0,0,0,1,0,0.375,0
5441,2024-05-22 18:00,22707092.0,0,0,1,0,0.375,0
5442,2024-05-22 19:00,23036985.0,0,0,1,0,0.375,0
5443,2024-05-22 20:00,23345364.0,0,0,1,0,0.375,0
5444,2024-05-22 21:00,23753798.0,0,0,1,0,0.375,0
5445,2024-05-22 22:00,23806474.0,0,0,1,0,0.375,0
5446,2024-05-22 23:00,23590375.0,0,0,1,0,0.375,0
5447,2024-05-23 00:00,23814735.0,0,0,1,0,0.375,0
5448,2024-05-23 01:00,22345712.0,0,0,1,0,0.375,0
5449,2024-05-23 02:00,22143768.0,0,0,1,0,0.375,0
5450,2024-05-23 03:00,20286205.0,0,0,0,0,0.0,0
5451,2024-05-23 04:00,4030427.0,0,0,0,0,0.0,0
5452,2024-05-23 05:00,3609371.0,0,0,0,0,0.0,0
5453,2024-05-23 06:00,3226095.0,0,0,0,1,0.16666666666666666,0
5454,2024-05-23 07:00,4674555.0,0,0,0,0,0.0,0
5455,2024-05-23 08:00,7957350.0,0,0,0,0,0.0,0
5456,2024-05-23 09:00,19061851.0,0,0,0,0,0.0,0
5457,2024-05-23 10:00,19008912.0,0,0,0,0,0.0,0
5458,2024-05-23 11:00,18997159.0,0,0,0,0,0.0,0
5459,2024-05-23 12:00,20555836.0,0,0,0,0,0.0,0
5460,2024-05-23 13:00,7464771.0,0,0,0,0,0.0,0
5461,2024-05-23 14:00,16652175.0,0,0,0,0,0.0,0
5462,2024-05-23 15:00,21517683.0,0,0,0,0,0.0,0
5463,2024-05-23 16:00,22267543.0,0,0,0,0,0.0,0
5464,2024-05-23 17:00,21954085.0,0,0,0,0,0.0,0
5465,2024-05-23 18:00,22637151.0,0,0,0,0,0.0,0
5466,2024-05-23 19:00,23392946.0,0,0,1,0,0.375,0
5467,2024-05-23 20:00,23801572.0,0,0,1,0,0.375,0
5468,2024-05-23 21:00,24367325.0,0,0,1,0,0.375,0
5469,2024-05-23 22:00,24658137.0,0,0,1,0,0.375,0
5470,2024-05-23 23:00,25175598.0,0,0,1,0,0.375,0
5471,2024-05-24 00:00,23845205.0,0,0,0,0,0.0,0
5472,2024-05-24 01:00,24497405.0,0,0,0,0,0.0,0
5473,2024-05-24 02:00,23348408.0,0,0,0,0,0.0,0
5474,2024-05-24 03:00,23321485.0,0,0,0,0,0.0,0
5475,2024-05-24 04:00,21293514.0,0,0,0,0,0.0,0
5476,2024-05-24 05:00,19389778.0,0,0,0,0,0.0,0
5477,2024-05-24 06:00,18621415.0,0,0,0,0,0.0,0
5478,2024-05-24 07:00,18364495.0,0,0,0,0,0.0,0
5479,2024-05-24 08:00,17140543.0,0,0,0,0,0.0,0
5480,2024-05-24 09:00,18170035.0,0,0,0,0,0.0,0
5481,2024-05-24 10:00,18423245.0,0,0,0,0,0.0,0
5482,2024-05-24 11:00,18885176.0,0,0,0,0,0.0,0
5483,2024-05-24 12:00,18628859.0,0,0,0,0,0.0,0
5484,2024-05-24 13:00,11403724.0,0,0,0,0,0.0,0
5485,2024-05-24 14:00,17389830.0,0,0,0,0,0.0,0
5486,2024-05-24 15:00,21746525.0,0,0,0,0,0.0,0
5487,2024-05-24 16:00,18987796.0,0,0,0,0,0.0,0
5488,2024-05-24 17:00,18781397.0,0,0,0,0,0.0,0
5489,2024-05-24 18:00,18991848.0,0,0,0,0,0.0,0
5490,2024-05-24 19:00,19496132.0,0,0,0,0,0.0,0
5491,2024-05-24 20:00,19151947.0,0,0,0,0,0.0,0
5492,2024-05-24 21:00,18645633.0,0,0,0,0,0.0,0
5493,2024-05-24 22:00,19149280.0,0,0,0,0,0.0,0
5494,2024-05-24 23:00,19133267.0,0,0,0,0,0.0,0
5495,2024-05-25 00:00,18688270.0,1,0,0,0,0.0,0
5496,2024-05-25 01:00,19460838.0,1,0,0,0,0.0,0
5497,2024-05-25 02:00,19040680.0,1,0,0,0,0.0,0
5498,2024-05-25 03:00,18791548.0,1,0,0,0,0.0,0
5499,2024-05-25 04:00,5491183.0,1,0,1,0,0.375,0
5500,2024-05-25 05:00,4954155.0,1,0,1,0,0.375,0
5501,2024-05-25 06:00,16348195.0,1,0,0,0,0.0,0
5502,2024-05-25 07:00,17787486.0,1,0,0,0,0.0,0
5503,2024-05-25 08:00,16812352.0,1,0,0,0,0.0,0
5504,2024-05-25 09:00,18204129.0,1,0,0,0,0.0,0
5505,2024-05-25 10:00,18121316.0,1,0,0,0,0.0,0
5506,2024-05-25 11:00,17585998.0,1,0,0,0,0.0,0
5507,2024-05-25 12:00,15622173.0,1,0,0,0,0.0,0
5508,2024-05-25 13:00,16020590.0,1,0,0,0,0.0,0
5509,2024-05-25 14:00,15716573.0,1,0,0,0,0.0,0
5510,2024-05-25 15:00,14044829.0,1,0,0,0,0.0,0
5511,2024-05-25 16:00,17695014.0,1,0,0,0,0.0,0
5512,2024-05-25 17:00,18224543.0,1,0,0,0,0.0,0
5513,2024-05-25 18:00,18275188.0,1,0,0,0,0.0,0
5514,2024-05-25 19:00,20060076.0,1,0,0,0,0.0,0
5515,2024-05-25 20:00,20529828.0,1,0,0,0,0.0,0
5516,2024-05-25 21:00,20909173.0,1,0,0,0,0.0,0
5517,2024-05-25 22:00,20927833.0,1,0,0,0,0.0,0
5518,2024-05-25 23:00,20900190.0,1,0,0,0,0.0,0
5519,2024-05-26 00:00,21063387.0,1,0,0,0,0.0,0
5520,2024-05-26 01:00,21557546.0,1,0,0,0,0.0,0
5521,2024-05-26 02:00,21063570.0,1,0,0,0,0.0,0
5522,2024-05-26 03:00,19397643.0,1,0,0,0,0.0,0
5523,2024-05-26 04:00,18230214.0,1,0,0,0,0.0,0
5524,2024-05-26 05:00,17783356.0,1,0,0,0,0.0,0
5525,2024-05-26 06:00,16506592.0,1,0,0,0,0.0,0
5526,2024-05-26 07:00,16168535.0,1,0,0,0,0.0,0
5527,2024-05-26 08:00,19206151.0,1,0,0,0,0.0,0
5528,2024-05-26 09:00,19633490.0,1,0,0,0,0.0,0
5529,2024-05-26 10:00,20396555.0,1,0,0,0,0.0,0
5530,2024-05-26 11:00,21632011.0,1,0,0,0,0.0,0
5531,2024-05-26 12:00,20778109.0,1,0,0,0,0.0,0
5532,2024-05-26 13:00,21670484.0,1,0,0,0,0.0,0
5533,2024-05-26 14:00,19856264.0,1,0,0,0,0.0,0
5534,2024-05-26 15:00,22739227.0,1,0,0,0,0.0,0
5535,2024-05-26 16:00,23457782.0,1,0,0,0,0.0,0
5536,2024-05-26 17:00,23485910.0,1,0,0,0,0.0,0
5537,2024-05-26 18:00,23700577.0,1,0,0,0,0.0,0
5538,2024-05-26 19:00,24301700.0,1,0,0,0,0.0,0
5539,2024-05-26 20:00,24692476.0,1,0,0,0,0.0,0
5540,2024-05-26 21:00,25659443.0,1,0,1,0,0.375,0
5541,2024-05-26 22:00,25597349.0,1,0,1,0,0.375,0
5542,2024-05-26 23:00,24886961.0,1,0,0,0,0.0,0
5543,2024-05-27 00:00,25721746.0,0,0,1,0,0.375,0
5544,2024-05-27 01:00,26157483.0,0,0,1,0,0.375,0
5545,2024-05-27 02:00,23812538.0,0,0,0,0,0.0,0
5546,2024-05-27 03:00,21221432.0,0,0,0,0,0.0,0
5547,2024-05-27 04:00,20262742.0,0,0,0,0,0.0,0
5548,2024-05-27 05:00,18970400.0,0,0,0,0,0.0,0
5549,2024-05-27 06:00,19394826.0,0,0,0,0,0.0,0
5550,2024-05-27 07:00,18321143.0,0,0,0,0,0.0,0
5551,2024-05-27 08:00,18125752.0,0,0,0,0,0.0,0
5552,2024-05-27 09:00,18701122.0,0,0,0,0,0.0,0
5553,2024-05-27 10:00,17674672.0,0,0,0,0,0.0,0
5554,2024-05-27 11:00,18058567.0,0,0,0,0,0.0,0
5555,2024-05-27 12:00,14539734.0,0,1,1,0,0.8333333333333333,1
5556,2024-05-27 13:00,16672069.0,0,0,0,0,0.0,0
5557,2024-05-27 14:00,15003625.0,0,0,1,0,0.375,0
5558,2024-05-27 15:00,19849557.0,0,0,0,0,0.0,0
5559,2024-05-27 16:00,19270148.0,0,0,0,0,0.0,0
5560,2024-05-27 17:00,21513543.0,0,0,0,0,0.0,0
5561,2024-05-27 18:00,21542394.0,0,0,0,0,0.0,0
5562,2024-05-27 19:00,22080295.0,0,0,0,0,0.0,0
5563,2024-05-27 20:00,22260686.0,0,0,0,0,0.0,0
5564,2024-05-27 21:00,22324252.0,0,0,0,0,0.0,0
5565,2024-05-27 22:00,22183513.0,0,0,0,0,0.0,0
5566,2024-05-27 23:00,22031820.0,0,0,0,0,0.0,0
5567,2024-05-28 00:00,22226399.0,0,0,0,0,0.0,0
5568,2024-05-28 01:00,21975292.0,0,0,0,0,0.0,0
5569,2024-05-28 02:00,21060715.0,0,0,0,0,0.0,0
5570,2024-05-28 03:00,18897160.0,0,0,0,0,0.0,0
5571,2024-05-28 04:00,16902828.0,0,0,0,0,0.0,0
5572,2024-05-28 05:00,15691879.0,0,0,1,0,0.375,0
5573,2024-05-28 06:00,15557783.0,0,0,1,0,0.375,0
5574,2024-05-28 07:00,15296357.0,0,0,1,0,0.375,0
5575,2024-05-28 08:00,15527838.0,0,0,1,0,0.375,0
5576,2024-05-28 09:00,16043331.0,0,0,0,0,0.0,0
5577,2024-05-28 10:00,16256724.0,0,0,0,0,0.0,0
5578,2024-05-28 11:00,16310052.0,0,0,0,0,0.0,0
5579,2024-05-28 12:00,17220366.0,0,0,0,0,0.0,0
5580,2024-05-28 13:00,18166265.0,0,0,0,0,0.0,0
5581,2024-05-28 14:00,18786457.0,0,0,0,0,0.0,0
5582,2024-05-28 15:00,21325144.0,0,0,0,0,0.0,0
5583,2024-05-28 16:00,22038786.0,0,0,0,0,0.0,0
5584,2024-05-28 17:00,20900184.0,0,0,0,0,0.0,0
5585,2024-05-28 18:00,21483645.0,0,0,0,0,0.0,0
5586,2024-05-28 19:00,22799023.0,0,0,0,0,0.0,0
5587,2024-05-28 20:00,22743732.0,0,0,0,0,0.0,0
5588,2024-05-28 21:00,22710217.0,0,0,0,0,0.0,0
5589,2024-05-28 22:00,21526142.0,0,0,0,0,0.0,0
5590,2024-05-28 23:00,22635270.0,0,0,0,0,0.0,0
5591,2024-05-29 00:00,22983785.0,0,0,0,0,0.0,0
5592,2024-05-29 01:00,21263941.0,0,0,0,0,0.0,0
5593,2024-05-29 02:00,19579457.0,0,0,0,0,0.0,0
5594,2024-05-29 03:00,19529465.0,0,0,0,0,0.0,0
5595,2024-05-29 04:00,17633901.0,0,0,0,0,0.0,0
5596,2024-05-29 05:00,18578212.0,0,0,0,0,0.0,0
5597,2024-05-29 06:00,16500708.0,0,0,0,0,0.0,0
5598,2024-05-29 07:00,16498726.0,0,0,0,0,0.0,0
5599,2024-05-29 08:00,18815794.0,0,0,0,0,0.0,0
5600,2024-05-29 09:00,19270821.0,0,0,0,1,0.16666666666666666,0
5601,2024-05-29 10:00,19297514.0,0,0,0,0,0.0,0
5602,2024-05-29 11:00,20325321.0,0,0,0,0,0.0,0
5603,2024-05-29 12:00,19048544.0,0,0,0,0,0.0,0
5604,2024-05-29 13:00,18106745.0,0,0,0,0,0.0,0
5605,2024-05-29 14:00,18027677.0,0,0,0,0,0.0,0
5606,2024-05-29 15:00,18505424.0,0,0,0,0,0.0,0
5607,2024-05-29 16:00,19135815.0,0,0,0,0,0.0,0
5608,2024-05-29 17:00,19630909.0,0,0,0,0,0.0,0
5609,2024-05-29 18:00,18712511.0,0,0,0,0,0.0,0
5610,2024-05-29 19:00,18569610.0,0,0,0,0,0.0,0
5611,2024-05-29 20:00,19543403.0,0,0,0,0,0.0,0
5612,2024-05-29 21:00,20358926.0,0,0,0,0,0.0,0
5613,2024-05-29 22:00,20983886.0,0,0,0,0,0.0,0
5614,2024-05-29 23:00,20658739.0,0,0,0,0,0.0,0
5615,2024-05-30 00:00,18840778.0,0,0,0,0,0.0,0
5616,2024-05-30 01:00,21830781.0,0,0,0,0,0.0,0
5617,2024-05-30 02:00,21101352.0,0,0,0,0,0.0,0
5618,2024-05-30 03:00,19743489.0,0,0,0,0,0.0,0
5619,2024-05-30 04:00,18953870.0,0,0,0,0,0.0,0
5620,2024-05-30 05:00,17854078.0,0,0,0,0,0.0,0
5621,2024-05-30 06:00,17761490.0,0,0,0,0,0.0,0
5622,2024-05-30 07:00,18565781.0,0,0,0,0,0.0,0
5623,2024-05-30 08:00,18390852.0,0,0,0,0,0.0,0
5624,2024-05-30 09:00,17569878.0,0,0,0,0,0.0,0
5625,2024-05-30 10:00,17371128.0,0,0,0,0,0.0,0
5626,2024-05-30 11:00,18341607.0,0,0,0,0,0.0,0
5627,2024-05-30 12:00,18065262.0,0,0,0,0,0.0,0
5628,2024-05-30 13:00,18163078.0,0,0,0,0,0.0,0
5629,2024-05-30 14:00,18915310.0,0,0,0,0,0.0,0
5630,2024-05-30 15:00,18104433.0,0,0,0,0,0.0,0
5631,2024-05-30 16:00,17776929.0,0,0,0,0,0.0,0
5632,2024-05-30 17:00,18011607.0,0,0,0,0,0.0,0
5633,2024-05-30 18:00,19920670.0,0,0,0,0,0.0,0
5634,2024-05-30 19:00,19890349.0,0,0,0,0,0.0,0
5635,2024-05-30 20:00,18986536.0,0,0,0,0,0.0,0
5636,2024-05-30 21:00,19660088.0,0,0,0,0,0.0,0
5637,2024-05-30 22:00,19617717.0,0,0,0,0,0.0,0
5638,2024-05-30 23:00,18994826.0,0,0,0,0,0.0,0
5639,2024-05-31 00:00,18834758.0,0,0,0,0,0.0,0
5640,2024-05-31 01:00,18587697.0,0,0,0,0,0.0,0
5641,2024-05-31 02:00,20085611.0,0,0,0,0,0.0,0
5642,2024-05-31 03:00,19650815.0,0,0,0,0,0.0,0
5643,2024-05-31 04:00,18133229.0,0,0,0,0,0.0,0
5644,2024-05-31 05:00,17819574.0,0,0,0,0,0.0,0
5645,2024-05-31 06:00,17005674.0,0,0,1,0,0.375,0
5646,2024-05-31 07:00,17474211.0,0,0,0,0,0.0,0
5647,2024-05-31 08:00,17015151.0,0,0,1,0,0.375,0
5648,2024-05-31 09:00,18298635.0,0,0,0,0,0.0,0
5649,2024-05-31 10:00,18096511.0,0,0,0,0,0.0,0
5650,2024-05-31 11:00,18861769.0,0,0,0,0,0.0,0
5651,2024-05-31 12:00,17324818.0,0,0,0,0,0.0,0
5652,2024-05-31 13:00,18962747.0,0,0,0,0,0.0,0
5653,2024-05-31 14:00,19772134.0,0,0,0,0,0.0,0
5654,2024-05-31 15:00,19304197.0,0,0,0,0,0.0,0
5655,2024-05-31 16:00,19582395.0,0,0,0,0,0.0,0
5656,2024-05-31 17:00,22747986.0,0,0,1,0,0.375,0
5657,2024-05-31 18:00,22740146.0,0,0,1,0,0.375,0
5658,2024-05-31 19:00,22097099.0,0,0,1,0,0.375,0
5659,2024-05-31 20:00,22619960.0,0,0,1,0,0.375,0
5660,2024-05-31 21:00,24410548.0,0,0,1,0,0.375,0
5661,2024-05-31 22:00,24332582.0,0,0,1,0,0.375,0
5662,2024-05-31 23:00,24332875.0,0,0,1,0,0.375,0
5663,2024-06-01 00:00,24212522.0,1,0,1,0,0.375,0
5664,2024-06-01 01:00,24196132.0,1,0,1,0,0.375,0
5665,2024-06-01 02:00,23190841.0,1,0,1,0,0.375,0
5666,2024-06-01 03:00,21595449.0,1,0,0,0,0.0,0
5667,2024-06-01 04:00,22291084.0,1,0,0,0,0.0,0
5668,2024-06-01 05:00,21784999.0,1,0,0,0,0.0,0
5669,2024-06-01 06:00,21454741.0,1,0,0,0,0.0,0
5670,2024-06-01 07:00,20328867.0,1,0,0,0,0.0,0
5671,2024-06-01 08:00,18725965.0,1,0,0,0,0.0,0
5672,2024-06-01 09:00,18803520.0,1,0,0,0,0.0,0
5673,2024-06-01 10:00,18016235.0,1,0,0,0,0.0,0
5674,2024-06-01 11:00,18132854.0,1,0,0,0,0.0,0
5675,2024-06-01 12:00,17791990.0,1,0,0,0,0.0,0
5676,2024-06-01 13:00,18137527.0,1,0,0,0,0.0,0
5677,2024-06-01 14:00,19384497.0,1,0,0,0,0.0,0
5678,2024-06-01 15:00,19663064.0,1,0,0,0,0.0,0
5679,2024-06-01 16:00,19452236.0,1,0,0,0,0.0,0
5680,2024-06-01 17:00,19623211.0,1,0,0,0,0.0,0
5681,2024-06-01 18:00,21544398.0,1,0,0,0,0.0,0
5682,2024-06-01 19:00,21528040.0,1,0,0,0,0.0,0
5683,2024-06-01 20:00,21953267.0,1,0,0,0,0.0,0
5684,2024-06-01 21:00,21056161.0,1,0,0,0,0.0,0
5685,2024-06-01 22:00,20306431.0,1,0,0,0,0.0,0
5686,2024-06-01 23:00,19982356.0,1,0,0,0,0.0,0
5687,2024-06-02 00:00,19876499.0,1,0,0,0,0.0,0
5688,2024-06-02 01:00,19999706.0,1,0,0,0,0.0,0
5689,2024-06-02 02:00,19205309.0,1,0,0,0,0.0,0
5690,2024-06-02 03:00,18435401.0,1,0,0,0,0.0,0
5691,2024-06-02 04:00,17013645.0,1,0,1,0,0.375,0
5692,2024-06-02 05:00,17350846.0,1,0,1,0,0.375,0
5693,2024-06-02 06:00,17288331.0,1,0,1,0,0.375,0
5694,2024-06-02 07:00,17690899.0,1,0,1,0,0.375,0
5695,2024-06-02 08:00,17617955.0,1,0,1,0,0.375,0
5696,2024-06-02 09:00,18447138.0,1,0,0,0,0.0,0
5697,2024-06-02 10:00,17355941.0,1,0,1,0,0.375,0
5698,2024-06-02 11:00,17457525.0,1,0,1,0,0.375,0
5699,2024-06-02 12:00,18348196.0,1,1,0,1,0.625,0
5700,2024-06-02 13:00,17797685.0,1,0,0,0,0.0,0
5701,2024-06-02 14:00,17913706.0,1,0,0,0,0.0,0
5702,2024-06-02 15:00,19859143.0,1,0,0,0,0.0,0
5703,2024-06-02 16:00,13843646.0,1,0,1,0,0.375,0
5704,2024-06-02 17:00,15276863.0,1,0,1,0,0.375,0
5705,2024-06-02 18:00,21051472.0,1,0,0,0,0.0,0
5706,2024-06-02 19:00,20554157.0,1,0,0,1,0.16666666666666666,0
5707,2024-06-02 20:00,19441038.0,1,0,0,0,0.0,0
5708,2024-06-02 21:00,22376964.0,1,0,1,0,0.375,0
5709,2024-06-02 22:00,21952738.0,1,0,0,0,0.0,0
5710,2024-06-02 23:00,22026909.0,1,0,0,0,0.0,0
5711,2024-06-03 00:00,23010874.0,0,0,1,0,0.375,0
5712,2024-06-03 01:00,22371830.0,0,0,1,0,0.375,0
5713,2024-06-03 02:00,20916348.0,0,0,0,0,0.0,0
5714,2024-06-03 03:00,19421072.0,0,0,0,0,0.0,0
5715,2024-06-03 04:00,17393830.0,0,0,1,0,0.375,0
5716,2024-06-03 05:00,17608636.0,0,0,0,0,0.0,0
5717,2024-06-03 06:00,16644339.0,0,0,1,0,0.375,0
5718,2024-06-03 07:00,17035078.0,0,0,1,0,0.375,0
5719,2024-06-03 08:00,16449935.0,0,0,1,0,0.375,0
5720,2024-06-03 09:00,16598154.0,0,0,1,0,0.375,0
5721,2024-06-03 10:00,16556512.0,0,0,1,0,0.375,0
5722,2024-06-03 11:00,17059627.0,0,0,1,0,0.375,0
5723,2024-06-03 12:00,18717762.0,0,0,0,0,0.0,0
5724,2024-06-03 13:00,19386293.0,0,0,0,0,0.0,0
5725,2024-06-03 14:00,19191987.0,0,0,0,0,0.0,0
5726,2024-06-03 15:00,18825226.0,0,0,0,0,0.0,0
5727,2024-06-03 16:00,18657380.0,0,0,0,0,0.0,0
5728,2024-06-03 17:00,18932884.0,0,0,0,0,0.0,0
5729,2024-06-03 18:00,20628108.0,0,0,0,0,0.0,0
5730,2024-06-03 19:00,20630216.0,0,0,0,0,0.0,0
5731,2024-06-03 20:00,19938135.0,0,0,0,0,0.0,0
5732,2024-06-03 21:00,20888589.0,0,0,0,0,0.0,0
5733,2024-06-03 22:00,20068251.0,0,0,0,0,0.0,0
5734,2024-06-03 23:00,21430230.0,0,0,0,0,0.0,0
5735,2024-06-04 00:00,21164799.0,0,0,0,0,0.0,0
5736,2024-06-04 01:00,20999940.0,0,0,0,0,0.0,0
5737,2024-06-04 02:00,19808704.0,0,0,0,0,0.0,0
5738,2024-06-04 03:00,18234412.0,0,0,0,0,0.0,0
5739,2024-06-04 04:00,16977232.0,0,0,1,0,0.375,0
5740,2024-06-04 05:00,16395741.0,0,0,1,0,0.375,0
5741,2024-06-04 06:00,16367862.0,0,0,1,0,0.375,0
5742,2024-06-04 07:00,16760679.0,0,0,1,0,0.375,0
5743,2024-06-04 08:00,5216265.0,0,0,1,1,0.5416666666666666,0
5744,2024-06-04 09:00,8316.0,0,0,1,0,0.375,0
5745,2024-06-04 10:00,8393.0,0,0,1,0,0.375,0
5746,2024-06-04 11:00,5589.0,0,0,1,0,0.375,0
5747,2024-06-04 12:00,5738.0,0,0,1,0,0.375,0
5748,2024-06-04 13:00,4365.0,0,0,1,0,0.375,0
5749,2024-06-04 14:00,3484.0,0,0,1,0,0.375,0
5750,2024-06-04 15:00,2436.0,0,0,1,0,0.375,0
5751,2024-06-04 16:00,3974.0,0,0,1,0,0.375,0
5752,2024-06-04 17:00,4059.0,0,0,1,0,0.375,0
5753,2024-06-04 18:00,5240.0,0,0,1,0,0.375,0
5754,2024-06-04 19:00,5024.0,0,0,1,0,0.375,0
5755,2024-06-04 20:00,4731.0,0,0,1,0,0.375,0
5756,2024-06-04 21:00,4707.0,0,0,1,0,0.375,0
5757,2024-06-04 22:00,3814.0,0,0,1,0,0.375,0
5758,2024-06-04 23:00,4478.0,0,0,1,0,0.375,0
5759,2024-06-05 00:00,3628.0,0,0,1,0,0.375,0
5760,2024-06-05 01:00,4864.0,0,0,1,0,0.375,0
5761,2024-06-05 02:00,9288.0,0,0,1,0,0.375,0
5762,2024-06-05 03:00,11025.0,0,0,1,0,0.375,0
5763,2024-06-05 04:00,10258.0,0,0,1,0,0.375,0
5764,2024-06-05 05:00,8354.0,0,0,1,0,0.375,0
5765,2024-06-05 06:00,10204.0,0,0,1,0,0.375,0
5766,2024-06-05 07:00,9662.0,0,0,1,0,0.375,0
5767,2024-06-05 08:00,10164.0,0,0,1,0,0.375,0
5768,2024-06-05 09:00,9815.0,0,0,1,0,0.375,0
5769,2024-06-05 10:00,8164.0,0,0,1,0,0.375,0
5770,2024-06-05 11:00,4073.0,0,0,1,0,0.375,0
5771,2024-06-05 12:00,4816.0,0,0,1,0,0.375,0
5772,2024-06-05 13:00,4365.0,0,0,1,0,0.375,0
5773,2024-06-05 14:00,4345.0,0,0,1,0,0.375,0
5774,2024-06-05 15:00,4425.0,0,0,1,0,0.375,0
5775,2024-06-05 16:00,4258.0,0,0,1,0,0.375,0
5776,2024-06-05 17:00,5309.0,0,0,1,0,0.375,0
5777,2024-06-05 18:00,4755.0,0,0,1,0,0.375,0
5778,2024-06-05 19:00,4292.0,0,0,1,0,0.375,0
5779,2024-06-05 20:00,4263.0,0,0,1,0,0.375,0
5780,2024-06-05 21:00,4285.0,0,0,1,0,0.375,0
5781,2024-06-05 22:00,3997.0,0,0,1,0,0.375,0
5782,2024-06-05 23:00,3743.0,0,0,1,0,0.375,0
5783,2024-06-06 00:00,3837.0,0,0,1,0,0.375,0
5784,2024-06-06 01:00,4469.0,0,0,0,0,0.0,0
5785,2024-06-06 02:00,6915.0,0,0,0,0,0.0,0
5786,2024-06-06 03:00,10282.0,0,0,0,0,0.0,0
5787,2024-06-06 04:00,8994.0,0,0,0,0,0.0,0
5788,2024-06-06 05:00,8271.0,0,0,0,0,0.0,0
5789,2024-06-06 06:00,8119.0,0,0,0,0,0.0,0
5790,2024-06-06 07:00,8236.0,0,0,0,0,0.0,0
5791,2024-06-06 08:00,7691.0,0,0,0,0,0.0,0
5792,2024-06-06 09:00,7249.0,0,0,0,0,0.0,0
5793,2024-06-06 10:00,11861.0,0,0,0,0,0.0,0
5794,2024-06-06 11:00,5578.0,0,0,0,0,0.0,0
5795,2024-06-06 12:00,5514.0,0,0,0,0,0.0,0
5796,2024-06-06 13:00,4899.0,0,0,0,0,0.0,0
5797,2024-06-06 14:00,5826.0,0,0,0,0,0.0,0
5798,2024-06-06 15:00,5458.0,0,0,0,0,0.0,0
5799,2024-06-06 16:00,5605.0,0,0,0,0,0.0,0
5800,2024-06-06 17:00,5217.0,0,0,0,0,0.0,0
5801,2024-06-06 18:00,6691.0,0,0,0,0,0.0,0
5802,2024-06-06 19:00,5425.0,0,0,0,0,0.0,0
5803,2024-06-06 20:00,4371.0,0,0,0,0,0.0,0
5804,2024-06-06 21:00,4282.0,0,0,0,0,0.0,0
5805,2024-06-06 22:00,3679.0,0,0,0,0,0.0,0
5806,2024-06-06 23:00,4010.0,0,0,0,0,0.0,0
5807,2024-06-07 00:00,3927.0,0,0,0,0,0.0,0
5808,2024-06-07 01:00,4346.0,0,0,0,0,0.0,0
5809,2024-06-07 02:00,7311.0,0,0,0,0,0.0,0
5810,2024-06-07 03:00,11229.0,0,0,0,0,0.0,0
5811,2024-06-07 04:00,8935.0,0,0,0,0,0.0,0
5812,2024-06-07 05:00,9479.0,0,0,0,0,0.0,0
5813,2024-06-07 06:00,9856.0,0,0,0,0,0.0,0
5814,2024-06-07 07:00,9106.0,0,0,0,0,0.0,0
5815,2024-06-07 08:00,9742.0,0,0,0,0,0.0,0
5816,2024-06-07 09:00,10787.0,0,0,0,0,0.0,0
5817,2024-06-07 10:00,9853.0,0,0,0,0,0.0,0
5818,2024-06-07 11:00,7595.0,0,0,0,0,0.0,0
5819,2024-06-07 12:00,6127.0,0,0,0,0,0.0,0
5820,2024-06-07 13:00,6828.0,0,0,0,0,0.0,0
5821,2024-06-07 14:00,6052.0,0,0,0,0,0.0,0
5822,2024-06-07 15:00,4640.0,0,0,0,0,0.0,0
5823,2024-06-07 16:00,4731.0,0,0,0,0,0.0,0
5824,2024-06-07 17:00,5458.0,0,0,0,0,0.0,0
5825,2024-06-07 18:00,5775.0,0,0,0,0,0.0,0
5826,2024-06-07 19:00,5291.0,0,0,0,0,0.0,0
5827,2024-06-07 20:00,4443.0,0,0,0,0,0.0,0
5828,2024-06-07 21:00,5377.0,0,0,0,0,0.0,0
5829,2024-06-07 22:00,4582.0,0,0,0,0,0.0,0
5830,2024-06-07 23:00,4521.0,0,0,0,0,0.0,0
5831,2024-06-08 00:00,4227.0,1,0,0,0,0.0,0
5832,2024-06-08 01:00,5011.0,1,0,0,0,0.0,0
5833,2024-06-08 02:00,5235.0,1,0,0,0,0.0,0
5834,2024-06-08 03:00,6908.0,1,0,0,0,0.0,0
5835,2024-06-08 04:00,6274.0,1,0,0,0,0.0,0
5836,2024-06-08 05:00,6390.0,1,0,0,0,0.0,0
5837,2024-06-08 06:00,7288.0,1,0,0,0,0.0,0
5838,2024-06-08 07:00,5942.0,1,0,0,0,0.0,0
5839,2024-06-08 08:00,5971.0,1,0,0,0,0.0,0
5840,2024-06-08 09:00,7146.0,1,0,0,0,0.0,0
5841,2024-06-08 10:00,6813.0,1,0,0,0,0.0,0
5842,2024-06-08 11:00,6355.0,1,0,0,0,0.0,0
5843,2024-06-08 12:00,6380.0,1,0,1,0,0.375,0
5844,2024-06-08 13:00,4961.0,1,0,1,0,0.375,0
5845,2024-06-08 14:00,5294.0,1,0,1,0,0.375,0
5846,2024-06-08 15:00,5866.0,1,0,1,0,0.375,0
5847,2024-06-08 16:00,5126.0,1,0,1,0,0.375,0
5848,2024-06-08 17:00,5203.0,1,0,1,0,0.375,0
5849,2024-06-08 18:00,4795.0,1,0,1,0,0.375,0
5850,2024-06-08 19:00,5099.0,1,0,1,0,0.375,0
5851,2024-06-08 20:00,4342.0,1,0,1,0,0.375,0
5852,2024-06-08 21:00,4876.0,1,0,1,0,0.375,0
5853,2024-06-08 22:00,4257.0,1,0,1,0,0.375,0
5854,2024-06-08 23:00,4321.0,1,0,1,0,0.375,0
5855,2024-06-09 00:00,4295.0,1,0,1,0,0.375,0
5856,2024-06-09 01:00,4216.0,1,0,1,0,0.375,0
5857,2024-06-09 02:00,4958.0,1,0,1,0,0.375,0
5858,2024-06-09 03:00,6074.0,1,0,1,0,0.375,0
5859,2024-06-09 04:00,5680.0,1,0,1,0,0.375,0
5860,2024-06-09 05:00,5044.0,1,0,1,1,0.5416666666666666,0
5861,2024-06-09 06:00,5496.0,1,0,1,0,0.375,0
5862,2024-06-09 07:00,6375.0,1,0,1,0,0.375,0
5863,2024-06-09 08:00,5054.0,1,0,1,0,0.375,0
5864,2024-06-09 09:00,6147.0,1,0,1,0,0.375,0
5865,2024-06-09 10:00,6202.0,1,0,1,0,0.375,0
5866,2024-06-09 11:00,5858.0,1,0,1,0,0.375,0
5867,2024-06-09 12:00,6282.0,1,0,1,0,0.375,0
5868,2024-06-09 13:00,5494.0,1,0,1,0,0.375,0
5869,2024-06-09 14:00,5192.0,1,0,1,0,0.375,0
5870,2024-06-09 15:00,5375.0,1,0,1,0,0.375,0
5871,2024-06-09 16:00,4909.0,1,0,1,0,0.375,0
5872,2024-06-09 17:00,5066.0,1,0,1,0,0.375,0
5873,2024-06-09 18:00,5955.0,1,0,1,0,0.375,0
5874,2024-06-09 19:00,6105.0,1,0,1,0,0.375,0
5875,2024-06-09 20:00,5484.0,1,0,1,0,0.375,0
5876,2024-06-09 21:00,4665.0,1,0,1,0,0.375,0
5877,2024-06-09 22:00,3885.0,1,0,1,0,0.375,0
5878,2024-06-09 23:00,3752.0,1,0,1,0,0.375,0
5879,2024-06-10 00:00,4666.0,0,0,1,0,0.375,0
5880,2024-06-10 01:00,5786.0,0,0,1,0,0.375,0
5881,2024-06-10 02:00,9632.0,0,0,1,0,0.375,0
5882,2024-06-10 03:00,14309.0,0,0,1,1,0.5416666666666666,0
5883,2024-06-10 04:00,12421.0,0,0,1,0,0.375,0
5884,2024-06-10 05:00,11378.0,0,0,1,0,0.375,0
5885,2024-06-10 06:00,12566.0,0,0,1,0,0.375,0
5886,2024-06-10 07:00,12517.0,0,0,1,0,0.375,0
5887,2024-06-10 08:00,11769.0,0,0,1,0,0.375,0
5888,2024-06-10 09:00,12952.0,0,0,1,0,0.375,0
5889,2024-06-10 10:00,11333.0,0,0,1,0,0.375,0
5890,2024-06-10 11:00,7983.0,0,0,1,0,0.375,0
5891,2024-06-10 12:00,7046.0,0,0,1,0,0.375,0
5892,2024-06-10 13:00,5643.0,0,0,1,0,0.375,0
5893,2024-06-10 14:00,5882.0,0,0,1,0,0.375,0
5894,2024-06-10 15:00,5728.0,0,0,1,0,0.375,0
5895,2024-06-10 16:00,5395.0,0,0,1,0,0.375,0
5896,2024-06-10 17:00,5520.0,0,0,1,0,0.375,0
5897,2024-06-10 18:00,6288.0,0,0,1,0,0.375,0
5898,2024-06-10 19:00,5839.0,0,0,1,0,0.375,0
5899,2024-06-10 20:00,5033.0,0,0,1,0,0.375,0
5900,2024-06-10 21:00,4723.0,0,0,1,0,0.375,0
5901,2024-06-10 22:00,4574.0,0,0,1,0,0.375,0
5902,2024-06-10 23:00,4270.0,0,0,1,0,0.375,0
5903,2024-06-11 00:00,4484.0,0,0,1,1,0.5416666666666666,0
5904,2024-06-11 01:00,5786.0,0,0,1,0,0.375,0
5905,2024-06-11 02:00,9498.0,0,0,1,0,0.375,0
5906,2024-06-11 03:00,14354.0,0,0,1,0,0.375,0
5907,2024-06-11 04:00,11863.0,0,0,1,0,0.375,0
5908,2024-06-11 05:00,10563.0,0,0,1,0,0.375,0
5909,2024-06-11 06:00,10978.0,0,0,1,0,0.375,0
5910,2024-06-11 07:00,10579.0,0,0,1,0,0.375,0
5911,2024-06-11 08:00,11309.0,0,0,1,0,0.375,0
5912,2024-06-11 09:00,11262.0,0,0,1,0,0.375,0
5913,2024-06-11 10:00,12571.0,0,0,1,0,0.375,0
5914,2024-06-11 11:00,7245.0,0,0,1,0,0.375,0
5915,2024-06-11 12:00,5751.0,0,0,1,0,0.375,0
5916,2024-06-11 13:00,5828.0,0,0,1,0,0.375,0
5917,2024-06-11 14:00,5846.0,0,0,1,0,0.375,0
5918,2024-06-11 15:00,6383.0,0,0,1,0,0.375,0
5919,2024-06-11 16:00,4193.0,0,0,1,0,0.375,0
5920,2024-06-11 17:00,3580.0,0,0,1,0,0.375,0
5921,2024-06-11 18:00,5247.0,0,0,1,0,0.375,0
5922,2024-06-11 19:00,4620.0,0,0,1,0,0.375,0
5923,2024-06-11 20:00,3694.0,0,0,1,0,0.375,0
5924,2024-06-11 21:00,4321.0,0,0,1,0,0.375,0
5925,2024-06-11 22:00,4480.0,0,0,1,0,0.375,0
5926,2024-06-11 23:00,3790.0,0,0,1,0,0.375,0
5927,2024-06-12 00:00,3410.0,0,0,1,0,0.375,0
5928,2024-06-12 01:00,4520.0,0,0,1,1,0.5416666666666666,0
5929,2024-06-12 02:00,8436.0,0,0,1,0,0.375,0
5930,2024-06-12 03:00,10924.0,0,0,1,0,0.375,0
5931,2024-06-12 04:00,8884.0,0,0,1,0,0.375,0
5932,2024-06-12 05:00,8914.0,0,0,1,0,0.375,0
5933,2024-06-12 06:00,7800.0,0,0,1,0,0.375,0
5934,2024-06-12 07:00,5706.0,0,0,1,0,0.375,0
5935,2024-06-12 08:00,7477.0,0,0,1,0,0.375,0
5936,2024-06-12 09:00,10144.0,0,0,1,0,0.375,0
5937,2024-06-12 10:00,9169.0,0,0,1,0,0.375,0
5938,2024-06-12 11:00,6659.0,0,0,1,0,0.375,0
5939,2024-06-12 12:00,5630.0,0,0,1,0,0.375,0
5940,2024-06-12 13:00,4690.0,0,0,1,0,0.375,0
5941,2024-06-12 14:00,5983.0,0,0,1,0,0.375,0
5942,2024-06-12 15:00,5125.0,0,0,1,0,0.375,0
5943,2024-06-12 16:00,5417.0,0,0,1,0,0.375,0
5944,2024-06-12 17:00,5773.0,0,0,1,0,0.375,0
5945,2024-06-12 18:00,5098.0,0,0,1,0,0.375,0
5946,2024-06-12 19:00,4604.0,0,0,1,0,0.375,0
5947,2024-06-12 20:00,3750.0,0,0,1,0,0.375,0
5948,2024-06-12 21:00,4564.0,0,0,1,0,0.375,0
5949,2024-06-12 22:00,4286.0,0,0,1,0,0.375,0
5950,2024-06-12 23:00,3735.0,0,0,1,0,0.375,0
5951,2024-06-13 00:00,3211.0,0,0,1,0,0.375,0
5952,2024-06-13 01:00,3964.0,0,0,1,1,0.5416666666666666,0
5953,2024-06-13 02:00,8052.0,0,0,1,0,0.375,0
5954,2024-06-13 03:00,11370.0,0,0,1,0,0.375,0
5955,2024-06-13 04:00,9107.0,0,0,1,0,0.375,0
5956,2024-06-13 05:00,10606.0,0,0,1,0,0.375,0
5957,2024-06-13 06:00,9951.0,0,0,1,0,0.375,0
5958,2024-06-13 07:00,9967.0,0,0,1,0,0.375,0
5959,2024-06-13 08:00,9143.0,0,0,1,0,0.375,0
5960,2024-06-13 09:00,10009.0,0,0,1,0,0.375,0
5961,2024-06-13 10:00,8929.0,0,0,1,0,0.375,0
5962,2024-06-13 11:00,6204.0,0,0,1,0,0.375,0
5963,2024-06-13 12:00,5952.0,0,0,1,0,0.375,0
5964,2024-06-13 13:00,6040.0,0,0,1,0,0.375,0
5965,2024-06-13 14:00,5516.0,0,0,1,0,0.375,0
5966,2024-06-13 15:00,4986.0,0,0,1,0,0.375,0
5967,2024-06-13 16:00,5129.0,0,0,1,0,0.375,0
5968,2024-06-13 17:00,5949.0,0,0,1,0,0.375,0
5969,2024-06-13 18:00,5283.0,0,0,1,0,0.375,0
5970,2024-06-13 19:00,4898.0,0,0,1,0,0.375,0
5971,2024-06-13 20:00,5144.0,0,0,1,0,0.375,0
5972,2024-06-13 21:00,5020.0,0,0,1,0,0.375,0
5973,2024-06-13 22:00,4237.0,0,0,1,0,0.375,0
5974,2024-06-13 23:00,4193.0,0,0,1,0,0.375,0
5975,2024-06-14 00:00,3704.0,0,0,1,0,0.375,0
5976,2024-06-14 01:00,4256.0,0,0,1,0,0.375,0
5977,2024-06-14 02:00,7672.0,0,0,1,0,0.375,0
5978,2024-06-14 03:00,9940.0,0,0,1,0,0.375,0
5979,2024-06-14 04:00,8904.0,0,0,1,0,0.375,0
5980,2024-06-14 05:00,8657.0,0,0,1,0,0.375,0
5981,2024-06-14 06:00,9685.0,0,0,1,0,0.375,0
5982,2024-06-14 07:00,9703.0,0,0,1,0,0.375,0
5983,2024-06-14 08:00,10008.0,0,0,1,0,0.375,0
5984,2024-06-14 09:00,10584.0,0,0,1,0,0.375,0
5985,2024-06-14 10:00,8718.0,0,0,1,0,0.375,0
5986,2024-06-14 11:00,6106.0,0,0,1,0,0.375,0
5987,2024-06-14 12:00,6324.0,0,0,1,0,0.375,0
5988,2024-06-14 13:00,5344.0,0,0,1,0,0.375,0
5989,2024-06-14 14:00,5473.0,0,0,1,0,0.375,0
5990,2024-06-14 15:00,6129.0,0,0,1,0,0.375,0
5991,2024-06-14 16:00,5808.0,0,0,1,0,0.375,0
5992,2024-06-14 17:00,5396.0,0,0,1,0,0.375,0
5993,2024-06-14 18:00,5971.0,0,0,1,0,0.375,0
5994,2024-06-14 19:00,5768.0,0,0,1,0,0.375,0
5995,2024-06-14 20:00,4461.0,0,0,1,0,0.375,0
5996,2024-06-14 21:00,4414.0,0,0,1,0,0.375,0
5997,2024-06-14 22:00,4302.0,0,0,1,0,0.375,0
5998,2024-06-14 23:00,4589.0,0,0,1,0,0.375,0
5999,2024-06-15 00:00,4851.0,1,0,1,1,0.5416666666666666,0
6000,2024-06-15 01:00,5079.0,1,0,1,0,0.375,0
6001,2024-06-15 02:00,6145.0,1,0,1,0,0.375,0
6002,2024-06-15 03:00,6955.0,1,0,1,0,0.375,0
6003,2024-06-15 04:00,6662.0,1,0,1,0,0.375,0
6004,2024-06-15 05:00,7057.0,1,0,1,0,0.375,0
6005,2024-06-15 06:00,6629.0,1,0,1,0,0.375,0
6006,2024-06-15 07:00,7385.0,1,0,1,0,0.375,0
6007,2024-06-15 08:00,5873.0,1,0,1,0,0.375,0
6008,2024-06-15 09:00,7574.0,1,0,1,0,0.375,0
6009,2024-06-15 10:00,8270.0,1,0,1,0,0.375,0
6010,2024-06-15 11:00,6493.0,1,0,1,0,0.375,0
6011,2024-06-15 12:00,6215.0,1,0,1,0,0.375,0
6012,2024-06-15 13:00,6854.0,1,0,1,0,0.375,0
6013,2024-06-15 14:00,5778.0,1,0,1,0,0.375,0
6014,2024-06-15 15:00,6547.0,1,0,1,0,0.375,0
6015,2024-06-15 16:00,6388.0,1,0,1,0,0.375,0
6016,2024-06-15 17:00,5933.0,1,0,1,0,0.375,0
6017,2024-06-15 18:00,5407.0,1,0,1,0,0.375,0
6018,2024-06-15 19:00,5461.0,1,0,1,0,0.375,0
6019,2024-06-15 20:00,4382.0,1,0,1,0,0.375,0
6020,2024-06-15 21:00,4643.0,1,0,1,0,0.375,0
6021,2024-06-15 22:00,4279.0,1,0,1,0,0.375,0
6022,2024-06-15 23:00,4253.0,1,0,1,0,0.375,0
6023,2024-06-16 00:00,4404.0,1,0,1,0,0.375,0
6024,2024-06-16 01:00,4623.0,1,0,1,0,0.375,0
6025,2024-06-16 02:00,5756.0,1,0,1,0,0.375,0
6026,2024-06-16 03:00,6507.0,1,0,1,0,0.375,0
6027,2024-06-16 04:00,6885.0,1,0,1,0,0.375,0
6028,2024-06-16 05:00,6987.0,1,0,1,0,0.375,0
6029,2024-06-16 06:00,6703.0,1,0,1,0,0.375,0
6030,2024-06-16 07:00,6544.0,1,0,1,0,0.375,0
6031,2024-06-16 08:00,6473.0,1,0,1,0,0.375,0
6032,2024-06-16 09:00,8145.0,1,0,1,0,0.375,0
6033,2024-06-16 10:00,7579.0,1,0,1,0,0.375,0
6034,2024-06-16 11:00,6409.0,1,0,1,0,0.375,0
6035,2024-06-16 12:00,6429.0,1,0,1,0,0.375,0
6036,2024-06-16 13:00,7042.0,1,0,1,0,0.375,0
6037,2024-06-16 14:00,5834.0,1,0,1,0,0.375,0
6038,2024-06-16 15:00,6261.0,1,0,1,0,0.375,0
6039,2024-06-16 16:00,5893.0,1,0,1,0,0.375,0
6040,2024-06-16 17:00,6635.0,1,0,1,1,0.5416666666666666,0
6041,2024-06-16 18:00,5064.0,1,0,1,0,0.375,0
6042,2024-06-16 19:00,4654.0,1,0,1,0,0.375,0
6043,2024-06-16 20:00,4032.0,1,0,1,0,0.375,0
6044,2024-06-16 21:00,3413.0,1,0,1,0,0.375,0
6045,2024-06-16 22:00,3036.0,1,0,1,0,0.375,0
6046,2024-06-16 23:00,3341.0,1,0,1,0,0.375,0
6047,2024-06-17 00:00,3315.0,0,0,1,0,0.375,0
6048,2024-06-17 01:00,4222.0,0,0,1,1,0.5416666666666666,0
6049,2024-06-17 02:00,7731.0,0,0,1,0,0.375,0
6050,2024-06-17 03:00,10499.0,0,0,1,0,0.375,0
6051,2024-06-17 04:00,8965.0,0,0,1,0,0.375,0
6052,2024-06-17 05:00,7807.0,0,0,1,0,0.375,0
6053,2024-06-17 06:00,9859.0,0,0,1,0,0.375,0
6054,2024-06-17 07:00,9606.0,0,0,1,0,0.375,0
6055,2024-06-17 08:00,11518.0,0,0,1,0,0.375,0
6056,2024-06-17 09:00,11623.0,0,0,1,0,0.375,0
6057,2024-06-17 10:00,11437.0,0,0,1,0,0.375,0
6058,2024-06-17 11:00,6879.0,0,0,1,0,0.375,0
6059,2024-06-17 12:00,7282.0,0,0,1,0,0.375,0
6060,2024-06-17 13:00,6643.0,0,0,1,0,0.375,0
6061,2024-06-17 14:00,7042.0,0,0,1,0,0.375,0
6062,2024-06-17 15:00,6488.0,0,0,1,0,0.375,0
6063,2024-06-17 16:00,5984.0,0,0,1,0,0.375,0
6064,2024-06-17 17:00,7427.0,0,0,1,0,0.375,0
6065,2024-06-17 18:00,6230.0,0,0,1,0,0.375,0
6066,2024-06-17 19:00,5698.0,0,0,1,0,0.375,0
6067,2024-06-17 20:00,5579.0,0,0,1,0,0.375,0
6068,2024-06-17 21:00,5757.0,0,0,1,0,0.375,0
6069,2024-06-17 22:00,4712.0,0,0,1,0,0.375,0
6070,2024-06-17 23:00,4779.0,0,0,1,0,0.375,0
6071,2024-06-18 00:00,5726.0,0,0,1,0,0.375,0
6072,2024-06-18 01:00,5507.0,0,0,1,0,0.375,0
6073,2024-06-18 02:00,9485.0,0,0,1,0,0.375,0
6074,2024-06-18 03:00,12548.0,0,0,1,0,0.375,0
6075,2024-06-18 04:00,9720.0,0,0,1,0,0.375,0
6076,2024-06-18 05:00,9200.0,0,0,1,0,0.375,0
6077,2024-06-18 06:00,8033.0,0,0,1,0,0.375,0
6078,2024-06-18 07:00,9388.0,0,0,1,0,0.375,0
6079,2024-06-18 08:00,9822.0,0,0,1,0,0.375,0
6080,2024-06-18 09:00,7358.0,0,0,1,0,0.375,0
6081,2024-06-18 10:00,5470.0,0,0,1,0,0.375,0
6082,2024-06-18 11:00,3624.0,0,0,1,0,0.375,0
6083,2024-06-18 12:00,2842.0,0,0,1,0,0.375,0
6084,2024-06-18 13:00,3876.0,0,0,1,0,0.375,0
6085,2024-06-18 14:00,3179.0,0,0,1,0,0.375,0
6086,2024-06-18 15:00,3739.0,0,0,1,0,0.375,0
6087,2024-06-18 16:00,4553.0,0,0,1,0,0.375,0
6088,2024-06-18 17:00,5636.0,0,0,1,0,0.375,0
6089,2024-06-18 18:00,2508.0,0,0,1,0,0.375,0
6090,2024-06-18 19:00,2554.0,0,0,1,0,0.375,0
6091,2024-06-18 20:00,2214.0,0,0,1,0,0.375,0
6092,2024-06-18 21:00,2096.0,0,0,1,1,0.5416666666666666,0
6093,2024-06-18 22:00,2349.0,0,0,1,0,0.375,0
6094,2024-06-18 23:00,2276.0,0,0,1,0,0.375,0
6095,2024-06-19 00:00,2003.0,0,0,1,0,0.375,0
6096,2024-06-19 01:00,2358.0,0,0,1,0,0.375,0
6097,2024-06-19 02:00,4562.0,0,0,1,0,0.375,0
6098,2024-06-19 03:00,6739.0,0,0,1,0,0.375,0
6099,2024-06-19 04:00,5994.0,0,0,1,0,0.375,0
6100,2024-06-19 05:00,4478.0,0,0,1,0,0.375,0
6101,2024-06-19 06:00,5167.0,0,0,1,0,0.375,0
6102,2024-06-19 07:00,5275.0,0,0,1,0,0.375,0
6103,2024-06-19 08:00,5681.0,0,0,1,0,0.375,0
6104,2024-06-19 09:00,6936.0,0,0,1,0,0.375,0
6105,2024-06-19 10:00,5364.0,0,0,1,0,0.375,0
6106,2024-06-19 11:00,3438.0,0,0,1,0,0.375,0
6107,2024-06-19 12:00,2837.0,0,0,1,0,0.375,0
6108,2024-06-19 13:00,2317.0,0,0,1,0,0.375,0
6109,2024-06-19 14:00,2752.0,0,0,1,0,0.375,0
6110,2024-06-19 15:00,2391.0,0,0,1,0,0.375,0
6111,2024-06-19 16:00,2679.0,0,0,1,0,0.375,0
6112,2024-06-19 17:00,4537.0,0,0,1,0,0.375,0
6113,2024-06-19 18:00,5613.0,0,0,1,0,0.375,0
6114,2024-06-19 19:00,4818.0,0,0,1,0,0.375,0
6115,2024-06-19 20:00,4203.0,0,0,1,0,0.375,0
6116,2024-06-19 21:00,4357.0,0,0,1,0,0.375,0
6117,2024-06-19 22:00,4269.0,0,0,1,0,0.375,0
6118,2024-06-19 23:00,4417.0,0,0,1,0,0.375,0
6119,2024-06-20 00:00,4133.0,0,0,1,0,0.375,0
6120,2024-06-20 01:00,4616.0,0,0,1,0,0.375,0
6121,2024-06-20 02:00,8481.0,0,0,1,0,0.375,0
6122,2024-06-20 03:00,13733.0,0,0,1,1,0.5416666666666666,0
6123,2024-06-20 04:00,11248.0,0,0,1,0,0.375,0
6124,2024-06-20 05:00,9095.0,0,0,1,0,0.375,0
6125,2024-06-20 06:00,9310.0,0,0,1,0,0.375,0
6126,2024-06-20 07:00,10033.0,0,0,1,0,0.375,0
6127,2024-06-20 08:00,10348.0,0,0,1,0,0.375,0
6128,2024-06-20 09:00,10465.0,0,0,1,0,0.375,0
6129,2024-06-20 10:00,8590.0,0,0,1,0,0.375,0
6130,2024-06-20 11:00,6818.0,0,0,1,0,0.375,0
6131,2024-06-20 12:00,5571.0,0,0,1,0,0.375,0
6132,2024-06-20 13:00,6099.0,0,0,1,0,0.375,0
6133,2024-06-20 14:00,5817.0,0,0,1,0,0.375,0
6134,2024-06-20 15:00,6041.0,0,0,1,0,0.375,0
6135,2024-06-20 16:00,5174.0,0,0,1,0,0.375,0
6136,2024-06-20 17:00,3651.0,0,0,1,0,0.375,0
6137,2024-06-20 18:00,6018.0,0,0,1,0,0.375,0
6138,2024-06-20 19:00,5370.0,0,0,1,0,0.375,0
6139,2024-06-20 20:00,4409.0,0,0,1,0,0.375,0
6140,2024-06-20 21:00,5002.0,0,0,1,0,0.375,0
6141,2024-06-20 22:00,4593.0,0,0,1,0,0.375,0
6142,2024-06-20 23:00,4412.0,0,0,1,0,0.375,0
6143,2024-06-21 00:00,3971.0,0,0,1,0,0.375,0
6144,2024-06-21 01:00,5708.0,0,0,1,0,0.375,0
6145,2024-06-21 02:00,8726.0,0,0,1,0,0.375,0
6146,2024-06-21 03:00,12504.0,0,0,1,0,0.375,0
6147,2024-06-21 04:00,10268.0,0,0,1,0,0.375,0
6148,2024-06-21 05:00,8616.0,0,0,1,0,0.375,0
6149,2024-06-21 06:00,8960.0,0,0,1,0,0.375,0
6150,2024-06-21 07:00,8643.0,0,0,1,0,0.375,0
6151,2024-06-21 08:00,8827.0,0,0,1,0,0.375,0
6152,2024-06-21 09:00,8477.0,0,0,1,0,0.375,0
6153,2024-06-21 10:00,7308.0,0,0,1,0,0.375,0
6154,2024-06-21 11:00,5846.0,0,0,1,0,0.375,0
6155,2024-06-21 12:00,5372.0,0,0,1,0,0.375,0
6156,2024-06-21 13:00,4987.0,0,0,1,0,0.375,0
6157,2024-06-21 14:00,5763.0,0,0,1,0,0.375,0
6158,2024-06-21 15:00,5317.0,0,0,1,0,0.375,0
6159,2024-06-21 16:00,4668.0,0,0,1,0,0.375,0
6160,2024-06-21 17:00,3888.0,0,0,1,0,0.375,0
6161,2024-06-21 18:00,4884.0,0,0,1,0,0.375,0
6162,2024-06-21 19:00,4393.0,0,0,1,0,0.375,0
6163,2024-06-21 20:00,4645.0,0,0,1,0,0.375,0
6164,2024-06-21 21:00,4008.0,0,0,1,0,0.375,0
6165,2024-06-21 22:00,3759.0,0,0,1,0,0.375,0
6166,2024-06-21 23:00,4088.0,0,0,1,0,0.375,0
6167,2024-06-22 00:00,4527.0,1,0,1,0,0.375,0
6168,2024-06-22 01:00,4288.0,1,0,1,0,0.375,0
6169,2024-06-22 02:00,4870.0,1,0,1,0,0.375,0
6170,2024-06-22 03:00,5825.0,1,0,1,0,0.375,0
6171,2024-06-22 04:00,5691.0,1,0,1,0,0.375,0
6172,2024-06-22 05:00,5916.0,1,0,1,0,0.375,0
6173,2024-06-22 06:00,5466.0,1,0,1,1,0.5416666666666666,0
6174,2024-06-22 07:00,5711.0,1,0,1,0,0.375,0
6175,2024-06-22 08:00,5416.0,1,0,1,0,0.375,0
6176,2024-06-22 09:00,5534.0,1,0,1,0,0.375,0
6177,2024-06-22 10:00,6263.0,1,0,1,0,0.375,0
6178,2024-06-22 11:00,6274.0,1,0,1,0,0.375,0
6179,2024-06-22 12:00,5511.0,1,0,1,0,0.375,0
6180,2024-06-22 13:00,4948.0,1,0,1,0,0.375,0
6181,2024-06-22 14:00,4841.0,1,0,1,0,0.375,0
6182,2024-06-22 15:00,4953.0,1,0,1,0,0.375,0
6183,2024-06-22 16:00,5160.0,1,0,1,0,0.375,0
6184,2024-06-22 17:00,4969.0,1,0,1,0,0.375,0
6185,2024-06-22 18:00,4971.0,1,0,1,0,0.375,0
6186,2024-06-22 19:00,5000.0,1,0,1,0,0.375,0
6187,2024-06-22 20:00,4582.0,1,0,1,0,0.375,0
6188,2024-06-22 21:00,4914.0,1,0,1,0,0.375,0
6189,2024-06-22 22:00,4583.0,1,0,1,0,0.375,0
6190,2024-06-22 23:00,4673.0,1,0,1,0,0.375,0
6191,2024-06-23 00:00,4727.0,1,0,1,0,0.375,0
6192,2024-06-23 01:00,4969.0,1,0,1,0,0.375,0
6193,2024-06-23 02:00,6266.0,1,0,1,0,0.375,0
6194,2024-06-23 03:00,6531.0,1,0,1,0,0.375,0
6195,2024-06-23 04:00,5923.0,1,0,1,0,0.375,0
6196,2024-06-23 05:00,5210.0,1,0,1,0,0.375,0
6197,2024-06-23 06:00,5653.0,1,0,1,0,0.375,0
6198,2024-06-23 07:00,5572.0,1,0,1,0,0.375,0
6199,2024-06-23 08:00,5935.0,1,0,1,0,0.375,0
6200,2024-06-23 09:00,5338.0,1,0,1,0,0.375,0
6201,2024-06-23 10:00,5973.0,1,0,1,0,0.375,0
6202,2024-06-23 11:00,6293.0,1,0,1,0,0.375,0
6203,2024-06-23 12:00,5139.0,1,0,1,0,0.375,0
6204,2024-06-23 13:00,5232.0,1,0,1,0,0.375,0
6205,2024-06-23 14:00,5415.0,1,0,1,0,0.375,0
6206,2024-06-23 15:00,4925.0,1,0,1,0,0.375,0
6207,2024-06-23 16:00,5266.0,1,0,1,0,0.375,0
6208,2024-06-23 17:00,5234.0,1,0,1,0,0.375,0
6209,2024-06-23 18:00,5606.0,1,0,1,0,0.375,0
6210,2024-06-23 19:00,6475.0,1,0,1,0,0.375,0
6211,2024-06-23 20:00,5372.0,1,0,1,0,0.375,0
6212,2024-06-23 21:00,4971.0,1,0,1,0,0.375,0
6213,2024-06-23 22:00,4103.0,1,0,1,0,0.375,0
6214,2024-06-23 23:00,4110.0,1,0,1,0,0.375,0
6215,2024-06-24 00:00,4238.0,0,0,1,0,0.375,0
6216,2024-06-24 01:00,4686.0,0,0,1,0,0.375,0
6217,2024-06-24 02:00,9178.0,0,0,1,0,0.375,0
6218,2024-06-24 03:00,13689.0,0,0,1,1,0.5416666666666666,0
6219,2024-06-24 04:00,10838.0,0,0,1,0,0.375,0
6220,2024-06-24 05:00,10092.0,0,0,1,0,0.375,0
6221,2024-06-24 06:00,10272.0,0,0,1,0,0.375,0
6222,2024-06-24 07:00,10249.0,0,0,1,0,0.375,0
6223,2024-06-24 08:00,11309.0,0,0,1,0,0.375,0
6224,2024-06-24 09:00,11230.0,0,0,1,0,0.375,0
6225,2024-06-24 10:00,9333.0,0,0,1,0,0.375,0
6226,2024-06-24 11:00,7167.0,0,0,1,0,0.375,0
6227,2024-06-24 12:00,5493.0,0,0,1,0,0.375,0
6228,2024-06-24 13:00,6844.0,0,0,1,0,0.375,0
6229,2024-06-24 14:00,4811.0,0,0,1,0,0.375,0
6230,2024-06-24 15:00,4958.0,0,0,1,0,0.375,0
6231,2024-06-24 16:00,5223.0,0,0,1,0,0.375,0
6232,2024-06-24 17:00,5669.0,0,0,1,0,0.375,0
6233,2024-06-24 18:00,5430.0,0,0,1,0,0.375,0
6234,2024-06-24 19:00,5724.0,0,0,1,0,0.375,0
6235,2024-06-24 20:00,4841.0,0,0,1,0,0.375,0
6236,2024-06-24 21:00,5010.0,0,0,1,0,0.375,0
6237,2024-06-24 22:00,4445.0,0,0,1,0,0.375,0
6238,2024-06-24 23:00,4437.0,0,0,1,0,0.375,0
6239,2024-06-25 00:00,4232.0,0,0,1,0,0.375,0
6240,2024-06-25 01:00,5271.0,0,0,1,0,0.375,0
6241,2024-06-25 02:00,10426.0,0,0,1,0,0.375,0
6242,2024-06-25 03:00,14682.0,0,0,1,0,0.375,0
6243,2024-06-25 04:00,12077.0,0,0,1,0,0.375,0
6244,2024-06-25 05:00,12321.0,0,0,1,0,0.375,0
6245,2024-06-25 06:00,13041.0,0,0,1,0,0.375,0
6246,2024-06-25 07:00,11690.0,0,0,1,0,0.375,0
6247,2024-06-25 08:00,11422.0,0,0,1,0,0.375,0
6248,2024-06-25 09:00,12220.0,0,0,1,0,0.375,0
6249,2024-06-25 10:00,11609.0,0,0,1,0,0.375,0
6250,2024-06-25 11:00,7837.0,0,0,1,0,0.375,0
6251,2024-06-25 12:00,7119.0,0,0,1,0,0.375,0
6252,2024-06-25 13:00,6321.0,0,0,1,0,0.375,0
6253,2024-06-25 14:00,5797.0,0,0,1,0,0.375,0
6254,2024-06-25 15:00,6399.0,0,0,1,0,0.375,0
6255,2024-06-25 16:00,7122.0,0,0,1,0,0.375,0
6256,2024-06-25 17:00,6903.0,0,0,1,0,0.375,0
6257,2024-06-25 18:00,6697.0,0,0,1,0,0.375,0
6258,2024-06-25 19:00,5856.0,0,0,1,0,0.375,0
6259,2024-06-25 20:00,5059.0,0,0,1,0,0.375,0
6260,2024-06-25 21:00,5451.0,0,0,1,0,0.375,0
6261,2024-06-25 22:00,6168.0,0,0,1,0,0.375,0
6262,2024-06-25 23:00,5970.0,0,0,1,0,0.375,0
6263,2024-06-26 00:00,5749.0,0,0,1,0,0.375,0
6264,2024-06-26 01:00,6575.0,0,0,1,0,0.375,0
6265,2024-06-26 02:00,12182.0,0,0,1,0,0.375,0
6266,2024-06-26 03:00,15973.0,0,0,1,0,0.375,0
6267,2024-06-26 04:00,13046.0,0,0,1,0,0.375,0
6268,2024-06-26 05:00,12777.0,0,0,1,0,0.375,0
6269,2024-06-26 06:00,11991.0,0,0,1,0,0.375,0
6270,2024-06-26 07:00,11939.0,0,0,1,0,0.375,0
6271,2024-06-26 08:00,12273.0,0,0,1,0,0.375,0
6272,2024-06-26 09:00,13415.0,0,0,1,0,0.375,0
6273,2024-06-26 10:00,11961.0,0,0,1,0,0.375,0
6274,2024-06-26 11:00,8311.0,0,0,1,0,0.375,0
6275,2024-06-26 12:00,6644.0,0,0,1,0,0.375,0
6276,2024-06-26 13:00,6855.0,0,0,1,0,0.375,0
6277,2024-06-26 14:00,7051.0,0,0,1,0,0.375,0
6278,2024-06-26 15:00,5693.0,0,0,1,0,0.375,0
6279,2024-06-26 16:00,5477.0,0,0,1,0,0.375,0
6280,2024-06-26 17:00,5161.0,0,0,1,0,0.375,0
6281,2024-06-26 18:00,5074.0,0,0,1,0,0.375,0
6282,2024-06-26 19:00,5717.0,0,0,1,0,0.375,0
6283,2024-06-26 20:00,4088.0,0,0,1,0,0.375,0
6284,2024-06-26 21:00,4223.0,0,0,1,0,0.375,0
6285,2024-06-26 22:00,3989.0,0,0,1,0,0.375,0
6286,2024-06-26 23:00,3577.0,0,0,1,0,0.375,0
6287,2024-06-27 00:00,2901.0,0,0,1,0,0.375,0
6288,2024-06-27 01:00,4330.0,0,0,1,0,0.375,0
6289,2024-06-27 02:00,8954.0,0,0,1,0,0.375,0
6290,2024-06-27 03:00,13406.0,0,0,1,0,0.375,0
6291,2024-06-27 04:00,11810.0,0,0,1,0,0.375,0
6292,2024-06-27 05:00,10713.0,0,0,1,0,0.375,0
6293,2024-06-27 06:00,11729.0,0,0,1,0,0.375,0
6294,2024-06-27 07:00,12459.0,0,0,1,0,0.375,0
6295,2024-06-27 08:00,12119.0,0,0,1,0,0.375,0
6296,2024-06-27 09:00,11749.0,0,0,1,0,0.375,0
6297,2024-06-27 10:00,11105.0,0,0,1,0,0.375,0
6298,2024-06-27 11:00,7373.0,0,0,1,0,0.375,0
6299,2024-06-27 12:00,6107.0,0,0,1,0,0.375,0
6300,2024-06-27 13:00,7617.0,0,0,1,0,0.375,0
6301,2024-06-27 14:00,6083.0,0,0,1,0,0.375,0
6302,2024-06-27 15:00,5523.0,0,0,1,0,0.375,0
6303,2024-06-27 16:00,5382.0,0,0,1,0,0.375,0
6304,2024-06-27 17:00,5199.0,0,0,1,0,0.375,0
6305,2024-06-27 18:00,5313.0,0,0,1,0,0.375,0
6306,2024-06-27 19:00,4873.0,0,0,1,0,0.375,0
6307,2024-06-27 20:00,4305.0,0,0,1,0,0.375,0
6308,2024-06-27 21:00,3994.0,0,0,1,0,0.375,0
6309,2024-06-27 22:00,4181.0,0,0,1,0,0.375,0
6310,2024-06-27 23:00,4147.0,0,0,1,0,0.375,0
6311,2024-06-28 00:00,3266.0,0,0,1,0,0.375,0
6312,2024-06-28 01:00,4590.0,0,0,1,0,0.375,0
6313,2024-06-28 02:00,8682.0,0,0,1,0,0.375,0
6314,2024-06-28 03:00,14428.0,0,0,1,0,0.375,0
6315,2024-06-28 04:00,11240.0,0,0,1,0,0.375,0
6316,2024-06-28 05:00,10811.0,0,0,1,0,0.375,0
6317,2024-06-28 06:00,11575.0,0,0,1,0,0.375,0
6318,2024-06-28 07:00,8963.0,0,0,1,0,0.375,0
6319,2024-06-28 08:00,10840.0,0,0,1,0,0.375,0
6320,2024-06-28 09:00,9724.0,0,0,1,0,0.375,0
6321,2024-06-28 10:00,8983.0,0,0,1,0,0.375,0
6322,2024-06-28 11:00,6495.0,0,0,1,0,0.375,0
6323,2024-06-28 12:00,5530.0,0,0,1,0,0.375,0
6324,2024-06-28 13:00,5121.0,0,0,1,0,0.375,0
6325,2024-06-28 14:00,5709.0,0,0,1,0,0.375,0
6326,2024-06-28 15:00,6492.0,0,0,1,0,0.375,0
6327,2024-06-28 16:00,5858.0,0,0,1,0,0.375,0
6328,2024-06-28 17:00,5627.0,0,0,1,0,0.375,0
6329,2024-06-28 18:00,5648.0,0,0,1,0,0.375,0
6330,2024-06-28 19:00,4399.0,0,0,1,0,0.375,0
6331,2024-06-28 20:00,4069.0,0,0,1,0,0.375,0
6332,2024-06-28 21:00,3926.0,0,0,1,0,0.375,0
6333,2024-06-28 22:00,4040.0,0,0,1,0,0.375,0
6334,2024-06-28 23:00,3910.0,0,0,1,0,0.375,0
6335,2024-06-29 00:00,3663.0,1,0,1,0,0.375,0
6336,2024-06-29 01:00,4404.0,1,0,1,0,0.375,0
6337,2024-06-29 02:00,5299.0,1,0,1,0,0.375,0
6338,2024-06-29 03:00,7491.0,1,0,1,0,0.375,0
6339,2024-06-29 04:00,5514.0,1,0,1,0,0.375,0
6340,2024-06-29 05:00,7691.0,1,0,1,0,0.375,0
6341,2024-06-29 06:00,6878.0,1,0,1,0,0.375,0
6342,2024-06-29 07:00,6374.0,1,0,1,0,0.375,0
6343,2024-06-29 08:00,6838.0,1,0,1,0,0.375,0
6344,2024-06-29 09:00,7424.0,1,0,1,0,0.375,0
6345,2024-06-29 10:00,7032.0,1,0,1,0,0.375,0
6346,2024-06-29 11:00,6909.0,1,0,1,1,0.5416666666666666,0
6347,2024-06-29 12:00,7436.0,1,0,1,0,0.375,0
6348,2024-06-29 13:00,6834.0,1,0,1,1,0.5416666666666666,0
6349,2024-06-29 14:00,5513.0,1,0,1,0,0.375,0
6350,2024-06-29 15:00,6225.0,1,0,1,0,0.375,0
6351,2024-06-29 16:00,5188.0,1,0,1,0,0.375,0
6352,2024-06-29 17:00,5581.0,1,0,1,0,0.375,0
6353,2024-06-29 18:00,5098.0,1,0,1,0,0.375,0
6354,2024-06-29 19:00,4749.0,1,0,1,0,0.375,0
6355,2024-06-29 20:00,4914.0,1,0,1,0,0.375,0
6356,2024-06-29 21:00,4446.0,1,0,1,0,0.375,0
6357,2024-06-29 22:00,4250.0,1,0,1,0,0.375,0
6358,2024-06-29 23:00,4837.0,1,0,1,0,0.375,0
6359,2024-06-30 00:00,4931.0,1,0,1,0,0.375,0
6360,2024-06-30 01:00,5425.0,1,0,1,0,0.375,0
6361,2024-06-30 02:00,5377.0,1,0,1,0,0.375,0
6362,2024-06-30 03:00,6265.0,1,0,1,0,0.375,0
6363,2024-06-30 04:00,6782.0,1,0,1,0,0.375,0
6364,2024-06-30 05:00,6291.0,1,0,1,0,0.375,0
6365,2024-06-30 06:00,6267.0,1,0,1,0,0.375,0
6366,2024-06-30 07:00,6117.0,1,0,1,0,0.375,0
6367,2024-06-30 08:00,6125.0,1,0,1,0,0.375,0
6368,2024-06-30 09:00,7511.0,1,0,1,0,0.375,0
6369,2024-06-30 10:00,8310.0,1,0,1,0,0.375,0
6370,2024-06-30 11:00,6937.0,1,0,1,0,0.375,0
6371,2024-06-30 12:00,5712.0,1,0,1,0,0.375,0
6372,2024-06-30 13:00,6052.0,1,0,1,0,0.375,0
6373,2024-06-30 14:00,6313.0,1,0,1,0,0.375,0
6374,2024-06-30 15:00,7403.0,1,0,1,0,0.375,0
6375,2024-06-30 16:00,6118.0,1,0,1,0,0.375,0
6376,2024-06-30 17:00,5949.0,1,0,1,0,0.375,0
6377,2024-06-30 18:00,4574.0,1,0,1,0,0.375,0
6378,2024-06-30 19:00,4950.0,1,0,1,0,0.375,0
6379,2024-06-30 20:00,4696.0,1,0,1,0,0.375,0
6380,2024-06-30 21:00,4661.0,1,0,1,0,0.375,0
6381,2024-06-30 22:00,3620.0,1,0,1,0,0.375,0
6382,2024-06-30 23:00,4172.0,1,0,1,0,0.375,0
6383,2024-07-01 00:00,4162.0,0,0,1,0,0.375,0
6384,2024-07-01 01:00,5073.0,0,0,1,0,0.375,0
6385,2024-07-01 02:00,10587.0,0,0,1,0,0.375,0
6386,2024-07-01 03:00,15879.0,0,0,1,1,0.5416666666666666,0
6387,2024-07-01 04:00,10751.0,0,0,1,0,0.375,0
6388,2024-07-01 05:00,10294.0,0,0,1,0,0.375,0
6389,2024-07-01 06:00,10366.0,0,0,1,0,0.375,0
6390,2024-07-01 07:00,11130.0,0,0,1,0,0.375,0
6391,2024-07-01 08:00,12264.0,0,0,1,0,0.375,0
6392,2024-07-01 09:00,11467.0,0,0,1,0,0.375,0
6393,2024-07-01 10:00,10086.0,0,0,1,0,0.375,0
6394,2024-07-01 11:00,7064.0,0,0,1,0,0.375,0
6395,2024-07-01 12:00,5417.0,0,0,1,0,0.375,0
6396,2024-07-01 13:00,5151.0,0,0,1,0,0.375,0
6397,2024-07-01 14:00,5509.0,0,0,1,0,0.375,0
6398,2024-07-01 15:00,5254.0,0,0,1,0,0.375,0
6399,2024-07-01 16:00,5999.0,0,0,1,0,0.375,0
6400,2024-07-01 17:00,6631.0,0,0,1,0,0.375,0
6401,2024-07-01 18:00,6620.0,0,0,1,0,0.375,0
6402,2024-07-01 19:00,5741.0,0,0,1,0,0.375,0
6403,2024-07-01 20:00,4833.0,0,0,1,0,0.375,0
6404,2024-07-01 21:00,4853.0,0,0,1,0,0.375,0
6405,2024-07-01 22:00,5405.0,0,0,1,0,0.375,0
6406,2024-07-01 23:00,4924.0,0,0,1,0,0.375,0
6407,2024-07-02 00:00,4399.0,0,0,1,0,0.375,0
6408,2024-07-02 01:00,5409.0,0,0,1,1,0.5416666666666666,0
6409,2024-07-02 02:00,9302.0,0,0,1,0,0.375,0
6410,2024-07-02 03:00,14176.0,0,0,1,0,0.375,0
6411,2024-07-02 04:00,11148.0,0,0,1,0,0.375,0
6412,2024-07-02 05:00,10228.0,0,0,1,0,0.375,0
6413,2024-07-02 06:00,11702.0,0,0,1,0,0.375,0
6414,2024-07-02 07:00,11739.0,0,0,1,0,0.375,0
6415,2024-07-02 08:00,12746.0,0,0,1,0,0.375,0
6416,2024-07-02 09:00,12555.0,0,0,1,0,0.375,0
6417,2024-07-02 10:00,10119.0,0,0,1,0,0.375,0
6418,2024-07-02 11:00,7804.0,0,0,1,0,0.375,0
6419,2024-07-02 12:00,5845.0,0,0,1,0,0.375,0
6420,2024-07-02 13:00,6414.0,0,0,1,0,0.375,0
6421,2024-07-02 14:00,6397.0,0,0,1,0,0.375,0
6422,2024-07-02 15:00,5930.0,0,0,1,0,0.375,0
6423,2024-07-02 16:00,6401.0,0,0,1,0,0.375,0
6424,2024-07-02 17:00,6600.0,0,0,1,0,0.375,0
6425,2024-07-02 18:00,6317.0,0,0,1,0,0.375,0
6426,2024-07-02 19:00,5759.0,0,0,1,0,0.375,0
6427,2024-07-02 20:00,5532.0,0,0,1,0,0.375,0
6428,2024-07-02 21:00,5536.0,0,0,1,0,0.375,0
6429,2024-07-02 22:00,5519.0,0,0,1,0,0.375,0
6430,2024-07-02 23:00,4628.0,0,0,1,0,0.375,0
6431,2024-07-03 00:00,5033.0,0,0,1,0,0.375,0
6432,2024-07-03 01:00,6014.0,0,0,1,0,0.375,0
6433,2024-07-03 02:00,9912.0,0,0,1,0,0.375,0
6434,2024-07-03 03:00,15534.0,0,0,1,0,0.375,0
6435,2024-07-03 04:00,11364.0,0,0,1,0,0.375,0
6436,2024-07-03 05:00,10874.0,0,0,1,0,0.375,0
6437,2024-07-03 06:00,10060.0,0,0,1,0,0.375,0
6438,2024-07-03 07:00,10864.0,0,0,1,0,0.375,0
6439,2024-07-03 08:00,10906.0,0,0,1,0,0.375,0
6440,2024-07-03 09:00,12607.0,0,0,1,0,0.375,0
6441,2024-07-03 10:00,10734.0,0,0,1,0,0.375,0
6442,2024-07-03 11:00,7576.0,0,0,1,0,0.375,0
6443,2024-07-03 12:00,6451.0,0,0,1,0,0.375,0
6444,2024-07-03 13:00,6219.0,0,0,1,0,0.375,0
6445,2024-07-03 14:00,5997.0,0,0,1,0,0.375,0
6446,2024-07-03 15:00,5908.0,0,0,1,0,0.375,0
6447,2024-07-03 16:00,5316.0,0,0,1,0,0.375,0
6448,2024-07-03 17:00,6288.0,0,0,1,0,0.375,0
6449,2024-07-03 18:00,6025.0,0,0,1,0,0.375,0
6450,2024-07-03 19:00,5447.0,0,0,1,0,0.375,0
6451,2024-07-03 20:00,4924.0,0,0,1,0,0.375,0
6452,2024-07-03 21:00,4977.0,0,0,1,0,0.375,0
6453,2024-07-03 22:00,4458.0,0,0,1,0,0.375,0
6454,2024-07-03 23:00,4337.0,0,0,1,0,0.375,0
6455,2024-07-04 00:00,3896.0,0,0,1,0,0.375,0
6456,2024-07-04 01:00,5015.0,0,0,1,0,0.375,0
6457,2024-07-04 02:00,8736.0,0,0,1,0,0.375,0
6458,2024-07-04 03:00,11886.0,0,0,1,0,0.375,0
6459,2024-07-04 04:00,10262.0,0,0,1,0,0.375,0
6460,2024-07-04 05:00,9374.0,0,0,1,0,0.375,0
6461,2024-07-04 06:00,9615.0,0,0,1,0,0.375,0
6462,2024-07-04 07:00,11027.0,0,0,1,0,0.375,0
6463,2024-07-04 08:00,10353.0,0,0,1,0,0.375,0
6464,2024-07-04 09:00,10581.0,0,0,1,0,0.375,0
6465,2024-07-04 10:00,9436.0,0,0,1,0,0.375,0
6466,2024-07-04 11:00,6340.0,0,0,1,0,0.375,0
6467,2024-07-04 12:00,5572.0,0,0,1,0,0.375,0
6468,2024-07-04 13:00,6075.0,0,0,1,0,0.375,0
6469,2024-07-04 14:00,5388.0,0,0,1,0,0.375,0
6470,2024-07-04 15:00,6072.0,0,0,1,0,0.375,0
6471,2024-07-04 16:00,5287.0,0,0,1,0,0.375,0
6472,2024-07-04 17:00,5445.0,0,0,1,0,0.375,0
6473,2024-07-04 18:00,5152.0,0,0,1,0,0.375,0
6474,2024-07-04 19:00,4996.0,0,0,1,0,0.375,0
6475,2024-07-04 20:00,4762.0,0,0,1,0,0.375,0
6476,2024-07-04 21:00,4511.0,0,0,1,0,0.375,0
6477,2024-07-04 22:00,3805.0,0,0,1,0,0.375,0
6478,2024-07-04 23:00,3823.0,0,0,1,0,0.375,0
6479,2024-07-05 00:00,3533.0,1,0,1,0,0.375,0
6480,2024-07-05 01:00,4153.0,1,0,1,0,0.375,0
6481,2024-07-05 02:00,4771.0,1,0,1,1,0.5416666666666666,0
6482,2024-07-05 03:00,5383.0,1,0,1,0,0.375,0
6483,2024-07-05 04:00,6042.0,1,0,1,0,0.375,0
6484,2024-07-05 05:00,5817.0,1,0,1,0,0.375,0
6485,2024-07-05 06:00,5326.0,1,0,1,0,0.375,0
6486,2024-07-05 07:00,6661.0,1,0,1,0,0.375,0
6487,2024-07-05 08:00,6162.0,1,0,1,0,0.375,0
6488,2024-07-05 09:00,6914.0,1,0,1,0,0.375,0
6489,2024-07-05 10:00,6260.0,1,0,1,0,0.375,0
6490,2024-07-05 11:00,6624.0,1,0,1,0,0.375,0
6491,2024-07-05 12:00,6132.0,1,0,1,0,0.375,0
6492,2024-07-05 13:00,5479.0,1,0,1,0,0.375,0
6493,2024-07-05 14:00,6353.0,1,0,1,0,0.375,0
6494,2024-07-05 15:00,6324.0,1,0,1,0,0.375,0
6495,2024-07-05 16:00,5187.0,1,0,1,0,0.375,0
6496,2024-07-05 17:00,6054.0,1,0,1,0,0.375,0
6497,2024-07-05 18:00,5905.0,1,0,1,0,0.375,0
6498,2024-07-05 19:00,5181.0,1,0,1,0,0.375,0
6499,2024-07-05 20:00,5669.0,1,0,1,0,0.375,0
6500,2024-07-05 21:00,4993.0,1,0,1,0,0.375,0
6501,2024-07-05 22:00,3920.0,1,0,1,0,0.375,0
6502,2024-07-05 23:00,4529.0,1,0,1,0,0.375,0
6503,2024-07-06 00:00,4783.0,1,0,1,0,0.375,0
6504,2024-07-06 01:00,4861.0,1,0,1,0,0.375,0
6505,2024-07-06 02:00,5445.0,1,0,1,0,0.375,0
6506,2024-07-06 03:00,6349.0,1,0,1,0,0.375,0
6507,2024-07-06 04:00,6262.0,1,0,1,0,0.375,0
6508,2024-07-06 05:00,6439.0,1,0,1,0,0.375,0
6509,2024-07-06 06:00,6564.0,1,0,1,0,0.375,0
6510,2024-07-06 07:00,6946.0,1,0,1,0,0.375,0
6511,2024-07-06 08:00,6007.0,1,0,1,0,0.375,0
6512,2024-07-06 09:00,7444.0,1,0,1,0,0.375,0
6513,2024-07-06 10:00,6168.0,1,0,1,0,0.375,0
6514,2024-07-06 11:00,5962.0,1,0,1,0,0.375,0
6515,2024-07-06 12:00,5751.0,1,0,1,0,0.375,0
6516,2024-07-06 13:00,6226.0,1,0,1,0,0.375,0
6517,2024-07-06 14:00,5738.0,1,0,1,0,0.375,0
6518,2024-07-06 15:00,6189.0,1,0,1,0,0.375,0
6519,2024-07-06 16:00,5240.0,1,0,1,0,0.375,0
6520,2024-07-06 17:00,5796.0,1,0,1,0,0.375,0
6521,2024-07-06 18:00,4329.0,1,0,1,0,0.375,0
6522,2024-07-06 19:00,4570.0,1,0,1,0,0.375,0
6523,2024-07-06 20:00,4107.0,1,0,1,0,0.375,0
6524,2024-07-06 21:00,3685.0,1,0,1,0,0.375,0
6525,2024-07-06 22:00,3592.0,1,0,1,0,0.375,0
6526,2024-07-06 23:00,3600.0,1,0,1,0,0.375,0
6527,2024-07-07 00:00,3385.0,1,0,1,0,0.375,0
6528,2024-07-07 01:00,4219.0,1,0,1,0,0.375,0
6529,2024-07-07 02:00,4522.0,1,0,1,0,0.375,0
6530,2024-07-07 03:00,4675.0,1,0,1,0,0.375,0
6531,2024-07-07 04:00,5003.0,1,0,1,0,0.375,0
6532,2024-07-07 05:00,5292.0,1,0,1,0,0.375,0
6533,2024-07-07 06:00,4758.0,1,0,1,0,0.375,0
6534,2024-07-07 07:00,5089.0,1,0,1,0,0.375,0
6535,2024-07-07 08:00,5041.0,1,0,1,0,0.375,0
6536,2024-07-07 09:00,4964.0,1,0,1,0,0.375,0
6537,2024-07-07 10:00,5131.0,1,0,1,0,0.375,0
6538,2024-07-07 11:00,5259.0,1,0,1,0,0.375,0
6539,2024-07-07 12:00,5195.0,1,0,1,0,0.375,0
6540,2024-07-07 13:00,4804.0,1,0,1,0,0.375,0
6541,2024-07-07 14:00,4546.0,1,0,1,0,0.375,0
6542,2024-07-07 15:00,5653.0,1,0,1,0,0.375,0
6543,2024-07-07 16:00,4467.0,1,0,1,0,0.375,0
6544,2024-07-07 17:00,5036.0,1,0,1,0,0.375,0
6545,2024-07-07 18:00,5262.0,1,0,1,0,0.375,0
6546,2024-07-07 19:00,4981.0,1,0,1,0,0.375,0
6547,2024-07-07 20:00,4650.0,1,0,1,0,0.375,0
6548,2024-07-07 21:00,4025.0,1,0,1,0,0.375,0
6549,2024-07-07 22:00,3302.0,1,0,1,0,0.375,0
6550,2024-07-07 23:00,3372.0,1,0,1,0,0.375,0
6551,2024-07-08 00:00,3754.0,0,0,1,0,0.375,0
6552,2024-07-08 01:00,4803.0,0,0,1,0,0.375,0
6553,2024-07-08 02:00,7860.0,0,0,1,0,0.375,0
6554,2024-07-08 03:00,13131.0,0,0,1,1,0.5416666666666666,0
6555,2024-07-08 04:00,10617.0,0,0,1,0,0.375,0
6556,2024-07-08 05:00,9602.0,0,0,1,0,0.375,0
6557,2024-07-08 06:00,10406.0,0,0,1,0,0.375,0
6558,2024-07-08 07:00,10779.0,0,0,1,0,0.375,0
6559,2024-07-08 08:00,10241.0,0,0,1,0,0.375,0
6560,2024-07-08 09:00,10758.0,0,0,1,0,0.375,0
6561,2024-07-08 10:00,8417.0,0,0,1,0,0.375,0
6562,2024-07-08 11:00,5143.0,0,0,1,0,0.375,0
6563,2024-07-08 12:00,5123.0,0,0,1,0,0.375,0
6564,2024-07-08 13:00,5160.0,0,0,1,0,0.375,0
6565,2024-07-08 14:00,4766.0,0,0,1,0,0.375,0
6566,2024-07-08 15:00,4822.0,0,0,1,0,0.375,0
6567,2024-07-08 16:00,4641.0,0,0,1,0,0.375,0
6568,2024-07-08 17:00,4893.0,0,0,1,0,0.375,0
6569,2024-07-08 18:00,5166.0,0,0,1,0,0.375,0
6570,2024-07-08 19:00,5306.0,0,0,1,0,0.375,0
6571,2024-07-08 20:00,4423.0,0,0,1,0,0.375,0
6572,2024-07-08 21:00,4649.0,0,0,1,0,0.375,0
6573,2024-07-08 22:00,4472.0,0,0,1,0,0.375,0
6574,2024-07-08 23:00,4578.0,0,0,1,1,0.5416666666666666,0
6575,2024-07-09 00:00,4136.0,0,0,1,0,0.375,0
6576,2024-07-09 01:00,5852.0,0,0,1,0,0.375,0
6577,2024-07-09 02:00,9039.0,0,0,1,0,0.375,0
6578,2024-07-09 03:00,14150.0,0,0,1,0,0.375,0
6579,2024-07-09 04:00,10679.0,0,0,1,0,0.375,0
6580,2024-07-09 05:00,11627.0,0,0,1,0,0.375,0
6581,2024-07-09 06:00,11594.0,0,0,1,0,0.375,0
6582,2024-07-09 07:00,10858.0,0,0,1,0,0.375,0
6583,2024-07-09 08:00,11758.0,0,0,1,0,0.375,0
6584,2024-07-09 09:00,11710.0,0,0,1,0,0.375,0
6585,2024-07-09 10:00,9350.0,0,0,1,0,0.375,0
6586,2024-07-09 11:00,7298.0,0,0,1,0,0.375,0
6587,2024-07-09 12:00,5703.0,0,0,1,0,0.375,0
6588,2024-07-09 13:00,5231.0,0,0,1,0,0.375,0
6589,2024-07-09 14:00,6063.0,0,0,1,0,0.375,0
6590,2024-07-09 15:00,6140.0,0,0,1,0,0.375,0
6591,2024-07-09 16:00,5965.0,0,0,1,0,0.375,0
6592,2024-07-09 17:00,5690.0,0,0,1,0,0.375,0
6593,2024-07-09 18:00,5728.0,0,0,1,0,0.375,0
6594,2024-07-09 19:00,5351.0,0,0,1,0,0.375,0
6595,2024-07-09 20:00,5265.0,0,0,1,0,0.375,0
6596,2024-07-09 21:00,5694.0,0,0,1,0,0.375,0
6597,2024-07-09 22:00,5964.0,0,0,1,0,0.375,0
6598,2024-07-09 23:00,5151.0,0,0,1,0,0.375,0
6599,2024-07-10 00:00,5465.0,0,0,1,0,0.375,0
6600,2024-07-10 01:00,6595.0,0,0,1,0,0.375,0
6601,2024-07-10 02:00,9695.0,0,0,1,0,0.375,0
6602,2024-07-10 03:00,14852.0,0,0,1,0,0.375,0
6603,2024-07-10 04:00,11873.0,0,0,1,0,0.375,0
6604,2024-07-10 05:00,13393.0,0,0,1,0,0.375,0
6605,2024-07-10 06:00,12394.0,0,0,1,0,0.375,0
6606,2024-07-10 07:00,10635.0,0,0,1,0,0.375,0
6607,2024-07-10 08:00,10532.0,0,0,1,0,0.375,0
6608,2024-07-10 09:00,12320.0,0,0,1,0,0.375,0
6609,2024-07-10 10:00,13193.0,0,0,1,0,0.375,0
6610,2024-07-10 11:00,8039.0,0,0,1,0,0.375,0
6611,2024-07-10 12:00,6577.0,0,0,1,0,0.375,0
6612,2024-07-10 13:00,6575.0,0,0,1,0,0.375,0
6613,2024-07-10 14:00,7231.0,0,0,1,0,0.375,0
6614,2024-07-10 15:00,6314.0,0,0,1,0,0.375,0
6615,2024-07-10 16:00,6720.0,0,0,1,0,0.375,0
6616,2024-07-10 17:00,6570.0,0,0,1,0,0.375,0
6617,2024-07-10 18:00,6820.0,0,0,1,0,0.375,0
6618,2024-07-10 19:00,6263.0,0,0,1,0,0.375,0
6619,2024-07-10 20:00,5228.0,0,0,1,0,0.375,0
6620,2024-07-10 21:00,5444.0,0,0,1,0,0.375,0
6621,2024-07-10 22:00,5419.0,0,0,1,0,0.375,0
6622,2024-07-10 23:00,4883.0,0,0,1,0,0.375,0
6623,2024-07-11 00:00,5007.0,0,0,1,0,0.375,0
6624,2024-07-11 01:00,6583.0,0,0,1,0,0.375,0
6625,2024-07-11 02:00,10451.0,0,0,1,0,0.375,0
6626,2024-07-11 03:00,15476.0,0,0,1,0,0.375,0
6627,2024-07-11 04:00,13123.0,0,0,1,0,0.375,0
6628,2024-07-11 05:00,11812.0,0,0,1,0,0.375,0
6629,2024-07-11 06:00,12624.0,0,0,1,0,0.375,0
6630,2024-07-11 07:00,11587.0,0,0,1,0,0.375,0
6631,2024-07-11 08:00,12523.0,0,0,1,0,0.375,0
6632,2024-07-11 09:00,14011.0,0,0,1,0,0.375,0
6633,2024-07-11 10:00,10783.0,0,0,1,0,0.375,0
6634,2024-07-11 11:00,9747.0,0,0,1,0,0.375,0
6635,2024-07-11 12:00,6500.0,0,0,1,0,0.375,0
6636,2024-07-11 13:00,6887.0,0,0,1,0,0.375,0
6637,2024-07-11 14:00,7484.0,0,0,1,0,0.375,0
6638,2024-07-11 15:00,7958.0,0,0,1,0,0.375,0
6639,2024-07-11 16:00,7522.0,0,0,1,0,0.375,0
6640,2024-07-11 17:00,7089.0,0,0,1,0,0.375,0
6641,2024-07-11 18:00,7841.0,0,0,1,0,0.375,0
6642,2024-07-11 19:00,6412.0,0,0,1,0,0.375,0
6643,2024-07-11 20:00,6050.0,0,0,1,0,0.375,0
6644,2024-07-11 21:00,5156.0,0,0,1,0,0.375,0
6645,2024-07-11 22:00,5309.0,0,0,1,0,0.375,0
6646,2024-07-11 23:00,5408.0,0,0,1,0,0.375,0
6647,2024-07-12 00:00,4616.0,0,0,1,0,0.375,0
6648,2024-07-12 01:00,4940.0,0,0,1,0,0.375,0
6649,2024-07-12 02:00,10747.0,0,0,1,0,0.375,0
6650,2024-07-12 03:00,18145.0,0,0,1,0,0.375,0
6651,2024-07-12 04:00,14926.0,0,0,1,0,0.375,0
6652,2024-07-12 05:00,14430.0,0,0,1,0,0.375,0
6653,2024-07-12 06:00,13144.0,0,0,1,0,0.375,0
6654,2024-07-12 07:00,12095.0,0,0,1,0,0.375,0
6655,2024-07-12 08:00,13800.0,0,0,1,0,0.375,0
6656,2024-07-12 09:00,14126.0,0,0,1,0,0.375,0
6657,2024-07-12 10:00,11453.0,0,0,1,0,0.375,0
6658,2024-07-12 11:00,6805.0,0,0,1,0,0.375,0
6659,2024-07-12 12:00,6622.0,0,0,1,0,0.375,0
6660,2024-07-12 13:00,6713.0,0,0,1,0,0.375,0
6661,2024-07-12 14:00,5961.0,0,0,1,0,0.375,0
6662,2024-07-12 15:00,6882.0,0,0,1,0,0.375,0
6663,2024-07-12 16:00,7007.0,0,0,1,0,0.375,0
6664,2024-07-12 17:00,6120.0,0,0,1,0,0.375,0
6665,2024-07-12 18:00,6076.0,0,0,1,0,0.375,0
6666,2024-07-12 19:00,6042.0,0,0,1,0,0.375,0
6667,2024-07-12 20:00,5915.0,0,0,1,0,0.375,0
6668,2024-07-12 21:00,5574.0,0,0,1,0,0.375,0
6669,2024-07-12 22:00,5384.0,0,0,1,0,0.375,0
6670,2024-07-12 23:00,4718.0,0,0,1,0,0.375,0
6671,2024-07-13 00:00,5062.0,1,0,1,0,0.375,0
6672,2024-07-13 01:00,5146.0,1,0,1,0,0.375,0
6673,2024-07-13 02:00,6476.0,1,0,1,0,0.375,0
6674,2024-07-13 03:00,6463.0,1,0,1,0,0.375,0
6675,2024-07-13 04:00,7714.0,1,0,1,0,0.375,0
6676,2024-07-13 05:00,6933.0,1,0,1,0,0.375,0
6677,2024-07-13 06:00,6562.0,1,0,1,0,0.375,0
6678,2024-07-13 07:00,7346.0,1,0,1,0,0.375,0
6679,2024-07-13 08:00,7515.0,1,0,1,0,0.375,0
6680,2024-07-13 09:00,7415.0,1,0,1,0,0.375,0
6681,2024-07-13 10:00,7443.0,1,0,1,0,0.375,0
6682,2024-07-13 11:00,7730.0,1,0,1,1,0.5416666666666666,0
6683,2024-07-13 12:00,6583.0,1,0,1,0,0.375,0
6684,2024-07-13 13:00,6015.0,1,0,1,0,0.375,0
6685,2024-07-13 14:00,7539.0,1,0,1,0,0.375,0
6686,2024-07-13 15:00,7235.0,1,0,1,0,0.375,0
6687,2024-07-13 16:00,6296.0,1,0,1,0,0.375,0
6688,2024-07-13 17:00,6581.0,1,0,1,0,0.375,0
6689,2024-07-13 18:00,6345.0,1,0,1,0,0.375,0
6690,2024-07-13 19:00,5931.0,1,0,1,0,0.375,0
6691,2024-07-13 20:00,5831.0,1,0,1,0,0.375,0
6692,2024-07-13 21:00,4879.0,1,0,1,0,0.375,0
6693,2024-07-13 22:00,4623.0,1,0,1,0,0.375,0
6694,2024-07-13 23:00,4713.0,1,0,1,0,0.375,0
6695,2024-07-14 00:00,5087.0,1,0,1,0,0.375,0
6696,2024-07-14 01:00,7352.0,1,0,1,0,0.375,0
6697,2024-07-14 02:00,5819.0,1,0,1,0,0.375,0
6698,2024-07-14 03:00,7287.0,1,0,1,0,0.375,0
6699,2024-07-14 04:00,7057.0,1,0,1,0,0.375,0
6700,2024-07-14 05:00,8099.0,1,0,1,0,0.375,0
6701,2024-07-14 06:00,7951.0,1,0,1,0,0.375,0
6702,2024-07-14 07:00,7643.0,1,0,1,0,0.375,0
6703,2024-07-14 08:00,6921.0,1,0,1,0,0.375,0
6704,2024-07-14 09:00,7647.0,1,0,1,0,0.375,0
6705,2024-07-14 10:00,7115.0,1,0,1,0,0.375,0
6706,2024-07-14 11:00,8144.0,1,0,1,0,0.375,0
6707,2024-07-14 12:00,7355.0,1,0,1,0,0.375,0
6708,2024-07-14 13:00,7576.0,1,0,1,0,0.375,0
6709,2024-07-14 14:00,7077.0,1,0,1,0,0.375,0
6710,2024-07-14 15:00,7163.0,1,0,1,0,0.375,0
6711,2024-07-14 16:00,6577.0,1,0,1,0,0.375,0
6712,2024-07-14 17:00,6638.0,1,0,1,0,0.375,0
6713,2024-07-14 18:00,6416.0,1,0,1,0,0.375,0
6714,2024-07-14 19:00,6844.0,1,0,1,0,0.375,0
6715,2024-07-14 20:00,5324.0,1,0,1,0,0.375,0
6716,2024-07-14 21:00,5121.0,1,0,1,0,0.375,0
